campaign_id,experiment_block,planned_configuration_id,repetition,run_order,run_key,attempt,run_order_seed,campaign_plan_sha256,instance,instance_content_id,base_lineage_id,instance_family,configuration_label,factor_m,factor_f,factor_p,factor_g,factor_b,factor_o,factor_s,factor_i,status,sat_result,best_value,proven_optimum,objective_mode,objective_vector,proven_objective_vector,primary_objective_value,secondary_objective_value,tertiary_objective_value,lexicographic_scalar_cost,objective_tier_weights,runtime_seconds,runtime_censored,peak_memory_mb,formalism,model_family,formulation_name,model_family_display_name,model_configuration_display_name,implementation_provenance,optimization_procedure_display_name,n_vars,n_binary_variables,n_integer_variables,n_continuous_variables,n_linear_constraints,n_global_constraints,n_nonzeros,n_hard_clauses,n_soft_clauses,n_total_clauses,n_primary_variables,n_auxiliary_variables,n_total_literals,max_hard_clause_length,configuration_id,configuration_key,domain_mode,domain_filter_graph,precedence_encoding,precedence_graph,optimization_engine,solver_backend,solver_version,encoding_variant,idle_encoding,objective,objective_code,implied_constraints_code,n_hard_literals,n_soft_literals,max_soft_clause_length,n_unit_hard_clauses,n_binary_hard_clauses,n_ternary_hard_clauses,n_long_hard_clauses,soft_clause_weight,soft_weight_sum,n_objective_lits,n_optimizer_calls,best_bound,optimality_gap,branch_and_bound_nodes,cp_branches,cp_fails,n_bound_encodings,optimizer_added_variables_peak,optimizer_added_clauses_peak,optimizer_added_literals_peak,optimizer_added_clauses_cumulative,objective_phase_seconds,objective_phase_calls,formula_scope,full_schedule_candidates,unary_eligible_schedule_candidates,reduced_schedule_candidates,active_schedule_candidates,precedence_direct_edges,precedence_closure_edges,precedence_relation_edges,precedence_max_distance,precedence_pairwise_clauses,precedence_sparse_link_clauses,precedence_unique_suffix_cuts,domain_filter_iterations,domain_filter_seconds,input_parsing_seconds,model_construction_seconds,backend_model_construction_seconds,model_build_seconds,solve_and_validate_seconds,runtime_scope,idle_range_pstar,total_internal_idle_slots,all_participant_idle_range,total_break_groups,break_group_range,participant_break_groups,memory_metric,instance_sha256,instance_variant,instance_path,source_alias_count,source_alias_paths,repository_alias_count,repository_alias_paths,dataset_source_page,dataset_archive_url,dataset_archive_sha256,run_started_utc,timeout_seconds,memory_limit_mb,git_commit,git_dirty,python_version,pysat_version,hostname,platform,cpu_model,physical_cpu_cores,logical_cpu_cores,system_memory_mb,threads,random_seed,runner_command,solver_binary,solver_binary_sha256,solver_command,validation_errors,solver_message,error_type,error_message,solver,maxsat_backend_preference,sat_backend_preference,resolved_uwrmaxsat_bin,precedence_mode,precedence_configuration,objective_value,objective_participant_count,objective_participants,initial_schedule_candidates,unary_removed_schedule_candidates,preprocessing_removed_schedule_candidates,removed_schedule_candidates,participant_internal_idle_slots,busy_participants_per_slot,assignment,schedule_by_slot,enabled_constraints
,,,,,,,,,ticf-13crafb.fixed020-Forb,b2b-0519cd76c99f9943,b2b-lineage-ticf-13crafb,fixed,ORG-F-PW-DE-PHC-BGD2-UW-OBIC12P,ORGFull,N/A,Pairwise,Direct-E,PerSlotHoleCardinality,BreakGroupsD2,UWrMaxSAT,OldBestIC12+,OPTIMAL,SAT,27,27,bg_d2,27,27,27,,,27,1,5.335817,False,329.098,MaxSAT,ORGHistorical,ORG-Historical-BG-d2,Published-style,Published-style/Full,independent_reimplementation,one-shot weighted MaxSAT,246673,,,,,,,497523,760,498283,4290,242383,1417416,77,baseline2__model-org_historical_maxsat__m-full__p-pairwise__g-direct__b-per_slot_hole_cardinality__o-break_groups_d2__s-uwrmaxsat__i-old_best_ic12plus__fairness-d2,baseline2__model-org_historical_maxsat__m-full__p-pairwise__g-direct__b-per_slot_hole_cardinality__o-break_groups_d2__s-uwrmaxsat__i-old_best_ic12plus__fairness-d2,legacy_full,n/a,pairwise,direct,UWrMaxSAT,UWrMaxSAT,binary-sha256:8c68c8a386d3d7847b50d315143c2bab60e3514e59510e84a649db83cb303876,org_historical_bg_d2_old_best,per_slot_hole_cardinality,total_break_groups_subject_to_range_at_most_2,BGD2,OBIC12P,1416656,760,1,1553,178206,222695,95069,1,760,760,1,,,,,,0,,,,,,,"formalism-specific model size: SAT/MaxSAT reports base CNF and soft clauses, MIP reports variables/linear constraints/nonzeros, and CP reports integer variables plus linear/global constraints; SAT bound/totalizer overhead remains separate in optimizer_added_*",4290,,,4290,,,,,,,,,,0.002132,0.557815,,0.557815,4.77587,"wall-clock from immediately before reading/parsing the .dzn instance through model construction, optimization, solution decoding, and independent validation; excludes worker-process startup and result-file export",18,206,,27,2,"0,1,1,0,0,0,0,1,1,1,0,0,0,1,0,2,0,1,0,1,1,0,1,0,1,1,0,0,0,0,0,0,1,0,0,1,1,0,1,1,0,0,1,0,0,0,0,0,0,0,1,0,1,0,0,0,1,1,0,1,0,0,0,0,0,1,0,0,0,0,0,0,0,0,0,1",peak_process_tree_rss_mb,0519cd76c99f99430d46300a428fa16a2eb0fa17fc8cfa93cbbc32f7eb7a22d9,fixed020,data_table07_fixed/ticf-13crafb.fixed020-Forb.dzn,1,data_table07_fixed/ticf-13crafb.fixed020-Forb.dzn,1,data_table07_fixed/ticf-13crafb.fixed020-Forb.dzn,https://imae.udg.edu/Recerca/LAI/,https://ima.udg.edu/Recerca/lai/b2b/b2b.zip,,2026-08-15T05:19:51+00:00,7200.0,,ee80a6fbd8b513f7c010668495c39621a371266a,True,3.10.12,1.8.dev25,instance-20260810-085803,Linux-6.8.0-1065-gcp-x86_64-with-glibc2.35,x86_64,4,8,15988.055,1,0,/home/g24021555/Business-Meeting-Scheduling-Problem/.venv/bin/python /home/g24021555/Business-Meeting-Scheduling-Problem/src/ORG_BG_D2.py --data-dir data_table07_fixed --family all --backend uwrmaxsat --uwrmaxsat-bin /home/g24021555/uwrmaxsat/build/release/bin/uwrmaxsat --uwrmaxsat-sha256 8c68c8a386d3d7847b50d315143c2bab60e3514e59510e84a649db83cb303876 --timeout 7200 --csv output/org_old_bg_d2/data_table07_fixed.csv --no-excel,/home/g24021555/uwrmaxsat/build/release/bin/uwrmaxsat,8c68c8a386d3d7847b50d315143c2bab60e3514e59510e84a649db83cb303876,/home/g24021555/uwrmaxsat/build/release/bin/uwrmaxsat -m /tmp/org_bg_nab92ljo.wcnf,,,,,UWrMaxSAT,,,,traditional,pairwise+direct,27,,,,,,,,,"4,8,9,11,10,10,5,12,14,6,5,4,11,3,15,13,6,12,14,16,18,2,15,3,7,5,16,1,8,6,10,8,8,1,0,8,3,9,1,17,16,4,12,13,17,15,12,5,4,11,13,10,18,14,9,2,7,14,15,13,12,11,10,14,19,16,17,15,18,5,9,10,2,6,7,14,15,4,3,1,11,2,0,1,13,14,12,11,8,9,7,7,6,17,13,18,12,16,14,15,20,19,21,13,21,15,12,12,11,0,7,6,10,9,7,6,0,5,2,3,10,8,4,1,8,6,7,9,3,7,1,5,8,4,12,14,10,19,18,2,13,9,6,0,11,15,12,14,11,11,10,1,0,5,8,10,9,4,7,6,12,11,3,7,2,4,9,10,6,8,3,1,11,5,0,0,9,7,2,4,3,12,13,5,11,6,8,14,7,12,11,13,9,8,10",,
,,,,,,,,,forum-13crafc.fixed040-Forb,b2b-1357e27c73d58a71,b2b-lineage-forum-13crafc,fixed,ORG-F-PW-DE-PHC-BGD2-UW-OBIC12P,ORGFull,N/A,Pairwise,Direct-E,PerSlotHoleCardinality,BreakGroupsD2,UWrMaxSAT,OldBestIC12+,OPTIMAL,SAT,50,50,bg_d2,50,50,50,,,50,1,3.521146,False,287.168,MaxSAT,ORGHistorical,ORG-Historical-BG-d2,Published-style,Published-style/Full,independent_reimplementation,one-shot weighted MaxSAT,200226,,,,,,,399958,700,400658,3234,196992,1149052,71,baseline2__model-org_historical_maxsat__m-full__p-pairwise__g-direct__b-per_slot_hole_cardinality__o-break_groups_d2__s-uwrmaxsat__i-old_best_ic12plus__fairness-d2,baseline2__model-org_historical_maxsat__m-full__p-pairwise__g-direct__b-per_slot_hole_cardinality__o-break_groups_d2__s-uwrmaxsat__i-old_best_ic12plus__fairness-d2,legacy_full,n/a,pairwise,direct,UWrMaxSAT,UWrMaxSAT,binary-sha256:8c68c8a386d3d7847b50d315143c2bab60e3514e59510e84a649db83cb303876,org_historical_bg_d2_old_best,per_slot_hole_cardinality,total_break_groups_subject_to_range_at_most_2,BGD2,OBIC12P,1148352,700,1,1179,137712,179821,81246,1,700,700,1,,,,,,0,,,,,,,"formalism-specific model size: SAT/MaxSAT reports base CNF and soft clauses, MIP reports variables/linear constraints/nonzeros, and CP reports integer variables plus linear/global constraints; SAT bound/totalizer overhead remains separate in optimizer_added_*",3234,,,3234,,,,,,,,,,0.00189,0.434262,,0.434262,3.084994,"wall-clock from immediately before reading/parsing the .dzn instance through model construction, optimization, solution decoding, and independent validation; excludes worker-process startup and result-file export",14,248,,50,2,"0,1,2,1,1,1,0,1,1,0,2,1,0,1,0,0,0,1,0,0,0,0,1,0,0,2,2,1,1,1,0,1,0,1,0,1,0,1,2,2,1,1,0,1,1,2,0,0,1,2,0,0,1,0,0,2,2,0,1,0,0,0,1,2,1,2,0,0,0,0",peak_process_tree_rss_mb,1357e27c73d58a71bffc4d1e693d0d0cf9549b9f9cba424cee39d488e04227cf,fixed040,data_table07_fixed/forum-13crafc.fixed040-Forb.dzn,1,data_table07_fixed/forum-13crafc.fixed040-Forb.dzn,1,data_table07_fixed/forum-13crafc.fixed040-Forb.dzn,https://imae.udg.edu/Recerca/LAI/,https://ima.udg.edu/Recerca/lai/b2b/b2b.zip,,2026-08-15T05:19:51+00:00,7200.0,,ee80a6fbd8b513f7c010668495c39621a371266a,True,3.10.12,1.8.dev25,instance-20260810-085803,Linux-6.8.0-1065-gcp-x86_64-with-glibc2.35,x86_64,4,8,15988.055,1,0,/home/g24021555/Business-Meeting-Scheduling-Problem/.venv/bin/python /home/g24021555/Business-Meeting-Scheduling-Problem/src/ORG_BG_D2.py --data-dir data_table07_fixed --family all --backend uwrmaxsat --uwrmaxsat-bin /home/g24021555/uwrmaxsat/build/release/bin/uwrmaxsat --uwrmaxsat-sha256 8c68c8a386d3d7847b50d315143c2bab60e3514e59510e84a649db83cb303876 --timeout 7200 --csv output/org_old_bg_d2/data_table07_fixed.csv --no-excel,/home/g24021555/uwrmaxsat/build/release/bin/uwrmaxsat,8c68c8a386d3d7847b50d315143c2bab60e3514e59510e84a649db83cb303876,/home/g24021555/uwrmaxsat/build/release/bin/uwrmaxsat -m /tmp/org_bg_0ezf2lcd.wcnf,,,,,UWrMaxSAT,,,,traditional,pairwise+direct,50,,,,,,,,,"7,8,1,2,6,5,4,3,0,13,11,12,20,7,10,8,9,16,3,1,2,4,5,6,6,10,3,6,1,7,4,2,5,7,4,3,10,9,8,0,11,12,14,14,13,12,7,4,2,3,4,15,14,19,5,20,18,5,9,6,10,8,5,4,19,3,2,8,4,3,11,1,2,5,10,12,9,4,3,0,10,12,6,9,11,1,5,2,6,19,2,8,3,7,9,13,5,4,11,4,9,12,10,0,9,7,10,6,8,5,11,3,4,8,1,11,0,10,9,2,12,7,9,19,15,12,14,10,8,6,11,13,16,8,2,7,12,14,11,20,15,9,6,3,16,1,10,13,5,6,9,8,10,7",,
,,,,,,,,,forumt-14crafd.fixed040-Forb,b2b-1af73e04aa27c9c5,b2b-lineage-forumt-14crafd,fixed,ORG-F-PW-DE-PHC-BGD2-UW-OBIC12P,ORGFull,N/A,Pairwise,Direct-E,PerSlotHoleCardinality,BreakGroupsD2,UWrMaxSAT,OldBestIC12+,UNSAT,UNSAT,,,bg_d2,,,,,,,1,0.558917,False,127.102,MaxSAT,ORGHistorical,ORG-Historical-BG-d2,Published-style,Published-style/Full,independent_reimplementation,one-shot weighted MaxSAT,79488,,,,,,,165972,240,166212,2360,77128,413637,61,baseline2__model-org_historical_maxsat__m-full__p-pairwise__g-direct__b-per_slot_hole_cardinality__o-break_groups_d2__s-uwrmaxsat__i-old_best_ic12plus__fairness-d2,baseline2__model-org_historical_maxsat__m-full__p-pairwise__g-direct__b-per_slot_hole_cardinality__o-break_groups_d2__s-uwrmaxsat__i-old_best_ic12plus__fairness-d2,legacy_full,n/a,pairwise,direct,UWrMaxSAT,UWrMaxSAT,binary-sha256:8c68c8a386d3d7847b50d315143c2bab60e3514e59510e84a649db83cb303876,org_historical_bg_d2_old_best,per_slot_hole_cardinality,total_break_groups_subject_to_range_at_most_2,BGD2,OBIC12P,413397,240,1,605,93656,66564,5147,1,240,240,1,,,,,,0,,,,,,,"formalism-specific model size: SAT/MaxSAT reports base CNF and soft clauses, MIP reports variables/linear constraints/nonzeros, and CP reports integer variables plus linear/global constraints; SAT bound/totalizer overhead remains separate in optimizer_added_*",2360,,,2360,,,,,,,,,,0.002558,0.160989,,0.160989,0.39537,"wall-clock from immediately before reading/parsing the .dzn instance through model construction, optimization, solution decoding, and independent validation; excludes worker-process startup and result-file export",,,,,,,peak_process_tree_rss_mb,1af73e04aa27c9c56c98d213234c44f96c2b7e781abddc93eb756ec4a39fc28d,fixed040,data_table07_fixed/forumt-14crafd.fixed040-Forb.dzn,1,data_table07_fixed/forumt-14crafd.fixed040-Forb.dzn,1,data_table07_fixed/forumt-14crafd.fixed040-Forb.dzn,https://imae.udg.edu/Recerca/LAI/,https://ima.udg.edu/Recerca/lai/b2b/b2b.zip,,2026-08-15T05:19:51+00:00,7200.0,,ee80a6fbd8b513f7c010668495c39621a371266a,True,3.10.12,1.8.dev25,instance-20260810-085803,Linux-6.8.0-1065-gcp-x86_64-with-glibc2.35,x86_64,4,8,15988.055,1,0,/home/g24021555/Business-Meeting-Scheduling-Problem/.venv/bin/python /home/g24021555/Business-Meeting-Scheduling-Problem/src/ORG_BG_D2.py --data-dir data_table07_fixed --family all --backend uwrmaxsat --uwrmaxsat-bin /home/g24021555/uwrmaxsat/build/release/bin/uwrmaxsat --uwrmaxsat-sha256 8c68c8a386d3d7847b50d315143c2bab60e3514e59510e84a649db83cb303876 --timeout 7200 --csv output/org_old_bg_d2/data_table07_fixed.csv --no-excel,/home/g24021555/uwrmaxsat/build/release/bin/uwrmaxsat,8c68c8a386d3d7847b50d315143c2bab60e3514e59510e84a649db83cb303876,/home/g24021555/uwrmaxsat/build/release/bin/uwrmaxsat -m /tmp/org_bg_zmlvie38.wcnf,,,,,UWrMaxSAT,,,,traditional,pairwise+direct,,,,,,,,,,,,
,,,,,,,,,tic-14crafd.fixed020-Forb,b2b-20c1a4ac9d8c02a4,b2b-lineage-tic-14crafd,fixed,ORG-F-PW-DE-PHC-BGD2-UW-OBIC12P,ORGFull,N/A,Pairwise,Direct-E,PerSlotHoleCardinality,BreakGroupsD2,UWrMaxSAT,OldBestIC12+,OPTIMAL,SAT,2,2,bg_d2,2,2,2,,,2,1,1.003076,False,138.078,MaxSAT,ORGHistorical,ORG-Historical-BG-d2,Published-style,Published-style/Full,independent_reimplementation,one-shot weighted MaxSAT,79488,,,,,,,165831,240,166071,2360,77128,413496,61,baseline2__model-org_historical_maxsat__m-full__p-pairwise__g-direct__b-per_slot_hole_cardinality__o-break_groups_d2__s-uwrmaxsat__i-old_best_ic12plus__fairness-d2,baseline2__model-org_historical_maxsat__m-full__p-pairwise__g-direct__b-per_slot_hole_cardinality__o-break_groups_d2__s-uwrmaxsat__i-old_best_ic12plus__fairness-d2,legacy_full,n/a,pairwise,direct,UWrMaxSAT,UWrMaxSAT,binary-sha256:8c68c8a386d3d7847b50d315143c2bab60e3514e59510e84a649db83cb303876,org_historical_bg_d2_old_best,per_slot_hole_cardinality,total_break_groups_subject_to_range_at_most_2,BGD2,OBIC12P,413256,240,1,464,93656,66564,5147,1,240,240,1,,,,,,0,,,,,,,"formalism-specific model size: SAT/MaxSAT reports base CNF and soft clauses, MIP reports variables/linear constraints/nonzeros, and CP reports integer variables plus linear/global constraints; SAT bound/totalizer overhead remains separate in optimizer_added_*",2360,,,2360,,,,,,,,,,0.002482,0.159458,,0.159458,0.841136,"wall-clock from immediately before reading/parsing the .dzn instance through model construction, optimization, solution decoding, and independent validation; excludes worker-process startup and result-file export",4,7,,2,1,"0,0,0,0,0,0,0,0,0,0,0,0,0,0,0,0,0,0,0,0,0,0,0,0,0,0,0,0,0,0,0,0,0,1,0,0,0,0,0,0,0,0,0,0,0,0,0,0,0,1,0,0,0,0,0,0,0,0,0,0",peak_process_tree_rss_mb,20c1a4ac9d8c02a47d6795674576234fe908fb53558c72471b2af7e4a4c47c1e,fixed020,data_table07_fixed/tic-14crafd.fixed020-Forb.dzn,1,data_table07_fixed/tic-14crafd.fixed020-Forb.dzn,1,data_table07_fixed/tic-14crafd.fixed020-Forb.dzn,https://imae.udg.edu/Recerca/LAI/,https://ima.udg.edu/Recerca/lai/b2b/b2b.zip,,2026-08-15T05:19:51+00:00,7200.0,,ee80a6fbd8b513f7c010668495c39621a371266a,True,3.10.12,1.8.dev25,instance-20260810-085803,Linux-6.8.0-1065-gcp-x86_64-with-glibc2.35,x86_64,4,8,15988.055,1,0,/home/g24021555/Business-Meeting-Scheduling-Problem/.venv/bin/python /home/g24021555/Business-Meeting-Scheduling-Problem/src/ORG_BG_D2.py --data-dir data_table07_fixed --family all --backend uwrmaxsat --uwrmaxsat-bin /home/g24021555/uwrmaxsat/build/release/bin/uwrmaxsat --uwrmaxsat-sha256 8c68c8a386d3d7847b50d315143c2bab60e3514e59510e84a649db83cb303876 --timeout 7200 --csv output/org_old_bg_d2/data_table07_fixed.csv --no-excel,/home/g24021555/uwrmaxsat/build/release/bin/uwrmaxsat,8c68c8a386d3d7847b50d315143c2bab60e3514e59510e84a649db83cb303876,/home/g24021555/uwrmaxsat/build/release/bin/uwrmaxsat -m /tmp/org_bg_5csy1_9m.wcnf,,,,,UWrMaxSAT,,,,traditional,pairwise+direct,2,,,,,,,,,"7,8,6,3,5,0,1,2,3,4,7,1,7,3,8,0,6,9,1,5,4,3,0,7,2,6,5,6,2,4,3,3,9,6,8,5,7,2,6,8,4,1,3,2,8,9,0,1,0,6,2,3,9,4,7,9,6,1,4,8,5,0,0,1,7,5,2,9,8,4,6,3,3,4,0,7,8,8,5,2,1,0,4,7,9,6,3,5,8,6,2,7,4,3,1,1,4,5,6,3,1,3,2,8,5,4,7,4,5,6,8,5,1,4,2,7,3,0,6,8,0,4,3,9,7,4,5,6,8,2,9,7,2,7,0,2,5,4,9,3,6,8,8,7,9,1,6,5,3,2,1,2,4,3,6,5,8,9,0,7,5,2,1,4,0,9,7,5,9,6,7,4,1,4,7,2,0,1,8,9,2,3,5,8,1,9,2,8,1,9,0,3,5,6,5,4,8,9,2,3,0,1,7,8,9,6,2,0,5,3,8,7,5,6,4,9,0,6,1,2,8,4,7,5,3,1,6,2,4,5,0,7,2,7,1,6",,
,,,,,,,,,forum-13crafb.fixed020-Forb,b2b-23ddcce42f479e52,b2b-lineage-forum-13crafb,fixed,ORG-F-PW-DE-PHC-BGD2-UW-OBIC12P,ORGFull,N/A,Pairwise,Direct-E,PerSlotHoleCardinality,BreakGroupsD2,UWrMaxSAT,OldBestIC12+,OPTIMAL,SAT,30,30,bg_d2,30,30,30,,,30,1,6.290442,False,333.496,MaxSAT,ORGHistorical,ORG-Historical-BG-d2,Published-style,Published-style/Full,independent_reimplementation,one-shot weighted MaxSAT,246673,,,,,,,497641,760,498401,4290,242383,1417534,77,baseline2__model-org_historical_maxsat__m-full__p-pairwise__g-direct__b-per_slot_hole_cardinality__o-break_groups_d2__s-uwrmaxsat__i-old_best_ic12plus__fairness-d2,baseline2__model-org_historical_maxsat__m-full__p-pairwise__g-direct__b-per_slot_hole_cardinality__o-break_groups_d2__s-uwrmaxsat__i-old_best_ic12plus__fairness-d2,legacy_full,n/a,pairwise,direct,UWrMaxSAT,UWrMaxSAT,binary-sha256:8c68c8a386d3d7847b50d315143c2bab60e3514e59510e84a649db83cb303876,org_historical_bg_d2_old_best,per_slot_hole_cardinality,total_break_groups_subject_to_range_at_most_2,BGD2,OBIC12P,1416774,760,1,1671,178206,222695,95069,1,760,760,1,,,,,,0,,,,,,,"formalism-specific model size: SAT/MaxSAT reports base CNF and soft clauses, MIP reports variables/linear constraints/nonzeros, and CP reports integer variables plus linear/global constraints; SAT bound/totalizer overhead remains separate in optimizer_added_*",4290,,,4290,,,,,,,,,,0.002347,0.534326,,0.534326,5.753769,"wall-clock from immediately before reading/parsing the .dzn instance through model construction, optimization, solution decoding, and independent validation; excludes worker-process startup and result-file export",18,212,,30,2,"0,1,1,0,0,0,0,1,1,1,0,0,0,1,0,2,0,0,0,2,1,0,1,0,1,1,0,0,0,1,0,0,1,0,0,2,1,0,2,1,0,0,1,0,0,0,0,0,0,0,1,0,1,0,0,0,1,1,0,1,0,0,0,0,0,1,0,0,0,0,0,0,0,0,0,1",peak_process_tree_rss_mb,23ddcce42f479e52cb99a4d5e0baa6bd4a97ffda59362851306478ecc9fd32f6,fixed020,data_table07_fixed/forum-13crafb.fixed020-Forb.dzn,1,data_table07_fixed/forum-13crafb.fixed020-Forb.dzn,1,data_table07_fixed/forum-13crafb.fixed020-Forb.dzn,https://imae.udg.edu/Recerca/LAI/,https://ima.udg.edu/Recerca/lai/b2b/b2b.zip,,2026-08-15T05:19:51+00:00,7200.0,,ee80a6fbd8b513f7c010668495c39621a371266a,True,3.10.12,1.8.dev25,instance-20260810-085803,Linux-6.8.0-1065-gcp-x86_64-with-glibc2.35,x86_64,4,8,15988.055,1,0,/home/g24021555/Business-Meeting-Scheduling-Problem/.venv/bin/python /home/g24021555/Business-Meeting-Scheduling-Problem/src/ORG_BG_D2.py --data-dir data_table07_fixed --family all --backend uwrmaxsat --uwrmaxsat-bin /home/g24021555/uwrmaxsat/build/release/bin/uwrmaxsat --uwrmaxsat-sha256 8c68c8a386d3d7847b50d315143c2bab60e3514e59510e84a649db83cb303876 --timeout 7200 --csv output/org_old_bg_d2/data_table07_fixed.csv --no-excel,/home/g24021555/uwrmaxsat/build/release/bin/uwrmaxsat,8c68c8a386d3d7847b50d315143c2bab60e3514e59510e84a649db83cb303876,/home/g24021555/uwrmaxsat/build/release/bin/uwrmaxsat -m /tmp/org_bg_dgvzj30c.wcnf,,,,,UWrMaxSAT,,,,traditional,pairwise+direct,30,,,,,,,,,"1,13,9,11,10,10,2,7,14,9,5,4,11,3,12,13,7,14,12,14,16,9,15,10,7,6,14,11,8,2,10,8,8,1,0,8,3,9,5,13,16,17,6,1,16,15,12,6,11,8,13,4,21,20,9,12,7,5,4,6,12,11,10,14,19,15,16,17,18,4,6,9,2,10,7,14,15,8,3,1,4,2,0,1,13,15,14,9,10,11,9,6,5,17,13,19,12,16,14,15,20,18,21,11,21,8,9,7,3,0,6,5,10,9,7,4,0,6,2,3,10,8,5,1,6,5,7,8,3,5,1,7,11,4,12,18,10,19,15,17,13,14,6,0,2,8,4,5,7,13,1,15,0,6,8,11,9,4,10,5,12,7,3,5,2,4,9,7,8,6,10,1,11,3,0,0,6,12,9,4,3,7,13,5,11,2,8,14,7,10,11,8,9,6,5",,
,,,,,,,,,forum-13.fixed040-Forb,b2b-2484f943983220c5,b2b-lineage-forum-13,fixed,ORG-F-PW-DE-PHC-BGD2-UW-OBIC12P,ORGFull,N/A,Pairwise,Direct-E,PerSlotHoleCardinality,BreakGroupsD2,UWrMaxSAT,OldBestIC12+,OPTIMAL,SAT,49,49,bg_d2,49,49,49,,,49,1,2.847381,False,285.645,MaxSAT,ORGHistorical,ORG-Historical-BG-d2,Published-style,Published-style/Full,independent_reimplementation,one-shot weighted MaxSAT,207114,,,,,,,413482,700,414182,3234,203880,1183114,71,baseline2__model-org_historical_maxsat__m-full__p-pairwise__g-direct__b-per_slot_hole_cardinality__o-break_groups_d2__s-uwrmaxsat__i-old_best_ic12plus__fairness-d2,baseline2__model-org_historical_maxsat__m-full__p-pairwise__g-direct__b-per_slot_hole_cardinality__o-break_groups_d2__s-uwrmaxsat__i-old_best_ic12plus__fairness-d2,legacy_full,n/a,pairwise,direct,UWrMaxSAT,UWrMaxSAT,binary-sha256:8c68c8a386d3d7847b50d315143c2bab60e3514e59510e84a649db83cb303876,org_historical_bg_d2_old_best,per_slot_hole_cardinality,total_break_groups_subject_to_range_at_most_2,BGD2,OBIC12P,1182414,700,1,1179,144222,186835,81246,1,700,700,1,,,,,,0,,,,,,,"formalism-specific model size: SAT/MaxSAT reports base CNF and soft clauses, MIP reports variables/linear constraints/nonzeros, and CP reports integer variables plus linear/global constraints; SAT bound/totalizer overhead remains separate in optimizer_added_*",3234,,,3234,,,,,,,,,,0.001914,0.451387,,0.451387,2.39408,"wall-clock from immediately before reading/parsing the .dzn instance through model construction, optimization, solution decoding, and independent validation; excludes worker-process startup and result-file export",14,258,,49,2,"0,1,1,1,1,1,0,0,1,0,2,1,0,1,0,0,0,1,0,0,0,0,1,0,1,1,2,1,1,1,0,1,1,0,0,1,0,1,2,2,1,1,0,1,1,2,1,0,1,2,0,0,1,0,0,2,1,0,1,0,0,0,1,2,1,2,0,0,0,1",peak_process_tree_rss_mb,2484f943983220c53520718a3cd9190d037f35dbc62893cc70f97b5ecfa787fc,fixed040,data_table07_fixed/forum-13.fixed040-Forb.dzn,1,data_table07_fixed/forum-13.fixed040-Forb.dzn,1,data_table07_fixed/forum-13.fixed040-Forb.dzn,https://imae.udg.edu/Recerca/LAI/,https://ima.udg.edu/Recerca/lai/b2b/b2b.zip,,2026-08-15T05:19:51+00:00,7200.0,,ee80a6fbd8b513f7c010668495c39621a371266a,True,3.10.12,1.8.dev25,instance-20260810-085803,Linux-6.8.0-1065-gcp-x86_64-with-glibc2.35,x86_64,4,8,15988.055,1,0,/home/g24021555/Business-Meeting-Scheduling-Problem/.venv/bin/python /home/g24021555/Business-Meeting-Scheduling-Problem/src/ORG_BG_D2.py --data-dir data_table07_fixed --family all --backend uwrmaxsat --uwrmaxsat-bin /home/g24021555/uwrmaxsat/build/release/bin/uwrmaxsat --uwrmaxsat-sha256 8c68c8a386d3d7847b50d315143c2bab60e3514e59510e84a649db83cb303876 --timeout 7200 --csv output/org_old_bg_d2/data_table07_fixed.csv --no-excel,/home/g24021555/uwrmaxsat/build/release/bin/uwrmaxsat,8c68c8a386d3d7847b50d315143c2bab60e3514e59510e84a649db83cb303876,/home/g24021555/uwrmaxsat/build/release/bin/uwrmaxsat -m /tmp/org_bg_5atcsz55.wcnf,,,,,UWrMaxSAT,,,,traditional,pairwise+direct,49,,,,,,,,,"2,8,1,5,6,4,7,3,0,17,6,7,20,5,4,8,9,16,3,1,2,4,5,6,6,8,10,6,1,9,5,8,7,7,4,8,10,9,5,0,11,12,14,18,13,12,7,4,2,6,4,15,3,19,5,20,18,5,9,4,10,8,5,4,19,2,3,8,4,3,6,1,2,5,7,12,9,7,3,0,10,12,6,9,11,4,5,8,7,19,2,8,3,4,6,13,5,9,11,1,9,12,10,0,9,7,8,6,10,5,11,3,4,7,1,8,0,10,9,3,2,7,9,19,17,12,18,10,8,6,11,13,16,8,9,7,12,4,5,20,2,0,6,3,16,1,10,11,5,6,9,8,2,7",,
,,,,,,,,,tic-13.fixed040-Forb,b2b-258117be621917b1,b2b-lineage-tic-13,fixed,ORG-F-PW-DE-PHC-BGD2-UW-OBIC12P,ORGFull,N/A,Pairwise,Direct-E,PerSlotHoleCardinality,BreakGroupsD2,UWrMaxSAT,OldBestIC12+,OPTIMAL,SAT,13,13,bg_d2,13,13,13,,,13,1,1.362692,False,137.77,MaxSAT,ORGHistorical,ORG-Historical-BG-d2,Published-style,Published-style/Full,independent_reimplementation,one-shot weighted MaxSAT,53139,,,,,,,110972,188,111160,1800,51339,276706,48,baseline2__model-org_historical_maxsat__m-full__p-pairwise__g-direct__b-per_slot_hole_cardinality__o-break_groups_d2__s-uwrmaxsat__i-old_best_ic12plus__fairness-d2,baseline2__model-org_historical_maxsat__m-full__p-pairwise__g-direct__b-per_slot_hole_cardinality__o-break_groups_d2__s-uwrmaxsat__i-old_best_ic12plus__fairness-d2,legacy_full,n/a,pairwise,direct,UWrMaxSAT,UWrMaxSAT,binary-sha256:8c68c8a386d3d7847b50d315143c2bab60e3514e59510e84a649db83cb303876,org_historical_bg_d2_old_best,per_slot_hole_cardinality,total_break_groups_subject_to_range_at_most_2,BGD2,OBIC12P,276518,188,1,355,63723,42865,4029,1,188,188,1,,,,,,0,,,,,,,"formalism-specific model size: SAT/MaxSAT reports base CNF and soft clauses, MIP reports variables/linear constraints/nonzeros, and CP reports integer variables plus linear/global constraints; SAT bound/totalizer overhead remains separate in optimizer_added_*",1800,,,1800,,,,,,,,,,0.002053,0.10602,,0.10602,1.254618,"wall-clock from immediately before reading/parsing the .dzn instance through model construction, optimization, solution decoding, and independent validation; excludes worker-process startup and result-file export",5,30,,13,2,"0,0,2,0,1,0,2,0,0,0,0,1,0,0,1,0,1,0,0,1,0,0,0,1,0,0,0,0,0,0,1,0,0,1,0,0,1,0,0,0,0,0,0,0,0,0,0",peak_process_tree_rss_mb,258117be621917b1dc82611e4ccc76a645c00c6b95f30f0fb115c746fe51854d,fixed040,data_table07_fixed/tic-13.fixed040-Forb.dzn,1,data_table07_fixed/tic-13.fixed040-Forb.dzn,1,data_table07_fixed/tic-13.fixed040-Forb.dzn,https://imae.udg.edu/Recerca/LAI/,https://ima.udg.edu/Recerca/lai/b2b/b2b.zip,,2026-08-15T05:19:51+00:00,7200.0,,ee80a6fbd8b513f7c010668495c39621a371266a,True,3.10.12,1.8.dev25,instance-20260810-085803,Linux-6.8.0-1065-gcp-x86_64-with-glibc2.35,x86_64,4,8,15988.055,1,0,/home/g24021555/Business-Meeting-Scheduling-Problem/.venv/bin/python /home/g24021555/Business-Meeting-Scheduling-Problem/src/ORG_BG_D2.py --data-dir data_table07_fixed --family all --backend uwrmaxsat --uwrmaxsat-bin /home/g24021555/uwrmaxsat/build/release/bin/uwrmaxsat --uwrmaxsat-sha256 8c68c8a386d3d7847b50d315143c2bab60e3514e59510e84a649db83cb303876 --timeout 7200 --csv output/org_old_bg_d2/data_table07_fixed.csv --no-excel,/home/g24021555/uwrmaxsat/build/release/bin/uwrmaxsat,8c68c8a386d3d7847b50d315143c2bab60e3514e59510e84a649db83cb303876,/home/g24021555/uwrmaxsat/build/release/bin/uwrmaxsat -m /tmp/org_bg_wg148lv5.wcnf,,,,,UWrMaxSAT,,,,traditional,pairwise+direct,13,,,,,,,,,"8,2,4,9,5,0,1,7,3,6,7,8,2,4,9,8,1,5,2,3,4,6,3,1,4,8,9,2,5,5,7,6,1,3,8,2,4,9,1,7,4,6,8,4,5,3,9,7,2,5,9,6,7,8,4,6,7,2,5,5,3,1,0,6,2,7,7,4,8,3,2,9,5,7,0,3,4,8,6,8,6,7,9,0,2,3,6,4,1,7,8,5,4,9,6,2,9,8,7,0,4,2,3,4,5,6,2,1,6,2,7,3,8,1,5,6,5,0,6,5,4,7,5,4,8,6,3,1,0,7,8,1,3,7,5,9,0,8,7,2,9,3,8,2,6,2,7,1,3,5,1,4,3,9,0,4,5,8,3,7,1,9,1,8,5,6,5,4,0,7,2,6,0,6,9,2,3,4,1,8",,
,,,,,,,,,tic-13crafc.fixed040-Forb,b2b-26468607e0b6d3b7,b2b-lineage-tic-13crafc,fixed,ORG-F-PW-DE-PHC-BGD2-UW-OBIC12P,ORGFull,N/A,Pairwise,Direct-E,PerSlotHoleCardinality,BreakGroupsD2,UWrMaxSAT,OldBestIC12+,OPTIMAL,SAT,16,16,bg_d2,16,16,16,,,16,1,5.69533,False,137.371,MaxSAT,ORGHistorical,ORG-Historical-BG-d2,Published-style,Published-style/Full,independent_reimplementation,one-shot weighted MaxSAT,51659,,,,,,,108132,188,108320,1800,49859,269486,48,baseline2__model-org_historical_maxsat__m-full__p-pairwise__g-direct__b-per_slot_hole_cardinality__o-break_groups_d2__s-uwrmaxsat__i-old_best_ic12plus__fairness-d2,baseline2__model-org_historical_maxsat__m-full__p-pairwise__g-direct__b-per_slot_hole_cardinality__o-break_groups_d2__s-uwrmaxsat__i-old_best_ic12plus__fairness-d2,legacy_full,n/a,pairwise,direct,UWrMaxSAT,UWrMaxSAT,binary-sha256:8c68c8a386d3d7847b50d315143c2bab60e3514e59510e84a649db83cb303876,org_historical_bg_d2_old_best,per_slot_hole_cardinality,total_break_groups_subject_to_range_at_most_2,BGD2,OBIC12P,269298,188,1,355,62423,41325,4029,1,188,188,1,,,,,,0,,,,,,,"formalism-specific model size: SAT/MaxSAT reports base CNF and soft clauses, MIP reports variables/linear constraints/nonzeros, and CP reports integer variables plus linear/global constraints; SAT bound/totalizer overhead remains separate in optimizer_added_*",1800,,,1800,,,,,,,,,,0.001884,0.104586,,0.104586,5.58886,"wall-clock from immediately before reading/parsing the .dzn instance through model construction, optimization, solution decoding, and independent validation; excludes worker-process startup and result-file export",4,37,,16,2,"0,0,2,0,1,0,2,0,1,0,0,1,0,0,0,1,1,0,0,1,1,0,0,1,1,0,0,0,0,0,1,0,0,1,0,0,1,0,0,0,0,0,0,0,0,0,0",peak_process_tree_rss_mb,26468607e0b6d3b7908dab6b25e4a0c1ba14e9886e3c682b9e80f10dceaefcd5,fixed040,data_table07_fixed/tic-13crafc.fixed040-Forb.dzn,1,data_table07_fixed/tic-13crafc.fixed040-Forb.dzn,1,data_table07_fixed/tic-13crafc.fixed040-Forb.dzn,https://imae.udg.edu/Recerca/LAI/,https://ima.udg.edu/Recerca/lai/b2b/b2b.zip,,2026-08-15T05:19:51+00:00,7200.0,,ee80a6fbd8b513f7c010668495c39621a371266a,True,3.10.12,1.8.dev25,instance-20260810-085803,Linux-6.8.0-1065-gcp-x86_64-with-glibc2.35,x86_64,4,8,15988.055,1,0,/home/g24021555/Business-Meeting-Scheduling-Problem/.venv/bin/python /home/g24021555/Business-Meeting-Scheduling-Problem/src/ORG_BG_D2.py --data-dir data_table07_fixed --family all --backend uwrmaxsat --uwrmaxsat-bin /home/g24021555/uwrmaxsat/build/release/bin/uwrmaxsat --uwrmaxsat-sha256 8c68c8a386d3d7847b50d315143c2bab60e3514e59510e84a649db83cb303876 --timeout 7200 --csv output/org_old_bg_d2/data_table07_fixed.csv --no-excel,/home/g24021555/uwrmaxsat/build/release/bin/uwrmaxsat,8c68c8a386d3d7847b50d315143c2bab60e3514e59510e84a649db83cb303876,/home/g24021555/uwrmaxsat/build/release/bin/uwrmaxsat -m /tmp/org_bg_k9umu3g8.wcnf,,,,,UWrMaxSAT,,,,traditional,pairwise+direct,16,,,,,,,,,"8,7,4,9,2,0,1,3,5,6,7,8,2,4,9,3,1,5,2,0,4,6,3,7,4,8,9,2,5,5,2,6,1,3,8,7,4,9,1,8,4,2,1,4,5,3,6,7,0,8,9,6,7,3,7,6,9,4,5,4,3,1,0,5,2,6,7,0,8,1,2,9,5,1,0,6,3,8,4,7,6,5,0,3,2,9,6,3,5,0,8,5,4,9,6,2,9,8,7,0,4,6,7,4,5,6,8,3,6,1,7,3,8,2,5,6,5,0,6,5,0,9,8,2,4,5,3,1,6,0,8,7,3,9,1,5,0,3,7,2,9,3,1,8,4,2,7,1,3,5,1,8,3,9,0,4,2,4,2,7,1,8,1,8,5,7,3,4,0,7,2,6,0,6,4,2,1,7,1,2",,
,,,,,,,,,tic-14crafa.fixed040-Forb,b2b-2b75cc24046a04af,b2b-lineage-tic-14crafa,fixed,ORG-F-PW-DE-PHC-BGD2-UW-OBIC12P,ORGFull,N/A,Pairwise,Direct-E,PerSlotHoleCardinality,BreakGroupsD2,UWrMaxSAT,OldBestIC12+,UNSAT,UNSAT,,,bg_d2,,,,,,,1,0.573109,False,128.805,MaxSAT,ORGHistorical,ORG-Historical-BG-d2,Published-style,Published-style/Full,independent_reimplementation,one-shot weighted MaxSAT,81817,,,,,,,170367,240,170607,2370,79447,424890,61,baseline2__model-org_historical_maxsat__m-full__p-pairwise__g-direct__b-per_slot_hole_cardinality__o-break_groups_d2__s-uwrmaxsat__i-old_best_ic12plus__fairness-d2,baseline2__model-org_historical_maxsat__m-full__p-pairwise__g-direct__b-per_slot_hole_cardinality__o-break_groups_d2__s-uwrmaxsat__i-old_best_ic12plus__fairness-d2,legacy_full,n/a,pairwise,direct,UWrMaxSAT,UWrMaxSAT,binary-sha256:8c68c8a386d3d7847b50d315143c2bab60e3514e59510e84a649db83cb303876,org_historical_bg_d2_old_best,per_slot_hole_cardinality,total_break_groups_subject_to_range_at_most_2,BGD2,OBIC12P,424650,240,1,478,95890,68838,5161,1,240,240,1,,,,,,0,,,,,,,"formalism-specific model size: SAT/MaxSAT reports base CNF and soft clauses, MIP reports variables/linear constraints/nonzeros, and CP reports integer variables plus linear/global constraints; SAT bound/totalizer overhead remains separate in optimizer_added_*",2370,,,2370,,,,,,,,,,0.002561,0.163583,,0.163583,0.406965,"wall-clock from immediately before reading/parsing the .dzn instance through model construction, optimization, solution decoding, and independent validation; excludes worker-process startup and result-file export",,,,,,,peak_process_tree_rss_mb,2b75cc24046a04afbef92436e1e6c41b4b19597690927df6a8bd4d7d206a241e,fixed040,data_table07_fixed/tic-14crafa.fixed040-Forb.dzn,1,data_table07_fixed/tic-14crafa.fixed040-Forb.dzn,1,data_table07_fixed/tic-14crafa.fixed040-Forb.dzn,https://imae.udg.edu/Recerca/LAI/,https://ima.udg.edu/Recerca/lai/b2b/b2b.zip,,2026-08-15T05:19:51+00:00,7200.0,,ee80a6fbd8b513f7c010668495c39621a371266a,True,3.10.12,1.8.dev25,instance-20260810-085803,Linux-6.8.0-1065-gcp-x86_64-with-glibc2.35,x86_64,4,8,15988.055,1,0,/home/g24021555/Business-Meeting-Scheduling-Problem/.venv/bin/python /home/g24021555/Business-Meeting-Scheduling-Problem/src/ORG_BG_D2.py --data-dir data_table07_fixed --family all --backend uwrmaxsat --uwrmaxsat-bin /home/g24021555/uwrmaxsat/build/release/bin/uwrmaxsat --uwrmaxsat-sha256 8c68c8a386d3d7847b50d315143c2bab60e3514e59510e84a649db83cb303876 --timeout 7200 --csv output/org_old_bg_d2/data_table07_fixed.csv --no-excel,/home/g24021555/uwrmaxsat/build/release/bin/uwrmaxsat,8c68c8a386d3d7847b50d315143c2bab60e3514e59510e84a649db83cb303876,/home/g24021555/uwrmaxsat/build/release/bin/uwrmaxsat -m /tmp/org_bg__rtn3ck5.wcnf,,,,,UWrMaxSAT,,,,traditional,pairwise+direct,,,,,,,,,,,,
,,,,,,,,,tic-12crafc.fixed020-Forb,b2b-2db2e812b65b8b00,b2b-lineage-tic-12crafc,fixed,ORG-F-PW-DE-PHC-BGD2-UW-OBIC12P,ORGFull,N/A,Pairwise,Direct-E,PerSlotHoleCardinality,BreakGroupsD2,UWrMaxSAT,OldBestIC12+,OPTIMAL,SAT,1,1,bg_d2,1,1,1,,,1,1,0.242178,False,102.98,MaxSAT,ORGHistorical,ORG-Historical-BG-d2,Published-style,Published-style/Full,independent_reimplementation,one-shot weighted MaxSAT,23942,,,,,,,51505,126,51631,1000,22942,127168,43,baseline2__model-org_historical_maxsat__m-full__p-pairwise__g-direct__b-per_slot_hole_cardinality__o-break_groups_d2__s-uwrmaxsat__i-old_best_ic12plus__fairness-d2,baseline2__model-org_historical_maxsat__m-full__p-pairwise__g-direct__b-per_slot_hole_cardinality__o-break_groups_d2__s-uwrmaxsat__i-old_best_ic12plus__fairness-d2,legacy_full,n/a,pairwise,direct,UWrMaxSAT,UWrMaxSAT,binary-sha256:8c68c8a386d3d7847b50d315143c2bab60e3514e59510e84a649db83cb303876,org_historical_bg_d2_old_best,per_slot_hole_cardinality,total_break_groups_subject_to_range_at_most_2,BGD2,OBIC12P,127042,126,1,259,30636,18943,1667,1,126,126,1,,,,,,0,,,,,,,"formalism-specific model size: SAT/MaxSAT reports base CNF and soft clauses, MIP reports variables/linear constraints/nonzeros, and CP reports integer variables plus linear/global constraints; SAT bound/totalizer overhead remains separate in optimizer_added_*",1000,,,1000,,,,,,,,,,0.001427,0.052237,,0.052237,0.188515,"wall-clock from immediately before reading/parsing the .dzn instance through model construction, optimization, solution decoding, and independent validation; excludes worker-process startup and result-file export",5,5,,1,1,"0,0,0,0,0,0,0,0,0,0,0,0,0,0,0,0,0,0,0,0,0,0,0,0,0,0,0,0,1,0,0,0,0,0,0,0,0,0,0,0,0,0",peak_process_tree_rss_mb,2db2e812b65b8b00998818cf42ec19ffc1208d7bf35cbec6cb14757871987f7e,fixed020,data_table07_fixed/tic-12crafc.fixed020-Forb.dzn,1,data_table07_fixed/tic-12crafc.fixed020-Forb.dzn,1,data_table07_fixed/tic-12crafc.fixed020-Forb.dzn,https://imae.udg.edu/Recerca/LAI/,https://ima.udg.edu/Recerca/lai/b2b/b2b.zip,,2026-08-15T05:19:51+00:00,7200.0,,ee80a6fbd8b513f7c010668495c39621a371266a,True,3.10.12,1.8.dev25,instance-20260810-085803,Linux-6.8.0-1065-gcp-x86_64-with-glibc2.35,x86_64,4,8,15988.055,1,0,/home/g24021555/Business-Meeting-Scheduling-Problem/.venv/bin/python /home/g24021555/Business-Meeting-Scheduling-Problem/src/ORG_BG_D2.py --data-dir data_table07_fixed --family all --backend uwrmaxsat --uwrmaxsat-bin /home/g24021555/uwrmaxsat/build/release/bin/uwrmaxsat --uwrmaxsat-sha256 8c68c8a386d3d7847b50d315143c2bab60e3514e59510e84a649db83cb303876 --timeout 7200 --csv output/org_old_bg_d2/data_table07_fixed.csv --no-excel,/home/g24021555/uwrmaxsat/build/release/bin/uwrmaxsat,8c68c8a386d3d7847b50d315143c2bab60e3514e59510e84a649db83cb303876,/home/g24021555/uwrmaxsat/build/release/bin/uwrmaxsat -m /tmp/org_bg_88k6le3j.wcnf,,,,,UWrMaxSAT,,,,traditional,pairwise+direct,1,,,,,,,,,"2,3,4,0,7,7,7,4,1,6,0,1,6,5,3,0,2,7,1,2,7,3,7,6,4,2,5,1,3,6,7,0,0,2,5,6,3,1,5,4,0,7,1,3,2,4,5,7,3,6,0,4,1,6,2,3,5,6,1,0,4,6,5,3,2,6,2,5,0,1,3,6,1,4,0,2,5,4,5,1,7,4,3,2,0,6,2,5,3,4,7,5,2,3,4,0,6,7,1,6,0,2,1,5,4,5,4,3,2,6,1,5,3,7,4,1,0,3,4,1,6,2,0,7,5",,
,,,,,,,,,forum-13crafb.fixed040-Forb,b2b-39598e5e6cfbae3a,b2b-lineage-forum-13crafb,fixed,ORG-F-PW-DE-PHC-BGD2-UW-OBIC12P,ORGFull,N/A,Pairwise,Direct-E,PerSlotHoleCardinality,BreakGroupsD2,UWrMaxSAT,OldBestIC12+,UNSAT,UNSAT,,,bg_d2,,,,,,,1,1.773371,False,250.699,MaxSAT,ORGHistorical,ORG-Historical-BG-d2,Published-style,Published-style/Full,independent_reimplementation,one-shot weighted MaxSAT,246673,,,,,,,497680,760,498440,4290,242383,1417573,77,baseline2__model-org_historical_maxsat__m-full__p-pairwise__g-direct__b-per_slot_hole_cardinality__o-break_groups_d2__s-uwrmaxsat__i-old_best_ic12plus__fairness-d2,baseline2__model-org_historical_maxsat__m-full__p-pairwise__g-direct__b-per_slot_hole_cardinality__o-break_groups_d2__s-uwrmaxsat__i-old_best_ic12plus__fairness-d2,legacy_full,n/a,pairwise,direct,UWrMaxSAT,UWrMaxSAT,binary-sha256:8c68c8a386d3d7847b50d315143c2bab60e3514e59510e84a649db83cb303876,org_historical_bg_d2_old_best,per_slot_hole_cardinality,total_break_groups_subject_to_range_at_most_2,BGD2,OBIC12P,1416813,760,1,1710,178206,222695,95069,1,760,760,1,,,,,,0,,,,,,,"formalism-specific model size: SAT/MaxSAT reports base CNF and soft clauses, MIP reports variables/linear constraints/nonzeros, and CP reports integer variables plus linear/global constraints; SAT bound/totalizer overhead remains separate in optimizer_added_*",4290,,,4290,,,,,,,,,,0.002167,0.527155,,0.527155,1.24405,"wall-clock from immediately before reading/parsing the .dzn instance through model construction, optimization, solution decoding, and independent validation; excludes worker-process startup and result-file export",,,,,,,peak_process_tree_rss_mb,39598e5e6cfbae3a525691f20903e82eafb6958c238efb7c2b82ee27e694f775,fixed040,data_table07_fixed/forum-13crafb.fixed040-Forb.dzn,1,data_table07_fixed/forum-13crafb.fixed040-Forb.dzn,1,data_table07_fixed/forum-13crafb.fixed040-Forb.dzn,https://imae.udg.edu/Recerca/LAI/,https://ima.udg.edu/Recerca/lai/b2b/b2b.zip,,2026-08-15T05:19:51+00:00,7200.0,,ee80a6fbd8b513f7c010668495c39621a371266a,True,3.10.12,1.8.dev25,instance-20260810-085803,Linux-6.8.0-1065-gcp-x86_64-with-glibc2.35,x86_64,4,8,15988.055,1,0,/home/g24021555/Business-Meeting-Scheduling-Problem/.venv/bin/python /home/g24021555/Business-Meeting-Scheduling-Problem/src/ORG_BG_D2.py --data-dir data_table07_fixed --family all --backend uwrmaxsat --uwrmaxsat-bin /home/g24021555/uwrmaxsat/build/release/bin/uwrmaxsat --uwrmaxsat-sha256 8c68c8a386d3d7847b50d315143c2bab60e3514e59510e84a649db83cb303876 --timeout 7200 --csv output/org_old_bg_d2/data_table07_fixed.csv --no-excel,/home/g24021555/uwrmaxsat/build/release/bin/uwrmaxsat,8c68c8a386d3d7847b50d315143c2bab60e3514e59510e84a649db83cb303876,/home/g24021555/uwrmaxsat/build/release/bin/uwrmaxsat -m /tmp/org_bg_imudnjd2.wcnf,,,,,UWrMaxSAT,,,,traditional,pairwise+direct,,,,,,,,,,,,
,,,,,,,,,forumt-14crafc.fixed040-Forb,b2b-4aa41cba1098bda4,b2b-lineage-forumt-14crafc,fixed,ORG-F-PW-DE-PHC-BGD2-UW-OBIC12P,ORGFull,N/A,Pairwise,Direct-E,PerSlotHoleCardinality,BreakGroupsD2,UWrMaxSAT,OldBestIC12+,UNSAT,UNSAT,,,bg_d2,,,,,,,1,0.568523,False,160.496,MaxSAT,ORGHistorical,ORG-Historical-BG-d2,Published-style,Published-style/Full,independent_reimplementation,one-shot weighted MaxSAT,79877,,,,,,,166705,240,166945,2370,77507,415468,61,baseline2__model-org_historical_maxsat__m-full__p-pairwise__g-direct__b-per_slot_hole_cardinality__o-break_groups_d2__s-uwrmaxsat__i-old_best_ic12plus__fairness-d2,baseline2__model-org_historical_maxsat__m-full__p-pairwise__g-direct__b-per_slot_hole_cardinality__o-break_groups_d2__s-uwrmaxsat__i-old_best_ic12plus__fairness-d2,legacy_full,n/a,pairwise,direct,UWrMaxSAT,UWrMaxSAT,binary-sha256:8c68c8a386d3d7847b50d315143c2bab60e3514e59510e84a649db83cb303876,org_historical_bg_d2_old_best,per_slot_hole_cardinality,total_break_groups_subject_to_range_at_most_2,BGD2,OBIC12P,415228,240,1,576,94130,66838,5161,1,240,240,1,,,,,,0,,,,,,,"formalism-specific model size: SAT/MaxSAT reports base CNF and soft clauses, MIP reports variables/linear constraints/nonzeros, and CP reports integer variables plus linear/global constraints; SAT bound/totalizer overhead remains separate in optimizer_added_*",2370,,,2370,,,,,,,,,,0.002558,0.16143,,0.16143,0.404536,"wall-clock from immediately before reading/parsing the .dzn instance through model construction, optimization, solution decoding, and independent validation; excludes worker-process startup and result-file export",,,,,,,peak_process_tree_rss_mb,4aa41cba1098bda4e1db3244db9de9ef1f0116133d665929fe43c36968f77c9c,fixed040,data_table07_fixed/forumt-14crafc.fixed040-Forb.dzn,1,data_table07_fixed/forumt-14crafc.fixed040-Forb.dzn,1,data_table07_fixed/forumt-14crafc.fixed040-Forb.dzn,https://imae.udg.edu/Recerca/LAI/,https://ima.udg.edu/Recerca/lai/b2b/b2b.zip,,2026-08-15T05:19:51+00:00,7200.0,,ee80a6fbd8b513f7c010668495c39621a371266a,True,3.10.12,1.8.dev25,instance-20260810-085803,Linux-6.8.0-1065-gcp-x86_64-with-glibc2.35,x86_64,4,8,15988.055,1,0,/home/g24021555/Business-Meeting-Scheduling-Problem/.venv/bin/python /home/g24021555/Business-Meeting-Scheduling-Problem/src/ORG_BG_D2.py --data-dir data_table07_fixed --family all --backend uwrmaxsat --uwrmaxsat-bin /home/g24021555/uwrmaxsat/build/release/bin/uwrmaxsat --uwrmaxsat-sha256 8c68c8a386d3d7847b50d315143c2bab60e3514e59510e84a649db83cb303876 --timeout 7200 --csv output/org_old_bg_d2/data_table07_fixed.csv --no-excel,/home/g24021555/uwrmaxsat/build/release/bin/uwrmaxsat,8c68c8a386d3d7847b50d315143c2bab60e3514e59510e84a649db83cb303876,/home/g24021555/uwrmaxsat/build/release/bin/uwrmaxsat -m /tmp/org_bg_uie924e3.wcnf,,,,,UWrMaxSAT,,,,traditional,pairwise+direct,,,,,,,,,,,,
,,,,,,,,,forumt-14crafe.fixed040-Forb,b2b-5359dd083a8ad211,b2b-lineage-forumt-14crafe,fixed,ORG-F-PW-DE-PHC-BGD2-UW-OBIC12P,ORGFull,N/A,Pairwise,Direct-E,PerSlotHoleCardinality,BreakGroupsD2,UWrMaxSAT,OldBestIC12+,UNSAT,UNSAT,,,bg_d2,,,,,,,1,0.542742,False,142.957,MaxSAT,ORGHistorical,ORG-Historical-BG-d2,Published-style,Published-style/Full,independent_reimplementation,one-shot weighted MaxSAT,78378,,,,,,,163812,240,164052,2360,76018,408177,61,baseline2__model-org_historical_maxsat__m-full__p-pairwise__g-direct__b-per_slot_hole_cardinality__o-break_groups_d2__s-uwrmaxsat__i-old_best_ic12plus__fairness-d2,baseline2__model-org_historical_maxsat__m-full__p-pairwise__g-direct__b-per_slot_hole_cardinality__o-break_groups_d2__s-uwrmaxsat__i-old_best_ic12plus__fairness-d2,legacy_full,n/a,pairwise,direct,UWrMaxSAT,UWrMaxSAT,binary-sha256:8c68c8a386d3d7847b50d315143c2bab60e3514e59510e84a649db83cb303876,org_historical_bg_d2_old_best,per_slot_hole_cardinality,total_break_groups_subject_to_range_at_most_2,BGD2,OBIC12P,407937,240,1,605,92636,65424,5147,1,240,240,1,,,,,,0,,,,,,,"formalism-specific model size: SAT/MaxSAT reports base CNF and soft clauses, MIP reports variables/linear constraints/nonzeros, and CP reports integer variables plus linear/global constraints; SAT bound/totalizer overhead remains separate in optimizer_added_*",2360,,,2360,,,,,,,,,,0.002553,0.162273,,0.162273,0.377917,"wall-clock from immediately before reading/parsing the .dzn instance through model construction, optimization, solution decoding, and independent validation; excludes worker-process startup and result-file export",,,,,,,peak_process_tree_rss_mb,5359dd083a8ad211155ac001c0f45a7f5deb9c268bd997234153c115b1a952ea,fixed040,data_table07_fixed/forumt-14crafe.fixed040-Forb.dzn,1,data_table07_fixed/forumt-14crafe.fixed040-Forb.dzn,1,data_table07_fixed/forumt-14crafe.fixed040-Forb.dzn,https://imae.udg.edu/Recerca/LAI/,https://ima.udg.edu/Recerca/lai/b2b/b2b.zip,,2026-08-15T05:19:51+00:00,7200.0,,ee80a6fbd8b513f7c010668495c39621a371266a,True,3.10.12,1.8.dev25,instance-20260810-085803,Linux-6.8.0-1065-gcp-x86_64-with-glibc2.35,x86_64,4,8,15988.055,1,0,/home/g24021555/Business-Meeting-Scheduling-Problem/.venv/bin/python /home/g24021555/Business-Meeting-Scheduling-Problem/src/ORG_BG_D2.py --data-dir data_table07_fixed --family all --backend uwrmaxsat --uwrmaxsat-bin /home/g24021555/uwrmaxsat/build/release/bin/uwrmaxsat --uwrmaxsat-sha256 8c68c8a386d3d7847b50d315143c2bab60e3514e59510e84a649db83cb303876 --timeout 7200 --csv output/org_old_bg_d2/data_table07_fixed.csv --no-excel,/home/g24021555/uwrmaxsat/build/release/bin/uwrmaxsat,8c68c8a386d3d7847b50d315143c2bab60e3514e59510e84a649db83cb303876,/home/g24021555/uwrmaxsat/build/release/bin/uwrmaxsat -m /tmp/org_bg_1tygolch.wcnf,,,,,UWrMaxSAT,,,,traditional,pairwise+direct,,,,,,,,,,,,
,,,,,,,,,tic-12.fixed040-Forb,b2b-5461a3780bea0365,b2b-lineage-tic-12,fixed,ORG-F-PW-DE-PHC-BGD2-UW-OBIC12P,ORGFull,N/A,Pairwise,Direct-E,PerSlotHoleCardinality,BreakGroupsD2,UWrMaxSAT,OldBestIC12+,UNSAT,UNSAT,,,bg_d2,,,,,,,1,0.181671,False,94.781,MaxSAT,ORGHistorical,ORG-Historical-BG-d2,Published-style,Published-style/Full,independent_reimplementation,one-shot weighted MaxSAT,24902,,,,,,,53546,126,53672,1000,23902,132305,43,baseline2__model-org_historical_maxsat__m-full__p-pairwise__g-direct__b-per_slot_hole_cardinality__o-break_groups_d2__s-uwrmaxsat__i-old_best_ic12plus__fairness-d2,baseline2__model-org_historical_maxsat__m-full__p-pairwise__g-direct__b-per_slot_hole_cardinality__o-break_groups_d2__s-uwrmaxsat__i-old_best_ic12plus__fairness-d2,legacy_full,n/a,pairwise,direct,UWrMaxSAT,UWrMaxSAT,binary-sha256:8c68c8a386d3d7847b50d315143c2bab60e3514e59510e84a649db83cb303876,org_historical_bg_d2_old_best,per_slot_hole_cardinality,total_break_groups_subject_to_range_at_most_2,BGD2,OBIC12P,132179,126,1,284,31572,20023,1667,1,126,126,1,,,,,,0,,,,,,,"formalism-specific model size: SAT/MaxSAT reports base CNF and soft clauses, MIP reports variables/linear constraints/nonzeros, and CP reports integer variables plus linear/global constraints; SAT bound/totalizer overhead remains separate in optimizer_added_*",1000,,,1000,,,,,,,,,,0.001433,0.052494,,0.052494,0.127744,"wall-clock from immediately before reading/parsing the .dzn instance through model construction, optimization, solution decoding, and independent validation; excludes worker-process startup and result-file export",,,,,,,peak_process_tree_rss_mb,5461a3780bea0365c04358fd9587aa536b00e15b7bcabb809288cde18c166127,fixed040,data_table07_fixed/tic-12.fixed040-Forb.dzn,1,data_table07_fixed/tic-12.fixed040-Forb.dzn,1,data_table07_fixed/tic-12.fixed040-Forb.dzn,https://imae.udg.edu/Recerca/LAI/,https://ima.udg.edu/Recerca/lai/b2b/b2b.zip,,2026-08-15T05:19:51+00:00,7200.0,,ee80a6fbd8b513f7c010668495c39621a371266a,True,3.10.12,1.8.dev25,instance-20260810-085803,Linux-6.8.0-1065-gcp-x86_64-with-glibc2.35,x86_64,4,8,15988.055,1,0,/home/g24021555/Business-Meeting-Scheduling-Problem/.venv/bin/python /home/g24021555/Business-Meeting-Scheduling-Problem/src/ORG_BG_D2.py --data-dir data_table07_fixed --family all --backend uwrmaxsat --uwrmaxsat-bin /home/g24021555/uwrmaxsat/build/release/bin/uwrmaxsat --uwrmaxsat-sha256 8c68c8a386d3d7847b50d315143c2bab60e3514e59510e84a649db83cb303876 --timeout 7200 --csv output/org_old_bg_d2/data_table07_fixed.csv --no-excel,/home/g24021555/uwrmaxsat/build/release/bin/uwrmaxsat,8c68c8a386d3d7847b50d315143c2bab60e3514e59510e84a649db83cb303876,/home/g24021555/uwrmaxsat/build/release/bin/uwrmaxsat -m /tmp/org_bg_3woj0t7j.wcnf,,,,,UWrMaxSAT,,,,traditional,pairwise+direct,,,,,,,,,,,,
,,,,,,,,,tic-14crafa.fixed020-Forb,b2b-62746a8d315a262a,b2b-lineage-tic-14crafa,fixed,ORG-F-PW-DE-PHC-BGD2-UW-OBIC12P,ORGFull,N/A,Pairwise,Direct-E,PerSlotHoleCardinality,BreakGroupsD2,UWrMaxSAT,OldBestIC12+,OPTIMAL,SAT,2,2,bg_d2,2,2,2,,,2,1,2.28594,False,165.855,MaxSAT,ORGHistorical,ORG-Historical-BG-d2,Published-style,Published-style/Full,independent_reimplementation,one-shot weighted MaxSAT,81817,,,,,,,170320,240,170560,2370,79447,424843,61,baseline2__model-org_historical_maxsat__m-full__p-pairwise__g-direct__b-per_slot_hole_cardinality__o-break_groups_d2__s-uwrmaxsat__i-old_best_ic12plus__fairness-d2,baseline2__model-org_historical_maxsat__m-full__p-pairwise__g-direct__b-per_slot_hole_cardinality__o-break_groups_d2__s-uwrmaxsat__i-old_best_ic12plus__fairness-d2,legacy_full,n/a,pairwise,direct,UWrMaxSAT,UWrMaxSAT,binary-sha256:8c68c8a386d3d7847b50d315143c2bab60e3514e59510e84a649db83cb303876,org_historical_bg_d2_old_best,per_slot_hole_cardinality,total_break_groups_subject_to_range_at_most_2,BGD2,OBIC12P,424603,240,1,431,95890,68838,5161,1,240,240,1,,,,,,0,,,,,,,"formalism-specific model size: SAT/MaxSAT reports base CNF and soft clauses, MIP reports variables/linear constraints/nonzeros, and CP reports integer variables plus linear/global constraints; SAT bound/totalizer overhead remains separate in optimizer_added_*",2370,,,2370,,,,,,,,,,0.002277,0.158824,,0.158824,2.124839,"wall-clock from immediately before reading/parsing the .dzn instance through model construction, optimization, solution decoding, and independent validation; excludes worker-process startup and result-file export",3,4,,2,1,"0,0,0,0,0,0,0,1,0,0,0,0,0,0,0,0,0,0,0,0,0,0,0,0,0,0,0,0,0,0,0,0,0,0,0,0,0,0,0,0,0,0,0,0,1,0,0,0,0,0,0,0,0,0,0,0,0,0,0,0",peak_process_tree_rss_mb,62746a8d315a262a23dc11d61be98bf54321cb5b07b95cc8b1907b360ee74546,fixed020,data_table07_fixed/tic-14crafa.fixed020-Forb.dzn,1,data_table07_fixed/tic-14crafa.fixed020-Forb.dzn,1,data_table07_fixed/tic-14crafa.fixed020-Forb.dzn,https://imae.udg.edu/Recerca/LAI/,https://ima.udg.edu/Recerca/lai/b2b/b2b.zip,,2026-08-15T05:19:51+00:00,7200.0,,ee80a6fbd8b513f7c010668495c39621a371266a,True,3.10.12,1.8.dev25,instance-20260810-085803,Linux-6.8.0-1065-gcp-x86_64-with-glibc2.35,x86_64,4,8,15988.055,1,0,/home/g24021555/Business-Meeting-Scheduling-Problem/.venv/bin/python /home/g24021555/Business-Meeting-Scheduling-Problem/src/ORG_BG_D2.py --data-dir data_table07_fixed --family all --backend uwrmaxsat --uwrmaxsat-bin /home/g24021555/uwrmaxsat/build/release/bin/uwrmaxsat --uwrmaxsat-sha256 8c68c8a386d3d7847b50d315143c2bab60e3514e59510e84a649db83cb303876 --timeout 7200 --csv output/org_old_bg_d2/data_table07_fixed.csv --no-excel,/home/g24021555/uwrmaxsat/build/release/bin/uwrmaxsat,8c68c8a386d3d7847b50d315143c2bab60e3514e59510e84a649db83cb303876,/home/g24021555/uwrmaxsat/build/release/bin/uwrmaxsat -m /tmp/org_bg_m1zn5tj6.wcnf,,,,,UWrMaxSAT,,,,traditional,pairwise+direct,2,,,,,,,,,"4,1,7,5,8,2,0,6,9,1,2,4,6,5,8,9,3,7,4,9,7,3,6,6,7,8,4,1,7,0,3,6,9,4,2,3,1,4,4,3,8,6,9,5,7,1,3,2,1,8,5,3,0,5,0,2,9,1,3,6,4,7,5,8,0,9,6,1,4,2,8,3,4,5,1,0,2,4,9,3,1,8,0,5,7,6,5,3,4,0,2,1,1,2,5,0,4,3,0,3,2,7,5,1,4,3,5,2,1,7,5,2,3,8,3,6,7,1,2,9,4,8,7,4,1,4,6,0,2,3,5,7,1,0,3,7,4,6,5,2,8,6,9,7,1,2,4,7,6,2,4,1,5,8,6,9,0,7,3,2,1,6,8,2,3,5,0,7,9,7,3,5,9,8,6,7,0,4,9,0,2,2,6,3,8,1,1,5,2,0,4,3,6,4,6,1,8,5,0,3,5,1,6,2,3,9,7,4,5,8,6,0,5,3,2,5,0,6,2,2,7,3,8,4,1,6,5,9,7,8,4,9,5,1,2,0,4",,
,,,,,,,,,tic-13crafc.fixed020-Forb,b2b-655cd690b48f2d7b,b2b-lineage-tic-13crafc,fixed,ORG-F-PW-DE-PHC-BGD2-UW-OBIC12P,ORGFull,N/A,Pairwise,Direct-E,PerSlotHoleCardinality,BreakGroupsD2,UWrMaxSAT,OldBestIC12+,OPTIMAL,SAT,6,6,bg_d2,6,6,6,,,6,1,2.377444,False,134.551,MaxSAT,ORGHistorical,ORG-Historical-BG-d2,Published-style,Published-style/Full,independent_reimplementation,one-shot weighted MaxSAT,51659,,,,,,,108096,188,108284,1800,49859,269450,48,baseline2__model-org_historical_maxsat__m-full__p-pairwise__g-direct__b-per_slot_hole_cardinality__o-break_groups_d2__s-uwrmaxsat__i-old_best_ic12plus__fairness-d2,baseline2__model-org_historical_maxsat__m-full__p-pairwise__g-direct__b-per_slot_hole_cardinality__o-break_groups_d2__s-uwrmaxsat__i-old_best_ic12plus__fairness-d2,legacy_full,n/a,pairwise,direct,UWrMaxSAT,UWrMaxSAT,binary-sha256:8c68c8a386d3d7847b50d315143c2bab60e3514e59510e84a649db83cb303876,org_historical_bg_d2_old_best,per_slot_hole_cardinality,total_break_groups_subject_to_range_at_most_2,BGD2,OBIC12P,269262,188,1,319,62423,41325,4029,1,188,188,1,,,,,,0,,,,,,,"formalism-specific model size: SAT/MaxSAT reports base CNF and soft clauses, MIP reports variables/linear constraints/nonzeros, and CP reports integer variables plus linear/global constraints; SAT bound/totalizer overhead remains separate in optimizer_added_*",1800,,,1800,,,,,,,,,,0.001902,0.106606,,0.106606,2.268935,"wall-clock from immediately before reading/parsing the .dzn instance through model construction, optimization, solution decoding, and independent validation; excludes worker-process startup and result-file export",5,18,,6,1,"0,0,1,0,0,1,0,0,0,0,0,1,0,0,0,0,0,0,0,1,0,0,0,0,0,0,0,0,1,0,1,0,0,0,0,0,0,0,0,0,0,0,0,0,0,0,0",peak_process_tree_rss_mb,655cd690b48f2d7b0196a7e267e2ad8e277a6574238c8a6605a62ba7f41070c0,fixed020,data_table07_fixed/tic-13crafc.fixed020-Forb.dzn,1,data_table07_fixed/tic-13crafc.fixed020-Forb.dzn,1,data_table07_fixed/tic-13crafc.fixed020-Forb.dzn,https://imae.udg.edu/Recerca/LAI/,https://ima.udg.edu/Recerca/lai/b2b/b2b.zip,,2026-08-15T05:19:51+00:00,7200.0,,ee80a6fbd8b513f7c010668495c39621a371266a,True,3.10.12,1.8.dev25,instance-20260810-085803,Linux-6.8.0-1065-gcp-x86_64-with-glibc2.35,x86_64,4,8,15988.055,1,0,/home/g24021555/Business-Meeting-Scheduling-Problem/.venv/bin/python /home/g24021555/Business-Meeting-Scheduling-Problem/src/ORG_BG_D2.py --data-dir data_table07_fixed --family all --backend uwrmaxsat --uwrmaxsat-bin /home/g24021555/uwrmaxsat/build/release/bin/uwrmaxsat --uwrmaxsat-sha256 8c68c8a386d3d7847b50d315143c2bab60e3514e59510e84a649db83cb303876 --timeout 7200 --csv output/org_old_bg_d2/data_table07_fixed.csv --no-excel,/home/g24021555/uwrmaxsat/build/release/bin/uwrmaxsat,8c68c8a386d3d7847b50d315143c2bab60e3514e59510e84a649db83cb303876,/home/g24021555/uwrmaxsat/build/release/bin/uwrmaxsat -m /tmp/org_bg_xh00ol5n.wcnf,,,,,UWrMaxSAT,,,,traditional,pairwise+direct,6,,,,,,,,,"7,1,8,9,6,0,4,5,2,3,7,8,2,1,9,0,5,4,2,1,3,6,3,1,4,6,2,0,5,9,5,6,1,3,8,7,4,2,1,3,4,5,1,4,6,2,3,7,0,9,5,6,7,8,4,9,5,8,6,7,9,1,0,5,3,6,7,0,8,1,3,7,5,0,8,2,6,9,4,0,6,5,2,8,3,7,6,8,9,3,8,7,4,1,6,2,3,6,2,7,4,8,9,4,8,2,7,6,6,1,7,3,8,2,0,1,5,2,4,5,8,7,8,7,4,6,3,0,2,5,4,7,5,8,2,9,0,4,7,5,9,5,9,8,4,2,0,1,3,5,1,8,3,9,0,4,3,3,1,6,1,0,7,2,6,9,5,2,4,1,7,4,3,3,6,2,1,0,1,5",,
,,,,,,,,,forumt-14crafc.fixed020-Forb,b2b-6709604f5b95997c,b2b-lineage-forumt-14crafc,fixed,ORG-F-PW-DE-PHC-BGD2-UW-OBIC12P,ORGFull,N/A,Pairwise,Direct-E,PerSlotHoleCardinality,BreakGroupsD2,UWrMaxSAT,OldBestIC12+,OPTIMAL,SAT,7,7,bg_d2,7,7,7,,,7,1,1.210808,False,147.711,MaxSAT,ORGHistorical,ORG-Historical-BG-d2,Published-style,Published-style/Full,independent_reimplementation,one-shot weighted MaxSAT,79877,,,,,,,166658,240,166898,2370,77507,415421,61,baseline2__model-org_historical_maxsat__m-full__p-pairwise__g-direct__b-per_slot_hole_cardinality__o-break_groups_d2__s-uwrmaxsat__i-old_best_ic12plus__fairness-d2,baseline2__model-org_historical_maxsat__m-full__p-pairwise__g-direct__b-per_slot_hole_cardinality__o-break_groups_d2__s-uwrmaxsat__i-old_best_ic12plus__fairness-d2,legacy_full,n/a,pairwise,direct,UWrMaxSAT,UWrMaxSAT,binary-sha256:8c68c8a386d3d7847b50d315143c2bab60e3514e59510e84a649db83cb303876,org_historical_bg_d2_old_best,per_slot_hole_cardinality,total_break_groups_subject_to_range_at_most_2,BGD2,OBIC12P,415181,240,1,529,94130,66838,5161,1,240,240,1,,,,,,0,,,,,,,"formalism-specific model size: SAT/MaxSAT reports base CNF and soft clauses, MIP reports variables/linear constraints/nonzeros, and CP reports integer variables plus linear/global constraints; SAT bound/totalizer overhead remains separate in optimizer_added_*",2370,,,2370,,,,,,,,,,0.00251,0.163241,,0.163241,1.045056,"wall-clock from immediately before reading/parsing the .dzn instance through model construction, optimization, solution decoding, and independent validation; excludes worker-process startup and result-file export",3,14,,7,1,"0,0,0,0,1,0,0,0,0,0,0,0,0,0,0,0,1,1,0,0,0,0,0,0,0,0,0,0,0,0,0,0,0,0,0,0,0,0,0,0,0,0,0,0,1,0,0,0,0,0,0,0,0,0,1,0,1,1,0,0",peak_process_tree_rss_mb,6709604f5b95997c696ac7e06b15797ba6577672686cf7343f6a43cb403618c5,fixed020,data_table07_fixed/forumt-14crafc.fixed020-Forb.dzn,1,data_table07_fixed/forumt-14crafc.fixed020-Forb.dzn,1,data_table07_fixed/forumt-14crafc.fixed020-Forb.dzn,https://imae.udg.edu/Recerca/LAI/,https://ima.udg.edu/Recerca/lai/b2b/b2b.zip,,2026-08-15T05:19:51+00:00,7200.0,,ee80a6fbd8b513f7c010668495c39621a371266a,True,3.10.12,1.8.dev25,instance-20260810-085803,Linux-6.8.0-1065-gcp-x86_64-with-glibc2.35,x86_64,4,8,15988.055,1,0,/home/g24021555/Business-Meeting-Scheduling-Problem/.venv/bin/python /home/g24021555/Business-Meeting-Scheduling-Problem/src/ORG_BG_D2.py --data-dir data_table07_fixed --family all --backend uwrmaxsat --uwrmaxsat-bin /home/g24021555/uwrmaxsat/build/release/bin/uwrmaxsat --uwrmaxsat-sha256 8c68c8a386d3d7847b50d315143c2bab60e3514e59510e84a649db83cb303876 --timeout 7200 --csv output/org_old_bg_d2/data_table07_fixed.csv --no-excel,/home/g24021555/uwrmaxsat/build/release/bin/uwrmaxsat,8c68c8a386d3d7847b50d315143c2bab60e3514e59510e84a649db83cb303876,/home/g24021555/uwrmaxsat/build/release/bin/uwrmaxsat -m /tmp/org_bg_1yfhpejl.wcnf,,,,,UWrMaxSAT,,,,traditional,pairwise+direct,7,,,,,,,,,"8,1,7,2,4,5,0,6,4,3,6,4,2,5,3,9,1,8,0,3,8,9,6,9,5,2,3,8,1,0,7,0,8,2,7,0,1,9,4,8,9,2,1,5,8,4,3,2,1,8,6,5,4,9,6,0,2,1,3,7,4,2,7,9,5,8,0,1,4,6,6,9,4,5,8,0,2,6,4,5,1,8,0,9,3,7,5,4,2,0,1,3,4,5,3,6,1,2,1,9,7,0,6,5,4,8,9,7,2,5,1,7,8,3,9,6,8,0,2,1,4,9,4,7,3,1,4,5,6,0,5,3,8,2,3,5,6,7,0,9,1,6,9,7,3,2,1,2,7,5,6,8,1,4,3,9,2,7,0,5,9,0,7,2,6,8,5,3,1,9,8,5,4,7,6,4,2,0,1,0,2,6,7,3,2,1,6,7,5,3,4,8,6,0,3,7,8,5,6,4,5,0,1,7,3,4,9,6,5,8,3,6,0,8,9,7,3,6,7,7,8,1,2,4,3,0,5,9,5,2,6,4,3,4,1,2,3",,
,,,,,,,,,tic-13crafb.fixed020-Forb,b2b-68122efb4033d5e3,b2b-lineage-tic-13crafb,fixed,ORG-F-PW-DE-PHC-BGD2-UW-OBIC12P,ORGFull,N/A,Pairwise,Direct-E,PerSlotHoleCardinality,BreakGroupsD2,UWrMaxSAT,OldBestIC12+,OPTIMAL,SAT,1,1,bg_d2,1,1,1,,,1,1,0.539413,False,126.723,MaxSAT,ORGHistorical,ORG-Historical-BG-d2,Published-style,Published-style/Full,independent_reimplementation,one-shot weighted MaxSAT,52392,,,,,,,110218,184,110402,1840,50552,274816,47,baseline2__model-org_historical_maxsat__m-full__p-pairwise__g-direct__b-per_slot_hole_cardinality__o-break_groups_d2__s-uwrmaxsat__i-old_best_ic12plus__fairness-d2,baseline2__model-org_historical_maxsat__m-full__p-pairwise__g-direct__b-per_slot_hole_cardinality__o-break_groups_d2__s-uwrmaxsat__i-old_best_ic12plus__fairness-d2,legacy_full,n/a,pairwise,direct,UWrMaxSAT,UWrMaxSAT,binary-sha256:8c68c8a386d3d7847b50d315143c2bab60e3514e59510e84a649db83cb303876,org_historical_bg_d2_old_best,per_slot_hole_cardinality,total_break_groups_subject_to_range_at_most_2,BGD2,OBIC12P,274632,184,1,344,63394,42540,3940,1,184,184,1,,,,,,0,,,,,,,"formalism-specific model size: SAT/MaxSAT reports base CNF and soft clauses, MIP reports variables/linear constraints/nonzeros, and CP reports integer variables plus linear/global constraints; SAT bound/totalizer overhead remains separate in optimizer_added_*",1840,,,1840,,,,,,,,,,0.001925,0.108247,,0.108247,0.429241,"wall-clock from immediately before reading/parsing the .dzn instance through model construction, optimization, solution decoding, and independent validation; excludes worker-process startup and result-file export",1,1,,1,1,"0,0,0,0,0,0,0,0,0,0,1,0,0,0,0,0,0,0,0,0,0,0,0,0,0,0,0,0,0,0,0,0,0,0,0,0,0,0,0,0,0,0,0,0,0,0",peak_process_tree_rss_mb,68122efb4033d5e39a7e9dc66d3e2614b688ae3f0c94b6f573bdd78cb33ac9ef,fixed020,data_table07_fixed/tic-13crafb.fixed020-Forb.dzn,1,data_table07_fixed/tic-13crafb.fixed020-Forb.dzn,1,data_table07_fixed/tic-13crafb.fixed020-Forb.dzn,https://imae.udg.edu/Recerca/LAI/,https://ima.udg.edu/Recerca/lai/b2b/b2b.zip,,2026-08-15T05:19:51+00:00,7200.0,,ee80a6fbd8b513f7c010668495c39621a371266a,True,3.10.12,1.8.dev25,instance-20260810-085803,Linux-6.8.0-1065-gcp-x86_64-with-glibc2.35,x86_64,4,8,15988.055,1,0,/home/g24021555/Business-Meeting-Scheduling-Problem/.venv/bin/python /home/g24021555/Business-Meeting-Scheduling-Problem/src/ORG_BG_D2.py --data-dir data_table07_fixed --family all --backend uwrmaxsat --uwrmaxsat-bin /home/g24021555/uwrmaxsat/build/release/bin/uwrmaxsat --uwrmaxsat-sha256 8c68c8a386d3d7847b50d315143c2bab60e3514e59510e84a649db83cb303876 --timeout 7200 --csv output/org_old_bg_d2/data_table07_fixed.csv --no-excel,/home/g24021555/uwrmaxsat/build/release/bin/uwrmaxsat,8c68c8a386d3d7847b50d315143c2bab60e3514e59510e84a649db83cb303876,/home/g24021555/uwrmaxsat/build/release/bin/uwrmaxsat -m /tmp/org_bg_px_zm97j.wcnf,,,,,UWrMaxSAT,,,,traditional,pairwise+direct,1,,,,,,,,,"9,3,2,1,4,6,2,7,6,1,7,9,3,1,7,5,8,8,2,6,7,0,4,6,2,3,4,5,7,1,0,2,7,8,4,6,3,5,9,9,8,6,1,4,5,3,7,9,3,4,0,2,8,1,6,5,6,5,7,3,9,1,2,2,1,5,6,7,8,7,0,0,8,7,4,5,1,3,6,2,9,3,8,5,7,7,5,3,4,9,6,1,4,5,3,8,5,1,3,0,7,9,5,6,2,4,7,3,9,0,8,4,7,5,6,4,3,9,9,8,1,6,7,4,2,3,5,5,9,0,8,4,2,5,8,6,2,9,0,1,7,3,2,6,8,9,6,1,5,4,8,2,4,0,2,4,8,5,1,0,3,2,4,0,5,3,4,2,9,1,7,8,6,4,7,6,5,2,3,3,1,4,2,0",,
,,,,,,,,,forumt-14.fixed020-Forb,b2b-68ff48a5ee0abf8c,b2b-lineage-forumt-14,fixed,ORG-F-PW-DE-PHC-BGD2-UW-OBIC12P,ORGFull,N/A,Pairwise,Direct-E,PerSlotHoleCardinality,BreakGroupsD2,UWrMaxSAT,OldBestIC12+,OPTIMAL,SAT,7,7,bg_d2,7,7,7,,,7,1,1.312498,False,146.059,MaxSAT,ORGHistorical,ORG-Historical-BG-d2,Published-style,Published-style/Full,independent_reimplementation,one-shot weighted MaxSAT,81817,,,,,,,170418,240,170658,2370,79447,424941,61,baseline2__model-org_historical_maxsat__m-full__p-pairwise__g-direct__b-per_slot_hole_cardinality__o-break_groups_d2__s-uwrmaxsat__i-old_best_ic12plus__fairness-d2,baseline2__model-org_historical_maxsat__m-full__p-pairwise__g-direct__b-per_slot_hole_cardinality__o-break_groups_d2__s-uwrmaxsat__i-old_best_ic12plus__fairness-d2,legacy_full,n/a,pairwise,direct,UWrMaxSAT,UWrMaxSAT,binary-sha256:8c68c8a386d3d7847b50d315143c2bab60e3514e59510e84a649db83cb303876,org_historical_bg_d2_old_best,per_slot_hole_cardinality,total_break_groups_subject_to_range_at_most_2,BGD2,OBIC12P,424701,240,1,529,95890,68838,5161,1,240,240,1,,,,,,0,,,,,,,"formalism-specific model size: SAT/MaxSAT reports base CNF and soft clauses, MIP reports variables/linear constraints/nonzeros, and CP reports integer variables plus linear/global constraints; SAT bound/totalizer overhead remains separate in optimizer_added_*",2370,,,2370,,,,,,,,,,0.00251,0.164982,,0.164982,1.145006,"wall-clock from immediately before reading/parsing the .dzn instance through model construction, optimization, solution decoding, and independent validation; excludes worker-process startup and result-file export",3,13,,7,1,"0,0,0,0,1,0,0,0,0,0,0,0,0,0,0,0,1,1,0,0,0,0,0,0,0,0,0,0,0,0,0,0,0,0,0,0,0,0,0,0,0,0,0,0,1,0,0,0,0,0,0,0,0,0,1,0,1,1,0,0",peak_process_tree_rss_mb,68ff48a5ee0abf8c2b66c8a4047e59fad4922ef144103350f0b3d008b2927167,fixed020,data_table07_fixed/forumt-14.fixed020-Forb.dzn,1,data_table07_fixed/forumt-14.fixed020-Forb.dzn,1,data_table07_fixed/forumt-14.fixed020-Forb.dzn,https://imae.udg.edu/Recerca/LAI/,https://ima.udg.edu/Recerca/lai/b2b/b2b.zip,,2026-08-15T05:19:51+00:00,7200.0,,ee80a6fbd8b513f7c010668495c39621a371266a,True,3.10.12,1.8.dev25,instance-20260810-085803,Linux-6.8.0-1065-gcp-x86_64-with-glibc2.35,x86_64,4,8,15988.055,1,0,/home/g24021555/Business-Meeting-Scheduling-Problem/.venv/bin/python /home/g24021555/Business-Meeting-Scheduling-Problem/src/ORG_BG_D2.py --data-dir data_table07_fixed --family all --backend uwrmaxsat --uwrmaxsat-bin /home/g24021555/uwrmaxsat/build/release/bin/uwrmaxsat --uwrmaxsat-sha256 8c68c8a386d3d7847b50d315143c2bab60e3514e59510e84a649db83cb303876 --timeout 7200 --csv output/org_old_bg_d2/data_table07_fixed.csv --no-excel,/home/g24021555/uwrmaxsat/build/release/bin/uwrmaxsat,8c68c8a386d3d7847b50d315143c2bab60e3514e59510e84a649db83cb303876,/home/g24021555/uwrmaxsat/build/release/bin/uwrmaxsat -m /tmp/org_bg_srzl3zkp.wcnf,,,,,UWrMaxSAT,,,,traditional,pairwise+direct,7,,,,,,,,,"4,1,5,2,6,7,0,8,4,3,1,7,2,5,6,9,4,8,0,7,3,2,6,1,7,2,3,0,7,0,7,0,5,1,9,0,1,3,4,5,9,2,1,5,3,4,8,2,3,8,0,7,9,5,0,9,8,1,3,2,4,7,4,2,5,6,3,1,0,9,8,7,4,6,3,9,2,6,8,5,1,9,3,0,4,7,4,5,3,0,2,1,4,9,3,5,8,6,6,7,9,0,8,3,4,8,9,7,8,6,5,2,3,1,4,6,7,0,2,9,8,3,7,4,3,5,4,6,8,7,0,5,1,0,3,7,6,5,4,9,2,6,9,7,1,0,8,6,2,1,9,8,3,4,0,6,2,7,1,5,4,5,0,2,1,8,9,3,6,7,8,5,4,3,6,4,2,9,5,0,2,6,7,3,4,1,6,3,4,7,5,8,8,1,7,3,8,2,6,4,5,3,1,8,2,5,9,7,4,6,4,6,8,5,9,5,2,6,0,4,2,1,6,7,3,0,8,9,2,5,3,1,6,3,1,2,4",,
,,,,,,,,,ticf-13crafc.fixed020-Forb,b2b-6fbfa57997c0d7f3,b2b-lineage-ticf-13crafc,fixed,ORG-F-PW-DE-PHC-BGD2-UW-OBIC12P,ORGFull,N/A,Pairwise,Direct-E,PerSlotHoleCardinality,BreakGroupsD2,UWrMaxSAT,OldBestIC12+,OPTIMAL,SAT,20,20,bg_d2,20,20,20,,,20,1,4.974028,False,297.023,MaxSAT,ORGHistorical,ORG-Historical-BG-d2,Published-style,Published-style/Full,independent_reimplementation,one-shot weighted MaxSAT,200226,,,,,,,399845,700,400545,3234,196992,1148939,71,baseline2__model-org_historical_maxsat__m-full__p-pairwise__g-direct__b-per_slot_hole_cardinality__o-break_groups_d2__s-uwrmaxsat__i-old_best_ic12plus__fairness-d2,baseline2__model-org_historical_maxsat__m-full__p-pairwise__g-direct__b-per_slot_hole_cardinality__o-break_groups_d2__s-uwrmaxsat__i-old_best_ic12plus__fairness-d2,legacy_full,n/a,pairwise,direct,UWrMaxSAT,UWrMaxSAT,binary-sha256:8c68c8a386d3d7847b50d315143c2bab60e3514e59510e84a649db83cb303876,org_historical_bg_d2_old_best,per_slot_hole_cardinality,total_break_groups_subject_to_range_at_most_2,BGD2,OBIC12P,1148239,700,1,1066,137712,179821,81246,1,700,700,1,,,,,,0,,,,,,,"formalism-specific model size: SAT/MaxSAT reports base CNF and soft clauses, MIP reports variables/linear constraints/nonzeros, and CP reports integer variables plus linear/global constraints; SAT bound/totalizer overhead remains separate in optimizer_added_*",3234,,,3234,,,,,,,,,,0.001843,0.415695,,0.415695,4.55649,"wall-clock from immediately before reading/parsing the .dzn instance through model construction, optimization, solution decoding, and independent validation; excludes worker-process startup and result-file export",12,109,,20,2,"0,0,1,0,1,1,0,0,0,0,0,0,0,0,0,0,0,1,0,0,0,0,0,0,0,1,1,0,0,0,0,0,0,1,0,0,0,0,2,2,1,1,0,1,0,1,0,0,0,1,0,0,0,0,0,2,1,0,0,0,0,0,0,0,0,1,0,0,0,0",peak_process_tree_rss_mb,6fbfa57997c0d7f36229a91b2530bec9ab94154be644954667bd0b6b33c5e421,fixed020,data_table07_fixed/ticf-13crafc.fixed020-Forb.dzn,1,data_table07_fixed/ticf-13crafc.fixed020-Forb.dzn,1,data_table07_fixed/ticf-13crafc.fixed020-Forb.dzn,https://imae.udg.edu/Recerca/LAI/,https://ima.udg.edu/Recerca/lai/b2b/b2b.zip,,2026-08-15T05:19:51+00:00,7200.0,,ee80a6fbd8b513f7c010668495c39621a371266a,True,3.10.12,1.8.dev25,instance-20260810-085803,Linux-6.8.0-1065-gcp-x86_64-with-glibc2.35,x86_64,4,8,15988.055,1,0,/home/g24021555/Business-Meeting-Scheduling-Problem/.venv/bin/python /home/g24021555/Business-Meeting-Scheduling-Problem/src/ORG_BG_D2.py --data-dir data_table07_fixed --family all --backend uwrmaxsat --uwrmaxsat-bin /home/g24021555/uwrmaxsat/build/release/bin/uwrmaxsat --uwrmaxsat-sha256 8c68c8a386d3d7847b50d315143c2bab60e3514e59510e84a649db83cb303876 --timeout 7200 --csv output/org_old_bg_d2/data_table07_fixed.csv --no-excel,/home/g24021555/uwrmaxsat/build/release/bin/uwrmaxsat,8c68c8a386d3d7847b50d315143c2bab60e3514e59510e84a649db83cb303876,/home/g24021555/uwrmaxsat/build/release/bin/uwrmaxsat -m /tmp/org_bg_vfo9m387.wcnf,,,,,UWrMaxSAT,,,,traditional,pairwise+direct,20,,,,,,,,,"1,4,7,2,3,6,8,5,0,13,13,7,8,6,12,10,9,11,3,2,6,4,7,5,6,9,5,6,1,2,4,7,3,3,4,12,10,8,9,11,11,12,13,15,14,12,9,10,3,11,1,15,14,2,13,12,18,5,11,12,10,11,6,5,19,4,3,8,7,4,6,1,2,5,9,3,10,4,5,11,10,12,7,3,9,2,8,6,4,19,3,9,7,8,10,13,5,6,12,3,9,2,11,10,9,10,5,12,7,8,11,4,6,7,12,5,10,8,9,11,4,10,5,14,13,11,4,3,9,7,12,8,6,2,18,5,6,8,4,20,15,0,19,3,16,1,7,17,11,7,9,12,10,8",,
,,,,,,,,,tic-14crafc.fixed040-Forb,b2b-76ae0a9391630c04,b2b-lineage-tic-14crafc,fixed,ORG-F-PW-DE-PHC-BGD2-UW-OBIC12P,ORGFull,N/A,Pairwise,Direct-E,PerSlotHoleCardinality,BreakGroupsD2,UWrMaxSAT,OldBestIC12+,UNSAT,UNSAT,,,bg_d2,,,,,,,1,0.567677,False,146.477,MaxSAT,ORGHistorical,ORG-Historical-BG-d2,Published-style,Published-style/Full,independent_reimplementation,one-shot weighted MaxSAT,79877,,,,,,,166607,240,166847,2370,77507,415370,61,baseline2__model-org_historical_maxsat__m-full__p-pairwise__g-direct__b-per_slot_hole_cardinality__o-break_groups_d2__s-uwrmaxsat__i-old_best_ic12plus__fairness-d2,baseline2__model-org_historical_maxsat__m-full__p-pairwise__g-direct__b-per_slot_hole_cardinality__o-break_groups_d2__s-uwrmaxsat__i-old_best_ic12plus__fairness-d2,legacy_full,n/a,pairwise,direct,UWrMaxSAT,UWrMaxSAT,binary-sha256:8c68c8a386d3d7847b50d315143c2bab60e3514e59510e84a649db83cb303876,org_historical_bg_d2_old_best,per_slot_hole_cardinality,total_break_groups_subject_to_range_at_most_2,BGD2,OBIC12P,415130,240,1,478,94130,66838,5161,1,240,240,1,,,,,,0,,,,,,,"formalism-specific model size: SAT/MaxSAT reports base CNF and soft clauses, MIP reports variables/linear constraints/nonzeros, and CP reports integer variables plus linear/global constraints; SAT bound/totalizer overhead remains separate in optimizer_added_*",2370,,,2370,,,,,,,,,,0.002529,0.161817,,0.161817,0.40333,"wall-clock from immediately before reading/parsing the .dzn instance through model construction, optimization, solution decoding, and independent validation; excludes worker-process startup and result-file export",,,,,,,peak_process_tree_rss_mb,76ae0a9391630c045a1b861aa0f9b85cb255d224b587e8c8187197144190002c,fixed040,data_table07_fixed/tic-14crafc.fixed040-Forb.dzn,1,data_table07_fixed/tic-14crafc.fixed040-Forb.dzn,1,data_table07_fixed/tic-14crafc.fixed040-Forb.dzn,https://imae.udg.edu/Recerca/LAI/,https://ima.udg.edu/Recerca/lai/b2b/b2b.zip,,2026-08-15T05:19:51+00:00,7200.0,,ee80a6fbd8b513f7c010668495c39621a371266a,True,3.10.12,1.8.dev25,instance-20260810-085803,Linux-6.8.0-1065-gcp-x86_64-with-glibc2.35,x86_64,4,8,15988.055,1,0,/home/g24021555/Business-Meeting-Scheduling-Problem/.venv/bin/python /home/g24021555/Business-Meeting-Scheduling-Problem/src/ORG_BG_D2.py --data-dir data_table07_fixed --family all --backend uwrmaxsat --uwrmaxsat-bin /home/g24021555/uwrmaxsat/build/release/bin/uwrmaxsat --uwrmaxsat-sha256 8c68c8a386d3d7847b50d315143c2bab60e3514e59510e84a649db83cb303876 --timeout 7200 --csv output/org_old_bg_d2/data_table07_fixed.csv --no-excel,/home/g24021555/uwrmaxsat/build/release/bin/uwrmaxsat,8c68c8a386d3d7847b50d315143c2bab60e3514e59510e84a649db83cb303876,/home/g24021555/uwrmaxsat/build/release/bin/uwrmaxsat -m /tmp/org_bg_s6tq3kia.wcnf,,,,,UWrMaxSAT,,,,traditional,pairwise+direct,,,,,,,,,,,,
,,,,,,,,,forumt-14crafe.fixed020-Forb,b2b-7cb4c41f402c628a,b2b-lineage-forumt-14crafe,fixed,ORG-F-PW-DE-PHC-BGD2-UW-OBIC12P,ORGFull,N/A,Pairwise,Direct-E,PerSlotHoleCardinality,BreakGroupsD2,UWrMaxSAT,OldBestIC12+,OPTIMAL,SAT,9,9,bg_d2,9,9,9,,,9,1,0.931314,False,152.633,MaxSAT,ORGHistorical,ORG-Historical-BG-d2,Published-style,Published-style/Full,independent_reimplementation,one-shot weighted MaxSAT,78378,,,,,,,163765,240,164005,2360,76018,408130,61,baseline2__model-org_historical_maxsat__m-full__p-pairwise__g-direct__b-per_slot_hole_cardinality__o-break_groups_d2__s-uwrmaxsat__i-old_best_ic12plus__fairness-d2,baseline2__model-org_historical_maxsat__m-full__p-pairwise__g-direct__b-per_slot_hole_cardinality__o-break_groups_d2__s-uwrmaxsat__i-old_best_ic12plus__fairness-d2,legacy_full,n/a,pairwise,direct,UWrMaxSAT,UWrMaxSAT,binary-sha256:8c68c8a386d3d7847b50d315143c2bab60e3514e59510e84a649db83cb303876,org_historical_bg_d2_old_best,per_slot_hole_cardinality,total_break_groups_subject_to_range_at_most_2,BGD2,OBIC12P,407890,240,1,558,92636,65424,5147,1,240,240,1,,,,,,0,,,,,,,"formalism-specific model size: SAT/MaxSAT reports base CNF and soft clauses, MIP reports variables/linear constraints/nonzeros, and CP reports integer variables plus linear/global constraints; SAT bound/totalizer overhead remains separate in optimizer_added_*",2360,,,2360,,,,,,,,,,0.00257,0.165937,,0.165937,0.762807,"wall-clock from immediately before reading/parsing the .dzn instance through model construction, optimization, solution decoding, and independent validation; excludes worker-process startup and result-file export",6,28,,9,1,"0,0,0,0,1,0,0,0,0,0,0,0,0,0,0,0,1,1,0,0,0,0,0,0,0,0,0,0,0,0,0,0,0,1,0,0,0,0,0,0,0,0,0,0,0,0,0,0,0,1,0,0,1,0,0,1,1,0,0,1",peak_process_tree_rss_mb,7cb4c41f402c628a8b208576a4be038c1d9818b60fae24c411e36efefa469652,fixed020,data_table07_fixed/forumt-14crafe.fixed020-Forb.dzn,1,data_table07_fixed/forumt-14crafe.fixed020-Forb.dzn,1,data_table07_fixed/forumt-14crafe.fixed020-Forb.dzn,https://imae.udg.edu/Recerca/LAI/,https://ima.udg.edu/Recerca/lai/b2b/b2b.zip,,2026-08-15T05:19:51+00:00,7200.0,,ee80a6fbd8b513f7c010668495c39621a371266a,True,3.10.12,1.8.dev25,instance-20260810-085803,Linux-6.8.0-1065-gcp-x86_64-with-glibc2.35,x86_64,4,8,15988.055,1,0,/home/g24021555/Business-Meeting-Scheduling-Problem/.venv/bin/python /home/g24021555/Business-Meeting-Scheduling-Problem/src/ORG_BG_D2.py --data-dir data_table07_fixed --family all --backend uwrmaxsat --uwrmaxsat-bin /home/g24021555/uwrmaxsat/build/release/bin/uwrmaxsat --uwrmaxsat-sha256 8c68c8a386d3d7847b50d315143c2bab60e3514e59510e84a649db83cb303876 --timeout 7200 --csv output/org_old_bg_d2/data_table07_fixed.csv --no-excel,/home/g24021555/uwrmaxsat/build/release/bin/uwrmaxsat,8c68c8a386d3d7847b50d315143c2bab60e3514e59510e84a649db83cb303876,/home/g24021555/uwrmaxsat/build/release/bin/uwrmaxsat -m /tmp/org_bg_2gy2iuf2.wcnf,,,,,UWrMaxSAT,,,,traditional,pairwise+direct,9,,,,,,,,,"5,4,6,3,7,9,1,2,3,0,7,5,6,7,3,5,1,9,0,8,4,7,9,1,4,5,6,6,1,4,0,6,3,8,0,7,1,2,6,0,3,9,5,2,4,1,0,2,0,6,8,3,4,5,9,9,4,1,2,0,7,8,7,1,2,5,6,0,9,4,8,3,3,5,4,2,9,4,7,2,6,1,8,0,9,5,3,6,8,9,4,7,2,3,5,1,5,6,4,7,1,3,9,4,5,8,7,5,6,9,8,7,5,8,4,2,9,0,6,2,0,4,4,7,3,5,1,6,2,0,7,2,8,7,2,6,3,4,0,5,8,1,8,1,7,9,6,3,0,2,1,2,4,0,6,5,8,9,3,7,5,2,6,4,0,9,7,2,9,5,7,4,1,3,9,7,4,2,1,6,4,3,8,3,1,0,8,3,1,9,2,0,3,6,7,4,3,1,5,8,8,1,3,8,7,6,0,2,9,5,8,5,6,7,8,9,2,0,1,6,4,8,7,5,3,2,5,6,9,3,8,1,1,0,8,2",,
,,,,,,,,,ticf-13crafa.fixed020-Forb,b2b-7d171f65c17cc788,b2b-lineage-ticf-13crafa,fixed,ORG-F-PW-DE-PHC-BGD2-UW-OBIC12P,ORGFull,N/A,Pairwise,Direct-E,PerSlotHoleCardinality,BreakGroupsD2,UWrMaxSAT,OldBestIC12+,OPTIMAL,SAT,20,20,bg_d2,20,20,20,,,20,1,3.935568,False,310.934,MaxSAT,ORGHistorical,ORG-Historical-BG-d2,Published-style,Published-style/Full,independent_reimplementation,one-shot weighted MaxSAT,207114,,,,,,,413369,700,414069,3234,203880,1183001,71,baseline2__model-org_historical_maxsat__m-full__p-pairwise__g-direct__b-per_slot_hole_cardinality__o-break_groups_d2__s-uwrmaxsat__i-old_best_ic12plus__fairness-d2,baseline2__model-org_historical_maxsat__m-full__p-pairwise__g-direct__b-per_slot_hole_cardinality__o-break_groups_d2__s-uwrmaxsat__i-old_best_ic12plus__fairness-d2,legacy_full,n/a,pairwise,direct,UWrMaxSAT,UWrMaxSAT,binary-sha256:8c68c8a386d3d7847b50d315143c2bab60e3514e59510e84a649db83cb303876,org_historical_bg_d2_old_best,per_slot_hole_cardinality,total_break_groups_subject_to_range_at_most_2,BGD2,OBIC12P,1182301,700,1,1066,144222,186835,81246,1,700,700,1,,,,,,0,,,,,,,"formalism-specific model size: SAT/MaxSAT reports base CNF and soft clauses, MIP reports variables/linear constraints/nonzeros, and CP reports integer variables plus linear/global constraints; SAT bound/totalizer overhead remains separate in optimizer_added_*",3234,,,3234,,,,,,,,,,0.001844,0.440715,,0.440715,3.49301,"wall-clock from immediately before reading/parsing the .dzn instance through model construction, optimization, solution decoding, and independent validation; excludes worker-process startup and result-file export",12,106,,20,2,"0,0,1,0,1,1,0,0,0,0,0,0,0,0,0,0,0,1,0,0,0,0,0,0,0,1,0,0,1,0,0,0,0,0,0,0,0,0,1,2,1,1,0,1,0,1,0,0,0,1,0,0,0,0,0,2,0,0,1,0,0,0,0,0,0,2,0,0,0,1",peak_process_tree_rss_mb,7d171f65c17cc788144732b643e90d17836096a0a65ec62643d3d0a2a2a771c3,fixed020,data_table07_fixed/ticf-13crafa.fixed020-Forb.dzn,1,data_table07_fixed/ticf-13crafa.fixed020-Forb.dzn,1,data_table07_fixed/ticf-13crafa.fixed020-Forb.dzn,https://imae.udg.edu/Recerca/LAI/,https://ima.udg.edu/Recerca/lai/b2b/b2b.zip,,2026-08-15T05:19:51+00:00,7200.0,,ee80a6fbd8b513f7c010668495c39621a371266a,True,3.10.12,1.8.dev25,instance-20260810-085803,Linux-6.8.0-1065-gcp-x86_64-with-glibc2.35,x86_64,4,8,15988.055,1,0,/home/g24021555/Business-Meeting-Scheduling-Problem/.venv/bin/python /home/g24021555/Business-Meeting-Scheduling-Problem/src/ORG_BG_D2.py --data-dir data_table07_fixed --family all --backend uwrmaxsat --uwrmaxsat-bin /home/g24021555/uwrmaxsat/build/release/bin/uwrmaxsat --uwrmaxsat-sha256 8c68c8a386d3d7847b50d315143c2bab60e3514e59510e84a649db83cb303876 --timeout 7200 --csv output/org_old_bg_d2/data_table07_fixed.csv --no-excel,/home/g24021555/uwrmaxsat/build/release/bin/uwrmaxsat,8c68c8a386d3d7847b50d315143c2bab60e3514e59510e84a649db83cb303876,/home/g24021555/uwrmaxsat/build/release/bin/uwrmaxsat -m /tmp/org_bg_rk7jfu40.wcnf,,,,,UWrMaxSAT,,,,traditional,pairwise+direct,20,,,,,,,,,"1,4,7,2,6,3,8,5,0,19,13,8,14,7,12,10,9,11,3,2,5,6,7,4,6,8,3,6,1,4,2,7,5,6,4,7,10,5,9,8,11,12,13,13,14,12,9,10,5,6,4,15,9,7,10,8,18,5,12,11,10,11,8,5,19,7,6,8,4,3,7,1,2,5,9,6,0,3,6,11,10,12,9,8,7,5,2,4,2,19,1,12,4,11,10,13,5,3,11,6,9,7,8,10,9,10,6,12,7,8,11,5,4,6,7,4,8,1,9,3,2,13,10,12,11,9,4,6,2,3,7,8,5,4,5,10,6,8,9,20,14,2,11,3,16,1,7,15,5,4,9,11,3,10",,
,,,,,,,,,forum-13.fixed020-Forb,b2b-83b4544ca9650041,b2b-lineage-forum-13,fixed,ORG-F-PW-DE-PHC-BGD2-UW-OBIC12P,ORGFull,N/A,Pairwise,Direct-E,PerSlotHoleCardinality,BreakGroupsD2,UWrMaxSAT,OldBestIC12+,OPTIMAL,SAT,20,20,bg_d2,20,20,20,,,20,1,3.704761,False,303.215,MaxSAT,ORGHistorical,ORG-Historical-BG-d2,Published-style,Published-style/Full,independent_reimplementation,one-shot weighted MaxSAT,207114,,,,,,,413451,700,414151,3234,203880,1183083,71,baseline2__model-org_historical_maxsat__m-full__p-pairwise__g-direct__b-per_slot_hole_cardinality__o-break_groups_d2__s-uwrmaxsat__i-old_best_ic12plus__fairness-d2,baseline2__model-org_historical_maxsat__m-full__p-pairwise__g-direct__b-per_slot_hole_cardinality__o-break_groups_d2__s-uwrmaxsat__i-old_best_ic12plus__fairness-d2,legacy_full,n/a,pairwise,direct,UWrMaxSAT,UWrMaxSAT,binary-sha256:8c68c8a386d3d7847b50d315143c2bab60e3514e59510e84a649db83cb303876,org_historical_bg_d2_old_best,per_slot_hole_cardinality,total_break_groups_subject_to_range_at_most_2,BGD2,OBIC12P,1182383,700,1,1148,144222,186835,81246,1,700,700,1,,,,,,0,,,,,,,"formalism-specific model size: SAT/MaxSAT reports base CNF and soft clauses, MIP reports variables/linear constraints/nonzeros, and CP reports integer variables plus linear/global constraints; SAT bound/totalizer overhead remains separate in optimizer_added_*",3234,,,3234,,,,,,,,,,0.001904,0.413321,,0.413321,3.289536,"wall-clock from immediately before reading/parsing the .dzn instance through model construction, optimization, solution decoding, and independent validation; excludes worker-process startup and result-file export",13,115,,20,2,"0,0,1,0,1,1,0,0,0,0,0,0,0,0,0,0,0,1,0,0,0,0,0,0,0,1,1,0,0,0,0,0,0,1,0,0,0,0,2,2,1,1,0,1,0,1,0,0,0,1,0,0,0,0,0,2,1,0,0,0,0,0,0,0,0,1,0,0,0,0",peak_process_tree_rss_mb,83b4544ca965004171f61a7dd37c5e58b564d16be0488de1c693fd7566e30c92,fixed020,data_table07_fixed/forum-13.fixed020-Forb.dzn,1,data_table07_fixed/forum-13.fixed020-Forb.dzn,1,data_table07_fixed/forum-13.fixed020-Forb.dzn,https://imae.udg.edu/Recerca/LAI/,https://ima.udg.edu/Recerca/lai/b2b/b2b.zip,,2026-08-15T05:19:51+00:00,7200.0,,ee80a6fbd8b513f7c010668495c39621a371266a,True,3.10.12,1.8.dev25,instance-20260810-085803,Linux-6.8.0-1065-gcp-x86_64-with-glibc2.35,x86_64,4,8,15988.055,1,0,/home/g24021555/Business-Meeting-Scheduling-Problem/.venv/bin/python /home/g24021555/Business-Meeting-Scheduling-Problem/src/ORG_BG_D2.py --data-dir data_table07_fixed --family all --backend uwrmaxsat --uwrmaxsat-bin /home/g24021555/uwrmaxsat/build/release/bin/uwrmaxsat --uwrmaxsat-sha256 8c68c8a386d3d7847b50d315143c2bab60e3514e59510e84a649db83cb303876 --timeout 7200 --csv output/org_old_bg_d2/data_table07_fixed.csv --no-excel,/home/g24021555/uwrmaxsat/build/release/bin/uwrmaxsat,8c68c8a386d3d7847b50d315143c2bab60e3514e59510e84a649db83cb303876,/home/g24021555/uwrmaxsat/build/release/bin/uwrmaxsat -m /tmp/org_bg_ly2d2eqt.wcnf,,,,,UWrMaxSAT,,,,traditional,pairwise+direct,20,,,,,,,,,"1,2,7,3,4,6,8,5,0,13,11,4,8,6,10,5,9,7,3,2,7,6,5,4,6,8,4,6,1,3,5,7,2,3,4,12,10,5,9,11,11,12,13,15,14,12,7,6,3,11,1,15,14,2,13,12,18,5,11,12,10,9,6,5,19,4,7,8,7,4,6,1,2,5,3,9,10,2,4,11,10,12,7,3,9,8,5,6,4,19,3,9,8,7,10,13,5,6,12,3,9,2,11,10,9,10,5,6,3,8,11,4,7,7,12,5,4,11,9,6,8,7,5,14,13,11,4,3,9,6,12,8,10,2,18,5,6,8,4,20,15,9,17,3,16,1,7,19,11,7,9,12,10,8",,
,,,,,,,,,tic-13crafb.fixed040-Forb,b2b-86a0956fe38dec64,b2b-lineage-tic-13crafb,fixed,ORG-F-PW-DE-PHC-BGD2-UW-OBIC12P,ORGFull,N/A,Pairwise,Direct-E,PerSlotHoleCardinality,BreakGroupsD2,UWrMaxSAT,OldBestIC12+,OPTIMAL,SAT,16,16,bg_d2,16,16,16,,,16,1,0.489651,False,148.41,MaxSAT,ORGHistorical,ORG-Historical-BG-d2,Published-style,Published-style/Full,independent_reimplementation,one-shot weighted MaxSAT,52392,,,,,,,110255,184,110439,1840,50552,274853,47,baseline2__model-org_historical_maxsat__m-full__p-pairwise__g-direct__b-per_slot_hole_cardinality__o-break_groups_d2__s-uwrmaxsat__i-old_best_ic12plus__fairness-d2,baseline2__model-org_historical_maxsat__m-full__p-pairwise__g-direct__b-per_slot_hole_cardinality__o-break_groups_d2__s-uwrmaxsat__i-old_best_ic12plus__fairness-d2,legacy_full,n/a,pairwise,direct,UWrMaxSAT,UWrMaxSAT,binary-sha256:8c68c8a386d3d7847b50d315143c2bab60e3514e59510e84a649db83cb303876,org_historical_bg_d2_old_best,per_slot_hole_cardinality,total_break_groups_subject_to_range_at_most_2,BGD2,OBIC12P,274669,184,1,381,63394,42540,3940,1,184,184,1,,,,,,0,,,,,,,"formalism-specific model size: SAT/MaxSAT reports base CNF and soft clauses, MIP reports variables/linear constraints/nonzeros, and CP reports integer variables plus linear/global constraints; SAT bound/totalizer overhead remains separate in optimizer_added_*",1840,,,1840,,,,,,,,,,0.001983,0.111618,,0.111618,0.37605,"wall-clock from immediately before reading/parsing the .dzn instance through model construction, optimization, solution decoding, and independent validation; excludes worker-process startup and result-file export",4,36,,16,2,"0,1,0,0,2,0,0,0,1,0,1,0,0,1,0,0,0,1,0,0,1,0,0,0,0,0,0,0,1,0,1,0,1,0,2,0,0,1,0,0,0,0,1,0,0,1",peak_process_tree_rss_mb,86a0956fe38dec643de93aa37ea129295b1bc505a4788df58ef01deb56db0f34,fixed040,data_table07_fixed/tic-13crafb.fixed040-Forb.dzn,1,data_table07_fixed/tic-13crafb.fixed040-Forb.dzn,1,data_table07_fixed/tic-13crafb.fixed040-Forb.dzn,https://imae.udg.edu/Recerca/LAI/,https://ima.udg.edu/Recerca/lai/b2b/b2b.zip,,2026-08-15T05:19:51+00:00,7200.0,,ee80a6fbd8b513f7c010668495c39621a371266a,True,3.10.12,1.8.dev25,instance-20260810-085803,Linux-6.8.0-1065-gcp-x86_64-with-glibc2.35,x86_64,4,8,15988.055,1,0,/home/g24021555/Business-Meeting-Scheduling-Problem/.venv/bin/python /home/g24021555/Business-Meeting-Scheduling-Problem/src/ORG_BG_D2.py --data-dir data_table07_fixed --family all --backend uwrmaxsat --uwrmaxsat-bin /home/g24021555/uwrmaxsat/build/release/bin/uwrmaxsat --uwrmaxsat-sha256 8c68c8a386d3d7847b50d315143c2bab60e3514e59510e84a649db83cb303876 --timeout 7200 --csv output/org_old_bg_d2/data_table07_fixed.csv --no-excel,/home/g24021555/uwrmaxsat/build/release/bin/uwrmaxsat,8c68c8a386d3d7847b50d315143c2bab60e3514e59510e84a649db83cb303876,/home/g24021555/uwrmaxsat/build/release/bin/uwrmaxsat -m /tmp/org_bg_jbcm5zdp.wcnf,,,,,UWrMaxSAT,,,,traditional,pairwise+direct,16,,,,,,,,,"6,4,2,9,1,7,6,3,7,8,7,9,2,1,0,1,6,5,9,6,8,0,4,7,2,3,8,6,1,4,0,5,4,9,2,6,3,8,7,9,3,6,1,4,2,8,5,0,3,4,0,6,7,8,2,5,5,2,1,6,9,0,3,2,3,8,1,7,7,5,1,0,1,4,7,3,8,5,6,2,9,3,8,7,4,0,8,3,4,5,7,1,4,2,0,5,0,1,3,4,8,4,4,6,2,5,7,3,9,7,9,8,5,1,6,4,3,9,0,7,2,6,9,8,4,1,5,5,7,9,8,4,2,4,8,2,7,9,6,1,5,0,0,6,8,4,6,9,3,1,3,2,1,0,2,9,5,2,1,0,4,3,8,3,5,0,8,2,9,1,7,4,6,8,7,6,4,3,5,9,1,8,3,2",,
,,,,,,,,,ticf-13crafa.fixed040-Forb,b2b-875f44095ffb4591,b2b-lineage-ticf-13crafa,fixed,ORG-F-PW-DE-PHC-BGD2-UW-OBIC12P,ORGFull,N/A,Pairwise,Direct-E,PerSlotHoleCardinality,BreakGroupsD2,UWrMaxSAT,OldBestIC12+,OPTIMAL,SAT,49,49,bg_d2,49,49,49,,,49,1,2.759709,False,295.375,MaxSAT,ORGHistorical,ORG-Historical-BG-d2,Published-style,Published-style/Full,independent_reimplementation,one-shot weighted MaxSAT,207114,,,,,,,413400,700,414100,3234,203880,1183032,71,baseline2__model-org_historical_maxsat__m-full__p-pairwise__g-direct__b-per_slot_hole_cardinality__o-break_groups_d2__s-uwrmaxsat__i-old_best_ic12plus__fairness-d2,baseline2__model-org_historical_maxsat__m-full__p-pairwise__g-direct__b-per_slot_hole_cardinality__o-break_groups_d2__s-uwrmaxsat__i-old_best_ic12plus__fairness-d2,legacy_full,n/a,pairwise,direct,UWrMaxSAT,UWrMaxSAT,binary-sha256:8c68c8a386d3d7847b50d315143c2bab60e3514e59510e84a649db83cb303876,org_historical_bg_d2_old_best,per_slot_hole_cardinality,total_break_groups_subject_to_range_at_most_2,BGD2,OBIC12P,1182332,700,1,1097,144222,186835,81246,1,700,700,1,,,,,,0,,,,,,,"formalism-specific model size: SAT/MaxSAT reports base CNF and soft clauses, MIP reports variables/linear constraints/nonzeros, and CP reports integer variables plus linear/global constraints; SAT bound/totalizer overhead remains separate in optimizer_added_*",3234,,,3234,,,,,,,,,,0.001844,0.423695,,0.423695,2.33417,"wall-clock from immediately before reading/parsing the .dzn instance through model construction, optimization, solution decoding, and independent validation; excludes worker-process startup and result-file export",14,248,,49,2,"0,1,1,1,1,1,0,1,1,0,2,1,0,1,0,0,0,1,0,0,0,0,1,0,1,1,2,1,1,1,0,1,1,0,0,1,0,0,2,2,1,1,0,1,1,2,0,0,1,2,0,0,1,0,0,2,2,0,1,0,0,0,1,2,1,2,0,0,0,1",peak_process_tree_rss_mb,875f44095ffb459191299eb004fc155a0baa689617274d312a7ac857df520f60,fixed040,data_table07_fixed/ticf-13crafa.fixed040-Forb.dzn,1,data_table07_fixed/ticf-13crafa.fixed040-Forb.dzn,1,data_table07_fixed/ticf-13crafa.fixed040-Forb.dzn,https://imae.udg.edu/Recerca/LAI/,https://ima.udg.edu/Recerca/lai/b2b/b2b.zip,,2026-08-15T05:19:51+00:00,7200.0,,ee80a6fbd8b513f7c010668495c39621a371266a,True,3.10.12,1.8.dev25,instance-20260810-085803,Linux-6.8.0-1065-gcp-x86_64-with-glibc2.35,x86_64,4,8,15988.055,1,0,/home/g24021555/Business-Meeting-Scheduling-Problem/.venv/bin/python /home/g24021555/Business-Meeting-Scheduling-Problem/src/ORG_BG_D2.py --data-dir data_table07_fixed --family all --backend uwrmaxsat --uwrmaxsat-bin /home/g24021555/uwrmaxsat/build/release/bin/uwrmaxsat --uwrmaxsat-sha256 8c68c8a386d3d7847b50d315143c2bab60e3514e59510e84a649db83cb303876 --timeout 7200 --csv output/org_old_bg_d2/data_table07_fixed.csv --no-excel,/home/g24021555/uwrmaxsat/build/release/bin/uwrmaxsat,8c68c8a386d3d7847b50d315143c2bab60e3514e59510e84a649db83cb303876,/home/g24021555/uwrmaxsat/build/release/bin/uwrmaxsat -m /tmp/org_bg_sxa0ezwf.wcnf,,,,,UWrMaxSAT,,,,traditional,pairwise+direct,49,,,,,,,,,"7,8,1,2,4,5,6,3,0,17,6,5,20,10,7,8,9,16,3,1,2,4,5,6,6,8,10,6,1,2,3,5,4,7,4,1,10,9,8,0,11,12,14,18,13,12,7,4,2,4,3,15,14,19,12,13,18,5,9,11,10,8,5,4,19,6,3,8,11,4,3,1,2,5,10,12,9,3,1,0,8,12,4,9,11,2,7,10,6,19,2,8,3,7,9,13,5,4,11,7,9,12,10,0,9,7,4,6,10,5,11,3,8,7,1,11,0,10,9,2,8,7,9,19,17,12,18,10,8,6,11,13,16,8,9,7,12,4,5,20,15,2,6,3,16,1,10,11,5,4,9,10,3,6",,
,,,,,,,,,tic-13.fixed020-Forb,b2b-8dae671d7946abe6,b2b-lineage-tic-13,fixed,ORG-F-PW-DE-PHC-BGD2-UW-OBIC12P,ORGFull,N/A,Pairwise,Direct-E,PerSlotHoleCardinality,BreakGroupsD2,UWrMaxSAT,OldBestIC12+,OPTIMAL,SAT,2,2,bg_d2,2,2,2,,,2,1,0.747794,False,147.117,MaxSAT,ORGHistorical,ORG-Historical-BG-d2,Published-style,Published-style/Full,independent_reimplementation,one-shot weighted MaxSAT,53139,,,,,,,110936,188,111124,1800,51339,276670,48,baseline2__model-org_historical_maxsat__m-full__p-pairwise__g-direct__b-per_slot_hole_cardinality__o-break_groups_d2__s-uwrmaxsat__i-old_best_ic12plus__fairness-d2,baseline2__model-org_historical_maxsat__m-full__p-pairwise__g-direct__b-per_slot_hole_cardinality__o-break_groups_d2__s-uwrmaxsat__i-old_best_ic12plus__fairness-d2,legacy_full,n/a,pairwise,direct,UWrMaxSAT,UWrMaxSAT,binary-sha256:8c68c8a386d3d7847b50d315143c2bab60e3514e59510e84a649db83cb303876,org_historical_bg_d2_old_best,per_slot_hole_cardinality,total_break_groups_subject_to_range_at_most_2,BGD2,OBIC12P,276482,188,1,319,63723,42865,4029,1,188,188,1,,,,,,0,,,,,,,"formalism-specific model size: SAT/MaxSAT reports base CNF and soft clauses, MIP reports variables/linear constraints/nonzeros, and CP reports integer variables plus linear/global constraints; SAT bound/totalizer overhead remains separate in optimizer_added_*",1800,,,1800,,,,,,,,,,0.001961,0.114269,,0.114269,0.631564,"wall-clock from immediately before reading/parsing the .dzn instance through model construction, optimization, solution decoding, and independent validation; excludes worker-process startup and result-file export",3,6,,2,1,"0,0,1,0,0,0,0,0,0,0,0,1,0,0,0,0,0,0,0,0,0,0,0,0,0,0,0,0,0,0,0,0,0,0,0,0,0,0,0,0,0,0,0,0,0,0,0",peak_process_tree_rss_mb,8dae671d7946abe68d764e4429258bb7a03fecc4e7368e956202fbfb3bf26abd,fixed020,data_table07_fixed/tic-13.fixed020-Forb.dzn,1,data_table07_fixed/tic-13.fixed020-Forb.dzn,1,data_table07_fixed/tic-13.fixed020-Forb.dzn,https://imae.udg.edu/Recerca/LAI/,https://ima.udg.edu/Recerca/lai/b2b/b2b.zip,,2026-08-15T05:19:51+00:00,7200.0,,ee80a6fbd8b513f7c010668495c39621a371266a,True,3.10.12,1.8.dev25,instance-20260810-085803,Linux-6.8.0-1065-gcp-x86_64-with-glibc2.35,x86_64,4,8,15988.055,1,0,/home/g24021555/Business-Meeting-Scheduling-Problem/.venv/bin/python /home/g24021555/Business-Meeting-Scheduling-Problem/src/ORG_BG_D2.py --data-dir data_table07_fixed --family all --backend uwrmaxsat --uwrmaxsat-bin /home/g24021555/uwrmaxsat/build/release/bin/uwrmaxsat --uwrmaxsat-sha256 8c68c8a386d3d7847b50d315143c2bab60e3514e59510e84a649db83cb303876 --timeout 7200 --csv output/org_old_bg_d2/data_table07_fixed.csv --no-excel,/home/g24021555/uwrmaxsat/build/release/bin/uwrmaxsat,8c68c8a386d3d7847b50d315143c2bab60e3514e59510e84a649db83cb303876,/home/g24021555/uwrmaxsat/build/release/bin/uwrmaxsat -m /tmp/org_bg_85abwo14.wcnf,,,,,UWrMaxSAT,,,,traditional,pairwise+direct,2,,,,,,,,,"0,1,2,9,4,7,6,5,3,8,7,3,2,8,9,0,1,2,6,5,4,3,1,7,4,2,3,6,5,7,9,6,4,3,8,2,5,2,1,3,4,2,6,1,5,4,3,7,8,8,9,6,5,7,4,6,2,3,5,5,7,1,0,8,6,9,7,3,8,9,9,0,4,3,5,6,2,8,1,7,6,3,5,0,2,9,6,4,7,4,8,5,3,0,6,2,3,8,5,6,4,0,1,4,5,2,8,7,5,2,7,3,8,6,4,4,5,6,4,5,6,3,4,2,5,7,3,6,0,8,7,5,4,0,2,1,3,8,7,5,9,0,6,7,1,8,6,1,3,4,1,3,2,9,0,7,1,7,1,2,1,8,1,8,7,9,4,2,6,5,7,3,0,4,9,2,6,4,5,7",,
,,,,,,,,,forum-14.fixed040-Forb,b2b-93f09824d2e8aa74,b2b-lineage-forum-14,fixed,ORG-F-PW-DE-PHC-BGD2-UW-OBIC12P,ORGFull,N/A,Pairwise,Direct-E,PerSlotHoleCardinality,BreakGroupsD2,UWrMaxSAT,OldBestIC12+,UNSAT,UNSAT,,,bg_d2,,,,,,,1,2.651782,False,410.625,MaxSAT,ORGHistorical,ORG-Historical-BG-d2,Published-style,Published-style/Full,independent_reimplementation,one-shot weighted MaxSAT,352704,,,,,,,713071,780,713851,6644,346060,1949669,79,baseline2__model-org_historical_maxsat__m-full__p-pairwise__g-direct__b-per_slot_hole_cardinality__o-break_groups_d2__s-uwrmaxsat__i-old_best_ic12plus__fairness-d2,baseline2__model-org_historical_maxsat__m-full__p-pairwise__g-direct__b-per_slot_hole_cardinality__o-break_groups_d2__s-uwrmaxsat__i-old_best_ic12plus__fairness-d2,legacy_full,n/a,pairwise,direct,UWrMaxSAT,UWrMaxSAT,binary-sha256:8c68c8a386d3d7847b50d315143c2bab60e3514e59510e84a649db83cb303876,org_historical_bg_d2_old_best,per_slot_hole_cardinality,total_break_groups_subject_to_range_at_most_2,BGD2,OBIC12P,1948889,780,1,1978,300672,312391,98030,1,780,780,1,,,,,,0,,,,,,,"formalism-specific model size: SAT/MaxSAT reports base CNF and soft clauses, MIP reports variables/linear constraints/nonzeros, and CP reports integer variables plus linear/global constraints; SAT bound/totalizer overhead remains separate in optimizer_added_*",6644,,,6644,,,,,,,,,,0.003272,0.757823,,0.757823,1.890687,"wall-clock from immediately before reading/parsing the .dzn instance through model construction, optimization, solution decoding, and independent validation; excludes worker-process startup and result-file export",,,,,,,peak_process_tree_rss_mb,93f09824d2e8aa7477c0aed951461cdaf879da204988e94ce9346f2147d2bb09,fixed040,data_table07_fixed/forum-14.fixed040-Forb.dzn,1,data_table07_fixed/forum-14.fixed040-Forb.dzn,1,data_table07_fixed/forum-14.fixed040-Forb.dzn,https://imae.udg.edu/Recerca/LAI/,https://ima.udg.edu/Recerca/lai/b2b/b2b.zip,,2026-08-15T05:19:51+00:00,7200.0,,ee80a6fbd8b513f7c010668495c39621a371266a,True,3.10.12,1.8.dev25,instance-20260810-085803,Linux-6.8.0-1065-gcp-x86_64-with-glibc2.35,x86_64,4,8,15988.055,1,0,/home/g24021555/Business-Meeting-Scheduling-Problem/.venv/bin/python /home/g24021555/Business-Meeting-Scheduling-Problem/src/ORG_BG_D2.py --data-dir data_table07_fixed --family all --backend uwrmaxsat --uwrmaxsat-bin /home/g24021555/uwrmaxsat/build/release/bin/uwrmaxsat --uwrmaxsat-sha256 8c68c8a386d3d7847b50d315143c2bab60e3514e59510e84a649db83cb303876 --timeout 7200 --csv output/org_old_bg_d2/data_table07_fixed.csv --no-excel,/home/g24021555/uwrmaxsat/build/release/bin/uwrmaxsat,8c68c8a386d3d7847b50d315143c2bab60e3514e59510e84a649db83cb303876,/home/g24021555/uwrmaxsat/build/release/bin/uwrmaxsat -m /tmp/org_bg_hgmxsv4m.wcnf,,,,,UWrMaxSAT,,,,traditional,pairwise+direct,,,,,,,,,,,,
,,,,,,,,,forumt-14crafd.fixed020-Forb,b2b-99df5d460fc6f231,b2b-lineage-forumt-14crafd,fixed,ORG-F-PW-DE-PHC-BGD2-UW-OBIC12P,ORGFull,N/A,Pairwise,Direct-E,PerSlotHoleCardinality,BreakGroupsD2,UWrMaxSAT,OldBestIC12+,OPTIMAL,SAT,9,9,bg_d2,9,9,9,,,9,1,1.131972,False,180.285,MaxSAT,ORGHistorical,ORG-Historical-BG-d2,Published-style,Published-style/Full,independent_reimplementation,one-shot weighted MaxSAT,79488,,,,,,,165925,240,166165,2360,77128,413590,61,baseline2__model-org_historical_maxsat__m-full__p-pairwise__g-direct__b-per_slot_hole_cardinality__o-break_groups_d2__s-uwrmaxsat__i-old_best_ic12plus__fairness-d2,baseline2__model-org_historical_maxsat__m-full__p-pairwise__g-direct__b-per_slot_hole_cardinality__o-break_groups_d2__s-uwrmaxsat__i-old_best_ic12plus__fairness-d2,legacy_full,n/a,pairwise,direct,UWrMaxSAT,UWrMaxSAT,binary-sha256:8c68c8a386d3d7847b50d315143c2bab60e3514e59510e84a649db83cb303876,org_historical_bg_d2_old_best,per_slot_hole_cardinality,total_break_groups_subject_to_range_at_most_2,BGD2,OBIC12P,413350,240,1,558,93656,66564,5147,1,240,240,1,,,,,,0,,,,,,,"formalism-specific model size: SAT/MaxSAT reports base CNF and soft clauses, MIP reports variables/linear constraints/nonzeros, and CP reports integer variables plus linear/global constraints; SAT bound/totalizer overhead remains separate in optimizer_added_*",2360,,,2360,,,,,,,,,,0.002517,0.159916,,0.159916,0.969539,"wall-clock from immediately before reading/parsing the .dzn instance through model construction, optimization, solution decoding, and independent validation; excludes worker-process startup and result-file export",4,20,,9,2,"0,0,0,0,2,0,0,0,0,0,0,0,0,0,0,0,1,1,0,0,0,0,0,0,0,0,0,0,0,0,0,0,0,1,0,0,0,0,0,0,0,0,0,0,0,0,0,0,0,1,0,0,1,0,0,0,1,0,0,1",peak_process_tree_rss_mb,99df5d460fc6f231e0718d073fab1f0a755e7a6708287e568540608e91deac59,fixed020,data_table07_fixed/forumt-14crafd.fixed020-Forb.dzn,1,data_table07_fixed/forumt-14crafd.fixed020-Forb.dzn,1,data_table07_fixed/forumt-14crafd.fixed020-Forb.dzn,https://imae.udg.edu/Recerca/LAI/,https://ima.udg.edu/Recerca/lai/b2b/b2b.zip,,2026-08-15T05:19:51+00:00,7200.0,,ee80a6fbd8b513f7c010668495c39621a371266a,True,3.10.12,1.8.dev25,instance-20260810-085803,Linux-6.8.0-1065-gcp-x86_64-with-glibc2.35,x86_64,4,8,15988.055,1,0,/home/g24021555/Business-Meeting-Scheduling-Problem/.venv/bin/python /home/g24021555/Business-Meeting-Scheduling-Problem/src/ORG_BG_D2.py --data-dir data_table07_fixed --family all --backend uwrmaxsat --uwrmaxsat-bin /home/g24021555/uwrmaxsat/build/release/bin/uwrmaxsat --uwrmaxsat-sha256 8c68c8a386d3d7847b50d315143c2bab60e3514e59510e84a649db83cb303876 --timeout 7200 --csv output/org_old_bg_d2/data_table07_fixed.csv --no-excel,/home/g24021555/uwrmaxsat/build/release/bin/uwrmaxsat,8c68c8a386d3d7847b50d315143c2bab60e3514e59510e84a649db83cb303876,/home/g24021555/uwrmaxsat/build/release/bin/uwrmaxsat -m /tmp/org_bg_sgfdiu6q.wcnf,,,,,UWrMaxSAT,,,,traditional,pairwise+direct,9,,,,,,,,,"3,4,6,9,7,5,1,2,3,7,9,5,6,5,7,0,8,9,2,3,4,7,9,9,6,8,2,6,1,3,7,1,8,3,0,0,8,2,6,0,9,8,5,2,4,3,0,0,2,7,4,3,1,6,5,2,8,1,5,6,4,0,8,1,3,5,9,7,2,4,0,6,3,8,5,0,9,6,7,1,5,4,8,2,9,0,3,6,8,7,5,4,2,3,1,1,5,8,6,3,2,3,9,4,5,1,7,9,6,8,5,2,5,3,1,8,9,6,4,7,2,4,5,0,2,4,1,6,7,3,5,2,7,4,9,6,3,5,0,7,1,8,8,4,7,2,6,0,1,2,1,2,7,3,6,5,8,9,4,0,5,2,1,4,0,7,6,0,3,5,7,2,1,3,8,7,6,1,4,9,4,3,0,5,1,9,8,7,1,9,3,2,5,6,9,4,7,0,3,8,6,1,3,9,7,6,0,2,4,8,8,4,5,6,4,3,6,0,1,4,2,8,7,5,9,4,1,8,3,9,6,7,1,2,8,7",,
,,,,,,,,,tic-14crafd.fixed040-Forb,b2b-9a5547dc248fa150,b2b-lineage-tic-14crafd,fixed,ORG-F-PW-DE-PHC-BGD2-UW-OBIC12P,ORGFull,N/A,Pairwise,Direct-E,PerSlotHoleCardinality,BreakGroupsD2,UWrMaxSAT,OldBestIC12+,UNSAT,UNSAT,,,bg_d2,,,,,,,1,0.568936,False,146.758,MaxSAT,ORGHistorical,ORG-Historical-BG-d2,Published-style,Published-style/Full,independent_reimplementation,one-shot weighted MaxSAT,79488,,,,,,,165878,240,166118,2360,77128,413543,61,baseline2__model-org_historical_maxsat__m-full__p-pairwise__g-direct__b-per_slot_hole_cardinality__o-break_groups_d2__s-uwrmaxsat__i-old_best_ic12plus__fairness-d2,baseline2__model-org_historical_maxsat__m-full__p-pairwise__g-direct__b-per_slot_hole_cardinality__o-break_groups_d2__s-uwrmaxsat__i-old_best_ic12plus__fairness-d2,legacy_full,n/a,pairwise,direct,UWrMaxSAT,UWrMaxSAT,binary-sha256:8c68c8a386d3d7847b50d315143c2bab60e3514e59510e84a649db83cb303876,org_historical_bg_d2_old_best,per_slot_hole_cardinality,total_break_groups_subject_to_range_at_most_2,BGD2,OBIC12P,413303,240,1,511,93656,66564,5147,1,240,240,1,,,,,,0,,,,,,,"formalism-specific model size: SAT/MaxSAT reports base CNF and soft clauses, MIP reports variables/linear constraints/nonzeros, and CP reports integer variables plus linear/global constraints; SAT bound/totalizer overhead remains separate in optimizer_added_*",2360,,,2360,,,,,,,,,,0.002581,0.164459,,0.164459,0.401896,"wall-clock from immediately before reading/parsing the .dzn instance through model construction, optimization, solution decoding, and independent validation; excludes worker-process startup and result-file export",,,,,,,peak_process_tree_rss_mb,9a5547dc248fa150a18b4bcaf13d622f95a8f6d43a38ab2f056306c55e06480b,fixed040,data_table07_fixed/tic-14crafd.fixed040-Forb.dzn,1,data_table07_fixed/tic-14crafd.fixed040-Forb.dzn,1,data_table07_fixed/tic-14crafd.fixed040-Forb.dzn,https://imae.udg.edu/Recerca/LAI/,https://ima.udg.edu/Recerca/lai/b2b/b2b.zip,,2026-08-15T05:19:51+00:00,7200.0,,ee80a6fbd8b513f7c010668495c39621a371266a,True,3.10.12,1.8.dev25,instance-20260810-085803,Linux-6.8.0-1065-gcp-x86_64-with-glibc2.35,x86_64,4,8,15988.055,1,0,/home/g24021555/Business-Meeting-Scheduling-Problem/.venv/bin/python /home/g24021555/Business-Meeting-Scheduling-Problem/src/ORG_BG_D2.py --data-dir data_table07_fixed --family all --backend uwrmaxsat --uwrmaxsat-bin /home/g24021555/uwrmaxsat/build/release/bin/uwrmaxsat --uwrmaxsat-sha256 8c68c8a386d3d7847b50d315143c2bab60e3514e59510e84a649db83cb303876 --timeout 7200 --csv output/org_old_bg_d2/data_table07_fixed.csv --no-excel,/home/g24021555/uwrmaxsat/build/release/bin/uwrmaxsat,8c68c8a386d3d7847b50d315143c2bab60e3514e59510e84a649db83cb303876,/home/g24021555/uwrmaxsat/build/release/bin/uwrmaxsat -m /tmp/org_bg_y07q1dq1.wcnf,,,,,UWrMaxSAT,,,,traditional,pairwise+direct,,,,,,,,,,,,
,,,,,,,,,tic-12crafc.fixed040-Forb,b2b-b9c91887e61e0d8f,b2b-lineage-tic-12crafc,fixed,ORG-F-PW-DE-PHC-BGD2-UW-OBIC12P,ORGFull,N/A,Pairwise,Direct-E,PerSlotHoleCardinality,BreakGroupsD2,UWrMaxSAT,OldBestIC12+,UNSAT,UNSAT,,,bg_d2,,,,,,,1,0.17623,False,104.777,MaxSAT,ORGHistorical,ORG-Historical-BG-d2,Published-style,Published-style/Full,independent_reimplementation,one-shot weighted MaxSAT,23942,,,,,,,51530,126,51656,1000,22942,127193,43,baseline2__model-org_historical_maxsat__m-full__p-pairwise__g-direct__b-per_slot_hole_cardinality__o-break_groups_d2__s-uwrmaxsat__i-old_best_ic12plus__fairness-d2,baseline2__model-org_historical_maxsat__m-full__p-pairwise__g-direct__b-per_slot_hole_cardinality__o-break_groups_d2__s-uwrmaxsat__i-old_best_ic12plus__fairness-d2,legacy_full,n/a,pairwise,direct,UWrMaxSAT,UWrMaxSAT,binary-sha256:8c68c8a386d3d7847b50d315143c2bab60e3514e59510e84a649db83cb303876,org_historical_bg_d2_old_best,per_slot_hole_cardinality,total_break_groups_subject_to_range_at_most_2,BGD2,OBIC12P,127067,126,1,284,30636,18943,1667,1,126,126,1,,,,,,0,,,,,,,"formalism-specific model size: SAT/MaxSAT reports base CNF and soft clauses, MIP reports variables/linear constraints/nonzeros, and CP reports integer variables plus linear/global constraints; SAT bound/totalizer overhead remains separate in optimizer_added_*",1000,,,1000,,,,,,,,,,0.001359,0.05427,,0.05427,0.120601,"wall-clock from immediately before reading/parsing the .dzn instance through model construction, optimization, solution decoding, and independent validation; excludes worker-process startup and result-file export",,,,,,,peak_process_tree_rss_mb,b9c91887e61e0d8f13fcd9b8d74b0fb6668eb3a99192e7f7081144c50dc75c1b,fixed040,data_table07_fixed/tic-12crafc.fixed040-Forb.dzn,1,data_table07_fixed/tic-12crafc.fixed040-Forb.dzn,1,data_table07_fixed/tic-12crafc.fixed040-Forb.dzn,https://imae.udg.edu/Recerca/LAI/,https://ima.udg.edu/Recerca/lai/b2b/b2b.zip,,2026-08-15T05:19:51+00:00,7200.0,,ee80a6fbd8b513f7c010668495c39621a371266a,True,3.10.12,1.8.dev25,instance-20260810-085803,Linux-6.8.0-1065-gcp-x86_64-with-glibc2.35,x86_64,4,8,15988.055,1,0,/home/g24021555/Business-Meeting-Scheduling-Problem/.venv/bin/python /home/g24021555/Business-Meeting-Scheduling-Problem/src/ORG_BG_D2.py --data-dir data_table07_fixed --family all --backend uwrmaxsat --uwrmaxsat-bin /home/g24021555/uwrmaxsat/build/release/bin/uwrmaxsat --uwrmaxsat-sha256 8c68c8a386d3d7847b50d315143c2bab60e3514e59510e84a649db83cb303876 --timeout 7200 --csv output/org_old_bg_d2/data_table07_fixed.csv --no-excel,/home/g24021555/uwrmaxsat/build/release/bin/uwrmaxsat,8c68c8a386d3d7847b50d315143c2bab60e3514e59510e84a649db83cb303876,/home/g24021555/uwrmaxsat/build/release/bin/uwrmaxsat -m /tmp/org_bg_tdhbzoyl.wcnf,,,,,UWrMaxSAT,,,,traditional,pairwise+direct,,,,,,,,,,,,
,,,,,,,,,tic-14crafc.fixed020-Forb,b2b-c2d925ea7a03dab1,b2b-lineage-tic-14crafc,fixed,ORG-F-PW-DE-PHC-BGD2-UW-OBIC12P,ORGFull,N/A,Pairwise,Direct-E,PerSlotHoleCardinality,BreakGroupsD2,UWrMaxSAT,OldBestIC12+,OPTIMAL,SAT,3,3,bg_d2,3,3,3,,,3,1,2.434023,False,162.918,MaxSAT,ORGHistorical,ORG-Historical-BG-d2,Published-style,Published-style/Full,independent_reimplementation,one-shot weighted MaxSAT,79877,,,,,,,166560,240,166800,2370,77507,415323,61,baseline2__model-org_historical_maxsat__m-full__p-pairwise__g-direct__b-per_slot_hole_cardinality__o-break_groups_d2__s-uwrmaxsat__i-old_best_ic12plus__fairness-d2,baseline2__model-org_historical_maxsat__m-full__p-pairwise__g-direct__b-per_slot_hole_cardinality__o-break_groups_d2__s-uwrmaxsat__i-old_best_ic12plus__fairness-d2,legacy_full,n/a,pairwise,direct,UWrMaxSAT,UWrMaxSAT,binary-sha256:8c68c8a386d3d7847b50d315143c2bab60e3514e59510e84a649db83cb303876,org_historical_bg_d2_old_best,per_slot_hole_cardinality,total_break_groups_subject_to_range_at_most_2,BGD2,OBIC12P,415083,240,1,431,94130,66838,5161,1,240,240,1,,,,,,0,,,,,,,"formalism-specific model size: SAT/MaxSAT reports base CNF and soft clauses, MIP reports variables/linear constraints/nonzeros, and CP reports integer variables plus linear/global constraints; SAT bound/totalizer overhead remains separate in optimizer_added_*",2370,,,2370,,,,,,,,,,0.002427,0.161214,,0.161214,2.270381,"wall-clock from immediately before reading/parsing the .dzn instance through model construction, optimization, solution decoding, and independent validation; excludes worker-process startup and result-file export",5,7,,3,1,"0,0,0,1,0,0,0,1,0,0,0,0,0,0,0,0,0,0,0,0,0,0,0,0,0,0,0,0,0,0,0,0,0,0,0,0,0,0,0,0,0,0,0,0,1,0,0,0,0,0,0,0,0,0,0,0,0,0,0,0",peak_process_tree_rss_mb,c2d925ea7a03dab16db11849fccb0a13165f05696f9cf9af04b918fb316bcdd2,fixed020,data_table07_fixed/tic-14crafc.fixed020-Forb.dzn,1,data_table07_fixed/tic-14crafc.fixed020-Forb.dzn,1,data_table07_fixed/tic-14crafc.fixed020-Forb.dzn,https://imae.udg.edu/Recerca/LAI/,https://ima.udg.edu/Recerca/lai/b2b/b2b.zip,,2026-08-15T05:19:51+00:00,7200.0,,ee80a6fbd8b513f7c010668495c39621a371266a,True,3.10.12,1.8.dev25,instance-20260810-085803,Linux-6.8.0-1065-gcp-x86_64-with-glibc2.35,x86_64,4,8,15988.055,1,0,/home/g24021555/Business-Meeting-Scheduling-Problem/.venv/bin/python /home/g24021555/Business-Meeting-Scheduling-Problem/src/ORG_BG_D2.py --data-dir data_table07_fixed --family all --backend uwrmaxsat --uwrmaxsat-bin /home/g24021555/uwrmaxsat/build/release/bin/uwrmaxsat --uwrmaxsat-sha256 8c68c8a386d3d7847b50d315143c2bab60e3514e59510e84a649db83cb303876 --timeout 7200 --csv output/org_old_bg_d2/data_table07_fixed.csv --no-excel,/home/g24021555/uwrmaxsat/build/release/bin/uwrmaxsat,8c68c8a386d3d7847b50d315143c2bab60e3514e59510e84a649db83cb303876,/home/g24021555/uwrmaxsat/build/release/bin/uwrmaxsat -m /tmp/org_bg_e0shlken.wcnf,,,,,UWrMaxSAT,,,,traditional,pairwise+direct,3,,,,,,,,,"1,4,5,2,6,7,0,9,1,1,0,1,3,2,4,9,6,8,9,9,7,4,6,0,4,2,5,3,3,0,3,8,2,7,2,6,1,7,4,1,1,6,9,5,8,7,3,2,6,8,3,7,0,8,0,9,3,1,5,6,4,8,0,9,5,6,7,1,2,4,3,7,4,8,6,1,2,0,6,4,1,8,3,5,9,7,2,1,5,0,3,4,5,3,8,9,4,6,9,0,8,7,5,1,4,1,3,2,7,2,1,5,6,3,0,6,4,1,2,9,8,8,7,4,1,3,0,6,5,4,5,2,1,9,3,7,4,5,8,2,0,6,8,7,4,9,7,5,6,2,5,2,3,8,0,1,4,7,6,9,8,5,0,2,7,6,4,3,9,4,9,2,5,3,0,1,6,8,2,0,2,2,7,3,9,1,6,7,8,4,5,9,9,4,0,7,8,3,6,5,5,0,6,7,5,4,1,3,8,2,4,0,5,3,6,3,7,6,2,2,7,3,1,6,8,4,5,9,5,3,1,2,0,9,8,7,5",,
,,,,,,,,,ticf-13crafc.fixed040-Forb,b2b-c5eaf708c778ad6d,b2b-lineage-ticf-13crafc,fixed,ORG-F-PW-DE-PHC-BGD2-UW-OBIC12P,ORGFull,N/A,Pairwise,Direct-E,PerSlotHoleCardinality,BreakGroupsD2,UWrMaxSAT,OldBestIC12+,OPTIMAL,SAT,49,49,bg_d2,49,49,49,,,49,1,2.961177,False,280.141,MaxSAT,ORGHistorical,ORG-Historical-BG-d2,Published-style,Published-style/Full,independent_reimplementation,one-shot weighted MaxSAT,200226,,,,,,,399876,700,400576,3234,196992,1148970,71,baseline2__model-org_historical_maxsat__m-full__p-pairwise__g-direct__b-per_slot_hole_cardinality__o-break_groups_d2__s-uwrmaxsat__i-old_best_ic12plus__fairness-d2,baseline2__model-org_historical_maxsat__m-full__p-pairwise__g-direct__b-per_slot_hole_cardinality__o-break_groups_d2__s-uwrmaxsat__i-old_best_ic12plus__fairness-d2,legacy_full,n/a,pairwise,direct,UWrMaxSAT,UWrMaxSAT,binary-sha256:8c68c8a386d3d7847b50d315143c2bab60e3514e59510e84a649db83cb303876,org_historical_bg_d2_old_best,per_slot_hole_cardinality,total_break_groups_subject_to_range_at_most_2,BGD2,OBIC12P,1148270,700,1,1097,137712,179821,81246,1,700,700,1,,,,,,0,,,,,,,"formalism-specific model size: SAT/MaxSAT reports base CNF and soft clauses, MIP reports variables/linear constraints/nonzeros, and CP reports integer variables plus linear/global constraints; SAT bound/totalizer overhead remains separate in optimizer_added_*",3234,,,3234,,,,,,,,,,0.001883,0.413815,,0.413815,2.545479,"wall-clock from immediately before reading/parsing the .dzn instance through model construction, optimization, solution decoding, and independent validation; excludes worker-process startup and result-file export",14,251,,49,2,"0,1,2,1,1,1,0,1,1,0,2,1,0,1,0,0,0,1,0,0,0,0,1,0,0,1,2,1,1,1,0,1,1,0,0,1,0,0,2,2,1,1,0,1,1,2,0,0,1,2,0,0,1,0,0,2,2,0,1,0,0,0,1,2,1,2,0,0,0,1",peak_process_tree_rss_mb,c5eaf708c778ad6de5d36adaa0f8b1cffbd9f5e75aa7c130dd6c567dcc7a903e,fixed040,data_table07_fixed/ticf-13crafc.fixed040-Forb.dzn,1,data_table07_fixed/ticf-13crafc.fixed040-Forb.dzn,1,data_table07_fixed/ticf-13crafc.fixed040-Forb.dzn,https://imae.udg.edu/Recerca/LAI/,https://ima.udg.edu/Recerca/lai/b2b/b2b.zip,,2026-08-15T05:19:51+00:00,7200.0,,ee80a6fbd8b513f7c010668495c39621a371266a,True,3.10.12,1.8.dev25,instance-20260810-085803,Linux-6.8.0-1065-gcp-x86_64-with-glibc2.35,x86_64,4,8,15988.055,1,0,/home/g24021555/Business-Meeting-Scheduling-Problem/.venv/bin/python /home/g24021555/Business-Meeting-Scheduling-Problem/src/ORG_BG_D2.py --data-dir data_table07_fixed --family all --backend uwrmaxsat --uwrmaxsat-bin /home/g24021555/uwrmaxsat/build/release/bin/uwrmaxsat --uwrmaxsat-sha256 8c68c8a386d3d7847b50d315143c2bab60e3514e59510e84a649db83cb303876 --timeout 7200 --csv output/org_old_bg_d2/data_table07_fixed.csv --no-excel,/home/g24021555/uwrmaxsat/build/release/bin/uwrmaxsat,8c68c8a386d3d7847b50d315143c2bab60e3514e59510e84a649db83cb303876,/home/g24021555/uwrmaxsat/build/release/bin/uwrmaxsat -m /tmp/org_bg_u5egqf24.wcnf,,,,,UWrMaxSAT,,,,traditional,pairwise+direct,49,,,,,,,,,"2,8,1,5,7,4,6,3,0,18,11,13,20,10,12,8,9,16,3,4,2,6,5,7,6,8,2,6,1,4,0,5,3,7,4,6,10,9,5,0,11,12,14,17,13,12,3,4,2,11,1,15,14,19,12,13,18,5,9,11,10,8,5,18,19,4,3,8,4,3,11,1,2,5,10,12,9,8,1,0,10,12,3,9,11,4,5,2,7,19,2,8,3,4,6,13,5,9,11,6,9,12,10,0,9,10,12,6,7,5,11,8,4,11,1,3,0,10,9,12,2,7,9,19,18,12,17,10,8,6,11,13,16,8,9,7,12,4,5,20,2,0,6,3,16,1,10,11,5,3,9,8,2,4",,
,,,,,,,,,forum-14.fixed020-Forb,b2b-d553fe38621bfc0e,b2b-lineage-forum-14,fixed,ORG-F-PW-DE-PHC-BGD2-UW-OBIC12P,ORGFull,N/A,Pairwise,Direct-E,PerSlotHoleCardinality,BreakGroupsD2,UWrMaxSAT,OldBestIC12+,OPTIMAL,SAT,20,20,bg_d2,20,20,20,,,20,1,9.573318,False,508.078,MaxSAT,ORGHistorical,ORG-Historical-BG-d2,Published-style,Published-style/Full,independent_reimplementation,one-shot weighted MaxSAT,352704,,,,,,,713011,780,713791,6644,346060,1949609,79,baseline2__model-org_historical_maxsat__m-full__p-pairwise__g-direct__b-per_slot_hole_cardinality__o-break_groups_d2__s-uwrmaxsat__i-old_best_ic12plus__fairness-d2,baseline2__model-org_historical_maxsat__m-full__p-pairwise__g-direct__b-per_slot_hole_cardinality__o-break_groups_d2__s-uwrmaxsat__i-old_best_ic12plus__fairness-d2,legacy_full,n/a,pairwise,direct,UWrMaxSAT,UWrMaxSAT,binary-sha256:8c68c8a386d3d7847b50d315143c2bab60e3514e59510e84a649db83cb303876,org_historical_bg_d2_old_best,per_slot_hole_cardinality,total_break_groups_subject_to_range_at_most_2,BGD2,OBIC12P,1948829,780,1,1918,300672,312391,98030,1,780,780,1,,,,,,0,,,,,,,"formalism-specific model size: SAT/MaxSAT reports base CNF and soft clauses, MIP reports variables/linear constraints/nonzeros, and CP reports integer variables plus linear/global constraints; SAT bound/totalizer overhead remains separate in optimizer_added_*",6644,,,6644,,,,,,,,,,0.003339,0.756869,,0.756869,8.81311,"wall-clock from immediately before reading/parsing the .dzn instance through model construction, optimization, solution decoding, and independent validation; excludes worker-process startup and result-file export",11,128,,20,1,"1,0,0,0,1,1,0,0,0,0,0,0,0,0,0,0,1,0,1,0,0,0,1,0,0,0,0,0,0,1,0,0,0,1,1,0,0,1,0,0,1,0,1,0,0,0,0,0,0,1,0,0,0,0,0,0,0,0,1,0,0,1,1,1,0,1,0,0,0,1,0,0,0,1,0,0,0,0",peak_process_tree_rss_mb,d553fe38621bfc0e0b4ecb2c6338dbcea3a917a568e0b735b715dce230ec948b,fixed020,data_table07_fixed/forum-14.fixed020-Forb.dzn,1,data_table07_fixed/forum-14.fixed020-Forb.dzn,1,data_table07_fixed/forum-14.fixed020-Forb.dzn,https://imae.udg.edu/Recerca/LAI/,https://ima.udg.edu/Recerca/lai/b2b/b2b.zip,,2026-08-15T05:19:51+00:00,7200.0,,ee80a6fbd8b513f7c010668495c39621a371266a,True,3.10.12,1.8.dev25,instance-20260810-085803,Linux-6.8.0-1065-gcp-x86_64-with-glibc2.35,x86_64,4,8,15988.055,1,0,/home/g24021555/Business-Meeting-Scheduling-Problem/.venv/bin/python /home/g24021555/Business-Meeting-Scheduling-Problem/src/ORG_BG_D2.py --data-dir data_table07_fixed --family all --backend uwrmaxsat --uwrmaxsat-bin /home/g24021555/uwrmaxsat/build/release/bin/uwrmaxsat --uwrmaxsat-sha256 8c68c8a386d3d7847b50d315143c2bab60e3514e59510e84a649db83cb303876 --timeout 7200 --csv output/org_old_bg_d2/data_table07_fixed.csv --no-excel,/home/g24021555/uwrmaxsat/build/release/bin/uwrmaxsat,8c68c8a386d3d7847b50d315143c2bab60e3514e59510e84a649db83cb303876,/home/g24021555/uwrmaxsat/build/release/bin/uwrmaxsat -m /tmp/org_bg_qc4e2wiu.wcnf,,,,,UWrMaxSAT,,,,traditional,pairwise+direct,20,,,,,,,,,"21,7,10,12,11,10,7,13,14,12,13,7,8,5,1,10,4,6,11,3,6,10,16,15,8,13,12,14,8,9,20,12,14,1,6,7,4,9,8,16,5,17,18,11,9,3,12,8,13,6,16,9,3,1,8,7,11,7,9,12,15,13,17,16,13,15,19,6,21,10,5,11,3,4,8,17,7,8,14,11,4,12,16,18,9,13,10,14,3,6,7,11,4,9,9,11,5,12,10,9,8,20,6,9,8,4,7,5,9,5,6,0,4,2,12,2,5,10,11,9,6,3,1,8,10,2,5,7,11,9,1,8,2,11,14,10,1,12,4,7,5,15,12,2,3,13,1,5,14,0,12,13,11,14,7,15,5,15,13,12,14,19,14,4,15,18,6,16,13,17,3,12,11,10,3,1,9,2,10,0,6,7,8,4,11,13,16,17,14,7,15,6,8,9,8,6,10,7,12,3,5,2,13,4,6,14,14,15,8,11,10,13,9,16,6,7,12,2,18,8,0,15,14,10,11,17,7,19,5,20,9,12,1,6,21,3,13,16,4,6,13,0,12,16,13,14,12,8,11,10,9,15,8,12,9,10,7,11,10,6,8,1,2,11,7,3,4,5,9,0,16,15,2,3,17,7,4,10,11,8,6,9,5,17,18,20,19,11,13,12,10,7,0,11,1,5,9,4,8,3,2,6",,
,,,,,,,,,ticf-14crafa.fixed040-Forb,b2b-d8a5243110047880,b2b-lineage-ticf-14crafa,fixed,ORG-F-PW-DE-PHC-BGD2-UW-OBIC12P,ORGFull,N/A,Pairwise,Direct-E,PerSlotHoleCardinality,BreakGroupsD2,UWrMaxSAT,OldBestIC12+,UNSAT,UNSAT,,,bg_d2,,,,,,,1,2.75795,False,405.43,MaxSAT,ORGHistorical,ORG-Historical-BG-d2,Published-style,Published-style/Full,independent_reimplementation,one-shot weighted MaxSAT,352704,,,,,,,712329,780,713109,6644,346060,1948927,79,baseline2__model-org_historical_maxsat__m-full__p-pairwise__g-direct__b-per_slot_hole_cardinality__o-break_groups_d2__s-uwrmaxsat__i-old_best_ic12plus__fairness-d2,baseline2__model-org_historical_maxsat__m-full__p-pairwise__g-direct__b-per_slot_hole_cardinality__o-break_groups_d2__s-uwrmaxsat__i-old_best_ic12plus__fairness-d2,legacy_full,n/a,pairwise,direct,UWrMaxSAT,UWrMaxSAT,binary-sha256:8c68c8a386d3d7847b50d315143c2bab60e3514e59510e84a649db83cb303876,org_historical_bg_d2_old_best,per_slot_hole_cardinality,total_break_groups_subject_to_range_at_most_2,BGD2,OBIC12P,1948147,780,1,1236,300672,312391,98030,1,780,780,1,,,,,,0,,,,,,,"formalism-specific model size: SAT/MaxSAT reports base CNF and soft clauses, MIP reports variables/linear constraints/nonzeros, and CP reports integer variables plus linear/global constraints; SAT bound/totalizer overhead remains separate in optimizer_added_*",6644,,,6644,,,,,,,,,,0.003199,0.795003,,0.795003,1.959748,"wall-clock from immediately before reading/parsing the .dzn instance through model construction, optimization, solution decoding, and independent validation; excludes worker-process startup and result-file export",,,,,,,peak_process_tree_rss_mb,d8a52431100478807cb91d9b69ca2ababd3134f3ec2b68d8d617955d2c211e89,fixed040,data_table07_fixed/ticf-14crafa.fixed040-Forb.dzn,1,data_table07_fixed/ticf-14crafa.fixed040-Forb.dzn,1,data_table07_fixed/ticf-14crafa.fixed040-Forb.dzn,https://imae.udg.edu/Recerca/LAI/,https://ima.udg.edu/Recerca/lai/b2b/b2b.zip,,2026-08-15T05:19:51+00:00,7200.0,,ee80a6fbd8b513f7c010668495c39621a371266a,True,3.10.12,1.8.dev25,instance-20260810-085803,Linux-6.8.0-1065-gcp-x86_64-with-glibc2.35,x86_64,4,8,15988.055,1,0,/home/g24021555/Business-Meeting-Scheduling-Problem/.venv/bin/python /home/g24021555/Business-Meeting-Scheduling-Problem/src/ORG_BG_D2.py --data-dir data_table07_fixed --family all --backend uwrmaxsat --uwrmaxsat-bin /home/g24021555/uwrmaxsat/build/release/bin/uwrmaxsat --uwrmaxsat-sha256 8c68c8a386d3d7847b50d315143c2bab60e3514e59510e84a649db83cb303876 --timeout 7200 --csv output/org_old_bg_d2/data_table07_fixed.csv --no-excel,/home/g24021555/uwrmaxsat/build/release/bin/uwrmaxsat,8c68c8a386d3d7847b50d315143c2bab60e3514e59510e84a649db83cb303876,/home/g24021555/uwrmaxsat/build/release/bin/uwrmaxsat -m /tmp/org_bg_mxogvpds.wcnf,,,,,UWrMaxSAT,,,,traditional,pairwise+direct,,,,,,,,,,,,
,,,,,,,,,ticf-14crafa.fixed020-Forb,b2b-d9c3ce3e96e527f8,b2b-lineage-ticf-14crafa,fixed,ORG-F-PW-DE-PHC-BGD2-UW-OBIC12P,ORGFull,N/A,Pairwise,Direct-E,PerSlotHoleCardinality,BreakGroupsD2,UWrMaxSAT,OldBestIC12+,OPTIMAL,SAT,21,21,bg_d2,21,21,21,,,21,1,11.88082,False,515.125,MaxSAT,ORGHistorical,ORG-Historical-BG-d2,Published-style,Published-style/Full,independent_reimplementation,one-shot weighted MaxSAT,352704,,,,,,,712269,780,713049,6644,346060,1948867,79,baseline2__model-org_historical_maxsat__m-full__p-pairwise__g-direct__b-per_slot_hole_cardinality__o-break_groups_d2__s-uwrmaxsat__i-old_best_ic12plus__fairness-d2,baseline2__model-org_historical_maxsat__m-full__p-pairwise__g-direct__b-per_slot_hole_cardinality__o-break_groups_d2__s-uwrmaxsat__i-old_best_ic12plus__fairness-d2,legacy_full,n/a,pairwise,direct,UWrMaxSAT,UWrMaxSAT,binary-sha256:8c68c8a386d3d7847b50d315143c2bab60e3514e59510e84a649db83cb303876,org_historical_bg_d2_old_best,per_slot_hole_cardinality,total_break_groups_subject_to_range_at_most_2,BGD2,OBIC12P,1948087,780,1,1176,300672,312391,98030,1,780,780,1,,,,,,0,,,,,,,"formalism-specific model size: SAT/MaxSAT reports base CNF and soft clauses, MIP reports variables/linear constraints/nonzeros, and CP reports integer variables plus linear/global constraints; SAT bound/totalizer overhead remains separate in optimizer_added_*",6644,,,6644,,,,,,,,,,0.003181,0.752478,,0.752478,11.125161,"wall-clock from immediately before reading/parsing the .dzn instance through model construction, optimization, solution decoding, and independent validation; excludes worker-process startup and result-file export",15,121,,21,2,"1,0,1,1,1,1,0,0,0,0,0,0,0,1,0,0,1,0,2,0,0,0,1,0,1,0,2,0,0,0,0,0,0,0,1,0,0,0,1,0,0,0,0,0,0,0,0,0,0,1,0,0,0,0,0,0,0,0,0,0,1,0,1,1,0,1,0,0,0,1,0,0,0,0,0,0,0,0",peak_process_tree_rss_mb,d9c3ce3e96e527f8474ce7298989a6a42f1abfe7f712d67a2b2f6cb14f0df302,fixed020,data_table07_fixed/ticf-14crafa.fixed020-Forb.dzn,1,data_table07_fixed/ticf-14crafa.fixed020-Forb.dzn,1,data_table07_fixed/ticf-14crafa.fixed020-Forb.dzn,https://imae.udg.edu/Recerca/LAI/,https://ima.udg.edu/Recerca/lai/b2b/b2b.zip,,2026-08-15T05:19:51+00:00,7200.0,,ee80a6fbd8b513f7c010668495c39621a371266a,True,3.10.12,1.8.dev25,instance-20260810-085803,Linux-6.8.0-1065-gcp-x86_64-with-glibc2.35,x86_64,4,8,15988.055,1,0,/home/g24021555/Business-Meeting-Scheduling-Problem/.venv/bin/python /home/g24021555/Business-Meeting-Scheduling-Problem/src/ORG_BG_D2.py --data-dir data_table07_fixed --family all --backend uwrmaxsat --uwrmaxsat-bin /home/g24021555/uwrmaxsat/build/release/bin/uwrmaxsat --uwrmaxsat-sha256 8c68c8a386d3d7847b50d315143c2bab60e3514e59510e84a649db83cb303876 --timeout 7200 --csv output/org_old_bg_d2/data_table07_fixed.csv --no-excel,/home/g24021555/uwrmaxsat/build/release/bin/uwrmaxsat,8c68c8a386d3d7847b50d315143c2bab60e3514e59510e84a649db83cb303876,/home/g24021555/uwrmaxsat/build/release/bin/uwrmaxsat -m /tmp/org_bg_0rdz8plx.wcnf,,,,,UWrMaxSAT,,,,traditional,pairwise+direct,21,,,,,,,,,"21,7,10,12,11,12,13,18,16,17,17,4,7,1,5,10,2,6,11,9,2,12,16,13,6,8,11,14,16,13,20,13,5,16,6,7,8,12,4,20,15,17,18,15,16,10,7,11,3,1,12,9,2,3,8,10,11,11,9,12,15,6,14,18,15,14,19,4,21,9,5,6,3,10,8,11,5,6,14,9,0,12,13,16,2,15,3,14,18,13,11,17,12,20,11,10,8,13,7,9,10,15,18,13,12,16,14,17,13,5,7,12,6,8,13,0,3,1,11,4,10,8,9,4,7,5,10,1,11,2,9,14,8,11,13,9,4,12,7,5,6,14,12,6,3,15,5,4,18,6,12,13,3,11,10,14,4,15,14,16,13,19,16,15,3,1,8,12,11,17,7,6,13,14,6,19,15,4,12,9,8,7,5,10,13,8,12,17,13,18,16,14,15,19,8,6,7,9,7,6,5,2,3,4,16,17,20,14,15,18,19,13,10,16,17,11,12,21,18,5,0,14,16,1,8,17,7,4,3,19,2,13,10,12,20,9,11,15,6,9,2,3,12,4,3,10,2,8,5,9,6,7,8,9,10,7,12,11,4,10,0,11,6,9,7,1,5,3,8,2,9,8,11,7,10,9,4,6,11,5,7,10,8,8,10,7,9,15,14,16,10,7,4,8,6,1,9,2,0,3,5,11",,
,,,,,,,,,forum-13crafc.fixed020-Forb,b2b-daea3b64518d4996,b2b-lineage-forum-13crafc,fixed,ORG-F-PW-DE-PHC-BGD2-UW-OBIC12P,ORGFull,N/A,Pairwise,Direct-E,PerSlotHoleCardinality,BreakGroupsD2,UWrMaxSAT,OldBestIC12+,OPTIMAL,SAT,20,20,bg_d2,20,20,20,,,20,1,5.06672,False,286.062,MaxSAT,ORGHistorical,ORG-Historical-BG-d2,Published-style,Published-style/Full,independent_reimplementation,one-shot weighted MaxSAT,200226,,,,,,,399927,700,400627,3234,196992,1149021,71,baseline2__model-org_historical_maxsat__m-full__p-pairwise__g-direct__b-per_slot_hole_cardinality__o-break_groups_d2__s-uwrmaxsat__i-old_best_ic12plus__fairness-d2,baseline2__model-org_historical_maxsat__m-full__p-pairwise__g-direct__b-per_slot_hole_cardinality__o-break_groups_d2__s-uwrmaxsat__i-old_best_ic12plus__fairness-d2,legacy_full,n/a,pairwise,direct,UWrMaxSAT,UWrMaxSAT,binary-sha256:8c68c8a386d3d7847b50d315143c2bab60e3514e59510e84a649db83cb303876,org_historical_bg_d2_old_best,per_slot_hole_cardinality,total_break_groups_subject_to_range_at_most_2,BGD2,OBIC12P,1148321,700,1,1148,137712,179821,81246,1,700,700,1,,,,,,0,,,,,,,"formalism-specific model size: SAT/MaxSAT reports base CNF and soft clauses, MIP reports variables/linear constraints/nonzeros, and CP reports integer variables plus linear/global constraints; SAT bound/totalizer overhead remains separate in optimizer_added_*",3234,,,3234,,,,,,,,,,0.001917,0.408776,,0.408776,4.656027,"wall-clock from immediately before reading/parsing the .dzn instance through model construction, optimization, solution decoding, and independent validation; excludes worker-process startup and result-file export",13,117,,20,2,"0,0,1,0,1,1,0,0,0,0,0,0,0,0,0,0,0,1,0,0,0,0,0,0,0,1,1,0,0,0,0,0,0,1,0,0,0,0,2,2,1,1,0,1,0,1,0,0,0,1,0,0,0,0,0,2,1,0,0,0,0,0,0,0,0,1,0,0,0,0",peak_process_tree_rss_mb,daea3b64518d49962d2b9ae74012c5acc9e3d8b30857ced446e269701fee3ffd,fixed020,data_table07_fixed/forum-13crafc.fixed020-Forb.dzn,1,data_table07_fixed/forum-13crafc.fixed020-Forb.dzn,1,data_table07_fixed/forum-13crafc.fixed020-Forb.dzn,https://imae.udg.edu/Recerca/LAI/,https://ima.udg.edu/Recerca/lai/b2b/b2b.zip,,2026-08-15T05:19:51+00:00,7200.0,,ee80a6fbd8b513f7c010668495c39621a371266a,True,3.10.12,1.8.dev25,instance-20260810-085803,Linux-6.8.0-1065-gcp-x86_64-with-glibc2.35,x86_64,4,8,15988.055,1,0,/home/g24021555/Business-Meeting-Scheduling-Problem/.venv/bin/python /home/g24021555/Business-Meeting-Scheduling-Problem/src/ORG_BG_D2.py --data-dir data_table07_fixed --family all --backend uwrmaxsat --uwrmaxsat-bin /home/g24021555/uwrmaxsat/build/release/bin/uwrmaxsat --uwrmaxsat-sha256 8c68c8a386d3d7847b50d315143c2bab60e3514e59510e84a649db83cb303876 --timeout 7200 --csv output/org_old_bg_d2/data_table07_fixed.csv --no-excel,/home/g24021555/uwrmaxsat/build/release/bin/uwrmaxsat,8c68c8a386d3d7847b50d315143c2bab60e3514e59510e84a649db83cb303876,/home/g24021555/uwrmaxsat/build/release/bin/uwrmaxsat -m /tmp/org_bg_0m8n58l2.wcnf,,,,,UWrMaxSAT,,,,traditional,pairwise+direct,20,,,,,,,,,"5,4,7,3,2,6,8,1,0,13,11,8,7,10,12,14,9,13,3,2,7,4,5,6,6,9,2,6,1,3,4,7,5,3,4,12,10,8,9,11,11,12,13,15,14,12,8,6,3,11,1,15,14,2,13,12,18,5,11,12,10,9,6,5,19,4,3,8,3,4,7,1,2,5,6,9,10,4,5,11,10,12,7,3,9,2,6,8,4,19,3,9,8,7,10,13,5,6,12,3,9,2,11,10,9,10,6,12,8,7,11,5,4,7,12,4,5,8,9,10,11,8,10,14,13,11,4,3,9,5,12,7,6,6,18,5,2,7,4,20,15,0,19,3,16,1,8,17,11,7,9,12,10,8",,
,,,,,,,,,forumt-14.fixed040-Forb,b2b-dff1ddf7eb8b23ee,b2b-lineage-forumt-14,fixed,ORG-F-PW-DE-PHC-BGD2-UW-OBIC12P,ORGFull,N/A,Pairwise,Direct-E,PerSlotHoleCardinality,BreakGroupsD2,UWrMaxSAT,OldBestIC12+,UNSAT,UNSAT,,,bg_d2,,,,,,,1,0.601059,False,177.066,MaxSAT,ORGHistorical,ORG-Historical-BG-d2,Published-style,Published-style/Full,independent_reimplementation,one-shot weighted MaxSAT,81817,,,,,,,170465,240,170705,2370,79447,424988,61,baseline2__model-org_historical_maxsat__m-full__p-pairwise__g-direct__b-per_slot_hole_cardinality__o-break_groups_d2__s-uwrmaxsat__i-old_best_ic12plus__fairness-d2,baseline2__model-org_historical_maxsat__m-full__p-pairwise__g-direct__b-per_slot_hole_cardinality__o-break_groups_d2__s-uwrmaxsat__i-old_best_ic12plus__fairness-d2,legacy_full,n/a,pairwise,direct,UWrMaxSAT,UWrMaxSAT,binary-sha256:8c68c8a386d3d7847b50d315143c2bab60e3514e59510e84a649db83cb303876,org_historical_bg_d2_old_best,per_slot_hole_cardinality,total_break_groups_subject_to_range_at_most_2,BGD2,OBIC12P,424748,240,1,576,95890,68838,5161,1,240,240,1,,,,,,0,,,,,,,"formalism-specific model size: SAT/MaxSAT reports base CNF and soft clauses, MIP reports variables/linear constraints/nonzeros, and CP reports integer variables plus linear/global constraints; SAT bound/totalizer overhead remains separate in optimizer_added_*",2370,,,2370,,,,,,,,,,0.002556,0.175634,,0.175634,0.422869,"wall-clock from immediately before reading/parsing the .dzn instance through model construction, optimization, solution decoding, and independent validation; excludes worker-process startup and result-file export",,,,,,,peak_process_tree_rss_mb,dff1ddf7eb8b23ee4899c176aac307b597da0c151d88ba72f55641245f664ff6,fixed040,data_table07_fixed/forumt-14.fixed040-Forb.dzn,1,data_table07_fixed/forumt-14.fixed040-Forb.dzn,1,data_table07_fixed/forumt-14.fixed040-Forb.dzn,https://imae.udg.edu/Recerca/LAI/,https://ima.udg.edu/Recerca/lai/b2b/b2b.zip,,2026-08-15T05:19:51+00:00,7200.0,,ee80a6fbd8b513f7c010668495c39621a371266a,True,3.10.12,1.8.dev25,instance-20260810-085803,Linux-6.8.0-1065-gcp-x86_64-with-glibc2.35,x86_64,4,8,15988.055,1,0,/home/g24021555/Business-Meeting-Scheduling-Problem/.venv/bin/python /home/g24021555/Business-Meeting-Scheduling-Problem/src/ORG_BG_D2.py --data-dir data_table07_fixed --family all --backend uwrmaxsat --uwrmaxsat-bin /home/g24021555/uwrmaxsat/build/release/bin/uwrmaxsat --uwrmaxsat-sha256 8c68c8a386d3d7847b50d315143c2bab60e3514e59510e84a649db83cb303876 --timeout 7200 --csv output/org_old_bg_d2/data_table07_fixed.csv --no-excel,/home/g24021555/uwrmaxsat/build/release/bin/uwrmaxsat,8c68c8a386d3d7847b50d315143c2bab60e3514e59510e84a649db83cb303876,/home/g24021555/uwrmaxsat/build/release/bin/uwrmaxsat -m /tmp/org_bg_4tr20ocz.wcnf,,,,,UWrMaxSAT,,,,traditional,pairwise+direct,,,,,,,,,,,,
,,,,,,,,,tic-12.fixed020-Forb,b2b-ec94e147e93f141b,b2b-lineage-tic-12,fixed,ORG-F-PW-DE-PHC-BGD2-UW-OBIC12P,ORGFull,N/A,Pairwise,Direct-E,PerSlotHoleCardinality,BreakGroupsD2,UWrMaxSAT,OldBestIC12+,OPTIMAL,SAT,1,1,bg_d2,1,1,1,,,1,1,0.218864,False,145.945,MaxSAT,ORGHistorical,ORG-Historical-BG-d2,Published-style,Published-style/Full,independent_reimplementation,one-shot weighted MaxSAT,24902,,,,,,,53521,126,53647,1000,23902,132280,43,baseline2__model-org_historical_maxsat__m-full__p-pairwise__g-direct__b-per_slot_hole_cardinality__o-break_groups_d2__s-uwrmaxsat__i-old_best_ic12plus__fairness-d2,baseline2__model-org_historical_maxsat__m-full__p-pairwise__g-direct__b-per_slot_hole_cardinality__o-break_groups_d2__s-uwrmaxsat__i-old_best_ic12plus__fairness-d2,legacy_full,n/a,pairwise,direct,UWrMaxSAT,UWrMaxSAT,binary-sha256:8c68c8a386d3d7847b50d315143c2bab60e3514e59510e84a649db83cb303876,org_historical_bg_d2_old_best,per_slot_hole_cardinality,total_break_groups_subject_to_range_at_most_2,BGD2,OBIC12P,132154,126,1,259,31572,20023,1667,1,126,126,1,,,,,,0,,,,,,,"formalism-specific model size: SAT/MaxSAT reports base CNF and soft clauses, MIP reports variables/linear constraints/nonzeros, and CP reports integer variables plus linear/global constraints; SAT bound/totalizer overhead remains separate in optimizer_added_*",1000,,,1000,,,,,,,,,,0.001446,0.05651,,0.05651,0.160909,"wall-clock from immediately before reading/parsing the .dzn instance through model construction, optimization, solution decoding, and independent validation; excludes worker-process startup and result-file export",5,5,,1,1,"0,0,0,0,0,0,0,0,0,0,0,0,0,0,0,0,0,0,0,0,0,0,0,0,0,0,0,0,1,0,0,0,0,0,0,0,0,0,0,0,0,0",peak_process_tree_rss_mb,ec94e147e93f141b2f4bfb25021a9e18a4fce2883d22c7a7f15ee41cdd15e037,fixed020,data_table07_fixed/tic-12.fixed020-Forb.dzn,1,data_table07_fixed/tic-12.fixed020-Forb.dzn,1,data_table07_fixed/tic-12.fixed020-Forb.dzn,https://imae.udg.edu/Recerca/LAI/,https://ima.udg.edu/Recerca/lai/b2b/b2b.zip,,2026-08-15T05:19:51+00:00,7200.0,,ee80a6fbd8b513f7c010668495c39621a371266a,True,3.10.12,1.8.dev25,instance-20260810-085803,Linux-6.8.0-1065-gcp-x86_64-with-glibc2.35,x86_64,4,8,15988.055,1,0,/home/g24021555/Business-Meeting-Scheduling-Problem/.venv/bin/python /home/g24021555/Business-Meeting-Scheduling-Problem/src/ORG_BG_D2.py --data-dir data_table07_fixed --family all --backend uwrmaxsat --uwrmaxsat-bin /home/g24021555/uwrmaxsat/build/release/bin/uwrmaxsat --uwrmaxsat-sha256 8c68c8a386d3d7847b50d315143c2bab60e3514e59510e84a649db83cb303876 --timeout 7200 --csv output/org_old_bg_d2/data_table07_fixed.csv --no-excel,/home/g24021555/uwrmaxsat/build/release/bin/uwrmaxsat,8c68c8a386d3d7847b50d315143c2bab60e3514e59510e84a649db83cb303876,/home/g24021555/uwrmaxsat/build/release/bin/uwrmaxsat -m /tmp/org_bg_hq8g9zwx.wcnf,,,,,UWrMaxSAT,,,,traditional,pairwise+direct,1,,,,,,,,,"5,3,4,6,7,7,3,7,1,0,2,1,4,5,6,0,2,7,3,7,5,6,3,4,5,2,1,7,3,6,0,4,2,4,5,1,3,6,5,3,0,7,4,1,2,4,2,7,6,3,0,4,1,2,6,3,5,4,0,6,4,1,5,3,2,0,6,1,2,5,3,4,1,6,0,2,5,4,6,7,0,4,3,2,5,1,1,2,5,4,0,2,5,0,4,3,6,7,1,4,3,5,2,1,7,5,4,2,3,6,1,5,3,6,0,4,7,2,1,3,6,7,4,0,5",,
,,,,,,,,,ticf-13crafb.fixed040-Forb,b2b-edbb467b1644ee00,b2b-lineage-ticf-13crafb,fixed,ORG-F-PW-DE-PHC-BGD2-UW-OBIC12P,ORGFull,N/A,Pairwise,Direct-E,PerSlotHoleCardinality,BreakGroupsD2,UWrMaxSAT,OldBestIC12+,UNSAT,UNSAT,,,bg_d2,,,,,,,1,1.74212,False,250.02,MaxSAT,ORGHistorical,ORG-Historical-BG-d2,Published-style,Published-style/Full,independent_reimplementation,one-shot weighted MaxSAT,246673,,,,,,,497562,760,498322,4290,242383,1417455,77,baseline2__model-org_historical_maxsat__m-full__p-pairwise__g-direct__b-per_slot_hole_cardinality__o-break_groups_d2__s-uwrmaxsat__i-old_best_ic12plus__fairness-d2,baseline2__model-org_historical_maxsat__m-full__p-pairwise__g-direct__b-per_slot_hole_cardinality__o-break_groups_d2__s-uwrmaxsat__i-old_best_ic12plus__fairness-d2,legacy_full,n/a,pairwise,direct,UWrMaxSAT,UWrMaxSAT,binary-sha256:8c68c8a386d3d7847b50d315143c2bab60e3514e59510e84a649db83cb303876,org_historical_bg_d2_old_best,per_slot_hole_cardinality,total_break_groups_subject_to_range_at_most_2,BGD2,OBIC12P,1416695,760,1,1592,178206,222695,95069,1,760,760,1,,,,,,0,,,,,,,"formalism-specific model size: SAT/MaxSAT reports base CNF and soft clauses, MIP reports variables/linear constraints/nonzeros, and CP reports integer variables plus linear/global constraints; SAT bound/totalizer overhead remains separate in optimizer_added_*",4290,,,4290,,,,,,,,,,0.002207,0.536568,,0.536568,1.203345,"wall-clock from immediately before reading/parsing the .dzn instance through model construction, optimization, solution decoding, and independent validation; excludes worker-process startup and result-file export",,,,,,,peak_process_tree_rss_mb,edbb467b1644ee009e701d103d5b94e5a65cd3f1d60336194bae80e5e20e0515,fixed040,data_table07_fixed/ticf-13crafb.fixed040-Forb.dzn,1,data_table07_fixed/ticf-13crafb.fixed040-Forb.dzn,1,data_table07_fixed/ticf-13crafb.fixed040-Forb.dzn,https://imae.udg.edu/Recerca/LAI/,https://ima.udg.edu/Recerca/lai/b2b/b2b.zip,,2026-08-15T05:19:51+00:00,7200.0,,ee80a6fbd8b513f7c010668495c39621a371266a,True,3.10.12,1.8.dev25,instance-20260810-085803,Linux-6.8.0-1065-gcp-x86_64-with-glibc2.35,x86_64,4,8,15988.055,1,0,/home/g24021555/Business-Meeting-Scheduling-Problem/.venv/bin/python /home/g24021555/Business-Meeting-Scheduling-Problem/src/ORG_BG_D2.py --data-dir data_table07_fixed --family all --backend uwrmaxsat --uwrmaxsat-bin /home/g24021555/uwrmaxsat/build/release/bin/uwrmaxsat --uwrmaxsat-sha256 8c68c8a386d3d7847b50d315143c2bab60e3514e59510e84a649db83cb303876 --timeout 7200 --csv output/org_old_bg_d2/data_table07_fixed.csv --no-excel,/home/g24021555/uwrmaxsat/build/release/bin/uwrmaxsat,8c68c8a386d3d7847b50d315143c2bab60e3514e59510e84a649db83cb303876,/home/g24021555/uwrmaxsat/build/release/bin/uwrmaxsat -m /tmp/org_bg_h34k9f1z.wcnf,,,,,UWrMaxSAT,,,,traditional,pairwise+direct,,,,,,,,,,,,
