instance,precedence_encoding,precedence_graph,precedence_configuration,domain_filter_graph,solver,objective,objective_mode,domain_mode,basic,imp1,imp2,imp12,imp12+,n/a
forum-13.fixed020-Forb,pairwise,direct,pairwise+direct,distance_closure,incremental,total_break_groups_subject_to_range_at_most_2,bg_d2,full,-,-,-,-,2.2 20,-
forum-13.fixed020-Forb,pairwise,direct,pairwise+direct,distance_closure,maxsat,total_break_groups_subject_to_range_at_most_2,bg_d2,full,-,-,-,-,2.9 20,-
forum-13.fixed020-Forb,pairwise,direct,pairwise+direct,distance_closure,multiple,total_break_groups_subject_to_range_at_most_2,bg_d2,full,-,-,-,-,5.9 20,-
forum-13.fixed020-Forb,pairwise,distance_closure,pairwise+distance_closure,distance_closure,incremental,total_break_groups_subject_to_range_at_most_2,bg_d2,full,-,-,-,-,2.3 20,-
forum-13.fixed020-Forb,pairwise,distance_closure,pairwise+distance_closure,distance_closure,maxsat,total_break_groups_subject_to_range_at_most_2,bg_d2,full,-,-,-,-,2.9 20,-
forum-13.fixed020-Forb,pairwise,distance_closure,pairwise+distance_closure,distance_closure,multiple,total_break_groups_subject_to_range_at_most_2,bg_d2,full,-,-,-,-,6.0 20,-
forum-13.fixed020-Forb,sparse_suffix,direct,sparse_suffix+direct,distance_closure,incremental,total_break_groups_subject_to_range_at_most_2,bg_d2,full,-,-,-,-,2.3 20,-
forum-13.fixed020-Forb,sparse_suffix,direct,sparse_suffix+direct,distance_closure,maxsat,total_break_groups_subject_to_range_at_most_2,bg_d2,full,-,-,-,-,3.0 20,-
forum-13.fixed020-Forb,sparse_suffix,direct,sparse_suffix+direct,distance_closure,multiple,total_break_groups_subject_to_range_at_most_2,bg_d2,full,-,-,-,-,6.0 20,-
forum-13.fixed020-Forb,sparse_suffix,distance_closure,sparse_suffix+distance_closure,distance_closure,incremental,total_break_groups_subject_to_range_at_most_2,bg_d2,full,-,-,-,-,2.4 20,-
forum-13.fixed020-Forb,sparse_suffix,distance_closure,sparse_suffix+distance_closure,distance_closure,maxsat,total_break_groups_subject_to_range_at_most_2,bg_d2,full,-,-,-,-,3.0 20,-
forum-13.fixed020-Forb,sparse_suffix,distance_closure,sparse_suffix+distance_closure,distance_closure,multiple,total_break_groups_subject_to_range_at_most_2,bg_d2,full,-,-,-,-,6.3 20,-
forum-13.fixed020-Forb,pairwise,direct,pairwise+direct,distance_closure,incremental,total_break_groups_subject_to_range_at_most_2,bg_d2,reduced,-,-,-,-,2.1 20,-
forum-13.fixed020-Forb,pairwise,direct,pairwise+direct,distance_closure,maxsat,total_break_groups_subject_to_range_at_most_2,bg_d2,reduced,-,-,-,-,2.6 20,-
forum-13.fixed020-Forb,pairwise,direct,pairwise+direct,distance_closure,multiple,total_break_groups_subject_to_range_at_most_2,bg_d2,reduced,-,-,-,-,4.3 20,-
forum-13.fixed020-Forb,pairwise,distance_closure,pairwise+distance_closure,distance_closure,incremental,total_break_groups_subject_to_range_at_most_2,bg_d2,reduced,-,-,-,-,2.1 20,-
forum-13.fixed020-Forb,pairwise,distance_closure,pairwise+distance_closure,distance_closure,maxsat,total_break_groups_subject_to_range_at_most_2,bg_d2,reduced,-,-,-,-,2.6 20,-
forum-13.fixed020-Forb,pairwise,distance_closure,pairwise+distance_closure,distance_closure,multiple,total_break_groups_subject_to_range_at_most_2,bg_d2,reduced,-,-,-,-,4.3 20,-
forum-13.fixed020-Forb,sparse_suffix,direct,sparse_suffix+direct,distance_closure,incremental,total_break_groups_subject_to_range_at_most_2,bg_d2,reduced,-,-,-,-,2.1 20,-
forum-13.fixed020-Forb,sparse_suffix,direct,sparse_suffix+direct,distance_closure,maxsat,total_break_groups_subject_to_range_at_most_2,bg_d2,reduced,-,-,-,-,2.7 20,-
forum-13.fixed020-Forb,sparse_suffix,direct,sparse_suffix+direct,distance_closure,multiple,total_break_groups_subject_to_range_at_most_2,bg_d2,reduced,-,-,-,-,4.4 20,-
forum-13.fixed020-Forb,sparse_suffix,distance_closure,sparse_suffix+distance_closure,distance_closure,incremental,total_break_groups_subject_to_range_at_most_2,bg_d2,reduced,-,-,-,-,2.1 20,-
forum-13.fixed020-Forb,sparse_suffix,distance_closure,sparse_suffix+distance_closure,distance_closure,maxsat,total_break_groups_subject_to_range_at_most_2,bg_d2,reduced,-,-,-,-,2.6 20,-
forum-13.fixed020-Forb,sparse_suffix,distance_closure,sparse_suffix+distance_closure,distance_closure,multiple,total_break_groups_subject_to_range_at_most_2,bg_d2,reduced,-,-,-,-,4.3 20,-
forum-13.fixed040-Forb,pairwise,direct,pairwise+direct,distance_closure,incremental,total_break_groups_subject_to_range_at_most_2,bg_d2,full,-,-,-,-,1.9 49,-
forum-13.fixed040-Forb,pairwise,direct,pairwise+direct,distance_closure,maxsat,total_break_groups_subject_to_range_at_most_2,bg_d2,full,-,-,-,-,1.7 49,-
forum-13.fixed040-Forb,pairwise,direct,pairwise+direct,distance_closure,multiple,total_break_groups_subject_to_range_at_most_2,bg_d2,full,-,-,-,-,4.6 49,-
forum-13.fixed040-Forb,pairwise,distance_closure,pairwise+distance_closure,distance_closure,incremental,total_break_groups_subject_to_range_at_most_2,bg_d2,full,-,-,-,-,1.8 49,-
forum-13.fixed040-Forb,pairwise,distance_closure,pairwise+distance_closure,distance_closure,maxsat,total_break_groups_subject_to_range_at_most_2,bg_d2,full,-,-,-,-,1.7 49,-
forum-13.fixed040-Forb,pairwise,distance_closure,pairwise+distance_closure,distance_closure,multiple,total_break_groups_subject_to_range_at_most_2,bg_d2,full,-,-,-,-,4.7 49,-
forum-13.fixed040-Forb,sparse_suffix,direct,sparse_suffix+direct,distance_closure,incremental,total_break_groups_subject_to_range_at_most_2,bg_d2,full,-,-,-,-,1.9 49,-
forum-13.fixed040-Forb,sparse_suffix,direct,sparse_suffix+direct,distance_closure,maxsat,total_break_groups_subject_to_range_at_most_2,bg_d2,full,-,-,-,-,1.6 49,-
forum-13.fixed040-Forb,sparse_suffix,direct,sparse_suffix+direct,distance_closure,multiple,total_break_groups_subject_to_range_at_most_2,bg_d2,full,-,-,-,-,4.6 49,-
forum-13.fixed040-Forb,sparse_suffix,distance_closure,sparse_suffix+distance_closure,distance_closure,incremental,total_break_groups_subject_to_range_at_most_2,bg_d2,full,-,-,-,-,1.9 49,-
forum-13.fixed040-Forb,sparse_suffix,distance_closure,sparse_suffix+distance_closure,distance_closure,maxsat,total_break_groups_subject_to_range_at_most_2,bg_d2,full,-,-,-,-,1.7 49,-
forum-13.fixed040-Forb,sparse_suffix,distance_closure,sparse_suffix+distance_closure,distance_closure,multiple,total_break_groups_subject_to_range_at_most_2,bg_d2,full,-,-,-,-,4.6 49,-
forum-13.fixed040-Forb,pairwise,direct,pairwise+direct,distance_closure,incremental,total_break_groups_subject_to_range_at_most_2,bg_d2,reduced,-,-,-,-,1.2 49,-
forum-13.fixed040-Forb,pairwise,direct,pairwise+direct,distance_closure,maxsat,total_break_groups_subject_to_range_at_most_2,bg_d2,reduced,-,-,-,-,1.6 49,-
forum-13.fixed040-Forb,pairwise,direct,pairwise+direct,distance_closure,multiple,total_break_groups_subject_to_range_at_most_2,bg_d2,reduced,-,-,-,-,3.6 49,-
forum-13.fixed040-Forb,pairwise,distance_closure,pairwise+distance_closure,distance_closure,incremental,total_break_groups_subject_to_range_at_most_2,bg_d2,reduced,-,-,-,-,1.2 49,-
forum-13.fixed040-Forb,pairwise,distance_closure,pairwise+distance_closure,distance_closure,maxsat,total_break_groups_subject_to_range_at_most_2,bg_d2,reduced,-,-,-,-,1.7 49,-
forum-13.fixed040-Forb,pairwise,distance_closure,pairwise+distance_closure,distance_closure,multiple,total_break_groups_subject_to_range_at_most_2,bg_d2,reduced,-,-,-,-,3.7 49,-
forum-13.fixed040-Forb,sparse_suffix,direct,sparse_suffix+direct,distance_closure,incremental,total_break_groups_subject_to_range_at_most_2,bg_d2,reduced,-,-,-,-,1.3 49,-
forum-13.fixed040-Forb,sparse_suffix,direct,sparse_suffix+direct,distance_closure,maxsat,total_break_groups_subject_to_range_at_most_2,bg_d2,reduced,-,-,-,-,1.7 49,-
forum-13.fixed040-Forb,sparse_suffix,direct,sparse_suffix+direct,distance_closure,multiple,total_break_groups_subject_to_range_at_most_2,bg_d2,reduced,-,-,-,-,3.6 49,-
forum-13.fixed040-Forb,sparse_suffix,distance_closure,sparse_suffix+distance_closure,distance_closure,incremental,total_break_groups_subject_to_range_at_most_2,bg_d2,reduced,-,-,-,-,1.3 49,-
forum-13.fixed040-Forb,sparse_suffix,distance_closure,sparse_suffix+distance_closure,distance_closure,maxsat,total_break_groups_subject_to_range_at_most_2,bg_d2,reduced,-,-,-,-,1.7 49,-
forum-13.fixed040-Forb,sparse_suffix,distance_closure,sparse_suffix+distance_closure,distance_closure,multiple,total_break_groups_subject_to_range_at_most_2,bg_d2,reduced,-,-,-,-,3.6 49,-
forum-13crafb.fixed020-Forb,pairwise,direct,pairwise+direct,distance_closure,incremental,total_break_groups_subject_to_range_at_most_2,bg_d2,full,-,-,-,-,4.4 30,-
forum-13crafb.fixed020-Forb,pairwise,direct,pairwise+direct,distance_closure,maxsat,total_break_groups_subject_to_range_at_most_2,bg_d2,full,-,-,-,-,4.1 30,-
forum-13crafb.fixed020-Forb,pairwise,direct,pairwise+direct,distance_closure,multiple,total_break_groups_subject_to_range_at_most_2,bg_d2,full,-,-,-,-,11.7 30,-
forum-13crafb.fixed020-Forb,pairwise,distance_closure,pairwise+distance_closure,distance_closure,incremental,total_break_groups_subject_to_range_at_most_2,bg_d2,full,-,-,-,-,4.4 30,-
forum-13crafb.fixed020-Forb,pairwise,distance_closure,pairwise+distance_closure,distance_closure,maxsat,total_break_groups_subject_to_range_at_most_2,bg_d2,full,-,-,-,-,4.2 30,-
forum-13crafb.fixed020-Forb,pairwise,distance_closure,pairwise+distance_closure,distance_closure,multiple,total_break_groups_subject_to_range_at_most_2,bg_d2,full,-,-,-,-,11.8 30,-
forum-13crafb.fixed020-Forb,sparse_suffix,direct,sparse_suffix+direct,distance_closure,incremental,total_break_groups_subject_to_range_at_most_2,bg_d2,full,-,-,-,-,4.4 30,-
forum-13crafb.fixed020-Forb,sparse_suffix,direct,sparse_suffix+direct,distance_closure,maxsat,total_break_groups_subject_to_range_at_most_2,bg_d2,full,-,-,-,-,4.2 30,-
forum-13crafb.fixed020-Forb,sparse_suffix,direct,sparse_suffix+direct,distance_closure,multiple,total_break_groups_subject_to_range_at_most_2,bg_d2,full,-,-,-,-,11.7 30,-
forum-13crafb.fixed020-Forb,sparse_suffix,distance_closure,sparse_suffix+distance_closure,distance_closure,incremental,total_break_groups_subject_to_range_at_most_2,bg_d2,full,-,-,-,-,4.4 30,-
forum-13crafb.fixed020-Forb,sparse_suffix,distance_closure,sparse_suffix+distance_closure,distance_closure,maxsat,total_break_groups_subject_to_range_at_most_2,bg_d2,full,-,-,-,-,4.2 30,-
forum-13crafb.fixed020-Forb,sparse_suffix,distance_closure,sparse_suffix+distance_closure,distance_closure,multiple,total_break_groups_subject_to_range_at_most_2,bg_d2,full,-,-,-,-,11.7 30,-
forum-13crafb.fixed020-Forb,pairwise,direct,pairwise+direct,distance_closure,incremental,total_break_groups_subject_to_range_at_most_2,bg_d2,reduced,-,-,-,-,5.0 30,-
forum-13crafb.fixed020-Forb,pairwise,direct,pairwise+direct,distance_closure,maxsat,total_break_groups_subject_to_range_at_most_2,bg_d2,reduced,-,-,-,-,4.1 30,-
forum-13crafb.fixed020-Forb,pairwise,direct,pairwise+direct,distance_closure,multiple,total_break_groups_subject_to_range_at_most_2,bg_d2,reduced,-,-,-,-,9.7 30,-
forum-13crafb.fixed020-Forb,pairwise,distance_closure,pairwise+distance_closure,distance_closure,incremental,total_break_groups_subject_to_range_at_most_2,bg_d2,reduced,-,-,-,-,5.0 30,-
forum-13crafb.fixed020-Forb,pairwise,distance_closure,pairwise+distance_closure,distance_closure,maxsat,total_break_groups_subject_to_range_at_most_2,bg_d2,reduced,-,-,-,-,4.2 30,-
forum-13crafb.fixed020-Forb,pairwise,distance_closure,pairwise+distance_closure,distance_closure,multiple,total_break_groups_subject_to_range_at_most_2,bg_d2,reduced,-,-,-,-,9.8 30,-
forum-13crafb.fixed020-Forb,sparse_suffix,direct,sparse_suffix+direct,distance_closure,incremental,total_break_groups_subject_to_range_at_most_2,bg_d2,reduced,-,-,-,-,5.2 30,-
forum-13crafb.fixed020-Forb,sparse_suffix,direct,sparse_suffix+direct,distance_closure,maxsat,total_break_groups_subject_to_range_at_most_2,bg_d2,reduced,-,-,-,-,4.3 30,-
forum-13crafb.fixed020-Forb,sparse_suffix,direct,sparse_suffix+direct,distance_closure,multiple,total_break_groups_subject_to_range_at_most_2,bg_d2,reduced,-,-,-,-,9.9 30,-
forum-13crafb.fixed020-Forb,sparse_suffix,distance_closure,sparse_suffix+distance_closure,distance_closure,incremental,total_break_groups_subject_to_range_at_most_2,bg_d2,reduced,-,-,-,-,5.2 30,-
forum-13crafb.fixed020-Forb,sparse_suffix,distance_closure,sparse_suffix+distance_closure,distance_closure,maxsat,total_break_groups_subject_to_range_at_most_2,bg_d2,reduced,-,-,-,-,4.3 30,-
forum-13crafb.fixed020-Forb,sparse_suffix,distance_closure,sparse_suffix+distance_closure,distance_closure,multiple,total_break_groups_subject_to_range_at_most_2,bg_d2,reduced,-,-,-,-,10.1 30,-
forum-13crafb.fixed040-Forb,pairwise,direct,pairwise+direct,distance_closure,incremental,total_break_groups_subject_to_range_at_most_2,bg_d2,full,-,-,-,-,UNSAT,-
forum-13crafb.fixed040-Forb,pairwise,direct,pairwise+direct,distance_closure,maxsat,total_break_groups_subject_to_range_at_most_2,bg_d2,full,-,-,-,-,UNSAT,-
forum-13crafb.fixed040-Forb,pairwise,direct,pairwise+direct,distance_closure,multiple,total_break_groups_subject_to_range_at_most_2,bg_d2,full,-,-,-,-,UNSAT,-
forum-13crafb.fixed040-Forb,pairwise,distance_closure,pairwise+distance_closure,distance_closure,incremental,total_break_groups_subject_to_range_at_most_2,bg_d2,full,-,-,-,-,UNSAT,-
forum-13crafb.fixed040-Forb,pairwise,distance_closure,pairwise+distance_closure,distance_closure,maxsat,total_break_groups_subject_to_range_at_most_2,bg_d2,full,-,-,-,-,UNSAT,-
forum-13crafb.fixed040-Forb,pairwise,distance_closure,pairwise+distance_closure,distance_closure,multiple,total_break_groups_subject_to_range_at_most_2,bg_d2,full,-,-,-,-,UNSAT,-
forum-13crafb.fixed040-Forb,sparse_suffix,direct,sparse_suffix+direct,distance_closure,incremental,total_break_groups_subject_to_range_at_most_2,bg_d2,full,-,-,-,-,UNSAT,-
forum-13crafb.fixed040-Forb,sparse_suffix,direct,sparse_suffix+direct,distance_closure,maxsat,total_break_groups_subject_to_range_at_most_2,bg_d2,full,-,-,-,-,UNSAT,-
forum-13crafb.fixed040-Forb,sparse_suffix,direct,sparse_suffix+direct,distance_closure,multiple,total_break_groups_subject_to_range_at_most_2,bg_d2,full,-,-,-,-,UNSAT,-
forum-13crafb.fixed040-Forb,sparse_suffix,distance_closure,sparse_suffix+distance_closure,distance_closure,incremental,total_break_groups_subject_to_range_at_most_2,bg_d2,full,-,-,-,-,UNSAT,-
forum-13crafb.fixed040-Forb,sparse_suffix,distance_closure,sparse_suffix+distance_closure,distance_closure,maxsat,total_break_groups_subject_to_range_at_most_2,bg_d2,full,-,-,-,-,UNSAT,-
forum-13crafb.fixed040-Forb,sparse_suffix,distance_closure,sparse_suffix+distance_closure,distance_closure,multiple,total_break_groups_subject_to_range_at_most_2,bg_d2,full,-,-,-,-,UNSAT,-
forum-13crafb.fixed040-Forb,pairwise,direct,pairwise+direct,distance_closure,incremental,total_break_groups_subject_to_range_at_most_2,bg_d2,reduced,-,-,-,-,UNSAT,-
forum-13crafb.fixed040-Forb,pairwise,direct,pairwise+direct,distance_closure,maxsat,total_break_groups_subject_to_range_at_most_2,bg_d2,reduced,-,-,-,-,UNSAT,-
forum-13crafb.fixed040-Forb,pairwise,direct,pairwise+direct,distance_closure,multiple,total_break_groups_subject_to_range_at_most_2,bg_d2,reduced,-,-,-,-,UNSAT,-
forum-13crafb.fixed040-Forb,pairwise,distance_closure,pairwise+distance_closure,distance_closure,incremental,total_break_groups_subject_to_range_at_most_2,bg_d2,reduced,-,-,-,-,UNSAT,-
forum-13crafb.fixed040-Forb,pairwise,distance_closure,pairwise+distance_closure,distance_closure,maxsat,total_break_groups_subject_to_range_at_most_2,bg_d2,reduced,-,-,-,-,UNSAT,-
forum-13crafb.fixed040-Forb,pairwise,distance_closure,pairwise+distance_closure,distance_closure,multiple,total_break_groups_subject_to_range_at_most_2,bg_d2,reduced,-,-,-,-,UNSAT,-
forum-13crafb.fixed040-Forb,sparse_suffix,direct,sparse_suffix+direct,distance_closure,incremental,total_break_groups_subject_to_range_at_most_2,bg_d2,reduced,-,-,-,-,UNSAT,-
forum-13crafb.fixed040-Forb,sparse_suffix,direct,sparse_suffix+direct,distance_closure,maxsat,total_break_groups_subject_to_range_at_most_2,bg_d2,reduced,-,-,-,-,UNSAT,-
forum-13crafb.fixed040-Forb,sparse_suffix,direct,sparse_suffix+direct,distance_closure,multiple,total_break_groups_subject_to_range_at_most_2,bg_d2,reduced,-,-,-,-,UNSAT,-
forum-13crafb.fixed040-Forb,sparse_suffix,distance_closure,sparse_suffix+distance_closure,distance_closure,incremental,total_break_groups_subject_to_range_at_most_2,bg_d2,reduced,-,-,-,-,UNSAT,-
forum-13crafb.fixed040-Forb,sparse_suffix,distance_closure,sparse_suffix+distance_closure,distance_closure,maxsat,total_break_groups_subject_to_range_at_most_2,bg_d2,reduced,-,-,-,-,UNSAT,-
forum-13crafb.fixed040-Forb,sparse_suffix,distance_closure,sparse_suffix+distance_closure,distance_closure,multiple,total_break_groups_subject_to_range_at_most_2,bg_d2,reduced,-,-,-,-,UNSAT,-
forum-13crafc.fixed020-Forb,pairwise,direct,pairwise+direct,distance_closure,incremental,total_break_groups_subject_to_range_at_most_2,bg_d2,full,-,-,-,-,2.6 20,-
forum-13crafc.fixed020-Forb,pairwise,direct,pairwise+direct,distance_closure,maxsat,total_break_groups_subject_to_range_at_most_2,bg_d2,full,-,-,-,-,4.7 20,-
forum-13crafc.fixed020-Forb,pairwise,direct,pairwise+direct,distance_closure,multiple,total_break_groups_subject_to_range_at_most_2,bg_d2,full,-,-,-,-,6.4 20,-
forum-13crafc.fixed020-Forb,pairwise,distance_closure,pairwise+distance_closure,distance_closure,incremental,total_break_groups_subject_to_range_at_most_2,bg_d2,full,-,-,-,-,2.6 20,-
forum-13crafc.fixed020-Forb,pairwise,distance_closure,pairwise+distance_closure,distance_closure,maxsat,total_break_groups_subject_to_range_at_most_2,bg_d2,full,-,-,-,-,4.7 20,-
forum-13crafc.fixed020-Forb,pairwise,distance_closure,pairwise+distance_closure,distance_closure,multiple,total_break_groups_subject_to_range_at_most_2,bg_d2,full,-,-,-,-,6.3 20,-
forum-13crafc.fixed020-Forb,sparse_suffix,direct,sparse_suffix+direct,distance_closure,incremental,total_break_groups_subject_to_range_at_most_2,bg_d2,full,-,-,-,-,2.6 20,-
forum-13crafc.fixed020-Forb,sparse_suffix,direct,sparse_suffix+direct,distance_closure,maxsat,total_break_groups_subject_to_range_at_most_2,bg_d2,full,-,-,-,-,4.7 20,-
forum-13crafc.fixed020-Forb,sparse_suffix,direct,sparse_suffix+direct,distance_closure,multiple,total_break_groups_subject_to_range_at_most_2,bg_d2,full,-,-,-,-,6.3 20,-
forum-13crafc.fixed020-Forb,sparse_suffix,distance_closure,sparse_suffix+distance_closure,distance_closure,incremental,total_break_groups_subject_to_range_at_most_2,bg_d2,full,-,-,-,-,2.6 20,-
forum-13crafc.fixed020-Forb,sparse_suffix,distance_closure,sparse_suffix+distance_closure,distance_closure,maxsat,total_break_groups_subject_to_range_at_most_2,bg_d2,full,-,-,-,-,4.7 20,-
forum-13crafc.fixed020-Forb,sparse_suffix,distance_closure,sparse_suffix+distance_closure,distance_closure,multiple,total_break_groups_subject_to_range_at_most_2,bg_d2,full,-,-,-,-,6.3 20,-
forum-13crafc.fixed020-Forb,pairwise,direct,pairwise+direct,distance_closure,incremental,total_break_groups_subject_to_range_at_most_2,bg_d2,reduced,-,-,-,-,2.5 20,-
forum-13crafc.fixed020-Forb,pairwise,direct,pairwise+direct,distance_closure,maxsat,total_break_groups_subject_to_range_at_most_2,bg_d2,reduced,-,-,-,-,3.2 20,-
forum-13crafc.fixed020-Forb,pairwise,direct,pairwise+direct,distance_closure,multiple,total_break_groups_subject_to_range_at_most_2,bg_d2,reduced,-,-,-,-,8.7 20,-
forum-13crafc.fixed020-Forb,pairwise,distance_closure,pairwise+distance_closure,distance_closure,incremental,total_break_groups_subject_to_range_at_most_2,bg_d2,reduced,-,-,-,-,2.5 20,-
forum-13crafc.fixed020-Forb,pairwise,distance_closure,pairwise+distance_closure,distance_closure,maxsat,total_break_groups_subject_to_range_at_most_2,bg_d2,reduced,-,-,-,-,3.3 20,-
forum-13crafc.fixed020-Forb,pairwise,distance_closure,pairwise+distance_closure,distance_closure,multiple,total_break_groups_subject_to_range_at_most_2,bg_d2,reduced,-,-,-,-,8.7 20,-
forum-13crafc.fixed020-Forb,sparse_suffix,direct,sparse_suffix+direct,distance_closure,incremental,total_break_groups_subject_to_range_at_most_2,bg_d2,reduced,-,-,-,-,2.5 20,-
forum-13crafc.fixed020-Forb,sparse_suffix,direct,sparse_suffix+direct,distance_closure,maxsat,total_break_groups_subject_to_range_at_most_2,bg_d2,reduced,-,-,-,-,3.2 20,-
forum-13crafc.fixed020-Forb,sparse_suffix,direct,sparse_suffix+direct,distance_closure,multiple,total_break_groups_subject_to_range_at_most_2,bg_d2,reduced,-,-,-,-,8.9 20,-
forum-13crafc.fixed020-Forb,sparse_suffix,distance_closure,sparse_suffix+distance_closure,distance_closure,incremental,total_break_groups_subject_to_range_at_most_2,bg_d2,reduced,-,-,-,-,2.5 20,-
forum-13crafc.fixed020-Forb,sparse_suffix,distance_closure,sparse_suffix+distance_closure,distance_closure,maxsat,total_break_groups_subject_to_range_at_most_2,bg_d2,reduced,-,-,-,-,3.3 20,-
forum-13crafc.fixed020-Forb,sparse_suffix,distance_closure,sparse_suffix+distance_closure,distance_closure,multiple,total_break_groups_subject_to_range_at_most_2,bg_d2,reduced,-,-,-,-,8.7 20,-
forum-13crafc.fixed040-Forb,pairwise,direct,pairwise+direct,distance_closure,incremental,total_break_groups_subject_to_range_at_most_2,bg_d2,full,-,-,-,-,2.0 50,-
forum-13crafc.fixed040-Forb,pairwise,direct,pairwise+direct,distance_closure,maxsat,total_break_groups_subject_to_range_at_most_2,bg_d2,full,-,-,-,-,2.7 50,-
forum-13crafc.fixed040-Forb,pairwise,direct,pairwise+direct,distance_closure,multiple,total_break_groups_subject_to_range_at_most_2,bg_d2,full,-,-,-,-,6.7 50,-
forum-13crafc.fixed040-Forb,pairwise,distance_closure,pairwise+distance_closure,distance_closure,incremental,total_break_groups_subject_to_range_at_most_2,bg_d2,full,-,-,-,-,2.0 50,-
forum-13crafc.fixed040-Forb,pairwise,distance_closure,pairwise+distance_closure,distance_closure,maxsat,total_break_groups_subject_to_range_at_most_2,bg_d2,full,-,-,-,-,2.6 50,-
forum-13crafc.fixed040-Forb,pairwise,distance_closure,pairwise+distance_closure,distance_closure,multiple,total_break_groups_subject_to_range_at_most_2,bg_d2,full,-,-,-,-,6.7 50,-
forum-13crafc.fixed040-Forb,sparse_suffix,direct,sparse_suffix+direct,distance_closure,incremental,total_break_groups_subject_to_range_at_most_2,bg_d2,full,-,-,-,-,1.9 50,-
forum-13crafc.fixed040-Forb,sparse_suffix,direct,sparse_suffix+direct,distance_closure,maxsat,total_break_groups_subject_to_range_at_most_2,bg_d2,full,-,-,-,-,2.6 50,-
forum-13crafc.fixed040-Forb,sparse_suffix,direct,sparse_suffix+direct,distance_closure,multiple,total_break_groups_subject_to_range_at_most_2,bg_d2,full,-,-,-,-,6.6 50,-
forum-13crafc.fixed040-Forb,sparse_suffix,distance_closure,sparse_suffix+distance_closure,distance_closure,incremental,total_break_groups_subject_to_range_at_most_2,bg_d2,full,-,-,-,-,1.9 50,-
forum-13crafc.fixed040-Forb,sparse_suffix,distance_closure,sparse_suffix+distance_closure,distance_closure,maxsat,total_break_groups_subject_to_range_at_most_2,bg_d2,full,-,-,-,-,2.6 50,-
forum-13crafc.fixed040-Forb,sparse_suffix,distance_closure,sparse_suffix+distance_closure,distance_closure,multiple,total_break_groups_subject_to_range_at_most_2,bg_d2,full,-,-,-,-,6.6 50,-
forum-13crafc.fixed040-Forb,pairwise,direct,pairwise+direct,distance_closure,incremental,total_break_groups_subject_to_range_at_most_2,bg_d2,reduced,-,-,-,-,1.6 50,-
forum-13crafc.fixed040-Forb,pairwise,direct,pairwise+direct,distance_closure,maxsat,total_break_groups_subject_to_range_at_most_2,bg_d2,reduced,-,-,-,-,1.9 50,-
forum-13crafc.fixed040-Forb,pairwise,direct,pairwise+direct,distance_closure,multiple,total_break_groups_subject_to_range_at_most_2,bg_d2,reduced,-,-,-,-,5.4 50,-
forum-13crafc.fixed040-Forb,pairwise,distance_closure,pairwise+distance_closure,distance_closure,incremental,total_break_groups_subject_to_range_at_most_2,bg_d2,reduced,-,-,-,-,1.6 50,-
forum-13crafc.fixed040-Forb,pairwise,distance_closure,pairwise+distance_closure,distance_closure,maxsat,total_break_groups_subject_to_range_at_most_2,bg_d2,reduced,-,-,-,-,1.9 50,-
forum-13crafc.fixed040-Forb,pairwise,distance_closure,pairwise+distance_closure,distance_closure,multiple,total_break_groups_subject_to_range_at_most_2,bg_d2,reduced,-,-,-,-,5.4 50,-
forum-13crafc.fixed040-Forb,sparse_suffix,direct,sparse_suffix+direct,distance_closure,incremental,total_break_groups_subject_to_range_at_most_2,bg_d2,reduced,-,-,-,-,1.6 50,-
forum-13crafc.fixed040-Forb,sparse_suffix,direct,sparse_suffix+direct,distance_closure,maxsat,total_break_groups_subject_to_range_at_most_2,bg_d2,reduced,-,-,-,-,1.9 50,-
forum-13crafc.fixed040-Forb,sparse_suffix,direct,sparse_suffix+direct,distance_closure,multiple,total_break_groups_subject_to_range_at_most_2,bg_d2,reduced,-,-,-,-,5.5 50,-
forum-13crafc.fixed040-Forb,sparse_suffix,distance_closure,sparse_suffix+distance_closure,distance_closure,incremental,total_break_groups_subject_to_range_at_most_2,bg_d2,reduced,-,-,-,-,1.6 50,-
forum-13crafc.fixed040-Forb,sparse_suffix,distance_closure,sparse_suffix+distance_closure,distance_closure,maxsat,total_break_groups_subject_to_range_at_most_2,bg_d2,reduced,-,-,-,-,1.9 50,-
forum-13crafc.fixed040-Forb,sparse_suffix,distance_closure,sparse_suffix+distance_closure,distance_closure,multiple,total_break_groups_subject_to_range_at_most_2,bg_d2,reduced,-,-,-,-,5.5 50,-
forum-14.fixed020-Forb,pairwise,direct,pairwise+direct,distance_closure,incremental,total_break_groups_subject_to_range_at_most_2,bg_d2,full,-,-,-,-,9.2 20,-
forum-14.fixed020-Forb,pairwise,direct,pairwise+direct,distance_closure,maxsat,total_break_groups_subject_to_range_at_most_2,bg_d2,full,-,-,-,-,11.2 20,-
forum-14.fixed020-Forb,pairwise,direct,pairwise+direct,distance_closure,multiple,total_break_groups_subject_to_range_at_most_2,bg_d2,full,-,-,-,-,17.7 20,-
forum-14.fixed020-Forb,pairwise,distance_closure,pairwise+distance_closure,distance_closure,incremental,total_break_groups_subject_to_range_at_most_2,bg_d2,full,-,-,-,-,9.1 20,-
forum-14.fixed020-Forb,pairwise,distance_closure,pairwise+distance_closure,distance_closure,maxsat,total_break_groups_subject_to_range_at_most_2,bg_d2,full,-,-,-,-,11.2 20,-
forum-14.fixed020-Forb,pairwise,distance_closure,pairwise+distance_closure,distance_closure,multiple,total_break_groups_subject_to_range_at_most_2,bg_d2,full,-,-,-,-,17.6 20,-
forum-14.fixed020-Forb,sparse_suffix,direct,sparse_suffix+direct,distance_closure,incremental,total_break_groups_subject_to_range_at_most_2,bg_d2,full,-,-,-,-,9.3 20,-
forum-14.fixed020-Forb,sparse_suffix,direct,sparse_suffix+direct,distance_closure,maxsat,total_break_groups_subject_to_range_at_most_2,bg_d2,full,-,-,-,-,11.0 20,-
forum-14.fixed020-Forb,sparse_suffix,direct,sparse_suffix+direct,distance_closure,multiple,total_break_groups_subject_to_range_at_most_2,bg_d2,full,-,-,-,-,17.8 20,-
forum-14.fixed020-Forb,sparse_suffix,distance_closure,sparse_suffix+distance_closure,distance_closure,incremental,total_break_groups_subject_to_range_at_most_2,bg_d2,full,-,-,-,-,9.3 20,-
forum-14.fixed020-Forb,sparse_suffix,distance_closure,sparse_suffix+distance_closure,distance_closure,maxsat,total_break_groups_subject_to_range_at_most_2,bg_d2,full,-,-,-,-,11.0 20,-
forum-14.fixed020-Forb,sparse_suffix,distance_closure,sparse_suffix+distance_closure,distance_closure,multiple,total_break_groups_subject_to_range_at_most_2,bg_d2,full,-,-,-,-,17.5 20,-
forum-14.fixed020-Forb,pairwise,direct,pairwise+direct,distance_closure,incremental,total_break_groups_subject_to_range_at_most_2,bg_d2,reduced,-,-,-,-,12.3 20,-
forum-14.fixed020-Forb,pairwise,direct,pairwise+direct,distance_closure,maxsat,total_break_groups_subject_to_range_at_most_2,bg_d2,reduced,-,-,-,-,5.0 20,-
forum-14.fixed020-Forb,pairwise,direct,pairwise+direct,distance_closure,multiple,total_break_groups_subject_to_range_at_most_2,bg_d2,reduced,-,-,-,-,17.1 20,-
forum-14.fixed020-Forb,pairwise,distance_closure,pairwise+distance_closure,distance_closure,incremental,total_break_groups_subject_to_range_at_most_2,bg_d2,reduced,-,-,-,-,12.6 20,-
forum-14.fixed020-Forb,pairwise,distance_closure,pairwise+distance_closure,distance_closure,maxsat,total_break_groups_subject_to_range_at_most_2,bg_d2,reduced,-,-,-,-,4.8 20,-
forum-14.fixed020-Forb,pairwise,distance_closure,pairwise+distance_closure,distance_closure,multiple,total_break_groups_subject_to_range_at_most_2,bg_d2,reduced,-,-,-,-,17.5 20,-
forum-14.fixed020-Forb,sparse_suffix,direct,sparse_suffix+direct,distance_closure,incremental,total_break_groups_subject_to_range_at_most_2,bg_d2,reduced,-,-,-,-,12.3 20,-
forum-14.fixed020-Forb,sparse_suffix,direct,sparse_suffix+direct,distance_closure,maxsat,total_break_groups_subject_to_range_at_most_2,bg_d2,reduced,-,-,-,-,4.8 20,-
forum-14.fixed020-Forb,sparse_suffix,direct,sparse_suffix+direct,distance_closure,multiple,total_break_groups_subject_to_range_at_most_2,bg_d2,reduced,-,-,-,-,17.1 20,-
forum-14.fixed020-Forb,sparse_suffix,distance_closure,sparse_suffix+distance_closure,distance_closure,incremental,total_break_groups_subject_to_range_at_most_2,bg_d2,reduced,-,-,-,-,12.3 20,-
forum-14.fixed020-Forb,sparse_suffix,distance_closure,sparse_suffix+distance_closure,distance_closure,maxsat,total_break_groups_subject_to_range_at_most_2,bg_d2,reduced,-,-,-,-,4.8 20,-
forum-14.fixed020-Forb,sparse_suffix,distance_closure,sparse_suffix+distance_closure,distance_closure,multiple,total_break_groups_subject_to_range_at_most_2,bg_d2,reduced,-,-,-,-,16.9 20,-
forum-14.fixed040-Forb,pairwise,direct,pairwise+direct,distance_closure,incremental,total_break_groups_subject_to_range_at_most_2,bg_d2,full,-,-,-,-,UNSAT,-
forum-14.fixed040-Forb,pairwise,direct,pairwise+direct,distance_closure,maxsat,total_break_groups_subject_to_range_at_most_2,bg_d2,full,-,-,-,-,UNSAT,-
forum-14.fixed040-Forb,pairwise,direct,pairwise+direct,distance_closure,multiple,total_break_groups_subject_to_range_at_most_2,bg_d2,full,-,-,-,-,UNSAT,-
forum-14.fixed040-Forb,pairwise,distance_closure,pairwise+distance_closure,distance_closure,incremental,total_break_groups_subject_to_range_at_most_2,bg_d2,full,-,-,-,-,UNSAT,-
forum-14.fixed040-Forb,pairwise,distance_closure,pairwise+distance_closure,distance_closure,maxsat,total_break_groups_subject_to_range_at_most_2,bg_d2,full,-,-,-,-,UNSAT,-
forum-14.fixed040-Forb,pairwise,distance_closure,pairwise+distance_closure,distance_closure,multiple,total_break_groups_subject_to_range_at_most_2,bg_d2,full,-,-,-,-,UNSAT,-
forum-14.fixed040-Forb,sparse_suffix,direct,sparse_suffix+direct,distance_closure,incremental,total_break_groups_subject_to_range_at_most_2,bg_d2,full,-,-,-,-,UNSAT,-
forum-14.fixed040-Forb,sparse_suffix,direct,sparse_suffix+direct,distance_closure,maxsat,total_break_groups_subject_to_range_at_most_2,bg_d2,full,-,-,-,-,UNSAT,-
forum-14.fixed040-Forb,sparse_suffix,direct,sparse_suffix+direct,distance_closure,multiple,total_break_groups_subject_to_range_at_most_2,bg_d2,full,-,-,-,-,UNSAT,-
forum-14.fixed040-Forb,sparse_suffix,distance_closure,sparse_suffix+distance_closure,distance_closure,incremental,total_break_groups_subject_to_range_at_most_2,bg_d2,full,-,-,-,-,UNSAT,-
forum-14.fixed040-Forb,sparse_suffix,distance_closure,sparse_suffix+distance_closure,distance_closure,maxsat,total_break_groups_subject_to_range_at_most_2,bg_d2,full,-,-,-,-,UNSAT,-
forum-14.fixed040-Forb,sparse_suffix,distance_closure,sparse_suffix+distance_closure,distance_closure,multiple,total_break_groups_subject_to_range_at_most_2,bg_d2,full,-,-,-,-,UNSAT,-
forum-14.fixed040-Forb,pairwise,direct,pairwise+direct,distance_closure,incremental,total_break_groups_subject_to_range_at_most_2,bg_d2,reduced,-,-,-,-,UNSAT,-
forum-14.fixed040-Forb,pairwise,direct,pairwise+direct,distance_closure,maxsat,total_break_groups_subject_to_range_at_most_2,bg_d2,reduced,-,-,-,-,UNSAT,-
forum-14.fixed040-Forb,pairwise,direct,pairwise+direct,distance_closure,multiple,total_break_groups_subject_to_range_at_most_2,bg_d2,reduced,-,-,-,-,UNSAT,-
forum-14.fixed040-Forb,pairwise,distance_closure,pairwise+distance_closure,distance_closure,incremental,total_break_groups_subject_to_range_at_most_2,bg_d2,reduced,-,-,-,-,UNSAT,-
forum-14.fixed040-Forb,pairwise,distance_closure,pairwise+distance_closure,distance_closure,maxsat,total_break_groups_subject_to_range_at_most_2,bg_d2,reduced,-,-,-,-,UNSAT,-
forum-14.fixed040-Forb,pairwise,distance_closure,pairwise+distance_closure,distance_closure,multiple,total_break_groups_subject_to_range_at_most_2,bg_d2,reduced,-,-,-,-,UNSAT,-
forum-14.fixed040-Forb,sparse_suffix,direct,sparse_suffix+direct,distance_closure,incremental,total_break_groups_subject_to_range_at_most_2,bg_d2,reduced,-,-,-,-,UNSAT,-
forum-14.fixed040-Forb,sparse_suffix,direct,sparse_suffix+direct,distance_closure,maxsat,total_break_groups_subject_to_range_at_most_2,bg_d2,reduced,-,-,-,-,UNSAT,-
forum-14.fixed040-Forb,sparse_suffix,direct,sparse_suffix+direct,distance_closure,multiple,total_break_groups_subject_to_range_at_most_2,bg_d2,reduced,-,-,-,-,UNSAT,-
forum-14.fixed040-Forb,sparse_suffix,distance_closure,sparse_suffix+distance_closure,distance_closure,incremental,total_break_groups_subject_to_range_at_most_2,bg_d2,reduced,-,-,-,-,UNSAT,-
forum-14.fixed040-Forb,sparse_suffix,distance_closure,sparse_suffix+distance_closure,distance_closure,maxsat,total_break_groups_subject_to_range_at_most_2,bg_d2,reduced,-,-,-,-,UNSAT,-
forum-14.fixed040-Forb,sparse_suffix,distance_closure,sparse_suffix+distance_closure,distance_closure,multiple,total_break_groups_subject_to_range_at_most_2,bg_d2,reduced,-,-,-,-,UNSAT,-
forumt-14.fixed020-Forb,pairwise,direct,pairwise+direct,distance_closure,incremental,total_break_groups_subject_to_range_at_most_2,bg_d2,full,-,-,-,-,0.5 7,-
forumt-14.fixed020-Forb,pairwise,direct,pairwise+direct,distance_closure,maxsat,total_break_groups_subject_to_range_at_most_2,bg_d2,full,-,-,-,-,0.4 7,-
forumt-14.fixed020-Forb,pairwise,direct,pairwise+direct,distance_closure,multiple,total_break_groups_subject_to_range_at_most_2,bg_d2,full,-,-,-,-,0.9 7,-
forumt-14.fixed020-Forb,pairwise,distance_closure,pairwise+distance_closure,distance_closure,incremental,total_break_groups_subject_to_range_at_most_2,bg_d2,full,-,-,-,-,0.5 7,-
forumt-14.fixed020-Forb,pairwise,distance_closure,pairwise+distance_closure,distance_closure,maxsat,total_break_groups_subject_to_range_at_most_2,bg_d2,full,-,-,-,-,0.4 7,-
forumt-14.fixed020-Forb,pairwise,distance_closure,pairwise+distance_closure,distance_closure,multiple,total_break_groups_subject_to_range_at_most_2,bg_d2,full,-,-,-,-,0.9 7,-
forumt-14.fixed020-Forb,sparse_suffix,direct,sparse_suffix+direct,distance_closure,incremental,total_break_groups_subject_to_range_at_most_2,bg_d2,full,-,-,-,-,0.5 7,-
forumt-14.fixed020-Forb,sparse_suffix,direct,sparse_suffix+direct,distance_closure,maxsat,total_break_groups_subject_to_range_at_most_2,bg_d2,full,-,-,-,-,0.4 7,-
forumt-14.fixed020-Forb,sparse_suffix,direct,sparse_suffix+direct,distance_closure,multiple,total_break_groups_subject_to_range_at_most_2,bg_d2,full,-,-,-,-,0.8 7,-
forumt-14.fixed020-Forb,sparse_suffix,distance_closure,sparse_suffix+distance_closure,distance_closure,incremental,total_break_groups_subject_to_range_at_most_2,bg_d2,full,-,-,-,-,0.5 7,-
forumt-14.fixed020-Forb,sparse_suffix,distance_closure,sparse_suffix+distance_closure,distance_closure,maxsat,total_break_groups_subject_to_range_at_most_2,bg_d2,full,-,-,-,-,0.4 7,-
forumt-14.fixed020-Forb,sparse_suffix,distance_closure,sparse_suffix+distance_closure,distance_closure,multiple,total_break_groups_subject_to_range_at_most_2,bg_d2,full,-,-,-,-,0.9 7,-
forumt-14.fixed020-Forb,pairwise,direct,pairwise+direct,distance_closure,incremental,total_break_groups_subject_to_range_at_most_2,bg_d2,reduced,-,-,-,-,0.7 7,-
forumt-14.fixed020-Forb,pairwise,direct,pairwise+direct,distance_closure,maxsat,total_break_groups_subject_to_range_at_most_2,bg_d2,reduced,-,-,-,-,0.6 7,-
forumt-14.fixed020-Forb,pairwise,direct,pairwise+direct,distance_closure,multiple,total_break_groups_subject_to_range_at_most_2,bg_d2,reduced,-,-,-,-,0.9 7,-
forumt-14.fixed020-Forb,pairwise,distance_closure,pairwise+distance_closure,distance_closure,incremental,total_break_groups_subject_to_range_at_most_2,bg_d2,reduced,-,-,-,-,0.7 7,-
forumt-14.fixed020-Forb,pairwise,distance_closure,pairwise+distance_closure,distance_closure,maxsat,total_break_groups_subject_to_range_at_most_2,bg_d2,reduced,-,-,-,-,0.6 7,-
forumt-14.fixed020-Forb,pairwise,distance_closure,pairwise+distance_closure,distance_closure,multiple,total_break_groups_subject_to_range_at_most_2,bg_d2,reduced,-,-,-,-,0.8 7,-
forumt-14.fixed020-Forb,sparse_suffix,direct,sparse_suffix+direct,distance_closure,incremental,total_break_groups_subject_to_range_at_most_2,bg_d2,reduced,-,-,-,-,0.7 7,-
forumt-14.fixed020-Forb,sparse_suffix,direct,sparse_suffix+direct,distance_closure,maxsat,total_break_groups_subject_to_range_at_most_2,bg_d2,reduced,-,-,-,-,0.6 7,-
forumt-14.fixed020-Forb,sparse_suffix,direct,sparse_suffix+direct,distance_closure,multiple,total_break_groups_subject_to_range_at_most_2,bg_d2,reduced,-,-,-,-,0.9 7,-
forumt-14.fixed020-Forb,sparse_suffix,distance_closure,sparse_suffix+distance_closure,distance_closure,incremental,total_break_groups_subject_to_range_at_most_2,bg_d2,reduced,-,-,-,-,0.7 7,-
forumt-14.fixed020-Forb,sparse_suffix,distance_closure,sparse_suffix+distance_closure,distance_closure,maxsat,total_break_groups_subject_to_range_at_most_2,bg_d2,reduced,-,-,-,-,0.6 7,-
forumt-14.fixed020-Forb,sparse_suffix,distance_closure,sparse_suffix+distance_closure,distance_closure,multiple,total_break_groups_subject_to_range_at_most_2,bg_d2,reduced,-,-,-,-,0.9 7,-
forumt-14.fixed040-Forb,pairwise,direct,pairwise+direct,distance_closure,incremental,total_break_groups_subject_to_range_at_most_2,bg_d2,full,-,-,-,-,UNSAT,-
forumt-14.fixed040-Forb,pairwise,direct,pairwise+direct,distance_closure,maxsat,total_break_groups_subject_to_range_at_most_2,bg_d2,full,-,-,-,-,UNSAT,-
forumt-14.fixed040-Forb,pairwise,direct,pairwise+direct,distance_closure,multiple,total_break_groups_subject_to_range_at_most_2,bg_d2,full,-,-,-,-,UNSAT,-
forumt-14.fixed040-Forb,pairwise,distance_closure,pairwise+distance_closure,distance_closure,incremental,total_break_groups_subject_to_range_at_most_2,bg_d2,full,-,-,-,-,UNSAT,-
forumt-14.fixed040-Forb,pairwise,distance_closure,pairwise+distance_closure,distance_closure,maxsat,total_break_groups_subject_to_range_at_most_2,bg_d2,full,-,-,-,-,UNSAT,-
forumt-14.fixed040-Forb,pairwise,distance_closure,pairwise+distance_closure,distance_closure,multiple,total_break_groups_subject_to_range_at_most_2,bg_d2,full,-,-,-,-,UNSAT,-
forumt-14.fixed040-Forb,sparse_suffix,direct,sparse_suffix+direct,distance_closure,incremental,total_break_groups_subject_to_range_at_most_2,bg_d2,full,-,-,-,-,UNSAT,-
forumt-14.fixed040-Forb,sparse_suffix,direct,sparse_suffix+direct,distance_closure,maxsat,total_break_groups_subject_to_range_at_most_2,bg_d2,full,-,-,-,-,UNSAT,-
forumt-14.fixed040-Forb,sparse_suffix,direct,sparse_suffix+direct,distance_closure,multiple,total_break_groups_subject_to_range_at_most_2,bg_d2,full,-,-,-,-,UNSAT,-
forumt-14.fixed040-Forb,sparse_suffix,distance_closure,sparse_suffix+distance_closure,distance_closure,incremental,total_break_groups_subject_to_range_at_most_2,bg_d2,full,-,-,-,-,UNSAT,-
forumt-14.fixed040-Forb,sparse_suffix,distance_closure,sparse_suffix+distance_closure,distance_closure,maxsat,total_break_groups_subject_to_range_at_most_2,bg_d2,full,-,-,-,-,UNSAT,-
forumt-14.fixed040-Forb,sparse_suffix,distance_closure,sparse_suffix+distance_closure,distance_closure,multiple,total_break_groups_subject_to_range_at_most_2,bg_d2,full,-,-,-,-,UNSAT,-
forumt-14.fixed040-Forb,pairwise,direct,pairwise+direct,distance_closure,incremental,total_break_groups_subject_to_range_at_most_2,bg_d2,reduced,-,-,-,-,UNSAT,-
forumt-14.fixed040-Forb,pairwise,direct,pairwise+direct,distance_closure,maxsat,total_break_groups_subject_to_range_at_most_2,bg_d2,reduced,-,-,-,-,UNSAT,-
forumt-14.fixed040-Forb,pairwise,direct,pairwise+direct,distance_closure,multiple,total_break_groups_subject_to_range_at_most_2,bg_d2,reduced,-,-,-,-,UNSAT,-
forumt-14.fixed040-Forb,pairwise,distance_closure,pairwise+distance_closure,distance_closure,incremental,total_break_groups_subject_to_range_at_most_2,bg_d2,reduced,-,-,-,-,UNSAT,-
forumt-14.fixed040-Forb,pairwise,distance_closure,pairwise+distance_closure,distance_closure,maxsat,total_break_groups_subject_to_range_at_most_2,bg_d2,reduced,-,-,-,-,UNSAT,-
forumt-14.fixed040-Forb,pairwise,distance_closure,pairwise+distance_closure,distance_closure,multiple,total_break_groups_subject_to_range_at_most_2,bg_d2,reduced,-,-,-,-,UNSAT,-
forumt-14.fixed040-Forb,sparse_suffix,direct,sparse_suffix+direct,distance_closure,incremental,total_break_groups_subject_to_range_at_most_2,bg_d2,reduced,-,-,-,-,UNSAT,-
forumt-14.fixed040-Forb,sparse_suffix,direct,sparse_suffix+direct,distance_closure,maxsat,total_break_groups_subject_to_range_at_most_2,bg_d2,reduced,-,-,-,-,UNSAT,-
forumt-14.fixed040-Forb,sparse_suffix,direct,sparse_suffix+direct,distance_closure,multiple,total_break_groups_subject_to_range_at_most_2,bg_d2,reduced,-,-,-,-,UNSAT,-
forumt-14.fixed040-Forb,sparse_suffix,distance_closure,sparse_suffix+distance_closure,distance_closure,incremental,total_break_groups_subject_to_range_at_most_2,bg_d2,reduced,-,-,-,-,UNSAT,-
forumt-14.fixed040-Forb,sparse_suffix,distance_closure,sparse_suffix+distance_closure,distance_closure,maxsat,total_break_groups_subject_to_range_at_most_2,bg_d2,reduced,-,-,-,-,UNSAT,-
forumt-14.fixed040-Forb,sparse_suffix,distance_closure,sparse_suffix+distance_closure,distance_closure,multiple,total_break_groups_subject_to_range_at_most_2,bg_d2,reduced,-,-,-,-,UNSAT,-
forumt-14crafc.fixed020-Forb,pairwise,direct,pairwise+direct,distance_closure,incremental,total_break_groups_subject_to_range_at_most_2,bg_d2,full,-,-,-,-,1.1 7,-
forumt-14crafc.fixed020-Forb,pairwise,direct,pairwise+direct,distance_closure,maxsat,total_break_groups_subject_to_range_at_most_2,bg_d2,full,-,-,-,-,0.5 7,-
forumt-14crafc.fixed020-Forb,pairwise,direct,pairwise+direct,distance_closure,multiple,total_break_groups_subject_to_range_at_most_2,bg_d2,full,-,-,-,-,0.7 7,-
forumt-14crafc.fixed020-Forb,pairwise,distance_closure,pairwise+distance_closure,distance_closure,incremental,total_break_groups_subject_to_range_at_most_2,bg_d2,full,-,-,-,-,1.1 7,-
forumt-14crafc.fixed020-Forb,pairwise,distance_closure,pairwise+distance_closure,distance_closure,maxsat,total_break_groups_subject_to_range_at_most_2,bg_d2,full,-,-,-,-,0.5 7,-
forumt-14crafc.fixed020-Forb,pairwise,distance_closure,pairwise+distance_closure,distance_closure,multiple,total_break_groups_subject_to_range_at_most_2,bg_d2,full,-,-,-,-,0.7 7,-
forumt-14crafc.fixed020-Forb,sparse_suffix,direct,sparse_suffix+direct,distance_closure,incremental,total_break_groups_subject_to_range_at_most_2,bg_d2,full,-,-,-,-,1.1 7,-
forumt-14crafc.fixed020-Forb,sparse_suffix,direct,sparse_suffix+direct,distance_closure,maxsat,total_break_groups_subject_to_range_at_most_2,bg_d2,full,-,-,-,-,0.5 7,-
forumt-14crafc.fixed020-Forb,sparse_suffix,direct,sparse_suffix+direct,distance_closure,multiple,total_break_groups_subject_to_range_at_most_2,bg_d2,full,-,-,-,-,0.7 7,-
forumt-14crafc.fixed020-Forb,sparse_suffix,distance_closure,sparse_suffix+distance_closure,distance_closure,incremental,total_break_groups_subject_to_range_at_most_2,bg_d2,full,-,-,-,-,1.1 7,-
forumt-14crafc.fixed020-Forb,sparse_suffix,distance_closure,sparse_suffix+distance_closure,distance_closure,maxsat,total_break_groups_subject_to_range_at_most_2,bg_d2,full,-,-,-,-,0.5 7,-
forumt-14crafc.fixed020-Forb,sparse_suffix,distance_closure,sparse_suffix+distance_closure,distance_closure,multiple,total_break_groups_subject_to_range_at_most_2,bg_d2,full,-,-,-,-,0.8 7,-
forumt-14crafc.fixed020-Forb,pairwise,direct,pairwise+direct,distance_closure,incremental,total_break_groups_subject_to_range_at_most_2,bg_d2,reduced,-,-,-,-,0.3 7,-
forumt-14crafc.fixed020-Forb,pairwise,direct,pairwise+direct,distance_closure,maxsat,total_break_groups_subject_to_range_at_most_2,bg_d2,reduced,-,-,-,-,0.4 7,-
forumt-14crafc.fixed020-Forb,pairwise,direct,pairwise+direct,distance_closure,multiple,total_break_groups_subject_to_range_at_most_2,bg_d2,reduced,-,-,-,-,0.8 7,-
forumt-14crafc.fixed020-Forb,pairwise,distance_closure,pairwise+distance_closure,distance_closure,incremental,total_break_groups_subject_to_range_at_most_2,bg_d2,reduced,-,-,-,-,0.4 7,-
forumt-14crafc.fixed020-Forb,pairwise,distance_closure,pairwise+distance_closure,distance_closure,maxsat,total_break_groups_subject_to_range_at_most_2,bg_d2,reduced,-,-,-,-,0.4 7,-
forumt-14crafc.fixed020-Forb,pairwise,distance_closure,pairwise+distance_closure,distance_closure,multiple,total_break_groups_subject_to_range_at_most_2,bg_d2,reduced,-,-,-,-,0.8 7,-
forumt-14crafc.fixed020-Forb,sparse_suffix,direct,sparse_suffix+direct,distance_closure,incremental,total_break_groups_subject_to_range_at_most_2,bg_d2,reduced,-,-,-,-,0.4 7,-
forumt-14crafc.fixed020-Forb,sparse_suffix,direct,sparse_suffix+direct,distance_closure,maxsat,total_break_groups_subject_to_range_at_most_2,bg_d2,reduced,-,-,-,-,0.4 7,-
forumt-14crafc.fixed020-Forb,sparse_suffix,direct,sparse_suffix+direct,distance_closure,multiple,total_break_groups_subject_to_range_at_most_2,bg_d2,reduced,-,-,-,-,0.8 7,-
forumt-14crafc.fixed020-Forb,sparse_suffix,distance_closure,sparse_suffix+distance_closure,distance_closure,incremental,total_break_groups_subject_to_range_at_most_2,bg_d2,reduced,-,-,-,-,0.4 7,-
forumt-14crafc.fixed020-Forb,sparse_suffix,distance_closure,sparse_suffix+distance_closure,distance_closure,maxsat,total_break_groups_subject_to_range_at_most_2,bg_d2,reduced,-,-,-,-,0.4 7,-
forumt-14crafc.fixed020-Forb,sparse_suffix,distance_closure,sparse_suffix+distance_closure,distance_closure,multiple,total_break_groups_subject_to_range_at_most_2,bg_d2,reduced,-,-,-,-,0.8 7,-
forumt-14crafc.fixed040-Forb,pairwise,direct,pairwise+direct,distance_closure,incremental,total_break_groups_subject_to_range_at_most_2,bg_d2,full,-,-,-,-,UNSAT,-
forumt-14crafc.fixed040-Forb,pairwise,direct,pairwise+direct,distance_closure,maxsat,total_break_groups_subject_to_range_at_most_2,bg_d2,full,-,-,-,-,UNSAT,-
forumt-14crafc.fixed040-Forb,pairwise,direct,pairwise+direct,distance_closure,multiple,total_break_groups_subject_to_range_at_most_2,bg_d2,full,-,-,-,-,UNSAT,-
forumt-14crafc.fixed040-Forb,pairwise,distance_closure,pairwise+distance_closure,distance_closure,incremental,total_break_groups_subject_to_range_at_most_2,bg_d2,full,-,-,-,-,UNSAT,-
forumt-14crafc.fixed040-Forb,pairwise,distance_closure,pairwise+distance_closure,distance_closure,maxsat,total_break_groups_subject_to_range_at_most_2,bg_d2,full,-,-,-,-,UNSAT,-
forumt-14crafc.fixed040-Forb,pairwise,distance_closure,pairwise+distance_closure,distance_closure,multiple,total_break_groups_subject_to_range_at_most_2,bg_d2,full,-,-,-,-,UNSAT,-
forumt-14crafc.fixed040-Forb,sparse_suffix,direct,sparse_suffix+direct,distance_closure,incremental,total_break_groups_subject_to_range_at_most_2,bg_d2,full,-,-,-,-,UNSAT,-
forumt-14crafc.fixed040-Forb,sparse_suffix,direct,sparse_suffix+direct,distance_closure,maxsat,total_break_groups_subject_to_range_at_most_2,bg_d2,full,-,-,-,-,UNSAT,-
forumt-14crafc.fixed040-Forb,sparse_suffix,direct,sparse_suffix+direct,distance_closure,multiple,total_break_groups_subject_to_range_at_most_2,bg_d2,full,-,-,-,-,UNSAT,-
forumt-14crafc.fixed040-Forb,sparse_suffix,distance_closure,sparse_suffix+distance_closure,distance_closure,incremental,total_break_groups_subject_to_range_at_most_2,bg_d2,full,-,-,-,-,UNSAT,-
forumt-14crafc.fixed040-Forb,sparse_suffix,distance_closure,sparse_suffix+distance_closure,distance_closure,maxsat,total_break_groups_subject_to_range_at_most_2,bg_d2,full,-,-,-,-,UNSAT,-
forumt-14crafc.fixed040-Forb,sparse_suffix,distance_closure,sparse_suffix+distance_closure,distance_closure,multiple,total_break_groups_subject_to_range_at_most_2,bg_d2,full,-,-,-,-,UNSAT,-
forumt-14crafc.fixed040-Forb,pairwise,direct,pairwise+direct,distance_closure,incremental,total_break_groups_subject_to_range_at_most_2,bg_d2,reduced,-,-,-,-,UNSAT,-
forumt-14crafc.fixed040-Forb,pairwise,direct,pairwise+direct,distance_closure,maxsat,total_break_groups_subject_to_range_at_most_2,bg_d2,reduced,-,-,-,-,UNSAT,-
forumt-14crafc.fixed040-Forb,pairwise,direct,pairwise+direct,distance_closure,multiple,total_break_groups_subject_to_range_at_most_2,bg_d2,reduced,-,-,-,-,UNSAT,-
forumt-14crafc.fixed040-Forb,pairwise,distance_closure,pairwise+distance_closure,distance_closure,incremental,total_break_groups_subject_to_range_at_most_2,bg_d2,reduced,-,-,-,-,UNSAT,-
forumt-14crafc.fixed040-Forb,pairwise,distance_closure,pairwise+distance_closure,distance_closure,maxsat,total_break_groups_subject_to_range_at_most_2,bg_d2,reduced,-,-,-,-,UNSAT,-
forumt-14crafc.fixed040-Forb,pairwise,distance_closure,pairwise+distance_closure,distance_closure,multiple,total_break_groups_subject_to_range_at_most_2,bg_d2,reduced,-,-,-,-,UNSAT,-
forumt-14crafc.fixed040-Forb,sparse_suffix,direct,sparse_suffix+direct,distance_closure,incremental,total_break_groups_subject_to_range_at_most_2,bg_d2,reduced,-,-,-,-,UNSAT,-
forumt-14crafc.fixed040-Forb,sparse_suffix,direct,sparse_suffix+direct,distance_closure,maxsat,total_break_groups_subject_to_range_at_most_2,bg_d2,reduced,-,-,-,-,UNSAT,-
forumt-14crafc.fixed040-Forb,sparse_suffix,direct,sparse_suffix+direct,distance_closure,multiple,total_break_groups_subject_to_range_at_most_2,bg_d2,reduced,-,-,-,-,UNSAT,-
forumt-14crafc.fixed040-Forb,sparse_suffix,distance_closure,sparse_suffix+distance_closure,distance_closure,incremental,total_break_groups_subject_to_range_at_most_2,bg_d2,reduced,-,-,-,-,UNSAT,-
forumt-14crafc.fixed040-Forb,sparse_suffix,distance_closure,sparse_suffix+distance_closure,distance_closure,maxsat,total_break_groups_subject_to_range_at_most_2,bg_d2,reduced,-,-,-,-,UNSAT,-
forumt-14crafc.fixed040-Forb,sparse_suffix,distance_closure,sparse_suffix+distance_closure,distance_closure,multiple,total_break_groups_subject_to_range_at_most_2,bg_d2,reduced,-,-,-,-,UNSAT,-
forumt-14crafd.fixed020-Forb,pairwise,direct,pairwise+direct,distance_closure,incremental,total_break_groups_subject_to_range_at_most_2,bg_d2,full,-,-,-,-,0.6 9,-
forumt-14crafd.fixed020-Forb,pairwise,direct,pairwise+direct,distance_closure,maxsat,total_break_groups_subject_to_range_at_most_2,bg_d2,full,-,-,-,-,0.6 9,-
forumt-14crafd.fixed020-Forb,pairwise,direct,pairwise+direct,distance_closure,multiple,total_break_groups_subject_to_range_at_most_2,bg_d2,full,-,-,-,-,0.7 9,-
forumt-14crafd.fixed020-Forb,pairwise,distance_closure,pairwise+distance_closure,distance_closure,incremental,total_break_groups_subject_to_range_at_most_2,bg_d2,full,-,-,-,-,0.6 9,-
forumt-14crafd.fixed020-Forb,pairwise,distance_closure,pairwise+distance_closure,distance_closure,maxsat,total_break_groups_subject_to_range_at_most_2,bg_d2,full,-,-,-,-,0.6 9,-
forumt-14crafd.fixed020-Forb,pairwise,distance_closure,pairwise+distance_closure,distance_closure,multiple,total_break_groups_subject_to_range_at_most_2,bg_d2,full,-,-,-,-,0.7 9,-
forumt-14crafd.fixed020-Forb,sparse_suffix,direct,sparse_suffix+direct,distance_closure,incremental,total_break_groups_subject_to_range_at_most_2,bg_d2,full,-,-,-,-,0.5 9,-
forumt-14crafd.fixed020-Forb,sparse_suffix,direct,sparse_suffix+direct,distance_closure,maxsat,total_break_groups_subject_to_range_at_most_2,bg_d2,full,-,-,-,-,0.6 9,-
forumt-14crafd.fixed020-Forb,sparse_suffix,direct,sparse_suffix+direct,distance_closure,multiple,total_break_groups_subject_to_range_at_most_2,bg_d2,full,-,-,-,-,0.7 9,-
forumt-14crafd.fixed020-Forb,sparse_suffix,distance_closure,sparse_suffix+distance_closure,distance_closure,incremental,total_break_groups_subject_to_range_at_most_2,bg_d2,full,-,-,-,-,0.5 9,-
forumt-14crafd.fixed020-Forb,sparse_suffix,distance_closure,sparse_suffix+distance_closure,distance_closure,maxsat,total_break_groups_subject_to_range_at_most_2,bg_d2,full,-,-,-,-,0.6 9,-
forumt-14crafd.fixed020-Forb,sparse_suffix,distance_closure,sparse_suffix+distance_closure,distance_closure,multiple,total_break_groups_subject_to_range_at_most_2,bg_d2,full,-,-,-,-,0.7 9,-
forumt-14crafd.fixed020-Forb,pairwise,direct,pairwise+direct,distance_closure,incremental,total_break_groups_subject_to_range_at_most_2,bg_d2,reduced,-,-,-,-,0.6 9,-
forumt-14crafd.fixed020-Forb,pairwise,direct,pairwise+direct,distance_closure,maxsat,total_break_groups_subject_to_range_at_most_2,bg_d2,reduced,-,-,-,-,0.5 9,-
forumt-14crafd.fixed020-Forb,pairwise,direct,pairwise+direct,distance_closure,multiple,total_break_groups_subject_to_range_at_most_2,bg_d2,reduced,-,-,-,-,0.8 9,-
forumt-14crafd.fixed020-Forb,pairwise,distance_closure,pairwise+distance_closure,distance_closure,incremental,total_break_groups_subject_to_range_at_most_2,bg_d2,reduced,-,-,-,-,0.6 9,-
forumt-14crafd.fixed020-Forb,pairwise,distance_closure,pairwise+distance_closure,distance_closure,maxsat,total_break_groups_subject_to_range_at_most_2,bg_d2,reduced,-,-,-,-,0.5 9,-
forumt-14crafd.fixed020-Forb,pairwise,distance_closure,pairwise+distance_closure,distance_closure,multiple,total_break_groups_subject_to_range_at_most_2,bg_d2,reduced,-,-,-,-,0.7 9,-
forumt-14crafd.fixed020-Forb,sparse_suffix,direct,sparse_suffix+direct,distance_closure,incremental,total_break_groups_subject_to_range_at_most_2,bg_d2,reduced,-,-,-,-,0.6 9,-
forumt-14crafd.fixed020-Forb,sparse_suffix,direct,sparse_suffix+direct,distance_closure,maxsat,total_break_groups_subject_to_range_at_most_2,bg_d2,reduced,-,-,-,-,0.5 9,-
forumt-14crafd.fixed020-Forb,sparse_suffix,direct,sparse_suffix+direct,distance_closure,multiple,total_break_groups_subject_to_range_at_most_2,bg_d2,reduced,-,-,-,-,0.8 9,-
forumt-14crafd.fixed020-Forb,sparse_suffix,distance_closure,sparse_suffix+distance_closure,distance_closure,incremental,total_break_groups_subject_to_range_at_most_2,bg_d2,reduced,-,-,-,-,0.6 9,-
forumt-14crafd.fixed020-Forb,sparse_suffix,distance_closure,sparse_suffix+distance_closure,distance_closure,maxsat,total_break_groups_subject_to_range_at_most_2,bg_d2,reduced,-,-,-,-,0.5 9,-
forumt-14crafd.fixed020-Forb,sparse_suffix,distance_closure,sparse_suffix+distance_closure,distance_closure,multiple,total_break_groups_subject_to_range_at_most_2,bg_d2,reduced,-,-,-,-,0.8 9,-
forumt-14crafd.fixed040-Forb,pairwise,direct,pairwise+direct,distance_closure,incremental,total_break_groups_subject_to_range_at_most_2,bg_d2,full,-,-,-,-,UNSAT,-
forumt-14crafd.fixed040-Forb,pairwise,direct,pairwise+direct,distance_closure,maxsat,total_break_groups_subject_to_range_at_most_2,bg_d2,full,-,-,-,-,UNSAT,-
forumt-14crafd.fixed040-Forb,pairwise,direct,pairwise+direct,distance_closure,multiple,total_break_groups_subject_to_range_at_most_2,bg_d2,full,-,-,-,-,UNSAT,-
forumt-14crafd.fixed040-Forb,pairwise,distance_closure,pairwise+distance_closure,distance_closure,incremental,total_break_groups_subject_to_range_at_most_2,bg_d2,full,-,-,-,-,UNSAT,-
forumt-14crafd.fixed040-Forb,pairwise,distance_closure,pairwise+distance_closure,distance_closure,maxsat,total_break_groups_subject_to_range_at_most_2,bg_d2,full,-,-,-,-,UNSAT,-
forumt-14crafd.fixed040-Forb,pairwise,distance_closure,pairwise+distance_closure,distance_closure,multiple,total_break_groups_subject_to_range_at_most_2,bg_d2,full,-,-,-,-,UNSAT,-
forumt-14crafd.fixed040-Forb,sparse_suffix,direct,sparse_suffix+direct,distance_closure,incremental,total_break_groups_subject_to_range_at_most_2,bg_d2,full,-,-,-,-,UNSAT,-
forumt-14crafd.fixed040-Forb,sparse_suffix,direct,sparse_suffix+direct,distance_closure,maxsat,total_break_groups_subject_to_range_at_most_2,bg_d2,full,-,-,-,-,UNSAT,-
forumt-14crafd.fixed040-Forb,sparse_suffix,direct,sparse_suffix+direct,distance_closure,multiple,total_break_groups_subject_to_range_at_most_2,bg_d2,full,-,-,-,-,UNSAT,-
forumt-14crafd.fixed040-Forb,sparse_suffix,distance_closure,sparse_suffix+distance_closure,distance_closure,incremental,total_break_groups_subject_to_range_at_most_2,bg_d2,full,-,-,-,-,UNSAT,-
forumt-14crafd.fixed040-Forb,sparse_suffix,distance_closure,sparse_suffix+distance_closure,distance_closure,maxsat,total_break_groups_subject_to_range_at_most_2,bg_d2,full,-,-,-,-,UNSAT,-
forumt-14crafd.fixed040-Forb,sparse_suffix,distance_closure,sparse_suffix+distance_closure,distance_closure,multiple,total_break_groups_subject_to_range_at_most_2,bg_d2,full,-,-,-,-,UNSAT,-
forumt-14crafd.fixed040-Forb,pairwise,direct,pairwise+direct,distance_closure,incremental,total_break_groups_subject_to_range_at_most_2,bg_d2,reduced,-,-,-,-,UNSAT,-
forumt-14crafd.fixed040-Forb,pairwise,direct,pairwise+direct,distance_closure,maxsat,total_break_groups_subject_to_range_at_most_2,bg_d2,reduced,-,-,-,-,UNSAT,-
forumt-14crafd.fixed040-Forb,pairwise,direct,pairwise+direct,distance_closure,multiple,total_break_groups_subject_to_range_at_most_2,bg_d2,reduced,-,-,-,-,UNSAT,-
forumt-14crafd.fixed040-Forb,pairwise,distance_closure,pairwise+distance_closure,distance_closure,incremental,total_break_groups_subject_to_range_at_most_2,bg_d2,reduced,-,-,-,-,UNSAT,-
forumt-14crafd.fixed040-Forb,pairwise,distance_closure,pairwise+distance_closure,distance_closure,maxsat,total_break_groups_subject_to_range_at_most_2,bg_d2,reduced,-,-,-,-,UNSAT,-
forumt-14crafd.fixed040-Forb,pairwise,distance_closure,pairwise+distance_closure,distance_closure,multiple,total_break_groups_subject_to_range_at_most_2,bg_d2,reduced,-,-,-,-,UNSAT,-
forumt-14crafd.fixed040-Forb,sparse_suffix,direct,sparse_suffix+direct,distance_closure,incremental,total_break_groups_subject_to_range_at_most_2,bg_d2,reduced,-,-,-,-,UNSAT,-
forumt-14crafd.fixed040-Forb,sparse_suffix,direct,sparse_suffix+direct,distance_closure,maxsat,total_break_groups_subject_to_range_at_most_2,bg_d2,reduced,-,-,-,-,UNSAT,-
forumt-14crafd.fixed040-Forb,sparse_suffix,direct,sparse_suffix+direct,distance_closure,multiple,total_break_groups_subject_to_range_at_most_2,bg_d2,reduced,-,-,-,-,UNSAT,-
forumt-14crafd.fixed040-Forb,sparse_suffix,distance_closure,sparse_suffix+distance_closure,distance_closure,incremental,total_break_groups_subject_to_range_at_most_2,bg_d2,reduced,-,-,-,-,UNSAT,-
forumt-14crafd.fixed040-Forb,sparse_suffix,distance_closure,sparse_suffix+distance_closure,distance_closure,maxsat,total_break_groups_subject_to_range_at_most_2,bg_d2,reduced,-,-,-,-,UNSAT,-
forumt-14crafd.fixed040-Forb,sparse_suffix,distance_closure,sparse_suffix+distance_closure,distance_closure,multiple,total_break_groups_subject_to_range_at_most_2,bg_d2,reduced,-,-,-,-,UNSAT,-
forumt-14crafe.fixed020-Forb,pairwise,direct,pairwise+direct,distance_closure,incremental,total_break_groups_subject_to_range_at_most_2,bg_d2,full,-,-,-,-,0.7 9,-
forumt-14crafe.fixed020-Forb,pairwise,direct,pairwise+direct,distance_closure,maxsat,total_break_groups_subject_to_range_at_most_2,bg_d2,full,-,-,-,-,0.5 9,-
forumt-14crafe.fixed020-Forb,pairwise,direct,pairwise+direct,distance_closure,multiple,total_break_groups_subject_to_range_at_most_2,bg_d2,full,-,-,-,-,0.9 9,-
forumt-14crafe.fixed020-Forb,pairwise,distance_closure,pairwise+distance_closure,distance_closure,incremental,total_break_groups_subject_to_range_at_most_2,bg_d2,full,-,-,-,-,0.7 9,-
forumt-14crafe.fixed020-Forb,pairwise,distance_closure,pairwise+distance_closure,distance_closure,maxsat,total_break_groups_subject_to_range_at_most_2,bg_d2,full,-,-,-,-,0.5 9,-
forumt-14crafe.fixed020-Forb,pairwise,distance_closure,pairwise+distance_closure,distance_closure,multiple,total_break_groups_subject_to_range_at_most_2,bg_d2,full,-,-,-,-,0.9 9,-
forumt-14crafe.fixed020-Forb,sparse_suffix,direct,sparse_suffix+direct,distance_closure,incremental,total_break_groups_subject_to_range_at_most_2,bg_d2,full,-,-,-,-,0.7 9,-
forumt-14crafe.fixed020-Forb,sparse_suffix,direct,sparse_suffix+direct,distance_closure,maxsat,total_break_groups_subject_to_range_at_most_2,bg_d2,full,-,-,-,-,0.5 9,-
forumt-14crafe.fixed020-Forb,sparse_suffix,direct,sparse_suffix+direct,distance_closure,multiple,total_break_groups_subject_to_range_at_most_2,bg_d2,full,-,-,-,-,0.9 9,-
forumt-14crafe.fixed020-Forb,sparse_suffix,distance_closure,sparse_suffix+distance_closure,distance_closure,incremental,total_break_groups_subject_to_range_at_most_2,bg_d2,full,-,-,-,-,0.7 9,-
forumt-14crafe.fixed020-Forb,sparse_suffix,distance_closure,sparse_suffix+distance_closure,distance_closure,maxsat,total_break_groups_subject_to_range_at_most_2,bg_d2,full,-,-,-,-,0.5 9,-
forumt-14crafe.fixed020-Forb,sparse_suffix,distance_closure,sparse_suffix+distance_closure,distance_closure,multiple,total_break_groups_subject_to_range_at_most_2,bg_d2,full,-,-,-,-,0.8 9,-
forumt-14crafe.fixed020-Forb,pairwise,direct,pairwise+direct,distance_closure,incremental,total_break_groups_subject_to_range_at_most_2,bg_d2,reduced,-,-,-,-,0.6 9,-
forumt-14crafe.fixed020-Forb,pairwise,direct,pairwise+direct,distance_closure,maxsat,total_break_groups_subject_to_range_at_most_2,bg_d2,reduced,-,-,-,-,0.5 9,-
forumt-14crafe.fixed020-Forb,pairwise,direct,pairwise+direct,distance_closure,multiple,total_break_groups_subject_to_range_at_most_2,bg_d2,reduced,-,-,-,-,0.6 9,-
forumt-14crafe.fixed020-Forb,pairwise,distance_closure,pairwise+distance_closure,distance_closure,incremental,total_break_groups_subject_to_range_at_most_2,bg_d2,reduced,-,-,-,-,0.6 9,-
forumt-14crafe.fixed020-Forb,pairwise,distance_closure,pairwise+distance_closure,distance_closure,maxsat,total_break_groups_subject_to_range_at_most_2,bg_d2,reduced,-,-,-,-,0.5 9,-
forumt-14crafe.fixed020-Forb,pairwise,distance_closure,pairwise+distance_closure,distance_closure,multiple,total_break_groups_subject_to_range_at_most_2,bg_d2,reduced,-,-,-,-,0.6 9,-
forumt-14crafe.fixed020-Forb,sparse_suffix,direct,sparse_suffix+direct,distance_closure,incremental,total_break_groups_subject_to_range_at_most_2,bg_d2,reduced,-,-,-,-,0.6 9,-
forumt-14crafe.fixed020-Forb,sparse_suffix,direct,sparse_suffix+direct,distance_closure,maxsat,total_break_groups_subject_to_range_at_most_2,bg_d2,reduced,-,-,-,-,0.5 9,-
forumt-14crafe.fixed020-Forb,sparse_suffix,direct,sparse_suffix+direct,distance_closure,multiple,total_break_groups_subject_to_range_at_most_2,bg_d2,reduced,-,-,-,-,0.6 9,-
forumt-14crafe.fixed020-Forb,sparse_suffix,distance_closure,sparse_suffix+distance_closure,distance_closure,incremental,total_break_groups_subject_to_range_at_most_2,bg_d2,reduced,-,-,-,-,0.6 9,-
forumt-14crafe.fixed020-Forb,sparse_suffix,distance_closure,sparse_suffix+distance_closure,distance_closure,maxsat,total_break_groups_subject_to_range_at_most_2,bg_d2,reduced,-,-,-,-,0.5 9,-
forumt-14crafe.fixed020-Forb,sparse_suffix,distance_closure,sparse_suffix+distance_closure,distance_closure,multiple,total_break_groups_subject_to_range_at_most_2,bg_d2,reduced,-,-,-,-,0.6 9,-
forumt-14crafe.fixed040-Forb,pairwise,direct,pairwise+direct,distance_closure,incremental,total_break_groups_subject_to_range_at_most_2,bg_d2,full,-,-,-,-,UNSAT,-
forumt-14crafe.fixed040-Forb,pairwise,direct,pairwise+direct,distance_closure,maxsat,total_break_groups_subject_to_range_at_most_2,bg_d2,full,-,-,-,-,UNSAT,-
forumt-14crafe.fixed040-Forb,pairwise,direct,pairwise+direct,distance_closure,multiple,total_break_groups_subject_to_range_at_most_2,bg_d2,full,-,-,-,-,UNSAT,-
forumt-14crafe.fixed040-Forb,pairwise,distance_closure,pairwise+distance_closure,distance_closure,incremental,total_break_groups_subject_to_range_at_most_2,bg_d2,full,-,-,-,-,UNSAT,-
forumt-14crafe.fixed040-Forb,pairwise,distance_closure,pairwise+distance_closure,distance_closure,maxsat,total_break_groups_subject_to_range_at_most_2,bg_d2,full,-,-,-,-,UNSAT,-
forumt-14crafe.fixed040-Forb,pairwise,distance_closure,pairwise+distance_closure,distance_closure,multiple,total_break_groups_subject_to_range_at_most_2,bg_d2,full,-,-,-,-,UNSAT,-
forumt-14crafe.fixed040-Forb,sparse_suffix,direct,sparse_suffix+direct,distance_closure,incremental,total_break_groups_subject_to_range_at_most_2,bg_d2,full,-,-,-,-,UNSAT,-
forumt-14crafe.fixed040-Forb,sparse_suffix,direct,sparse_suffix+direct,distance_closure,maxsat,total_break_groups_subject_to_range_at_most_2,bg_d2,full,-,-,-,-,UNSAT,-
forumt-14crafe.fixed040-Forb,sparse_suffix,direct,sparse_suffix+direct,distance_closure,multiple,total_break_groups_subject_to_range_at_most_2,bg_d2,full,-,-,-,-,UNSAT,-
forumt-14crafe.fixed040-Forb,sparse_suffix,distance_closure,sparse_suffix+distance_closure,distance_closure,incremental,total_break_groups_subject_to_range_at_most_2,bg_d2,full,-,-,-,-,UNSAT,-
forumt-14crafe.fixed040-Forb,sparse_suffix,distance_closure,sparse_suffix+distance_closure,distance_closure,maxsat,total_break_groups_subject_to_range_at_most_2,bg_d2,full,-,-,-,-,UNSAT,-
forumt-14crafe.fixed040-Forb,sparse_suffix,distance_closure,sparse_suffix+distance_closure,distance_closure,multiple,total_break_groups_subject_to_range_at_most_2,bg_d2,full,-,-,-,-,UNSAT,-
forumt-14crafe.fixed040-Forb,pairwise,direct,pairwise+direct,distance_closure,incremental,total_break_groups_subject_to_range_at_most_2,bg_d2,reduced,-,-,-,-,UNSAT,-
forumt-14crafe.fixed040-Forb,pairwise,direct,pairwise+direct,distance_closure,maxsat,total_break_groups_subject_to_range_at_most_2,bg_d2,reduced,-,-,-,-,UNSAT,-
forumt-14crafe.fixed040-Forb,pairwise,direct,pairwise+direct,distance_closure,multiple,total_break_groups_subject_to_range_at_most_2,bg_d2,reduced,-,-,-,-,UNSAT,-
forumt-14crafe.fixed040-Forb,pairwise,distance_closure,pairwise+distance_closure,distance_closure,incremental,total_break_groups_subject_to_range_at_most_2,bg_d2,reduced,-,-,-,-,UNSAT,-
forumt-14crafe.fixed040-Forb,pairwise,distance_closure,pairwise+distance_closure,distance_closure,maxsat,total_break_groups_subject_to_range_at_most_2,bg_d2,reduced,-,-,-,-,UNSAT,-
forumt-14crafe.fixed040-Forb,pairwise,distance_closure,pairwise+distance_closure,distance_closure,multiple,total_break_groups_subject_to_range_at_most_2,bg_d2,reduced,-,-,-,-,UNSAT,-
forumt-14crafe.fixed040-Forb,sparse_suffix,direct,sparse_suffix+direct,distance_closure,incremental,total_break_groups_subject_to_range_at_most_2,bg_d2,reduced,-,-,-,-,UNSAT,-
forumt-14crafe.fixed040-Forb,sparse_suffix,direct,sparse_suffix+direct,distance_closure,maxsat,total_break_groups_subject_to_range_at_most_2,bg_d2,reduced,-,-,-,-,UNSAT,-
forumt-14crafe.fixed040-Forb,sparse_suffix,direct,sparse_suffix+direct,distance_closure,multiple,total_break_groups_subject_to_range_at_most_2,bg_d2,reduced,-,-,-,-,UNSAT,-
forumt-14crafe.fixed040-Forb,sparse_suffix,distance_closure,sparse_suffix+distance_closure,distance_closure,incremental,total_break_groups_subject_to_range_at_most_2,bg_d2,reduced,-,-,-,-,UNSAT,-
forumt-14crafe.fixed040-Forb,sparse_suffix,distance_closure,sparse_suffix+distance_closure,distance_closure,maxsat,total_break_groups_subject_to_range_at_most_2,bg_d2,reduced,-,-,-,-,UNSAT,-
forumt-14crafe.fixed040-Forb,sparse_suffix,distance_closure,sparse_suffix+distance_closure,distance_closure,multiple,total_break_groups_subject_to_range_at_most_2,bg_d2,reduced,-,-,-,-,UNSAT,-
tic-12.fixed020-Forb,pairwise,direct,pairwise+direct,distance_closure,incremental,total_break_groups_subject_to_range_at_most_2,bg_d2,full,-,-,-,-,0.1 1,-
tic-12.fixed020-Forb,pairwise,direct,pairwise+direct,distance_closure,maxsat,total_break_groups_subject_to_range_at_most_2,bg_d2,full,-,-,-,-,0.1 1,-
tic-12.fixed020-Forb,pairwise,direct,pairwise+direct,distance_closure,multiple,total_break_groups_subject_to_range_at_most_2,bg_d2,full,-,-,-,-,0.1 1,-
tic-12.fixed020-Forb,pairwise,distance_closure,pairwise+distance_closure,distance_closure,incremental,total_break_groups_subject_to_range_at_most_2,bg_d2,full,-,-,-,-,0.1 1,-
tic-12.fixed020-Forb,pairwise,distance_closure,pairwise+distance_closure,distance_closure,maxsat,total_break_groups_subject_to_range_at_most_2,bg_d2,full,-,-,-,-,0.1 1,-
tic-12.fixed020-Forb,pairwise,distance_closure,pairwise+distance_closure,distance_closure,multiple,total_break_groups_subject_to_range_at_most_2,bg_d2,full,-,-,-,-,0.1 1,-
tic-12.fixed020-Forb,sparse_suffix,direct,sparse_suffix+direct,distance_closure,incremental,total_break_groups_subject_to_range_at_most_2,bg_d2,full,-,-,-,-,0.1 1,-
tic-12.fixed020-Forb,sparse_suffix,direct,sparse_suffix+direct,distance_closure,maxsat,total_break_groups_subject_to_range_at_most_2,bg_d2,full,-,-,-,-,0.1 1,-
tic-12.fixed020-Forb,sparse_suffix,direct,sparse_suffix+direct,distance_closure,multiple,total_break_groups_subject_to_range_at_most_2,bg_d2,full,-,-,-,-,0.1 1,-
tic-12.fixed020-Forb,sparse_suffix,distance_closure,sparse_suffix+distance_closure,distance_closure,incremental,total_break_groups_subject_to_range_at_most_2,bg_d2,full,-,-,-,-,0.1 1,-
tic-12.fixed020-Forb,sparse_suffix,distance_closure,sparse_suffix+distance_closure,distance_closure,maxsat,total_break_groups_subject_to_range_at_most_2,bg_d2,full,-,-,-,-,0.1 1,-
tic-12.fixed020-Forb,sparse_suffix,distance_closure,sparse_suffix+distance_closure,distance_closure,multiple,total_break_groups_subject_to_range_at_most_2,bg_d2,full,-,-,-,-,0.1 1,-
tic-12.fixed020-Forb,pairwise,direct,pairwise+direct,distance_closure,incremental,total_break_groups_subject_to_range_at_most_2,bg_d2,reduced,-,-,-,-,0.1 1,-
tic-12.fixed020-Forb,pairwise,direct,pairwise+direct,distance_closure,maxsat,total_break_groups_subject_to_range_at_most_2,bg_d2,reduced,-,-,-,-,0.1 1,-
tic-12.fixed020-Forb,pairwise,direct,pairwise+direct,distance_closure,multiple,total_break_groups_subject_to_range_at_most_2,bg_d2,reduced,-,-,-,-,0.1 1,-
tic-12.fixed020-Forb,pairwise,distance_closure,pairwise+distance_closure,distance_closure,incremental,total_break_groups_subject_to_range_at_most_2,bg_d2,reduced,-,-,-,-,0.1 1,-
tic-12.fixed020-Forb,pairwise,distance_closure,pairwise+distance_closure,distance_closure,maxsat,total_break_groups_subject_to_range_at_most_2,bg_d2,reduced,-,-,-,-,0.1 1,-
tic-12.fixed020-Forb,pairwise,distance_closure,pairwise+distance_closure,distance_closure,multiple,total_break_groups_subject_to_range_at_most_2,bg_d2,reduced,-,-,-,-,0.1 1,-
tic-12.fixed020-Forb,sparse_suffix,direct,sparse_suffix+direct,distance_closure,incremental,total_break_groups_subject_to_range_at_most_2,bg_d2,reduced,-,-,-,-,0.1 1,-
tic-12.fixed020-Forb,sparse_suffix,direct,sparse_suffix+direct,distance_closure,maxsat,total_break_groups_subject_to_range_at_most_2,bg_d2,reduced,-,-,-,-,0.1 1,-
tic-12.fixed020-Forb,sparse_suffix,direct,sparse_suffix+direct,distance_closure,multiple,total_break_groups_subject_to_range_at_most_2,bg_d2,reduced,-,-,-,-,0.1 1,-
tic-12.fixed020-Forb,sparse_suffix,distance_closure,sparse_suffix+distance_closure,distance_closure,incremental,total_break_groups_subject_to_range_at_most_2,bg_d2,reduced,-,-,-,-,0.1 1,-
tic-12.fixed020-Forb,sparse_suffix,distance_closure,sparse_suffix+distance_closure,distance_closure,maxsat,total_break_groups_subject_to_range_at_most_2,bg_d2,reduced,-,-,-,-,0.1 1,-
tic-12.fixed020-Forb,sparse_suffix,distance_closure,sparse_suffix+distance_closure,distance_closure,multiple,total_break_groups_subject_to_range_at_most_2,bg_d2,reduced,-,-,-,-,0.1 1,-
tic-12.fixed040-Forb,pairwise,direct,pairwise+direct,distance_closure,incremental,total_break_groups_subject_to_range_at_most_2,bg_d2,full,-,-,-,-,UNSAT,-
tic-12.fixed040-Forb,pairwise,direct,pairwise+direct,distance_closure,maxsat,total_break_groups_subject_to_range_at_most_2,bg_d2,full,-,-,-,-,UNSAT,-
tic-12.fixed040-Forb,pairwise,direct,pairwise+direct,distance_closure,multiple,total_break_groups_subject_to_range_at_most_2,bg_d2,full,-,-,-,-,UNSAT,-
tic-12.fixed040-Forb,pairwise,distance_closure,pairwise+distance_closure,distance_closure,incremental,total_break_groups_subject_to_range_at_most_2,bg_d2,full,-,-,-,-,UNSAT,-
tic-12.fixed040-Forb,pairwise,distance_closure,pairwise+distance_closure,distance_closure,maxsat,total_break_groups_subject_to_range_at_most_2,bg_d2,full,-,-,-,-,UNSAT,-
tic-12.fixed040-Forb,pairwise,distance_closure,pairwise+distance_closure,distance_closure,multiple,total_break_groups_subject_to_range_at_most_2,bg_d2,full,-,-,-,-,UNSAT,-
tic-12.fixed040-Forb,sparse_suffix,direct,sparse_suffix+direct,distance_closure,incremental,total_break_groups_subject_to_range_at_most_2,bg_d2,full,-,-,-,-,UNSAT,-
tic-12.fixed040-Forb,sparse_suffix,direct,sparse_suffix+direct,distance_closure,maxsat,total_break_groups_subject_to_range_at_most_2,bg_d2,full,-,-,-,-,UNSAT,-
tic-12.fixed040-Forb,sparse_suffix,direct,sparse_suffix+direct,distance_closure,multiple,total_break_groups_subject_to_range_at_most_2,bg_d2,full,-,-,-,-,UNSAT,-
tic-12.fixed040-Forb,sparse_suffix,distance_closure,sparse_suffix+distance_closure,distance_closure,incremental,total_break_groups_subject_to_range_at_most_2,bg_d2,full,-,-,-,-,UNSAT,-
tic-12.fixed040-Forb,sparse_suffix,distance_closure,sparse_suffix+distance_closure,distance_closure,maxsat,total_break_groups_subject_to_range_at_most_2,bg_d2,full,-,-,-,-,UNSAT,-
tic-12.fixed040-Forb,sparse_suffix,distance_closure,sparse_suffix+distance_closure,distance_closure,multiple,total_break_groups_subject_to_range_at_most_2,bg_d2,full,-,-,-,-,UNSAT,-
tic-12.fixed040-Forb,pairwise,direct,pairwise+direct,distance_closure,incremental,total_break_groups_subject_to_range_at_most_2,bg_d2,reduced,-,-,-,-,UNSAT,-
tic-12.fixed040-Forb,pairwise,direct,pairwise+direct,distance_closure,maxsat,total_break_groups_subject_to_range_at_most_2,bg_d2,reduced,-,-,-,-,UNSAT,-
tic-12.fixed040-Forb,pairwise,direct,pairwise+direct,distance_closure,multiple,total_break_groups_subject_to_range_at_most_2,bg_d2,reduced,-,-,-,-,UNSAT,-
tic-12.fixed040-Forb,pairwise,distance_closure,pairwise+distance_closure,distance_closure,incremental,total_break_groups_subject_to_range_at_most_2,bg_d2,reduced,-,-,-,-,UNSAT,-
tic-12.fixed040-Forb,pairwise,distance_closure,pairwise+distance_closure,distance_closure,maxsat,total_break_groups_subject_to_range_at_most_2,bg_d2,reduced,-,-,-,-,UNSAT,-
tic-12.fixed040-Forb,pairwise,distance_closure,pairwise+distance_closure,distance_closure,multiple,total_break_groups_subject_to_range_at_most_2,bg_d2,reduced,-,-,-,-,UNSAT,-
tic-12.fixed040-Forb,sparse_suffix,direct,sparse_suffix+direct,distance_closure,incremental,total_break_groups_subject_to_range_at_most_2,bg_d2,reduced,-,-,-,-,UNSAT,-
tic-12.fixed040-Forb,sparse_suffix,direct,sparse_suffix+direct,distance_closure,maxsat,total_break_groups_subject_to_range_at_most_2,bg_d2,reduced,-,-,-,-,UNSAT,-
tic-12.fixed040-Forb,sparse_suffix,direct,sparse_suffix+direct,distance_closure,multiple,total_break_groups_subject_to_range_at_most_2,bg_d2,reduced,-,-,-,-,UNSAT,-
tic-12.fixed040-Forb,sparse_suffix,distance_closure,sparse_suffix+distance_closure,distance_closure,incremental,total_break_groups_subject_to_range_at_most_2,bg_d2,reduced,-,-,-,-,UNSAT,-
tic-12.fixed040-Forb,sparse_suffix,distance_closure,sparse_suffix+distance_closure,distance_closure,maxsat,total_break_groups_subject_to_range_at_most_2,bg_d2,reduced,-,-,-,-,UNSAT,-
tic-12.fixed040-Forb,sparse_suffix,distance_closure,sparse_suffix+distance_closure,distance_closure,multiple,total_break_groups_subject_to_range_at_most_2,bg_d2,reduced,-,-,-,-,UNSAT,-
tic-12crafc.fixed020-Forb,pairwise,direct,pairwise+direct,distance_closure,incremental,total_break_groups_subject_to_range_at_most_2,bg_d2,full,-,-,-,-,0.1 1,-
tic-12crafc.fixed020-Forb,pairwise,direct,pairwise+direct,distance_closure,maxsat,total_break_groups_subject_to_range_at_most_2,bg_d2,full,-,-,-,-,0.2 1,-
tic-12crafc.fixed020-Forb,pairwise,direct,pairwise+direct,distance_closure,multiple,total_break_groups_subject_to_range_at_most_2,bg_d2,full,-,-,-,-,0.2 1,-
tic-12crafc.fixed020-Forb,pairwise,distance_closure,pairwise+distance_closure,distance_closure,incremental,total_break_groups_subject_to_range_at_most_2,bg_d2,full,-,-,-,-,0.1 1,-
tic-12crafc.fixed020-Forb,pairwise,distance_closure,pairwise+distance_closure,distance_closure,maxsat,total_break_groups_subject_to_range_at_most_2,bg_d2,full,-,-,-,-,0.2 1,-
tic-12crafc.fixed020-Forb,pairwise,distance_closure,pairwise+distance_closure,distance_closure,multiple,total_break_groups_subject_to_range_at_most_2,bg_d2,full,-,-,-,-,0.2 1,-
tic-12crafc.fixed020-Forb,sparse_suffix,direct,sparse_suffix+direct,distance_closure,incremental,total_break_groups_subject_to_range_at_most_2,bg_d2,full,-,-,-,-,0.1 1,-
tic-12crafc.fixed020-Forb,sparse_suffix,direct,sparse_suffix+direct,distance_closure,maxsat,total_break_groups_subject_to_range_at_most_2,bg_d2,full,-,-,-,-,0.2 1,-
tic-12crafc.fixed020-Forb,sparse_suffix,direct,sparse_suffix+direct,distance_closure,multiple,total_break_groups_subject_to_range_at_most_2,bg_d2,full,-,-,-,-,0.2 1,-
tic-12crafc.fixed020-Forb,sparse_suffix,distance_closure,sparse_suffix+distance_closure,distance_closure,incremental,total_break_groups_subject_to_range_at_most_2,bg_d2,full,-,-,-,-,0.1 1,-
tic-12crafc.fixed020-Forb,sparse_suffix,distance_closure,sparse_suffix+distance_closure,distance_closure,maxsat,total_break_groups_subject_to_range_at_most_2,bg_d2,full,-,-,-,-,0.2 1,-
tic-12crafc.fixed020-Forb,sparse_suffix,distance_closure,sparse_suffix+distance_closure,distance_closure,multiple,total_break_groups_subject_to_range_at_most_2,bg_d2,full,-,-,-,-,0.2 1,-
tic-12crafc.fixed020-Forb,pairwise,direct,pairwise+direct,distance_closure,incremental,total_break_groups_subject_to_range_at_most_2,bg_d2,reduced,-,-,-,-,0.1 1,-
tic-12crafc.fixed020-Forb,pairwise,direct,pairwise+direct,distance_closure,maxsat,total_break_groups_subject_to_range_at_most_2,bg_d2,reduced,-,-,-,-,0.2 1,-
tic-12crafc.fixed020-Forb,pairwise,direct,pairwise+direct,distance_closure,multiple,total_break_groups_subject_to_range_at_most_2,bg_d2,reduced,-,-,-,-,0.2 1,-
tic-12crafc.fixed020-Forb,pairwise,distance_closure,pairwise+distance_closure,distance_closure,incremental,total_break_groups_subject_to_range_at_most_2,bg_d2,reduced,-,-,-,-,0.1 1,-
tic-12crafc.fixed020-Forb,pairwise,distance_closure,pairwise+distance_closure,distance_closure,maxsat,total_break_groups_subject_to_range_at_most_2,bg_d2,reduced,-,-,-,-,0.2 1,-
tic-12crafc.fixed020-Forb,pairwise,distance_closure,pairwise+distance_closure,distance_closure,multiple,total_break_groups_subject_to_range_at_most_2,bg_d2,reduced,-,-,-,-,0.2 1,-
tic-12crafc.fixed020-Forb,sparse_suffix,direct,sparse_suffix+direct,distance_closure,incremental,total_break_groups_subject_to_range_at_most_2,bg_d2,reduced,-,-,-,-,0.1 1,-
tic-12crafc.fixed020-Forb,sparse_suffix,direct,sparse_suffix+direct,distance_closure,maxsat,total_break_groups_subject_to_range_at_most_2,bg_d2,reduced,-,-,-,-,0.2 1,-
tic-12crafc.fixed020-Forb,sparse_suffix,direct,sparse_suffix+direct,distance_closure,multiple,total_break_groups_subject_to_range_at_most_2,bg_d2,reduced,-,-,-,-,0.2 1,-
tic-12crafc.fixed020-Forb,sparse_suffix,distance_closure,sparse_suffix+distance_closure,distance_closure,incremental,total_break_groups_subject_to_range_at_most_2,bg_d2,reduced,-,-,-,-,0.1 1,-
tic-12crafc.fixed020-Forb,sparse_suffix,distance_closure,sparse_suffix+distance_closure,distance_closure,maxsat,total_break_groups_subject_to_range_at_most_2,bg_d2,reduced,-,-,-,-,0.2 1,-
tic-12crafc.fixed020-Forb,sparse_suffix,distance_closure,sparse_suffix+distance_closure,distance_closure,multiple,total_break_groups_subject_to_range_at_most_2,bg_d2,reduced,-,-,-,-,0.2 1,-
tic-12crafc.fixed040-Forb,pairwise,direct,pairwise+direct,distance_closure,incremental,total_break_groups_subject_to_range_at_most_2,bg_d2,full,-,-,-,-,UNSAT,-
tic-12crafc.fixed040-Forb,pairwise,direct,pairwise+direct,distance_closure,maxsat,total_break_groups_subject_to_range_at_most_2,bg_d2,full,-,-,-,-,UNSAT,-
tic-12crafc.fixed040-Forb,pairwise,direct,pairwise+direct,distance_closure,multiple,total_break_groups_subject_to_range_at_most_2,bg_d2,full,-,-,-,-,UNSAT,-
tic-12crafc.fixed040-Forb,pairwise,distance_closure,pairwise+distance_closure,distance_closure,incremental,total_break_groups_subject_to_range_at_most_2,bg_d2,full,-,-,-,-,UNSAT,-
tic-12crafc.fixed040-Forb,pairwise,distance_closure,pairwise+distance_closure,distance_closure,maxsat,total_break_groups_subject_to_range_at_most_2,bg_d2,full,-,-,-,-,UNSAT,-
tic-12crafc.fixed040-Forb,pairwise,distance_closure,pairwise+distance_closure,distance_closure,multiple,total_break_groups_subject_to_range_at_most_2,bg_d2,full,-,-,-,-,UNSAT,-
tic-12crafc.fixed040-Forb,sparse_suffix,direct,sparse_suffix+direct,distance_closure,incremental,total_break_groups_subject_to_range_at_most_2,bg_d2,full,-,-,-,-,UNSAT,-
tic-12crafc.fixed040-Forb,sparse_suffix,direct,sparse_suffix+direct,distance_closure,maxsat,total_break_groups_subject_to_range_at_most_2,bg_d2,full,-,-,-,-,UNSAT,-
tic-12crafc.fixed040-Forb,sparse_suffix,direct,sparse_suffix+direct,distance_closure,multiple,total_break_groups_subject_to_range_at_most_2,bg_d2,full,-,-,-,-,UNSAT,-
tic-12crafc.fixed040-Forb,sparse_suffix,distance_closure,sparse_suffix+distance_closure,distance_closure,incremental,total_break_groups_subject_to_range_at_most_2,bg_d2,full,-,-,-,-,UNSAT,-
tic-12crafc.fixed040-Forb,sparse_suffix,distance_closure,sparse_suffix+distance_closure,distance_closure,maxsat,total_break_groups_subject_to_range_at_most_2,bg_d2,full,-,-,-,-,UNSAT,-
tic-12crafc.fixed040-Forb,sparse_suffix,distance_closure,sparse_suffix+distance_closure,distance_closure,multiple,total_break_groups_subject_to_range_at_most_2,bg_d2,full,-,-,-,-,UNSAT,-
tic-12crafc.fixed040-Forb,pairwise,direct,pairwise+direct,distance_closure,incremental,total_break_groups_subject_to_range_at_most_2,bg_d2,reduced,-,-,-,-,UNSAT,-
tic-12crafc.fixed040-Forb,pairwise,direct,pairwise+direct,distance_closure,maxsat,total_break_groups_subject_to_range_at_most_2,bg_d2,reduced,-,-,-,-,UNSAT,-
tic-12crafc.fixed040-Forb,pairwise,direct,pairwise+direct,distance_closure,multiple,total_break_groups_subject_to_range_at_most_2,bg_d2,reduced,-,-,-,-,UNSAT,-
tic-12crafc.fixed040-Forb,pairwise,distance_closure,pairwise+distance_closure,distance_closure,incremental,total_break_groups_subject_to_range_at_most_2,bg_d2,reduced,-,-,-,-,UNSAT,-
tic-12crafc.fixed040-Forb,pairwise,distance_closure,pairwise+distance_closure,distance_closure,maxsat,total_break_groups_subject_to_range_at_most_2,bg_d2,reduced,-,-,-,-,UNSAT,-
tic-12crafc.fixed040-Forb,pairwise,distance_closure,pairwise+distance_closure,distance_closure,multiple,total_break_groups_subject_to_range_at_most_2,bg_d2,reduced,-,-,-,-,UNSAT,-
tic-12crafc.fixed040-Forb,sparse_suffix,direct,sparse_suffix+direct,distance_closure,incremental,total_break_groups_subject_to_range_at_most_2,bg_d2,reduced,-,-,-,-,UNSAT,-
tic-12crafc.fixed040-Forb,sparse_suffix,direct,sparse_suffix+direct,distance_closure,maxsat,total_break_groups_subject_to_range_at_most_2,bg_d2,reduced,-,-,-,-,UNSAT,-
tic-12crafc.fixed040-Forb,sparse_suffix,direct,sparse_suffix+direct,distance_closure,multiple,total_break_groups_subject_to_range_at_most_2,bg_d2,reduced,-,-,-,-,UNSAT,-
tic-12crafc.fixed040-Forb,sparse_suffix,distance_closure,sparse_suffix+distance_closure,distance_closure,incremental,total_break_groups_subject_to_range_at_most_2,bg_d2,reduced,-,-,-,-,UNSAT,-
tic-12crafc.fixed040-Forb,sparse_suffix,distance_closure,sparse_suffix+distance_closure,distance_closure,maxsat,total_break_groups_subject_to_range_at_most_2,bg_d2,reduced,-,-,-,-,UNSAT,-
tic-12crafc.fixed040-Forb,sparse_suffix,distance_closure,sparse_suffix+distance_closure,distance_closure,multiple,total_break_groups_subject_to_range_at_most_2,bg_d2,reduced,-,-,-,-,UNSAT,-
tic-13.fixed020-Forb,pairwise,direct,pairwise+direct,distance_closure,incremental,total_break_groups_subject_to_range_at_most_2,bg_d2,full,-,-,-,-,0.4 2,-
tic-13.fixed020-Forb,pairwise,direct,pairwise+direct,distance_closure,maxsat,total_break_groups_subject_to_range_at_most_2,bg_d2,full,-,-,-,-,0.4 2,-
tic-13.fixed020-Forb,pairwise,direct,pairwise+direct,distance_closure,multiple,total_break_groups_subject_to_range_at_most_2,bg_d2,full,-,-,-,-,0.7 2,-
tic-13.fixed020-Forb,pairwise,distance_closure,pairwise+distance_closure,distance_closure,incremental,total_break_groups_subject_to_range_at_most_2,bg_d2,full,-,-,-,-,0.4 2,-
tic-13.fixed020-Forb,pairwise,distance_closure,pairwise+distance_closure,distance_closure,maxsat,total_break_groups_subject_to_range_at_most_2,bg_d2,full,-,-,-,-,0.4 2,-
tic-13.fixed020-Forb,pairwise,distance_closure,pairwise+distance_closure,distance_closure,multiple,total_break_groups_subject_to_range_at_most_2,bg_d2,full,-,-,-,-,0.7 2,-
tic-13.fixed020-Forb,sparse_suffix,direct,sparse_suffix+direct,distance_closure,incremental,total_break_groups_subject_to_range_at_most_2,bg_d2,full,-,-,-,-,0.4 2,-
tic-13.fixed020-Forb,sparse_suffix,direct,sparse_suffix+direct,distance_closure,maxsat,total_break_groups_subject_to_range_at_most_2,bg_d2,full,-,-,-,-,0.4 2,-
tic-13.fixed020-Forb,sparse_suffix,direct,sparse_suffix+direct,distance_closure,multiple,total_break_groups_subject_to_range_at_most_2,bg_d2,full,-,-,-,-,0.7 2,-
tic-13.fixed020-Forb,sparse_suffix,distance_closure,sparse_suffix+distance_closure,distance_closure,incremental,total_break_groups_subject_to_range_at_most_2,bg_d2,full,-,-,-,-,0.4 2,-
tic-13.fixed020-Forb,sparse_suffix,distance_closure,sparse_suffix+distance_closure,distance_closure,maxsat,total_break_groups_subject_to_range_at_most_2,bg_d2,full,-,-,-,-,0.4 2,-
tic-13.fixed020-Forb,sparse_suffix,distance_closure,sparse_suffix+distance_closure,distance_closure,multiple,total_break_groups_subject_to_range_at_most_2,bg_d2,full,-,-,-,-,0.7 2,-
tic-13.fixed020-Forb,pairwise,direct,pairwise+direct,distance_closure,incremental,total_break_groups_subject_to_range_at_most_2,bg_d2,reduced,-,-,-,-,0.3 2,-
tic-13.fixed020-Forb,pairwise,direct,pairwise+direct,distance_closure,maxsat,total_break_groups_subject_to_range_at_most_2,bg_d2,reduced,-,-,-,-,0.3 2,-
tic-13.fixed020-Forb,pairwise,direct,pairwise+direct,distance_closure,multiple,total_break_groups_subject_to_range_at_most_2,bg_d2,reduced,-,-,-,-,0.4 2,-
tic-13.fixed020-Forb,pairwise,distance_closure,pairwise+distance_closure,distance_closure,incremental,total_break_groups_subject_to_range_at_most_2,bg_d2,reduced,-,-,-,-,0.3 2,-
tic-13.fixed020-Forb,pairwise,distance_closure,pairwise+distance_closure,distance_closure,maxsat,total_break_groups_subject_to_range_at_most_2,bg_d2,reduced,-,-,-,-,0.3 2,-
tic-13.fixed020-Forb,pairwise,distance_closure,pairwise+distance_closure,distance_closure,multiple,total_break_groups_subject_to_range_at_most_2,bg_d2,reduced,-,-,-,-,0.4 2,-
tic-13.fixed020-Forb,sparse_suffix,direct,sparse_suffix+direct,distance_closure,incremental,total_break_groups_subject_to_range_at_most_2,bg_d2,reduced,-,-,-,-,0.3 2,-
tic-13.fixed020-Forb,sparse_suffix,direct,sparse_suffix+direct,distance_closure,maxsat,total_break_groups_subject_to_range_at_most_2,bg_d2,reduced,-,-,-,-,0.3 2,-
tic-13.fixed020-Forb,sparse_suffix,direct,sparse_suffix+direct,distance_closure,multiple,total_break_groups_subject_to_range_at_most_2,bg_d2,reduced,-,-,-,-,0.4 2,-
tic-13.fixed020-Forb,sparse_suffix,distance_closure,sparse_suffix+distance_closure,distance_closure,incremental,total_break_groups_subject_to_range_at_most_2,bg_d2,reduced,-,-,-,-,0.3 2,-
tic-13.fixed020-Forb,sparse_suffix,distance_closure,sparse_suffix+distance_closure,distance_closure,maxsat,total_break_groups_subject_to_range_at_most_2,bg_d2,reduced,-,-,-,-,0.3 2,-
tic-13.fixed020-Forb,sparse_suffix,distance_closure,sparse_suffix+distance_closure,distance_closure,multiple,total_break_groups_subject_to_range_at_most_2,bg_d2,reduced,-,-,-,-,0.4 2,-
tic-13.fixed040-Forb,pairwise,direct,pairwise+direct,distance_closure,incremental,total_break_groups_subject_to_range_at_most_2,bg_d2,full,-,-,-,-,0.3 13,-
tic-13.fixed040-Forb,pairwise,direct,pairwise+direct,distance_closure,maxsat,total_break_groups_subject_to_range_at_most_2,bg_d2,full,-,-,-,-,0.7 13,-
tic-13.fixed040-Forb,pairwise,direct,pairwise+direct,distance_closure,multiple,total_break_groups_subject_to_range_at_most_2,bg_d2,full,-,-,-,-,0.7 13,-
tic-13.fixed040-Forb,pairwise,distance_closure,pairwise+distance_closure,distance_closure,incremental,total_break_groups_subject_to_range_at_most_2,bg_d2,full,-,-,-,-,0.3 13,-
tic-13.fixed040-Forb,pairwise,distance_closure,pairwise+distance_closure,distance_closure,maxsat,total_break_groups_subject_to_range_at_most_2,bg_d2,full,-,-,-,-,0.7 13,-
tic-13.fixed040-Forb,pairwise,distance_closure,pairwise+distance_closure,distance_closure,multiple,total_break_groups_subject_to_range_at_most_2,bg_d2,full,-,-,-,-,0.7 13,-
tic-13.fixed040-Forb,sparse_suffix,direct,sparse_suffix+direct,distance_closure,incremental,total_break_groups_subject_to_range_at_most_2,bg_d2,full,-,-,-,-,0.3 13,-
tic-13.fixed040-Forb,sparse_suffix,direct,sparse_suffix+direct,distance_closure,maxsat,total_break_groups_subject_to_range_at_most_2,bg_d2,full,-,-,-,-,0.7 13,-
tic-13.fixed040-Forb,sparse_suffix,direct,sparse_suffix+direct,distance_closure,multiple,total_break_groups_subject_to_range_at_most_2,bg_d2,full,-,-,-,-,0.7 13,-
tic-13.fixed040-Forb,sparse_suffix,distance_closure,sparse_suffix+distance_closure,distance_closure,incremental,total_break_groups_subject_to_range_at_most_2,bg_d2,full,-,-,-,-,0.3 13,-
tic-13.fixed040-Forb,sparse_suffix,distance_closure,sparse_suffix+distance_closure,distance_closure,maxsat,total_break_groups_subject_to_range_at_most_2,bg_d2,full,-,-,-,-,0.7 13,-
tic-13.fixed040-Forb,sparse_suffix,distance_closure,sparse_suffix+distance_closure,distance_closure,multiple,total_break_groups_subject_to_range_at_most_2,bg_d2,full,-,-,-,-,0.7 13,-
tic-13.fixed040-Forb,pairwise,direct,pairwise+direct,distance_closure,incremental,total_break_groups_subject_to_range_at_most_2,bg_d2,reduced,-,-,-,-,0.4 13,-
tic-13.fixed040-Forb,pairwise,direct,pairwise+direct,distance_closure,maxsat,total_break_groups_subject_to_range_at_most_2,bg_d2,reduced,-,-,-,-,0.6 13,-
tic-13.fixed040-Forb,pairwise,direct,pairwise+direct,distance_closure,multiple,total_break_groups_subject_to_range_at_most_2,bg_d2,reduced,-,-,-,-,0.8 13,-
tic-13.fixed040-Forb,pairwise,distance_closure,pairwise+distance_closure,distance_closure,incremental,total_break_groups_subject_to_range_at_most_2,bg_d2,reduced,-,-,-,-,0.4 13,-
tic-13.fixed040-Forb,pairwise,distance_closure,pairwise+distance_closure,distance_closure,maxsat,total_break_groups_subject_to_range_at_most_2,bg_d2,reduced,-,-,-,-,0.6 13,-
tic-13.fixed040-Forb,pairwise,distance_closure,pairwise+distance_closure,distance_closure,multiple,total_break_groups_subject_to_range_at_most_2,bg_d2,reduced,-,-,-,-,0.8 13,-
tic-13.fixed040-Forb,sparse_suffix,direct,sparse_suffix+direct,distance_closure,incremental,total_break_groups_subject_to_range_at_most_2,bg_d2,reduced,-,-,-,-,0.4 13,-
tic-13.fixed040-Forb,sparse_suffix,direct,sparse_suffix+direct,distance_closure,maxsat,total_break_groups_subject_to_range_at_most_2,bg_d2,reduced,-,-,-,-,0.6 13,-
tic-13.fixed040-Forb,sparse_suffix,direct,sparse_suffix+direct,distance_closure,multiple,total_break_groups_subject_to_range_at_most_2,bg_d2,reduced,-,-,-,-,0.8 13,-
tic-13.fixed040-Forb,sparse_suffix,distance_closure,sparse_suffix+distance_closure,distance_closure,incremental,total_break_groups_subject_to_range_at_most_2,bg_d2,reduced,-,-,-,-,0.4 13,-
tic-13.fixed040-Forb,sparse_suffix,distance_closure,sparse_suffix+distance_closure,distance_closure,maxsat,total_break_groups_subject_to_range_at_most_2,bg_d2,reduced,-,-,-,-,0.6 13,-
tic-13.fixed040-Forb,sparse_suffix,distance_closure,sparse_suffix+distance_closure,distance_closure,multiple,total_break_groups_subject_to_range_at_most_2,bg_d2,reduced,-,-,-,-,0.8 13,-
tic-13crafb.fixed020-Forb,pairwise,direct,pairwise+direct,distance_closure,incremental,total_break_groups_subject_to_range_at_most_2,bg_d2,full,-,-,-,-,0.3 1,-
tic-13crafb.fixed020-Forb,pairwise,direct,pairwise+direct,distance_closure,maxsat,total_break_groups_subject_to_range_at_most_2,bg_d2,full,-,-,-,-,0.4 1,-
tic-13crafb.fixed020-Forb,pairwise,direct,pairwise+direct,distance_closure,multiple,total_break_groups_subject_to_range_at_most_2,bg_d2,full,-,-,-,-,0.6 1,-
tic-13crafb.fixed020-Forb,pairwise,distance_closure,pairwise+distance_closure,distance_closure,incremental,total_break_groups_subject_to_range_at_most_2,bg_d2,full,-,-,-,-,0.3 1,-
tic-13crafb.fixed020-Forb,pairwise,distance_closure,pairwise+distance_closure,distance_closure,maxsat,total_break_groups_subject_to_range_at_most_2,bg_d2,full,-,-,-,-,0.4 1,-
tic-13crafb.fixed020-Forb,pairwise,distance_closure,pairwise+distance_closure,distance_closure,multiple,total_break_groups_subject_to_range_at_most_2,bg_d2,full,-,-,-,-,0.6 1,-
tic-13crafb.fixed020-Forb,sparse_suffix,direct,sparse_suffix+direct,distance_closure,incremental,total_break_groups_subject_to_range_at_most_2,bg_d2,full,-,-,-,-,0.3 1,-
tic-13crafb.fixed020-Forb,sparse_suffix,direct,sparse_suffix+direct,distance_closure,maxsat,total_break_groups_subject_to_range_at_most_2,bg_d2,full,-,-,-,-,0.4 1,-
tic-13crafb.fixed020-Forb,sparse_suffix,direct,sparse_suffix+direct,distance_closure,multiple,total_break_groups_subject_to_range_at_most_2,bg_d2,full,-,-,-,-,0.6 1,-
tic-13crafb.fixed020-Forb,sparse_suffix,distance_closure,sparse_suffix+distance_closure,distance_closure,incremental,total_break_groups_subject_to_range_at_most_2,bg_d2,full,-,-,-,-,0.3 1,-
tic-13crafb.fixed020-Forb,sparse_suffix,distance_closure,sparse_suffix+distance_closure,distance_closure,maxsat,total_break_groups_subject_to_range_at_most_2,bg_d2,full,-,-,-,-,0.4 1,-
tic-13crafb.fixed020-Forb,sparse_suffix,distance_closure,sparse_suffix+distance_closure,distance_closure,multiple,total_break_groups_subject_to_range_at_most_2,bg_d2,full,-,-,-,-,0.6 1,-
tic-13crafb.fixed020-Forb,pairwise,direct,pairwise+direct,distance_closure,incremental,total_break_groups_subject_to_range_at_most_2,bg_d2,reduced,-,-,-,-,0.3 1,-
tic-13crafb.fixed020-Forb,pairwise,direct,pairwise+direct,distance_closure,maxsat,total_break_groups_subject_to_range_at_most_2,bg_d2,reduced,-,-,-,-,0.3 1,-
tic-13crafb.fixed020-Forb,pairwise,direct,pairwise+direct,distance_closure,multiple,total_break_groups_subject_to_range_at_most_2,bg_d2,reduced,-,-,-,-,0.4 1,-
tic-13crafb.fixed020-Forb,pairwise,distance_closure,pairwise+distance_closure,distance_closure,incremental,total_break_groups_subject_to_range_at_most_2,bg_d2,reduced,-,-,-,-,0.3 1,-
tic-13crafb.fixed020-Forb,pairwise,distance_closure,pairwise+distance_closure,distance_closure,maxsat,total_break_groups_subject_to_range_at_most_2,bg_d2,reduced,-,-,-,-,0.3 1,-
tic-13crafb.fixed020-Forb,pairwise,distance_closure,pairwise+distance_closure,distance_closure,multiple,total_break_groups_subject_to_range_at_most_2,bg_d2,reduced,-,-,-,-,0.4 1,-
tic-13crafb.fixed020-Forb,sparse_suffix,direct,sparse_suffix+direct,distance_closure,incremental,total_break_groups_subject_to_range_at_most_2,bg_d2,reduced,-,-,-,-,0.3 1,-
tic-13crafb.fixed020-Forb,sparse_suffix,direct,sparse_suffix+direct,distance_closure,maxsat,total_break_groups_subject_to_range_at_most_2,bg_d2,reduced,-,-,-,-,0.3 1,-
tic-13crafb.fixed020-Forb,sparse_suffix,direct,sparse_suffix+direct,distance_closure,multiple,total_break_groups_subject_to_range_at_most_2,bg_d2,reduced,-,-,-,-,0.4 1,-
tic-13crafb.fixed020-Forb,sparse_suffix,distance_closure,sparse_suffix+distance_closure,distance_closure,incremental,total_break_groups_subject_to_range_at_most_2,bg_d2,reduced,-,-,-,-,0.3 1,-
tic-13crafb.fixed020-Forb,sparse_suffix,distance_closure,sparse_suffix+distance_closure,distance_closure,maxsat,total_break_groups_subject_to_range_at_most_2,bg_d2,reduced,-,-,-,-,0.3 1,-
tic-13crafb.fixed020-Forb,sparse_suffix,distance_closure,sparse_suffix+distance_closure,distance_closure,multiple,total_break_groups_subject_to_range_at_most_2,bg_d2,reduced,-,-,-,-,0.4 1,-
tic-13crafb.fixed040-Forb,pairwise,direct,pairwise+direct,distance_closure,incremental,total_break_groups_subject_to_range_at_most_2,bg_d2,full,-,-,-,-,0.2 16,-
tic-13crafb.fixed040-Forb,pairwise,direct,pairwise+direct,distance_closure,maxsat,total_break_groups_subject_to_range_at_most_2,bg_d2,full,-,-,-,-,0.3 16,-
tic-13crafb.fixed040-Forb,pairwise,direct,pairwise+direct,distance_closure,multiple,total_break_groups_subject_to_range_at_most_2,bg_d2,full,-,-,-,-,0.4 16,-
tic-13crafb.fixed040-Forb,pairwise,distance_closure,pairwise+distance_closure,distance_closure,incremental,total_break_groups_subject_to_range_at_most_2,bg_d2,full,-,-,-,-,0.2 16,-
tic-13crafb.fixed040-Forb,pairwise,distance_closure,pairwise+distance_closure,distance_closure,maxsat,total_break_groups_subject_to_range_at_most_2,bg_d2,full,-,-,-,-,0.3 16,-
tic-13crafb.fixed040-Forb,pairwise,distance_closure,pairwise+distance_closure,distance_closure,multiple,total_break_groups_subject_to_range_at_most_2,bg_d2,full,-,-,-,-,0.4 16,-
tic-13crafb.fixed040-Forb,sparse_suffix,direct,sparse_suffix+direct,distance_closure,incremental,total_break_groups_subject_to_range_at_most_2,bg_d2,full,-,-,-,-,0.2 16,-
tic-13crafb.fixed040-Forb,sparse_suffix,direct,sparse_suffix+direct,distance_closure,maxsat,total_break_groups_subject_to_range_at_most_2,bg_d2,full,-,-,-,-,0.3 16,-
tic-13crafb.fixed040-Forb,sparse_suffix,direct,sparse_suffix+direct,distance_closure,multiple,total_break_groups_subject_to_range_at_most_2,bg_d2,full,-,-,-,-,0.4 16,-
tic-13crafb.fixed040-Forb,sparse_suffix,distance_closure,sparse_suffix+distance_closure,distance_closure,incremental,total_break_groups_subject_to_range_at_most_2,bg_d2,full,-,-,-,-,0.2 16,-
tic-13crafb.fixed040-Forb,sparse_suffix,distance_closure,sparse_suffix+distance_closure,distance_closure,maxsat,total_break_groups_subject_to_range_at_most_2,bg_d2,full,-,-,-,-,0.3 16,-
tic-13crafb.fixed040-Forb,sparse_suffix,distance_closure,sparse_suffix+distance_closure,distance_closure,multiple,total_break_groups_subject_to_range_at_most_2,bg_d2,full,-,-,-,-,0.4 16,-
tic-13crafb.fixed040-Forb,pairwise,direct,pairwise+direct,distance_closure,incremental,total_break_groups_subject_to_range_at_most_2,bg_d2,reduced,-,-,-,-,0.2 16,-
tic-13crafb.fixed040-Forb,pairwise,direct,pairwise+direct,distance_closure,maxsat,total_break_groups_subject_to_range_at_most_2,bg_d2,reduced,-,-,-,-,0.2 16,-
tic-13crafb.fixed040-Forb,pairwise,direct,pairwise+direct,distance_closure,multiple,total_break_groups_subject_to_range_at_most_2,bg_d2,reduced,-,-,-,-,0.3 16,-
tic-13crafb.fixed040-Forb,pairwise,distance_closure,pairwise+distance_closure,distance_closure,incremental,total_break_groups_subject_to_range_at_most_2,bg_d2,reduced,-,-,-,-,0.2 16,-
tic-13crafb.fixed040-Forb,pairwise,distance_closure,pairwise+distance_closure,distance_closure,maxsat,total_break_groups_subject_to_range_at_most_2,bg_d2,reduced,-,-,-,-,0.2 16,-
tic-13crafb.fixed040-Forb,pairwise,distance_closure,pairwise+distance_closure,distance_closure,multiple,total_break_groups_subject_to_range_at_most_2,bg_d2,reduced,-,-,-,-,0.3 16,-
tic-13crafb.fixed040-Forb,sparse_suffix,direct,sparse_suffix+direct,distance_closure,incremental,total_break_groups_subject_to_range_at_most_2,bg_d2,reduced,-,-,-,-,0.1 16,-
tic-13crafb.fixed040-Forb,sparse_suffix,direct,sparse_suffix+direct,distance_closure,maxsat,total_break_groups_subject_to_range_at_most_2,bg_d2,reduced,-,-,-,-,0.2 16,-
tic-13crafb.fixed040-Forb,sparse_suffix,direct,sparse_suffix+direct,distance_closure,multiple,total_break_groups_subject_to_range_at_most_2,bg_d2,reduced,-,-,-,-,0.3 16,-
tic-13crafb.fixed040-Forb,sparse_suffix,distance_closure,sparse_suffix+distance_closure,distance_closure,incremental,total_break_groups_subject_to_range_at_most_2,bg_d2,reduced,-,-,-,-,0.2 16,-
tic-13crafb.fixed040-Forb,sparse_suffix,distance_closure,sparse_suffix+distance_closure,distance_closure,maxsat,total_break_groups_subject_to_range_at_most_2,bg_d2,reduced,-,-,-,-,0.2 16,-
tic-13crafb.fixed040-Forb,sparse_suffix,distance_closure,sparse_suffix+distance_closure,distance_closure,multiple,total_break_groups_subject_to_range_at_most_2,bg_d2,reduced,-,-,-,-,0.3 16,-
tic-13crafc.fixed020-Forb,pairwise,direct,pairwise+direct,distance_closure,incremental,total_break_groups_subject_to_range_at_most_2,bg_d2,full,-,-,-,-,0.9 6,-
tic-13crafc.fixed020-Forb,pairwise,direct,pairwise+direct,distance_closure,maxsat,total_break_groups_subject_to_range_at_most_2,bg_d2,full,-,-,-,-,1.7 6,-
tic-13crafc.fixed020-Forb,pairwise,direct,pairwise+direct,distance_closure,multiple,total_break_groups_subject_to_range_at_most_2,bg_d2,full,-,-,-,-,2.6 6,-
tic-13crafc.fixed020-Forb,pairwise,distance_closure,pairwise+distance_closure,distance_closure,incremental,total_break_groups_subject_to_range_at_most_2,bg_d2,full,-,-,-,-,0.9 6,-
tic-13crafc.fixed020-Forb,pairwise,distance_closure,pairwise+distance_closure,distance_closure,maxsat,total_break_groups_subject_to_range_at_most_2,bg_d2,full,-,-,-,-,1.8 6,-
tic-13crafc.fixed020-Forb,pairwise,distance_closure,pairwise+distance_closure,distance_closure,multiple,total_break_groups_subject_to_range_at_most_2,bg_d2,full,-,-,-,-,2.6 6,-
tic-13crafc.fixed020-Forb,sparse_suffix,direct,sparse_suffix+direct,distance_closure,incremental,total_break_groups_subject_to_range_at_most_2,bg_d2,full,-,-,-,-,0.9 6,-
tic-13crafc.fixed020-Forb,sparse_suffix,direct,sparse_suffix+direct,distance_closure,maxsat,total_break_groups_subject_to_range_at_most_2,bg_d2,full,-,-,-,-,1.8 6,-
tic-13crafc.fixed020-Forb,sparse_suffix,direct,sparse_suffix+direct,distance_closure,multiple,total_break_groups_subject_to_range_at_most_2,bg_d2,full,-,-,-,-,2.6 6,-
tic-13crafc.fixed020-Forb,sparse_suffix,distance_closure,sparse_suffix+distance_closure,distance_closure,incremental,total_break_groups_subject_to_range_at_most_2,bg_d2,full,-,-,-,-,0.9 6,-
tic-13crafc.fixed020-Forb,sparse_suffix,distance_closure,sparse_suffix+distance_closure,distance_closure,maxsat,total_break_groups_subject_to_range_at_most_2,bg_d2,full,-,-,-,-,1.8 6,-
tic-13crafc.fixed020-Forb,sparse_suffix,distance_closure,sparse_suffix+distance_closure,distance_closure,multiple,total_break_groups_subject_to_range_at_most_2,bg_d2,full,-,-,-,-,2.6 6,-
tic-13crafc.fixed020-Forb,pairwise,direct,pairwise+direct,distance_closure,incremental,total_break_groups_subject_to_range_at_most_2,bg_d2,reduced,-,-,-,-,0.8 6,-
tic-13crafc.fixed020-Forb,pairwise,direct,pairwise+direct,distance_closure,maxsat,total_break_groups_subject_to_range_at_most_2,bg_d2,reduced,-,-,-,-,1.7 6,-
tic-13crafc.fixed020-Forb,pairwise,direct,pairwise+direct,distance_closure,multiple,total_break_groups_subject_to_range_at_most_2,bg_d2,reduced,-,-,-,-,2.0 6,-
tic-13crafc.fixed020-Forb,pairwise,distance_closure,pairwise+distance_closure,distance_closure,incremental,total_break_groups_subject_to_range_at_most_2,bg_d2,reduced,-,-,-,-,0.8 6,-
tic-13crafc.fixed020-Forb,pairwise,distance_closure,pairwise+distance_closure,distance_closure,maxsat,total_break_groups_subject_to_range_at_most_2,bg_d2,reduced,-,-,-,-,1.7 6,-
tic-13crafc.fixed020-Forb,pairwise,distance_closure,pairwise+distance_closure,distance_closure,multiple,total_break_groups_subject_to_range_at_most_2,bg_d2,reduced,-,-,-,-,1.9 6,-
tic-13crafc.fixed020-Forb,sparse_suffix,direct,sparse_suffix+direct,distance_closure,incremental,total_break_groups_subject_to_range_at_most_2,bg_d2,reduced,-,-,-,-,0.8 6,-
tic-13crafc.fixed020-Forb,sparse_suffix,direct,sparse_suffix+direct,distance_closure,maxsat,total_break_groups_subject_to_range_at_most_2,bg_d2,reduced,-,-,-,-,1.7 6,-
tic-13crafc.fixed020-Forb,sparse_suffix,direct,sparse_suffix+direct,distance_closure,multiple,total_break_groups_subject_to_range_at_most_2,bg_d2,reduced,-,-,-,-,1.9 6,-
tic-13crafc.fixed020-Forb,sparse_suffix,distance_closure,sparse_suffix+distance_closure,distance_closure,incremental,total_break_groups_subject_to_range_at_most_2,bg_d2,reduced,-,-,-,-,0.8 6,-
tic-13crafc.fixed020-Forb,sparse_suffix,distance_closure,sparse_suffix+distance_closure,distance_closure,maxsat,total_break_groups_subject_to_range_at_most_2,bg_d2,reduced,-,-,-,-,1.7 6,-
tic-13crafc.fixed020-Forb,sparse_suffix,distance_closure,sparse_suffix+distance_closure,distance_closure,multiple,total_break_groups_subject_to_range_at_most_2,bg_d2,reduced,-,-,-,-,2.0 6,-
tic-13crafc.fixed040-Forb,pairwise,direct,pairwise+direct,distance_closure,incremental,total_break_groups_subject_to_range_at_most_2,bg_d2,full,-,-,-,-,2.8 16,-
tic-13crafc.fixed040-Forb,pairwise,direct,pairwise+direct,distance_closure,maxsat,total_break_groups_subject_to_range_at_most_2,bg_d2,full,-,-,-,-,14.9 16,-
tic-13crafc.fixed040-Forb,pairwise,direct,pairwise+direct,distance_closure,multiple,total_break_groups_subject_to_range_at_most_2,bg_d2,full,-,-,-,-,16.6 16,-
tic-13crafc.fixed040-Forb,pairwise,distance_closure,pairwise+distance_closure,distance_closure,incremental,total_break_groups_subject_to_range_at_most_2,bg_d2,full,-,-,-,-,2.8 16,-
tic-13crafc.fixed040-Forb,pairwise,distance_closure,pairwise+distance_closure,distance_closure,maxsat,total_break_groups_subject_to_range_at_most_2,bg_d2,full,-,-,-,-,14.9 16,-
tic-13crafc.fixed040-Forb,pairwise,distance_closure,pairwise+distance_closure,distance_closure,multiple,total_break_groups_subject_to_range_at_most_2,bg_d2,full,-,-,-,-,16.6 16,-
tic-13crafc.fixed040-Forb,sparse_suffix,direct,sparse_suffix+direct,distance_closure,incremental,total_break_groups_subject_to_range_at_most_2,bg_d2,full,-,-,-,-,2.8 16,-
tic-13crafc.fixed040-Forb,sparse_suffix,direct,sparse_suffix+direct,distance_closure,maxsat,total_break_groups_subject_to_range_at_most_2,bg_d2,full,-,-,-,-,14.8 16,-
tic-13crafc.fixed040-Forb,sparse_suffix,direct,sparse_suffix+direct,distance_closure,multiple,total_break_groups_subject_to_range_at_most_2,bg_d2,full,-,-,-,-,16.5 16,-
tic-13crafc.fixed040-Forb,sparse_suffix,distance_closure,sparse_suffix+distance_closure,distance_closure,incremental,total_break_groups_subject_to_range_at_most_2,bg_d2,full,-,-,-,-,2.8 16,-
tic-13crafc.fixed040-Forb,sparse_suffix,distance_closure,sparse_suffix+distance_closure,distance_closure,maxsat,total_break_groups_subject_to_range_at_most_2,bg_d2,full,-,-,-,-,14.9 16,-
tic-13crafc.fixed040-Forb,sparse_suffix,distance_closure,sparse_suffix+distance_closure,distance_closure,multiple,total_break_groups_subject_to_range_at_most_2,bg_d2,full,-,-,-,-,16.6 16,-
tic-13crafc.fixed040-Forb,pairwise,direct,pairwise+direct,distance_closure,incremental,total_break_groups_subject_to_range_at_most_2,bg_d2,reduced,-,-,-,-,4.4 16,-
tic-13crafc.fixed040-Forb,pairwise,direct,pairwise+direct,distance_closure,maxsat,total_break_groups_subject_to_range_at_most_2,bg_d2,reduced,-,-,-,-,23.6 16,-
tic-13crafc.fixed040-Forb,pairwise,direct,pairwise+direct,distance_closure,multiple,total_break_groups_subject_to_range_at_most_2,bg_d2,reduced,-,-,-,-,7.1 16,-
tic-13crafc.fixed040-Forb,pairwise,distance_closure,pairwise+distance_closure,distance_closure,incremental,total_break_groups_subject_to_range_at_most_2,bg_d2,reduced,-,-,-,-,4.3 16,-
tic-13crafc.fixed040-Forb,pairwise,distance_closure,pairwise+distance_closure,distance_closure,maxsat,total_break_groups_subject_to_range_at_most_2,bg_d2,reduced,-,-,-,-,23.8 16,-
tic-13crafc.fixed040-Forb,pairwise,distance_closure,pairwise+distance_closure,distance_closure,multiple,total_break_groups_subject_to_range_at_most_2,bg_d2,reduced,-,-,-,-,7.0 16,-
tic-13crafc.fixed040-Forb,sparse_suffix,direct,sparse_suffix+direct,distance_closure,incremental,total_break_groups_subject_to_range_at_most_2,bg_d2,reduced,-,-,-,-,4.4 16,-
tic-13crafc.fixed040-Forb,sparse_suffix,direct,sparse_suffix+direct,distance_closure,maxsat,total_break_groups_subject_to_range_at_most_2,bg_d2,reduced,-,-,-,-,23.6 16,-
tic-13crafc.fixed040-Forb,sparse_suffix,direct,sparse_suffix+direct,distance_closure,multiple,total_break_groups_subject_to_range_at_most_2,bg_d2,reduced,-,-,-,-,7.1 16,-
tic-13crafc.fixed040-Forb,sparse_suffix,distance_closure,sparse_suffix+distance_closure,distance_closure,incremental,total_break_groups_subject_to_range_at_most_2,bg_d2,reduced,-,-,-,-,4.5 16,-
tic-13crafc.fixed040-Forb,sparse_suffix,distance_closure,sparse_suffix+distance_closure,distance_closure,maxsat,total_break_groups_subject_to_range_at_most_2,bg_d2,reduced,-,-,-,-,23.7 16,-
tic-13crafc.fixed040-Forb,sparse_suffix,distance_closure,sparse_suffix+distance_closure,distance_closure,multiple,total_break_groups_subject_to_range_at_most_2,bg_d2,reduced,-,-,-,-,7.1 16,-
tic-14crafa.fixed020-Forb,pairwise,direct,pairwise+direct,distance_closure,incremental,total_break_groups_subject_to_range_at_most_2,bg_d2,full,-,-,-,-,0.8 2,-
tic-14crafa.fixed020-Forb,pairwise,direct,pairwise+direct,distance_closure,maxsat,total_break_groups_subject_to_range_at_most_2,bg_d2,full,-,-,-,-,0.5 2,-
tic-14crafa.fixed020-Forb,pairwise,direct,pairwise+direct,distance_closure,multiple,total_break_groups_subject_to_range_at_most_2,bg_d2,full,-,-,-,-,1.2 2,-
tic-14crafa.fixed020-Forb,pairwise,distance_closure,pairwise+distance_closure,distance_closure,incremental,total_break_groups_subject_to_range_at_most_2,bg_d2,full,-,-,-,-,0.7 2,-
tic-14crafa.fixed020-Forb,pairwise,distance_closure,pairwise+distance_closure,distance_closure,maxsat,total_break_groups_subject_to_range_at_most_2,bg_d2,full,-,-,-,-,0.5 2,-
tic-14crafa.fixed020-Forb,pairwise,distance_closure,pairwise+distance_closure,distance_closure,multiple,total_break_groups_subject_to_range_at_most_2,bg_d2,full,-,-,-,-,1.2 2,-
tic-14crafa.fixed020-Forb,sparse_suffix,direct,sparse_suffix+direct,distance_closure,incremental,total_break_groups_subject_to_range_at_most_2,bg_d2,full,-,-,-,-,0.7 2,-
tic-14crafa.fixed020-Forb,sparse_suffix,direct,sparse_suffix+direct,distance_closure,maxsat,total_break_groups_subject_to_range_at_most_2,bg_d2,full,-,-,-,-,0.5 2,-
tic-14crafa.fixed020-Forb,sparse_suffix,direct,sparse_suffix+direct,distance_closure,multiple,total_break_groups_subject_to_range_at_most_2,bg_d2,full,-,-,-,-,1.2 2,-
tic-14crafa.fixed020-Forb,sparse_suffix,distance_closure,sparse_suffix+distance_closure,distance_closure,incremental,total_break_groups_subject_to_range_at_most_2,bg_d2,full,-,-,-,-,0.7 2,-
tic-14crafa.fixed020-Forb,sparse_suffix,distance_closure,sparse_suffix+distance_closure,distance_closure,maxsat,total_break_groups_subject_to_range_at_most_2,bg_d2,full,-,-,-,-,0.5 2,-
tic-14crafa.fixed020-Forb,sparse_suffix,distance_closure,sparse_suffix+distance_closure,distance_closure,multiple,total_break_groups_subject_to_range_at_most_2,bg_d2,full,-,-,-,-,1.2 2,-
tic-14crafa.fixed020-Forb,pairwise,direct,pairwise+direct,distance_closure,incremental,total_break_groups_subject_to_range_at_most_2,bg_d2,reduced,-,-,-,-,1.0 2,-
tic-14crafa.fixed020-Forb,pairwise,direct,pairwise+direct,distance_closure,maxsat,total_break_groups_subject_to_range_at_most_2,bg_d2,reduced,-,-,-,-,0.4 2,-
tic-14crafa.fixed020-Forb,pairwise,direct,pairwise+direct,distance_closure,multiple,total_break_groups_subject_to_range_at_most_2,bg_d2,reduced,-,-,-,-,1.0 2,-
tic-14crafa.fixed020-Forb,pairwise,distance_closure,pairwise+distance_closure,distance_closure,incremental,total_break_groups_subject_to_range_at_most_2,bg_d2,reduced,-,-,-,-,1.0 2,-
tic-14crafa.fixed020-Forb,pairwise,distance_closure,pairwise+distance_closure,distance_closure,maxsat,total_break_groups_subject_to_range_at_most_2,bg_d2,reduced,-,-,-,-,0.4 2,-
tic-14crafa.fixed020-Forb,pairwise,distance_closure,pairwise+distance_closure,distance_closure,multiple,total_break_groups_subject_to_range_at_most_2,bg_d2,reduced,-,-,-,-,1.0 2,-
tic-14crafa.fixed020-Forb,sparse_suffix,direct,sparse_suffix+direct,distance_closure,incremental,total_break_groups_subject_to_range_at_most_2,bg_d2,reduced,-,-,-,-,1.0 2,-
tic-14crafa.fixed020-Forb,sparse_suffix,direct,sparse_suffix+direct,distance_closure,maxsat,total_break_groups_subject_to_range_at_most_2,bg_d2,reduced,-,-,-,-,0.4 2,-
tic-14crafa.fixed020-Forb,sparse_suffix,direct,sparse_suffix+direct,distance_closure,multiple,total_break_groups_subject_to_range_at_most_2,bg_d2,reduced,-,-,-,-,1.0 2,-
tic-14crafa.fixed020-Forb,sparse_suffix,distance_closure,sparse_suffix+distance_closure,distance_closure,incremental,total_break_groups_subject_to_range_at_most_2,bg_d2,reduced,-,-,-,-,1.0 2,-
tic-14crafa.fixed020-Forb,sparse_suffix,distance_closure,sparse_suffix+distance_closure,distance_closure,maxsat,total_break_groups_subject_to_range_at_most_2,bg_d2,reduced,-,-,-,-,0.4 2,-
tic-14crafa.fixed020-Forb,sparse_suffix,distance_closure,sparse_suffix+distance_closure,distance_closure,multiple,total_break_groups_subject_to_range_at_most_2,bg_d2,reduced,-,-,-,-,1.0 2,-
tic-14crafa.fixed040-Forb,pairwise,direct,pairwise+direct,distance_closure,incremental,total_break_groups_subject_to_range_at_most_2,bg_d2,full,-,-,-,-,UNSAT,-
tic-14crafa.fixed040-Forb,pairwise,direct,pairwise+direct,distance_closure,maxsat,total_break_groups_subject_to_range_at_most_2,bg_d2,full,-,-,-,-,UNSAT,-
tic-14crafa.fixed040-Forb,pairwise,direct,pairwise+direct,distance_closure,multiple,total_break_groups_subject_to_range_at_most_2,bg_d2,full,-,-,-,-,UNSAT,-
tic-14crafa.fixed040-Forb,pairwise,distance_closure,pairwise+distance_closure,distance_closure,incremental,total_break_groups_subject_to_range_at_most_2,bg_d2,full,-,-,-,-,UNSAT,-
tic-14crafa.fixed040-Forb,pairwise,distance_closure,pairwise+distance_closure,distance_closure,maxsat,total_break_groups_subject_to_range_at_most_2,bg_d2,full,-,-,-,-,UNSAT,-
tic-14crafa.fixed040-Forb,pairwise,distance_closure,pairwise+distance_closure,distance_closure,multiple,total_break_groups_subject_to_range_at_most_2,bg_d2,full,-,-,-,-,UNSAT,-
tic-14crafa.fixed040-Forb,sparse_suffix,direct,sparse_suffix+direct,distance_closure,incremental,total_break_groups_subject_to_range_at_most_2,bg_d2,full,-,-,-,-,UNSAT,-
tic-14crafa.fixed040-Forb,sparse_suffix,direct,sparse_suffix+direct,distance_closure,maxsat,total_break_groups_subject_to_range_at_most_2,bg_d2,full,-,-,-,-,UNSAT,-
tic-14crafa.fixed040-Forb,sparse_suffix,direct,sparse_suffix+direct,distance_closure,multiple,total_break_groups_subject_to_range_at_most_2,bg_d2,full,-,-,-,-,UNSAT,-
tic-14crafa.fixed040-Forb,sparse_suffix,distance_closure,sparse_suffix+distance_closure,distance_closure,incremental,total_break_groups_subject_to_range_at_most_2,bg_d2,full,-,-,-,-,UNSAT,-
tic-14crafa.fixed040-Forb,sparse_suffix,distance_closure,sparse_suffix+distance_closure,distance_closure,maxsat,total_break_groups_subject_to_range_at_most_2,bg_d2,full,-,-,-,-,UNSAT,-
tic-14crafa.fixed040-Forb,sparse_suffix,distance_closure,sparse_suffix+distance_closure,distance_closure,multiple,total_break_groups_subject_to_range_at_most_2,bg_d2,full,-,-,-,-,UNSAT,-
tic-14crafa.fixed040-Forb,pairwise,direct,pairwise+direct,distance_closure,incremental,total_break_groups_subject_to_range_at_most_2,bg_d2,reduced,-,-,-,-,UNSAT,-
tic-14crafa.fixed040-Forb,pairwise,direct,pairwise+direct,distance_closure,maxsat,total_break_groups_subject_to_range_at_most_2,bg_d2,reduced,-,-,-,-,UNSAT,-
tic-14crafa.fixed040-Forb,pairwise,direct,pairwise+direct,distance_closure,multiple,total_break_groups_subject_to_range_at_most_2,bg_d2,reduced,-,-,-,-,UNSAT,-
tic-14crafa.fixed040-Forb,pairwise,distance_closure,pairwise+distance_closure,distance_closure,incremental,total_break_groups_subject_to_range_at_most_2,bg_d2,reduced,-,-,-,-,UNSAT,-
tic-14crafa.fixed040-Forb,pairwise,distance_closure,pairwise+distance_closure,distance_closure,maxsat,total_break_groups_subject_to_range_at_most_2,bg_d2,reduced,-,-,-,-,UNSAT,-
tic-14crafa.fixed040-Forb,pairwise,distance_closure,pairwise+distance_closure,distance_closure,multiple,total_break_groups_subject_to_range_at_most_2,bg_d2,reduced,-,-,-,-,UNSAT,-
tic-14crafa.fixed040-Forb,sparse_suffix,direct,sparse_suffix+direct,distance_closure,incremental,total_break_groups_subject_to_range_at_most_2,bg_d2,reduced,-,-,-,-,UNSAT,-
tic-14crafa.fixed040-Forb,sparse_suffix,direct,sparse_suffix+direct,distance_closure,maxsat,total_break_groups_subject_to_range_at_most_2,bg_d2,reduced,-,-,-,-,UNSAT,-
tic-14crafa.fixed040-Forb,sparse_suffix,direct,sparse_suffix+direct,distance_closure,multiple,total_break_groups_subject_to_range_at_most_2,bg_d2,reduced,-,-,-,-,UNSAT,-
tic-14crafa.fixed040-Forb,sparse_suffix,distance_closure,sparse_suffix+distance_closure,distance_closure,incremental,total_break_groups_subject_to_range_at_most_2,bg_d2,reduced,-,-,-,-,UNSAT,-
tic-14crafa.fixed040-Forb,sparse_suffix,distance_closure,sparse_suffix+distance_closure,distance_closure,maxsat,total_break_groups_subject_to_range_at_most_2,bg_d2,reduced,-,-,-,-,UNSAT,-
tic-14crafa.fixed040-Forb,sparse_suffix,distance_closure,sparse_suffix+distance_closure,distance_closure,multiple,total_break_groups_subject_to_range_at_most_2,bg_d2,reduced,-,-,-,-,UNSAT,-
tic-14crafc.fixed020-Forb,pairwise,direct,pairwise+direct,distance_closure,incremental,total_break_groups_subject_to_range_at_most_2,bg_d2,full,-,-,-,-,0.9 3,-
tic-14crafc.fixed020-Forb,pairwise,direct,pairwise+direct,distance_closure,maxsat,total_break_groups_subject_to_range_at_most_2,bg_d2,full,-,-,-,-,1.3 3,-
tic-14crafc.fixed020-Forb,pairwise,direct,pairwise+direct,distance_closure,multiple,total_break_groups_subject_to_range_at_most_2,bg_d2,full,-,-,-,-,1.2 3,-
tic-14crafc.fixed020-Forb,pairwise,distance_closure,pairwise+distance_closure,distance_closure,incremental,total_break_groups_subject_to_range_at_most_2,bg_d2,full,-,-,-,-,0.9 3,-
tic-14crafc.fixed020-Forb,pairwise,distance_closure,pairwise+distance_closure,distance_closure,maxsat,total_break_groups_subject_to_range_at_most_2,bg_d2,full,-,-,-,-,1.3 3,-
tic-14crafc.fixed020-Forb,pairwise,distance_closure,pairwise+distance_closure,distance_closure,multiple,total_break_groups_subject_to_range_at_most_2,bg_d2,full,-,-,-,-,1.2 3,-
tic-14crafc.fixed020-Forb,sparse_suffix,direct,sparse_suffix+direct,distance_closure,incremental,total_break_groups_subject_to_range_at_most_2,bg_d2,full,-,-,-,-,0.9 3,-
tic-14crafc.fixed020-Forb,sparse_suffix,direct,sparse_suffix+direct,distance_closure,maxsat,total_break_groups_subject_to_range_at_most_2,bg_d2,full,-,-,-,-,1.3 3,-
tic-14crafc.fixed020-Forb,sparse_suffix,direct,sparse_suffix+direct,distance_closure,multiple,total_break_groups_subject_to_range_at_most_2,bg_d2,full,-,-,-,-,1.3 3,-
tic-14crafc.fixed020-Forb,sparse_suffix,distance_closure,sparse_suffix+distance_closure,distance_closure,incremental,total_break_groups_subject_to_range_at_most_2,bg_d2,full,-,-,-,-,0.9 3,-
tic-14crafc.fixed020-Forb,sparse_suffix,distance_closure,sparse_suffix+distance_closure,distance_closure,maxsat,total_break_groups_subject_to_range_at_most_2,bg_d2,full,-,-,-,-,1.3 3,-
tic-14crafc.fixed020-Forb,sparse_suffix,distance_closure,sparse_suffix+distance_closure,distance_closure,multiple,total_break_groups_subject_to_range_at_most_2,bg_d2,full,-,-,-,-,1.3 3,-
tic-14crafc.fixed020-Forb,pairwise,direct,pairwise+direct,distance_closure,incremental,total_break_groups_subject_to_range_at_most_2,bg_d2,reduced,-,-,-,-,0.7 3,-
tic-14crafc.fixed020-Forb,pairwise,direct,pairwise+direct,distance_closure,maxsat,total_break_groups_subject_to_range_at_most_2,bg_d2,reduced,-,-,-,-,1.2 3,-
tic-14crafc.fixed020-Forb,pairwise,direct,pairwise+direct,distance_closure,multiple,total_break_groups_subject_to_range_at_most_2,bg_d2,reduced,-,-,-,-,1.2 3,-
tic-14crafc.fixed020-Forb,pairwise,distance_closure,pairwise+distance_closure,distance_closure,incremental,total_break_groups_subject_to_range_at_most_2,bg_d2,reduced,-,-,-,-,0.7 3,-
tic-14crafc.fixed020-Forb,pairwise,distance_closure,pairwise+distance_closure,distance_closure,maxsat,total_break_groups_subject_to_range_at_most_2,bg_d2,reduced,-,-,-,-,1.2 3,-
tic-14crafc.fixed020-Forb,pairwise,distance_closure,pairwise+distance_closure,distance_closure,multiple,total_break_groups_subject_to_range_at_most_2,bg_d2,reduced,-,-,-,-,1.3 3,-
tic-14crafc.fixed020-Forb,sparse_suffix,direct,sparse_suffix+direct,distance_closure,incremental,total_break_groups_subject_to_range_at_most_2,bg_d2,reduced,-,-,-,-,0.7 3,-
tic-14crafc.fixed020-Forb,sparse_suffix,direct,sparse_suffix+direct,distance_closure,maxsat,total_break_groups_subject_to_range_at_most_2,bg_d2,reduced,-,-,-,-,1.2 3,-
tic-14crafc.fixed020-Forb,sparse_suffix,direct,sparse_suffix+direct,distance_closure,multiple,total_break_groups_subject_to_range_at_most_2,bg_d2,reduced,-,-,-,-,1.3 3,-
tic-14crafc.fixed020-Forb,sparse_suffix,distance_closure,sparse_suffix+distance_closure,distance_closure,incremental,total_break_groups_subject_to_range_at_most_2,bg_d2,reduced,-,-,-,-,0.7 3,-
tic-14crafc.fixed020-Forb,sparse_suffix,distance_closure,sparse_suffix+distance_closure,distance_closure,maxsat,total_break_groups_subject_to_range_at_most_2,bg_d2,reduced,-,-,-,-,1.2 3,-
tic-14crafc.fixed020-Forb,sparse_suffix,distance_closure,sparse_suffix+distance_closure,distance_closure,multiple,total_break_groups_subject_to_range_at_most_2,bg_d2,reduced,-,-,-,-,1.3 3,-
tic-14crafc.fixed040-Forb,pairwise,direct,pairwise+direct,distance_closure,incremental,total_break_groups_subject_to_range_at_most_2,bg_d2,full,-,-,-,-,UNSAT,-
tic-14crafc.fixed040-Forb,pairwise,direct,pairwise+direct,distance_closure,maxsat,total_break_groups_subject_to_range_at_most_2,bg_d2,full,-,-,-,-,UNSAT,-
tic-14crafc.fixed040-Forb,pairwise,direct,pairwise+direct,distance_closure,multiple,total_break_groups_subject_to_range_at_most_2,bg_d2,full,-,-,-,-,UNSAT,-
tic-14crafc.fixed040-Forb,pairwise,distance_closure,pairwise+distance_closure,distance_closure,incremental,total_break_groups_subject_to_range_at_most_2,bg_d2,full,-,-,-,-,UNSAT,-
tic-14crafc.fixed040-Forb,pairwise,distance_closure,pairwise+distance_closure,distance_closure,maxsat,total_break_groups_subject_to_range_at_most_2,bg_d2,full,-,-,-,-,UNSAT,-
tic-14crafc.fixed040-Forb,pairwise,distance_closure,pairwise+distance_closure,distance_closure,multiple,total_break_groups_subject_to_range_at_most_2,bg_d2,full,-,-,-,-,UNSAT,-
tic-14crafc.fixed040-Forb,sparse_suffix,direct,sparse_suffix+direct,distance_closure,incremental,total_break_groups_subject_to_range_at_most_2,bg_d2,full,-,-,-,-,UNSAT,-
tic-14crafc.fixed040-Forb,sparse_suffix,direct,sparse_suffix+direct,distance_closure,maxsat,total_break_groups_subject_to_range_at_most_2,bg_d2,full,-,-,-,-,UNSAT,-
tic-14crafc.fixed040-Forb,sparse_suffix,direct,sparse_suffix+direct,distance_closure,multiple,total_break_groups_subject_to_range_at_most_2,bg_d2,full,-,-,-,-,UNSAT,-
tic-14crafc.fixed040-Forb,sparse_suffix,distance_closure,sparse_suffix+distance_closure,distance_closure,incremental,total_break_groups_subject_to_range_at_most_2,bg_d2,full,-,-,-,-,UNSAT,-
tic-14crafc.fixed040-Forb,sparse_suffix,distance_closure,sparse_suffix+distance_closure,distance_closure,maxsat,total_break_groups_subject_to_range_at_most_2,bg_d2,full,-,-,-,-,UNSAT,-
tic-14crafc.fixed040-Forb,sparse_suffix,distance_closure,sparse_suffix+distance_closure,distance_closure,multiple,total_break_groups_subject_to_range_at_most_2,bg_d2,full,-,-,-,-,UNSAT,-
tic-14crafc.fixed040-Forb,pairwise,direct,pairwise+direct,distance_closure,incremental,total_break_groups_subject_to_range_at_most_2,bg_d2,reduced,-,-,-,-,UNSAT,-
tic-14crafc.fixed040-Forb,pairwise,direct,pairwise+direct,distance_closure,maxsat,total_break_groups_subject_to_range_at_most_2,bg_d2,reduced,-,-,-,-,UNSAT,-
tic-14crafc.fixed040-Forb,pairwise,direct,pairwise+direct,distance_closure,multiple,total_break_groups_subject_to_range_at_most_2,bg_d2,reduced,-,-,-,-,UNSAT,-
tic-14crafc.fixed040-Forb,pairwise,distance_closure,pairwise+distance_closure,distance_closure,incremental,total_break_groups_subject_to_range_at_most_2,bg_d2,reduced,-,-,-,-,UNSAT,-
tic-14crafc.fixed040-Forb,pairwise,distance_closure,pairwise+distance_closure,distance_closure,maxsat,total_break_groups_subject_to_range_at_most_2,bg_d2,reduced,-,-,-,-,UNSAT,-
tic-14crafc.fixed040-Forb,pairwise,distance_closure,pairwise+distance_closure,distance_closure,multiple,total_break_groups_subject_to_range_at_most_2,bg_d2,reduced,-,-,-,-,UNSAT,-
tic-14crafc.fixed040-Forb,sparse_suffix,direct,sparse_suffix+direct,distance_closure,incremental,total_break_groups_subject_to_range_at_most_2,bg_d2,reduced,-,-,-,-,UNSAT,-
tic-14crafc.fixed040-Forb,sparse_suffix,direct,sparse_suffix+direct,distance_closure,maxsat,total_break_groups_subject_to_range_at_most_2,bg_d2,reduced,-,-,-,-,UNSAT,-
tic-14crafc.fixed040-Forb,sparse_suffix,direct,sparse_suffix+direct,distance_closure,multiple,total_break_groups_subject_to_range_at_most_2,bg_d2,reduced,-,-,-,-,UNSAT,-
tic-14crafc.fixed040-Forb,sparse_suffix,distance_closure,sparse_suffix+distance_closure,distance_closure,incremental,total_break_groups_subject_to_range_at_most_2,bg_d2,reduced,-,-,-,-,UNSAT,-
tic-14crafc.fixed040-Forb,sparse_suffix,distance_closure,sparse_suffix+distance_closure,distance_closure,maxsat,total_break_groups_subject_to_range_at_most_2,bg_d2,reduced,-,-,-,-,UNSAT,-
tic-14crafc.fixed040-Forb,sparse_suffix,distance_closure,sparse_suffix+distance_closure,distance_closure,multiple,total_break_groups_subject_to_range_at_most_2,bg_d2,reduced,-,-,-,-,UNSAT,-
tic-14crafd.fixed020-Forb,pairwise,direct,pairwise+direct,distance_closure,incremental,total_break_groups_subject_to_range_at_most_2,bg_d2,full,-,-,-,-,0.5 2,-
tic-14crafd.fixed020-Forb,pairwise,direct,pairwise+direct,distance_closure,maxsat,total_break_groups_subject_to_range_at_most_2,bg_d2,full,-,-,-,-,0.5 2,-
tic-14crafd.fixed020-Forb,pairwise,direct,pairwise+direct,distance_closure,multiple,total_break_groups_subject_to_range_at_most_2,bg_d2,full,-,-,-,-,0.7 2,-
tic-14crafd.fixed020-Forb,pairwise,distance_closure,pairwise+distance_closure,distance_closure,incremental,total_break_groups_subject_to_range_at_most_2,bg_d2,full,-,-,-,-,0.5 2,-
tic-14crafd.fixed020-Forb,pairwise,distance_closure,pairwise+distance_closure,distance_closure,maxsat,total_break_groups_subject_to_range_at_most_2,bg_d2,full,-,-,-,-,0.5 2,-
tic-14crafd.fixed020-Forb,pairwise,distance_closure,pairwise+distance_closure,distance_closure,multiple,total_break_groups_subject_to_range_at_most_2,bg_d2,full,-,-,-,-,0.7 2,-
tic-14crafd.fixed020-Forb,sparse_suffix,direct,sparse_suffix+direct,distance_closure,incremental,total_break_groups_subject_to_range_at_most_2,bg_d2,full,-,-,-,-,0.5 2,-
tic-14crafd.fixed020-Forb,sparse_suffix,direct,sparse_suffix+direct,distance_closure,maxsat,total_break_groups_subject_to_range_at_most_2,bg_d2,full,-,-,-,-,0.5 2,-
tic-14crafd.fixed020-Forb,sparse_suffix,direct,sparse_suffix+direct,distance_closure,multiple,total_break_groups_subject_to_range_at_most_2,bg_d2,full,-,-,-,-,0.7 2,-
tic-14crafd.fixed020-Forb,sparse_suffix,distance_closure,sparse_suffix+distance_closure,distance_closure,incremental,total_break_groups_subject_to_range_at_most_2,bg_d2,full,-,-,-,-,0.5 2,-
tic-14crafd.fixed020-Forb,sparse_suffix,distance_closure,sparse_suffix+distance_closure,distance_closure,maxsat,total_break_groups_subject_to_range_at_most_2,bg_d2,full,-,-,-,-,0.5 2,-
tic-14crafd.fixed020-Forb,sparse_suffix,distance_closure,sparse_suffix+distance_closure,distance_closure,multiple,total_break_groups_subject_to_range_at_most_2,bg_d2,full,-,-,-,-,0.7 2,-
tic-14crafd.fixed020-Forb,pairwise,direct,pairwise+direct,distance_closure,incremental,total_break_groups_subject_to_range_at_most_2,bg_d2,reduced,-,-,-,-,0.7 2,-
tic-14crafd.fixed020-Forb,pairwise,direct,pairwise+direct,distance_closure,maxsat,total_break_groups_subject_to_range_at_most_2,bg_d2,reduced,-,-,-,-,0.4 2,-
tic-14crafd.fixed020-Forb,pairwise,direct,pairwise+direct,distance_closure,multiple,total_break_groups_subject_to_range_at_most_2,bg_d2,reduced,-,-,-,-,0.9 2,-
tic-14crafd.fixed020-Forb,pairwise,distance_closure,pairwise+distance_closure,distance_closure,incremental,total_break_groups_subject_to_range_at_most_2,bg_d2,reduced,-,-,-,-,0.7 2,-
tic-14crafd.fixed020-Forb,pairwise,distance_closure,pairwise+distance_closure,distance_closure,maxsat,total_break_groups_subject_to_range_at_most_2,bg_d2,reduced,-,-,-,-,0.4 2,-
tic-14crafd.fixed020-Forb,pairwise,distance_closure,pairwise+distance_closure,distance_closure,multiple,total_break_groups_subject_to_range_at_most_2,bg_d2,reduced,-,-,-,-,0.9 2,-
tic-14crafd.fixed020-Forb,sparse_suffix,direct,sparse_suffix+direct,distance_closure,incremental,total_break_groups_subject_to_range_at_most_2,bg_d2,reduced,-,-,-,-,0.7 2,-
tic-14crafd.fixed020-Forb,sparse_suffix,direct,sparse_suffix+direct,distance_closure,maxsat,total_break_groups_subject_to_range_at_most_2,bg_d2,reduced,-,-,-,-,0.4 2,-
tic-14crafd.fixed020-Forb,sparse_suffix,direct,sparse_suffix+direct,distance_closure,multiple,total_break_groups_subject_to_range_at_most_2,bg_d2,reduced,-,-,-,-,0.9 2,-
tic-14crafd.fixed020-Forb,sparse_suffix,distance_closure,sparse_suffix+distance_closure,distance_closure,incremental,total_break_groups_subject_to_range_at_most_2,bg_d2,reduced,-,-,-,-,0.7 2,-
tic-14crafd.fixed020-Forb,sparse_suffix,distance_closure,sparse_suffix+distance_closure,distance_closure,maxsat,total_break_groups_subject_to_range_at_most_2,bg_d2,reduced,-,-,-,-,0.4 2,-
tic-14crafd.fixed020-Forb,sparse_suffix,distance_closure,sparse_suffix+distance_closure,distance_closure,multiple,total_break_groups_subject_to_range_at_most_2,bg_d2,reduced,-,-,-,-,0.9 2,-
tic-14crafd.fixed040-Forb,pairwise,direct,pairwise+direct,distance_closure,incremental,total_break_groups_subject_to_range_at_most_2,bg_d2,full,-,-,-,-,UNSAT,-
tic-14crafd.fixed040-Forb,pairwise,direct,pairwise+direct,distance_closure,maxsat,total_break_groups_subject_to_range_at_most_2,bg_d2,full,-,-,-,-,UNSAT,-
tic-14crafd.fixed040-Forb,pairwise,direct,pairwise+direct,distance_closure,multiple,total_break_groups_subject_to_range_at_most_2,bg_d2,full,-,-,-,-,UNSAT,-
tic-14crafd.fixed040-Forb,pairwise,distance_closure,pairwise+distance_closure,distance_closure,incremental,total_break_groups_subject_to_range_at_most_2,bg_d2,full,-,-,-,-,UNSAT,-
tic-14crafd.fixed040-Forb,pairwise,distance_closure,pairwise+distance_closure,distance_closure,maxsat,total_break_groups_subject_to_range_at_most_2,bg_d2,full,-,-,-,-,UNSAT,-
tic-14crafd.fixed040-Forb,pairwise,distance_closure,pairwise+distance_closure,distance_closure,multiple,total_break_groups_subject_to_range_at_most_2,bg_d2,full,-,-,-,-,UNSAT,-
tic-14crafd.fixed040-Forb,sparse_suffix,direct,sparse_suffix+direct,distance_closure,incremental,total_break_groups_subject_to_range_at_most_2,bg_d2,full,-,-,-,-,UNSAT,-
tic-14crafd.fixed040-Forb,sparse_suffix,direct,sparse_suffix+direct,distance_closure,maxsat,total_break_groups_subject_to_range_at_most_2,bg_d2,full,-,-,-,-,UNSAT,-
tic-14crafd.fixed040-Forb,sparse_suffix,direct,sparse_suffix+direct,distance_closure,multiple,total_break_groups_subject_to_range_at_most_2,bg_d2,full,-,-,-,-,UNSAT,-
tic-14crafd.fixed040-Forb,sparse_suffix,distance_closure,sparse_suffix+distance_closure,distance_closure,incremental,total_break_groups_subject_to_range_at_most_2,bg_d2,full,-,-,-,-,UNSAT,-
tic-14crafd.fixed040-Forb,sparse_suffix,distance_closure,sparse_suffix+distance_closure,distance_closure,maxsat,total_break_groups_subject_to_range_at_most_2,bg_d2,full,-,-,-,-,UNSAT,-
tic-14crafd.fixed040-Forb,sparse_suffix,distance_closure,sparse_suffix+distance_closure,distance_closure,multiple,total_break_groups_subject_to_range_at_most_2,bg_d2,full,-,-,-,-,UNSAT,-
tic-14crafd.fixed040-Forb,pairwise,direct,pairwise+direct,distance_closure,incremental,total_break_groups_subject_to_range_at_most_2,bg_d2,reduced,-,-,-,-,UNSAT,-
tic-14crafd.fixed040-Forb,pairwise,direct,pairwise+direct,distance_closure,maxsat,total_break_groups_subject_to_range_at_most_2,bg_d2,reduced,-,-,-,-,UNSAT,-
tic-14crafd.fixed040-Forb,pairwise,direct,pairwise+direct,distance_closure,multiple,total_break_groups_subject_to_range_at_most_2,bg_d2,reduced,-,-,-,-,UNSAT,-
tic-14crafd.fixed040-Forb,pairwise,distance_closure,pairwise+distance_closure,distance_closure,incremental,total_break_groups_subject_to_range_at_most_2,bg_d2,reduced,-,-,-,-,UNSAT,-
tic-14crafd.fixed040-Forb,pairwise,distance_closure,pairwise+distance_closure,distance_closure,maxsat,total_break_groups_subject_to_range_at_most_2,bg_d2,reduced,-,-,-,-,UNSAT,-
tic-14crafd.fixed040-Forb,pairwise,distance_closure,pairwise+distance_closure,distance_closure,multiple,total_break_groups_subject_to_range_at_most_2,bg_d2,reduced,-,-,-,-,UNSAT,-
tic-14crafd.fixed040-Forb,sparse_suffix,direct,sparse_suffix+direct,distance_closure,incremental,total_break_groups_subject_to_range_at_most_2,bg_d2,reduced,-,-,-,-,UNSAT,-
tic-14crafd.fixed040-Forb,sparse_suffix,direct,sparse_suffix+direct,distance_closure,maxsat,total_break_groups_subject_to_range_at_most_2,bg_d2,reduced,-,-,-,-,UNSAT,-
tic-14crafd.fixed040-Forb,sparse_suffix,direct,sparse_suffix+direct,distance_closure,multiple,total_break_groups_subject_to_range_at_most_2,bg_d2,reduced,-,-,-,-,UNSAT,-
tic-14crafd.fixed040-Forb,sparse_suffix,distance_closure,sparse_suffix+distance_closure,distance_closure,incremental,total_break_groups_subject_to_range_at_most_2,bg_d2,reduced,-,-,-,-,UNSAT,-
tic-14crafd.fixed040-Forb,sparse_suffix,distance_closure,sparse_suffix+distance_closure,distance_closure,maxsat,total_break_groups_subject_to_range_at_most_2,bg_d2,reduced,-,-,-,-,UNSAT,-
tic-14crafd.fixed040-Forb,sparse_suffix,distance_closure,sparse_suffix+distance_closure,distance_closure,multiple,total_break_groups_subject_to_range_at_most_2,bg_d2,reduced,-,-,-,-,UNSAT,-
ticf-13crafa.fixed020-Forb,pairwise,direct,pairwise+direct,distance_closure,incremental,total_break_groups_subject_to_range_at_most_2,bg_d2,full,-,-,-,-,2.3 20,-
ticf-13crafa.fixed020-Forb,pairwise,direct,pairwise+direct,distance_closure,maxsat,total_break_groups_subject_to_range_at_most_2,bg_d2,full,-,-,-,-,2.9 20,-
ticf-13crafa.fixed020-Forb,pairwise,direct,pairwise+direct,distance_closure,multiple,total_break_groups_subject_to_range_at_most_2,bg_d2,full,-,-,-,-,7.3 20,-
ticf-13crafa.fixed020-Forb,pairwise,distance_closure,pairwise+distance_closure,distance_closure,incremental,total_break_groups_subject_to_range_at_most_2,bg_d2,full,-,-,-,-,2.4 20,-
ticf-13crafa.fixed020-Forb,pairwise,distance_closure,pairwise+distance_closure,distance_closure,maxsat,total_break_groups_subject_to_range_at_most_2,bg_d2,full,-,-,-,-,3.0 20,-
ticf-13crafa.fixed020-Forb,pairwise,distance_closure,pairwise+distance_closure,distance_closure,multiple,total_break_groups_subject_to_range_at_most_2,bg_d2,full,-,-,-,-,7.5 20,-
ticf-13crafa.fixed020-Forb,sparse_suffix,direct,sparse_suffix+direct,distance_closure,incremental,total_break_groups_subject_to_range_at_most_2,bg_d2,full,-,-,-,-,2.3 20,-
ticf-13crafa.fixed020-Forb,sparse_suffix,direct,sparse_suffix+direct,distance_closure,maxsat,total_break_groups_subject_to_range_at_most_2,bg_d2,full,-,-,-,-,3.0 20,-
ticf-13crafa.fixed020-Forb,sparse_suffix,direct,sparse_suffix+direct,distance_closure,multiple,total_break_groups_subject_to_range_at_most_2,bg_d2,full,-,-,-,-,7.2 20,-
ticf-13crafa.fixed020-Forb,sparse_suffix,distance_closure,sparse_suffix+distance_closure,distance_closure,incremental,total_break_groups_subject_to_range_at_most_2,bg_d2,full,-,-,-,-,2.3 20,-
ticf-13crafa.fixed020-Forb,sparse_suffix,distance_closure,sparse_suffix+distance_closure,distance_closure,maxsat,total_break_groups_subject_to_range_at_most_2,bg_d2,full,-,-,-,-,2.9 20,-
ticf-13crafa.fixed020-Forb,sparse_suffix,distance_closure,sparse_suffix+distance_closure,distance_closure,multiple,total_break_groups_subject_to_range_at_most_2,bg_d2,full,-,-,-,-,7.3 20,-
ticf-13crafa.fixed020-Forb,pairwise,direct,pairwise+direct,distance_closure,incremental,total_break_groups_subject_to_range_at_most_2,bg_d2,reduced,-,-,-,-,1.9 20,-
ticf-13crafa.fixed020-Forb,pairwise,direct,pairwise+direct,distance_closure,maxsat,total_break_groups_subject_to_range_at_most_2,bg_d2,reduced,-,-,-,-,2.6 20,-
ticf-13crafa.fixed020-Forb,pairwise,direct,pairwise+direct,distance_closure,multiple,total_break_groups_subject_to_range_at_most_2,bg_d2,reduced,-,-,-,-,5.8 20,-
ticf-13crafa.fixed020-Forb,pairwise,distance_closure,pairwise+distance_closure,distance_closure,incremental,total_break_groups_subject_to_range_at_most_2,bg_d2,reduced,-,-,-,-,1.9 20,-
ticf-13crafa.fixed020-Forb,pairwise,distance_closure,pairwise+distance_closure,distance_closure,maxsat,total_break_groups_subject_to_range_at_most_2,bg_d2,reduced,-,-,-,-,2.6 20,-
ticf-13crafa.fixed020-Forb,pairwise,distance_closure,pairwise+distance_closure,distance_closure,multiple,total_break_groups_subject_to_range_at_most_2,bg_d2,reduced,-,-,-,-,5.9 20,-
ticf-13crafa.fixed020-Forb,sparse_suffix,direct,sparse_suffix+direct,distance_closure,incremental,total_break_groups_subject_to_range_at_most_2,bg_d2,reduced,-,-,-,-,1.9 20,-
ticf-13crafa.fixed020-Forb,sparse_suffix,direct,sparse_suffix+direct,distance_closure,maxsat,total_break_groups_subject_to_range_at_most_2,bg_d2,reduced,-,-,-,-,2.6 20,-
ticf-13crafa.fixed020-Forb,sparse_suffix,direct,sparse_suffix+direct,distance_closure,multiple,total_break_groups_subject_to_range_at_most_2,bg_d2,reduced,-,-,-,-,5.8 20,-
ticf-13crafa.fixed020-Forb,sparse_suffix,distance_closure,sparse_suffix+distance_closure,distance_closure,incremental,total_break_groups_subject_to_range_at_most_2,bg_d2,reduced,-,-,-,-,1.9 20,-
ticf-13crafa.fixed020-Forb,sparse_suffix,distance_closure,sparse_suffix+distance_closure,distance_closure,maxsat,total_break_groups_subject_to_range_at_most_2,bg_d2,reduced,-,-,-,-,2.7 20,-
ticf-13crafa.fixed020-Forb,sparse_suffix,distance_closure,sparse_suffix+distance_closure,distance_closure,multiple,total_break_groups_subject_to_range_at_most_2,bg_d2,reduced,-,-,-,-,6.0 20,-
ticf-13crafa.fixed040-Forb,pairwise,direct,pairwise+direct,distance_closure,incremental,total_break_groups_subject_to_range_at_most_2,bg_d2,full,-,-,-,-,1.8 49,-
ticf-13crafa.fixed040-Forb,pairwise,direct,pairwise+direct,distance_closure,maxsat,total_break_groups_subject_to_range_at_most_2,bg_d2,full,-,-,-,-,2.4 49,-
ticf-13crafa.fixed040-Forb,pairwise,direct,pairwise+direct,distance_closure,multiple,total_break_groups_subject_to_range_at_most_2,bg_d2,full,-,-,-,-,5.0 49,-
ticf-13crafa.fixed040-Forb,pairwise,distance_closure,pairwise+distance_closure,distance_closure,incremental,total_break_groups_subject_to_range_at_most_2,bg_d2,full,-,-,-,-,1.9 49,-
ticf-13crafa.fixed040-Forb,pairwise,distance_closure,pairwise+distance_closure,distance_closure,maxsat,total_break_groups_subject_to_range_at_most_2,bg_d2,full,-,-,-,-,2.3 49,-
ticf-13crafa.fixed040-Forb,pairwise,distance_closure,pairwise+distance_closure,distance_closure,multiple,total_break_groups_subject_to_range_at_most_2,bg_d2,full,-,-,-,-,4.9 49,-
ticf-13crafa.fixed040-Forb,sparse_suffix,direct,sparse_suffix+direct,distance_closure,incremental,total_break_groups_subject_to_range_at_most_2,bg_d2,full,-,-,-,-,1.8 49,-
ticf-13crafa.fixed040-Forb,sparse_suffix,direct,sparse_suffix+direct,distance_closure,maxsat,total_break_groups_subject_to_range_at_most_2,bg_d2,full,-,-,-,-,2.4 49,-
ticf-13crafa.fixed040-Forb,sparse_suffix,direct,sparse_suffix+direct,distance_closure,multiple,total_break_groups_subject_to_range_at_most_2,bg_d2,full,-,-,-,-,4.9 49,-
ticf-13crafa.fixed040-Forb,sparse_suffix,distance_closure,sparse_suffix+distance_closure,distance_closure,incremental,total_break_groups_subject_to_range_at_most_2,bg_d2,full,-,-,-,-,1.8 49,-
ticf-13crafa.fixed040-Forb,sparse_suffix,distance_closure,sparse_suffix+distance_closure,distance_closure,maxsat,total_break_groups_subject_to_range_at_most_2,bg_d2,full,-,-,-,-,2.3 49,-
ticf-13crafa.fixed040-Forb,sparse_suffix,distance_closure,sparse_suffix+distance_closure,distance_closure,multiple,total_break_groups_subject_to_range_at_most_2,bg_d2,full,-,-,-,-,4.9 49,-
ticf-13crafa.fixed040-Forb,pairwise,direct,pairwise+direct,distance_closure,incremental,total_break_groups_subject_to_range_at_most_2,bg_d2,reduced,-,-,-,-,1.4 49,-
ticf-13crafa.fixed040-Forb,pairwise,direct,pairwise+direct,distance_closure,maxsat,total_break_groups_subject_to_range_at_most_2,bg_d2,reduced,-,-,-,-,1.7 49,-
ticf-13crafa.fixed040-Forb,pairwise,direct,pairwise+direct,distance_closure,multiple,total_break_groups_subject_to_range_at_most_2,bg_d2,reduced,-,-,-,-,5.5 49,-
ticf-13crafa.fixed040-Forb,pairwise,distance_closure,pairwise+distance_closure,distance_closure,incremental,total_break_groups_subject_to_range_at_most_2,bg_d2,reduced,-,-,-,-,1.4 49,-
ticf-13crafa.fixed040-Forb,pairwise,distance_closure,pairwise+distance_closure,distance_closure,maxsat,total_break_groups_subject_to_range_at_most_2,bg_d2,reduced,-,-,-,-,1.8 49,-
ticf-13crafa.fixed040-Forb,pairwise,distance_closure,pairwise+distance_closure,distance_closure,multiple,total_break_groups_subject_to_range_at_most_2,bg_d2,reduced,-,-,-,-,5.5 49,-
ticf-13crafa.fixed040-Forb,sparse_suffix,direct,sparse_suffix+direct,distance_closure,incremental,total_break_groups_subject_to_range_at_most_2,bg_d2,reduced,-,-,-,-,1.4 49,-
ticf-13crafa.fixed040-Forb,sparse_suffix,direct,sparse_suffix+direct,distance_closure,maxsat,total_break_groups_subject_to_range_at_most_2,bg_d2,reduced,-,-,-,-,1.8 49,-
ticf-13crafa.fixed040-Forb,sparse_suffix,direct,sparse_suffix+direct,distance_closure,multiple,total_break_groups_subject_to_range_at_most_2,bg_d2,reduced,-,-,-,-,5.5 49,-
ticf-13crafa.fixed040-Forb,sparse_suffix,distance_closure,sparse_suffix+distance_closure,distance_closure,incremental,total_break_groups_subject_to_range_at_most_2,bg_d2,reduced,-,-,-,-,1.4 49,-
ticf-13crafa.fixed040-Forb,sparse_suffix,distance_closure,sparse_suffix+distance_closure,distance_closure,maxsat,total_break_groups_subject_to_range_at_most_2,bg_d2,reduced,-,-,-,-,1.7 49,-
ticf-13crafa.fixed040-Forb,sparse_suffix,distance_closure,sparse_suffix+distance_closure,distance_closure,multiple,total_break_groups_subject_to_range_at_most_2,bg_d2,reduced,-,-,-,-,5.5 49,-
ticf-13crafb.fixed020-Forb,pairwise,direct,pairwise+direct,distance_closure,incremental,total_break_groups_subject_to_range_at_most_2,bg_d2,full,-,-,-,-,3.7 27,-
ticf-13crafb.fixed020-Forb,pairwise,direct,pairwise+direct,distance_closure,maxsat,total_break_groups_subject_to_range_at_most_2,bg_d2,full,-,-,-,-,3.7 27,-
ticf-13crafb.fixed020-Forb,pairwise,direct,pairwise+direct,distance_closure,multiple,total_break_groups_subject_to_range_at_most_2,bg_d2,full,-,-,-,-,13.3 27,-
ticf-13crafb.fixed020-Forb,pairwise,distance_closure,pairwise+distance_closure,distance_closure,incremental,total_break_groups_subject_to_range_at_most_2,bg_d2,full,-,-,-,-,3.7 27,-
ticf-13crafb.fixed020-Forb,pairwise,distance_closure,pairwise+distance_closure,distance_closure,maxsat,total_break_groups_subject_to_range_at_most_2,bg_d2,full,-,-,-,-,3.7 27,-
ticf-13crafb.fixed020-Forb,pairwise,distance_closure,pairwise+distance_closure,distance_closure,multiple,total_break_groups_subject_to_range_at_most_2,bg_d2,full,-,-,-,-,13.2 27,-
ticf-13crafb.fixed020-Forb,sparse_suffix,direct,sparse_suffix+direct,distance_closure,incremental,total_break_groups_subject_to_range_at_most_2,bg_d2,full,-,-,-,-,3.8 27,-
ticf-13crafb.fixed020-Forb,sparse_suffix,direct,sparse_suffix+direct,distance_closure,maxsat,total_break_groups_subject_to_range_at_most_2,bg_d2,full,-,-,-,-,3.6 27,-
ticf-13crafb.fixed020-Forb,sparse_suffix,direct,sparse_suffix+direct,distance_closure,multiple,total_break_groups_subject_to_range_at_most_2,bg_d2,full,-,-,-,-,13.3 27,-
ticf-13crafb.fixed020-Forb,sparse_suffix,distance_closure,sparse_suffix+distance_closure,distance_closure,incremental,total_break_groups_subject_to_range_at_most_2,bg_d2,full,-,-,-,-,3.6 27,-
ticf-13crafb.fixed020-Forb,sparse_suffix,distance_closure,sparse_suffix+distance_closure,distance_closure,maxsat,total_break_groups_subject_to_range_at_most_2,bg_d2,full,-,-,-,-,3.6 27,-
ticf-13crafb.fixed020-Forb,sparse_suffix,distance_closure,sparse_suffix+distance_closure,distance_closure,multiple,total_break_groups_subject_to_range_at_most_2,bg_d2,full,-,-,-,-,13.1 27,-
ticf-13crafb.fixed020-Forb,pairwise,direct,pairwise+direct,distance_closure,incremental,total_break_groups_subject_to_range_at_most_2,bg_d2,reduced,-,-,-,-,4.0 27,-
ticf-13crafb.fixed020-Forb,pairwise,direct,pairwise+direct,distance_closure,maxsat,total_break_groups_subject_to_range_at_most_2,bg_d2,reduced,-,-,-,-,3.4 27,-
ticf-13crafb.fixed020-Forb,pairwise,direct,pairwise+direct,distance_closure,multiple,total_break_groups_subject_to_range_at_most_2,bg_d2,reduced,-,-,-,-,10.2 27,-
ticf-13crafb.fixed020-Forb,pairwise,distance_closure,pairwise+distance_closure,distance_closure,incremental,total_break_groups_subject_to_range_at_most_2,bg_d2,reduced,-,-,-,-,4.1 27,-
ticf-13crafb.fixed020-Forb,pairwise,distance_closure,pairwise+distance_closure,distance_closure,maxsat,total_break_groups_subject_to_range_at_most_2,bg_d2,reduced,-,-,-,-,3.7 27,-
ticf-13crafb.fixed020-Forb,pairwise,distance_closure,pairwise+distance_closure,distance_closure,multiple,total_break_groups_subject_to_range_at_most_2,bg_d2,reduced,-,-,-,-,11.0 27,-
ticf-13crafb.fixed020-Forb,sparse_suffix,direct,sparse_suffix+direct,distance_closure,incremental,total_break_groups_subject_to_range_at_most_2,bg_d2,reduced,-,-,-,-,4.4 27,-
ticf-13crafb.fixed020-Forb,sparse_suffix,direct,sparse_suffix+direct,distance_closure,maxsat,total_break_groups_subject_to_range_at_most_2,bg_d2,reduced,-,-,-,-,3.7 27,-
ticf-13crafb.fixed020-Forb,sparse_suffix,direct,sparse_suffix+direct,distance_closure,multiple,total_break_groups_subject_to_range_at_most_2,bg_d2,reduced,-,-,-,-,11.3 27,-
ticf-13crafb.fixed020-Forb,sparse_suffix,distance_closure,sparse_suffix+distance_closure,distance_closure,incremental,total_break_groups_subject_to_range_at_most_2,bg_d2,reduced,-,-,-,-,4.4 27,-
ticf-13crafb.fixed020-Forb,sparse_suffix,distance_closure,sparse_suffix+distance_closure,distance_closure,maxsat,total_break_groups_subject_to_range_at_most_2,bg_d2,reduced,-,-,-,-,3.6 27,-
ticf-13crafb.fixed020-Forb,sparse_suffix,distance_closure,sparse_suffix+distance_closure,distance_closure,multiple,total_break_groups_subject_to_range_at_most_2,bg_d2,reduced,-,-,-,-,11.3 27,-
ticf-13crafb.fixed040-Forb,pairwise,direct,pairwise+direct,distance_closure,incremental,total_break_groups_subject_to_range_at_most_2,bg_d2,full,-,-,-,-,UNSAT,-
ticf-13crafb.fixed040-Forb,pairwise,direct,pairwise+direct,distance_closure,maxsat,total_break_groups_subject_to_range_at_most_2,bg_d2,full,-,-,-,-,UNSAT,-
ticf-13crafb.fixed040-Forb,pairwise,direct,pairwise+direct,distance_closure,multiple,total_break_groups_subject_to_range_at_most_2,bg_d2,full,-,-,-,-,UNSAT,-
ticf-13crafb.fixed040-Forb,pairwise,distance_closure,pairwise+distance_closure,distance_closure,incremental,total_break_groups_subject_to_range_at_most_2,bg_d2,full,-,-,-,-,UNSAT,-
ticf-13crafb.fixed040-Forb,pairwise,distance_closure,pairwise+distance_closure,distance_closure,maxsat,total_break_groups_subject_to_range_at_most_2,bg_d2,full,-,-,-,-,UNSAT,-
ticf-13crafb.fixed040-Forb,pairwise,distance_closure,pairwise+distance_closure,distance_closure,multiple,total_break_groups_subject_to_range_at_most_2,bg_d2,full,-,-,-,-,UNSAT,-
ticf-13crafb.fixed040-Forb,sparse_suffix,direct,sparse_suffix+direct,distance_closure,incremental,total_break_groups_subject_to_range_at_most_2,bg_d2,full,-,-,-,-,UNSAT,-
ticf-13crafb.fixed040-Forb,sparse_suffix,direct,sparse_suffix+direct,distance_closure,maxsat,total_break_groups_subject_to_range_at_most_2,bg_d2,full,-,-,-,-,UNSAT,-
ticf-13crafb.fixed040-Forb,sparse_suffix,direct,sparse_suffix+direct,distance_closure,multiple,total_break_groups_subject_to_range_at_most_2,bg_d2,full,-,-,-,-,UNSAT,-
ticf-13crafb.fixed040-Forb,sparse_suffix,distance_closure,sparse_suffix+distance_closure,distance_closure,incremental,total_break_groups_subject_to_range_at_most_2,bg_d2,full,-,-,-,-,UNSAT,-
ticf-13crafb.fixed040-Forb,sparse_suffix,distance_closure,sparse_suffix+distance_closure,distance_closure,maxsat,total_break_groups_subject_to_range_at_most_2,bg_d2,full,-,-,-,-,UNSAT,-
ticf-13crafb.fixed040-Forb,sparse_suffix,distance_closure,sparse_suffix+distance_closure,distance_closure,multiple,total_break_groups_subject_to_range_at_most_2,bg_d2,full,-,-,-,-,UNSAT,-
ticf-13crafb.fixed040-Forb,pairwise,direct,pairwise+direct,distance_closure,incremental,total_break_groups_subject_to_range_at_most_2,bg_d2,reduced,-,-,-,-,UNSAT,-
ticf-13crafb.fixed040-Forb,pairwise,direct,pairwise+direct,distance_closure,maxsat,total_break_groups_subject_to_range_at_most_2,bg_d2,reduced,-,-,-,-,UNSAT,-
ticf-13crafb.fixed040-Forb,pairwise,direct,pairwise+direct,distance_closure,multiple,total_break_groups_subject_to_range_at_most_2,bg_d2,reduced,-,-,-,-,UNSAT,-
ticf-13crafb.fixed040-Forb,pairwise,distance_closure,pairwise+distance_closure,distance_closure,incremental,total_break_groups_subject_to_range_at_most_2,bg_d2,reduced,-,-,-,-,UNSAT,-
ticf-13crafb.fixed040-Forb,pairwise,distance_closure,pairwise+distance_closure,distance_closure,maxsat,total_break_groups_subject_to_range_at_most_2,bg_d2,reduced,-,-,-,-,UNSAT,-
ticf-13crafb.fixed040-Forb,pairwise,distance_closure,pairwise+distance_closure,distance_closure,multiple,total_break_groups_subject_to_range_at_most_2,bg_d2,reduced,-,-,-,-,UNSAT,-
ticf-13crafb.fixed040-Forb,sparse_suffix,direct,sparse_suffix+direct,distance_closure,incremental,total_break_groups_subject_to_range_at_most_2,bg_d2,reduced,-,-,-,-,UNSAT,-
ticf-13crafb.fixed040-Forb,sparse_suffix,direct,sparse_suffix+direct,distance_closure,maxsat,total_break_groups_subject_to_range_at_most_2,bg_d2,reduced,-,-,-,-,UNSAT,-
ticf-13crafb.fixed040-Forb,sparse_suffix,direct,sparse_suffix+direct,distance_closure,multiple,total_break_groups_subject_to_range_at_most_2,bg_d2,reduced,-,-,-,-,UNSAT,-
ticf-13crafb.fixed040-Forb,sparse_suffix,distance_closure,sparse_suffix+distance_closure,distance_closure,incremental,total_break_groups_subject_to_range_at_most_2,bg_d2,reduced,-,-,-,-,UNSAT,-
ticf-13crafb.fixed040-Forb,sparse_suffix,distance_closure,sparse_suffix+distance_closure,distance_closure,maxsat,total_break_groups_subject_to_range_at_most_2,bg_d2,reduced,-,-,-,-,UNSAT,-
ticf-13crafb.fixed040-Forb,sparse_suffix,distance_closure,sparse_suffix+distance_closure,distance_closure,multiple,total_break_groups_subject_to_range_at_most_2,bg_d2,reduced,-,-,-,-,UNSAT,-
ticf-13crafc.fixed020-Forb,pairwise,direct,pairwise+direct,distance_closure,incremental,total_break_groups_subject_to_range_at_most_2,bg_d2,full,-,-,-,-,2.4 20,-
ticf-13crafc.fixed020-Forb,pairwise,direct,pairwise+direct,distance_closure,maxsat,total_break_groups_subject_to_range_at_most_2,bg_d2,full,-,-,-,-,5.4 20,-
ticf-13crafc.fixed020-Forb,pairwise,direct,pairwise+direct,distance_closure,multiple,total_break_groups_subject_to_range_at_most_2,bg_d2,full,-,-,-,-,7.2 20,-
ticf-13crafc.fixed020-Forb,pairwise,distance_closure,pairwise+distance_closure,distance_closure,incremental,total_break_groups_subject_to_range_at_most_2,bg_d2,full,-,-,-,-,2.4 20,-
ticf-13crafc.fixed020-Forb,pairwise,distance_closure,pairwise+distance_closure,distance_closure,maxsat,total_break_groups_subject_to_range_at_most_2,bg_d2,full,-,-,-,-,5.4 20,-
ticf-13crafc.fixed020-Forb,pairwise,distance_closure,pairwise+distance_closure,distance_closure,multiple,total_break_groups_subject_to_range_at_most_2,bg_d2,full,-,-,-,-,7.2 20,-
ticf-13crafc.fixed020-Forb,sparse_suffix,direct,sparse_suffix+direct,distance_closure,incremental,total_break_groups_subject_to_range_at_most_2,bg_d2,full,-,-,-,-,2.4 20,-
ticf-13crafc.fixed020-Forb,sparse_suffix,direct,sparse_suffix+direct,distance_closure,maxsat,total_break_groups_subject_to_range_at_most_2,bg_d2,full,-,-,-,-,5.4 20,-
ticf-13crafc.fixed020-Forb,sparse_suffix,direct,sparse_suffix+direct,distance_closure,multiple,total_break_groups_subject_to_range_at_most_2,bg_d2,full,-,-,-,-,7.1 20,-
ticf-13crafc.fixed020-Forb,sparse_suffix,distance_closure,sparse_suffix+distance_closure,distance_closure,incremental,total_break_groups_subject_to_range_at_most_2,bg_d2,full,-,-,-,-,2.4 20,-
ticf-13crafc.fixed020-Forb,sparse_suffix,distance_closure,sparse_suffix+distance_closure,distance_closure,maxsat,total_break_groups_subject_to_range_at_most_2,bg_d2,full,-,-,-,-,5.2 20,-
ticf-13crafc.fixed020-Forb,sparse_suffix,distance_closure,sparse_suffix+distance_closure,distance_closure,multiple,total_break_groups_subject_to_range_at_most_2,bg_d2,full,-,-,-,-,7.1 20,-
ticf-13crafc.fixed020-Forb,pairwise,direct,pairwise+direct,distance_closure,incremental,total_break_groups_subject_to_range_at_most_2,bg_d2,reduced,-,-,-,-,2.9 20,-
ticf-13crafc.fixed020-Forb,pairwise,direct,pairwise+direct,distance_closure,maxsat,total_break_groups_subject_to_range_at_most_2,bg_d2,reduced,-,-,-,-,2.9 20,-
ticf-13crafc.fixed020-Forb,pairwise,direct,pairwise+direct,distance_closure,multiple,total_break_groups_subject_to_range_at_most_2,bg_d2,reduced,-,-,-,-,6.6 20,-
ticf-13crafc.fixed020-Forb,pairwise,distance_closure,pairwise+distance_closure,distance_closure,incremental,total_break_groups_subject_to_range_at_most_2,bg_d2,reduced,-,-,-,-,3.0 20,-
ticf-13crafc.fixed020-Forb,pairwise,distance_closure,pairwise+distance_closure,distance_closure,maxsat,total_break_groups_subject_to_range_at_most_2,bg_d2,reduced,-,-,-,-,2.9 20,-
ticf-13crafc.fixed020-Forb,pairwise,distance_closure,pairwise+distance_closure,distance_closure,multiple,total_break_groups_subject_to_range_at_most_2,bg_d2,reduced,-,-,-,-,6.6 20,-
ticf-13crafc.fixed020-Forb,sparse_suffix,direct,sparse_suffix+direct,distance_closure,incremental,total_break_groups_subject_to_range_at_most_2,bg_d2,reduced,-,-,-,-,2.9 20,-
ticf-13crafc.fixed020-Forb,sparse_suffix,direct,sparse_suffix+direct,distance_closure,maxsat,total_break_groups_subject_to_range_at_most_2,bg_d2,reduced,-,-,-,-,2.9 20,-
ticf-13crafc.fixed020-Forb,sparse_suffix,direct,sparse_suffix+direct,distance_closure,multiple,total_break_groups_subject_to_range_at_most_2,bg_d2,reduced,-,-,-,-,6.5 20,-
ticf-13crafc.fixed020-Forb,sparse_suffix,distance_closure,sparse_suffix+distance_closure,distance_closure,incremental,total_break_groups_subject_to_range_at_most_2,bg_d2,reduced,-,-,-,-,2.9 20,-
ticf-13crafc.fixed020-Forb,sparse_suffix,distance_closure,sparse_suffix+distance_closure,distance_closure,maxsat,total_break_groups_subject_to_range_at_most_2,bg_d2,reduced,-,-,-,-,2.9 20,-
ticf-13crafc.fixed020-Forb,sparse_suffix,distance_closure,sparse_suffix+distance_closure,distance_closure,multiple,total_break_groups_subject_to_range_at_most_2,bg_d2,reduced,-,-,-,-,6.6 20,-
ticf-13crafc.fixed040-Forb,pairwise,direct,pairwise+direct,distance_closure,incremental,total_break_groups_subject_to_range_at_most_2,bg_d2,full,-,-,-,-,2.1 49,-
ticf-13crafc.fixed040-Forb,pairwise,direct,pairwise+direct,distance_closure,maxsat,total_break_groups_subject_to_range_at_most_2,bg_d2,full,-,-,-,-,2.7 49,-
ticf-13crafc.fixed040-Forb,pairwise,direct,pairwise+direct,distance_closure,multiple,total_break_groups_subject_to_range_at_most_2,bg_d2,full,-,-,-,-,9.0 49,-
ticf-13crafc.fixed040-Forb,pairwise,distance_closure,pairwise+distance_closure,distance_closure,incremental,total_break_groups_subject_to_range_at_most_2,bg_d2,full,-,-,-,-,2.1 49,-
ticf-13crafc.fixed040-Forb,pairwise,distance_closure,pairwise+distance_closure,distance_closure,maxsat,total_break_groups_subject_to_range_at_most_2,bg_d2,full,-,-,-,-,2.7 49,-
ticf-13crafc.fixed040-Forb,pairwise,distance_closure,pairwise+distance_closure,distance_closure,multiple,total_break_groups_subject_to_range_at_most_2,bg_d2,full,-,-,-,-,9.0 49,-
ticf-13crafc.fixed040-Forb,sparse_suffix,direct,sparse_suffix+direct,distance_closure,incremental,total_break_groups_subject_to_range_at_most_2,bg_d2,full,-,-,-,-,2.2 49,-
ticf-13crafc.fixed040-Forb,sparse_suffix,direct,sparse_suffix+direct,distance_closure,maxsat,total_break_groups_subject_to_range_at_most_2,bg_d2,full,-,-,-,-,2.7 49,-
ticf-13crafc.fixed040-Forb,sparse_suffix,direct,sparse_suffix+direct,distance_closure,multiple,total_break_groups_subject_to_range_at_most_2,bg_d2,full,-,-,-,-,9.1 49,-
ticf-13crafc.fixed040-Forb,sparse_suffix,distance_closure,sparse_suffix+distance_closure,distance_closure,incremental,total_break_groups_subject_to_range_at_most_2,bg_d2,full,-,-,-,-,2.2 49,-
ticf-13crafc.fixed040-Forb,sparse_suffix,distance_closure,sparse_suffix+distance_closure,distance_closure,maxsat,total_break_groups_subject_to_range_at_most_2,bg_d2,full,-,-,-,-,2.7 49,-
ticf-13crafc.fixed040-Forb,sparse_suffix,distance_closure,sparse_suffix+distance_closure,distance_closure,multiple,total_break_groups_subject_to_range_at_most_2,bg_d2,full,-,-,-,-,9.0 49,-
ticf-13crafc.fixed040-Forb,pairwise,direct,pairwise+direct,distance_closure,incremental,total_break_groups_subject_to_range_at_most_2,bg_d2,reduced,-,-,-,-,1.5 49,-
ticf-13crafc.fixed040-Forb,pairwise,direct,pairwise+direct,distance_closure,maxsat,total_break_groups_subject_to_range_at_most_2,bg_d2,reduced,-,-,-,-,1.9 49,-
ticf-13crafc.fixed040-Forb,pairwise,direct,pairwise+direct,distance_closure,multiple,total_break_groups_subject_to_range_at_most_2,bg_d2,reduced,-,-,-,-,4.0 49,-
ticf-13crafc.fixed040-Forb,pairwise,distance_closure,pairwise+distance_closure,distance_closure,incremental,total_break_groups_subject_to_range_at_most_2,bg_d2,reduced,-,-,-,-,1.5 49,-
ticf-13crafc.fixed040-Forb,pairwise,distance_closure,pairwise+distance_closure,distance_closure,maxsat,total_break_groups_subject_to_range_at_most_2,bg_d2,reduced,-,-,-,-,1.9 49,-
ticf-13crafc.fixed040-Forb,pairwise,distance_closure,pairwise+distance_closure,distance_closure,multiple,total_break_groups_subject_to_range_at_most_2,bg_d2,reduced,-,-,-,-,4.0 49,-
ticf-13crafc.fixed040-Forb,sparse_suffix,direct,sparse_suffix+direct,distance_closure,incremental,total_break_groups_subject_to_range_at_most_2,bg_d2,reduced,-,-,-,-,1.5 49,-
ticf-13crafc.fixed040-Forb,sparse_suffix,direct,sparse_suffix+direct,distance_closure,maxsat,total_break_groups_subject_to_range_at_most_2,bg_d2,reduced,-,-,-,-,1.9 49,-
ticf-13crafc.fixed040-Forb,sparse_suffix,direct,sparse_suffix+direct,distance_closure,multiple,total_break_groups_subject_to_range_at_most_2,bg_d2,reduced,-,-,-,-,3.9 49,-
ticf-13crafc.fixed040-Forb,sparse_suffix,distance_closure,sparse_suffix+distance_closure,distance_closure,incremental,total_break_groups_subject_to_range_at_most_2,bg_d2,reduced,-,-,-,-,1.5 49,-
ticf-13crafc.fixed040-Forb,sparse_suffix,distance_closure,sparse_suffix+distance_closure,distance_closure,maxsat,total_break_groups_subject_to_range_at_most_2,bg_d2,reduced,-,-,-,-,1.9 49,-
ticf-13crafc.fixed040-Forb,sparse_suffix,distance_closure,sparse_suffix+distance_closure,distance_closure,multiple,total_break_groups_subject_to_range_at_most_2,bg_d2,reduced,-,-,-,-,3.9 49,-
ticf-14crafa.fixed020-Forb,pairwise,direct,pairwise+direct,distance_closure,incremental,total_break_groups_subject_to_range_at_most_2,bg_d2,full,-,-,-,-,8.9 21,-
ticf-14crafa.fixed020-Forb,pairwise,direct,pairwise+direct,distance_closure,maxsat,total_break_groups_subject_to_range_at_most_2,bg_d2,full,-,-,-,-,9.8 21,-
ticf-14crafa.fixed020-Forb,pairwise,direct,pairwise+direct,distance_closure,multiple,total_break_groups_subject_to_range_at_most_2,bg_d2,full,-,-,-,-,16.7 21,-
ticf-14crafa.fixed020-Forb,pairwise,distance_closure,pairwise+distance_closure,distance_closure,incremental,total_break_groups_subject_to_range_at_most_2,bg_d2,full,-,-,-,-,8.8 21,-
ticf-14crafa.fixed020-Forb,pairwise,distance_closure,pairwise+distance_closure,distance_closure,maxsat,total_break_groups_subject_to_range_at_most_2,bg_d2,full,-,-,-,-,9.9 21,-
ticf-14crafa.fixed020-Forb,pairwise,distance_closure,pairwise+distance_closure,distance_closure,multiple,total_break_groups_subject_to_range_at_most_2,bg_d2,full,-,-,-,-,17.4 21,-
ticf-14crafa.fixed020-Forb,sparse_suffix,direct,sparse_suffix+direct,distance_closure,incremental,total_break_groups_subject_to_range_at_most_2,bg_d2,full,-,-,-,-,8.9 21,-
ticf-14crafa.fixed020-Forb,sparse_suffix,direct,sparse_suffix+direct,distance_closure,maxsat,total_break_groups_subject_to_range_at_most_2,bg_d2,full,-,-,-,-,9.6 21,-
ticf-14crafa.fixed020-Forb,sparse_suffix,direct,sparse_suffix+direct,distance_closure,multiple,total_break_groups_subject_to_range_at_most_2,bg_d2,full,-,-,-,-,16.9 21,-
ticf-14crafa.fixed020-Forb,sparse_suffix,distance_closure,sparse_suffix+distance_closure,distance_closure,incremental,total_break_groups_subject_to_range_at_most_2,bg_d2,full,-,-,-,-,8.7 21,-
ticf-14crafa.fixed020-Forb,sparse_suffix,distance_closure,sparse_suffix+distance_closure,distance_closure,maxsat,total_break_groups_subject_to_range_at_most_2,bg_d2,full,-,-,-,-,9.7 21,-
ticf-14crafa.fixed020-Forb,sparse_suffix,distance_closure,sparse_suffix+distance_closure,distance_closure,multiple,total_break_groups_subject_to_range_at_most_2,bg_d2,full,-,-,-,-,16.7 21,-
ticf-14crafa.fixed020-Forb,pairwise,direct,pairwise+direct,distance_closure,incremental,total_break_groups_subject_to_range_at_most_2,bg_d2,reduced,-,-,-,-,5.7 21,-
ticf-14crafa.fixed020-Forb,pairwise,direct,pairwise+direct,distance_closure,maxsat,total_break_groups_subject_to_range_at_most_2,bg_d2,reduced,-,-,-,-,7.3 21,-
ticf-14crafa.fixed020-Forb,pairwise,direct,pairwise+direct,distance_closure,multiple,total_break_groups_subject_to_range_at_most_2,bg_d2,reduced,-,-,-,-,13.4 21,-
ticf-14crafa.fixed020-Forb,pairwise,distance_closure,pairwise+distance_closure,distance_closure,incremental,total_break_groups_subject_to_range_at_most_2,bg_d2,reduced,-,-,-,-,5.7 21,-
ticf-14crafa.fixed020-Forb,pairwise,distance_closure,pairwise+distance_closure,distance_closure,maxsat,total_break_groups_subject_to_range_at_most_2,bg_d2,reduced,-,-,-,-,7.4 21,-
ticf-14crafa.fixed020-Forb,pairwise,distance_closure,pairwise+distance_closure,distance_closure,multiple,total_break_groups_subject_to_range_at_most_2,bg_d2,reduced,-,-,-,-,13.6 21,-
ticf-14crafa.fixed020-Forb,sparse_suffix,direct,sparse_suffix+direct,distance_closure,incremental,total_break_groups_subject_to_range_at_most_2,bg_d2,reduced,-,-,-,-,5.9 21,-
ticf-14crafa.fixed020-Forb,sparse_suffix,direct,sparse_suffix+direct,distance_closure,maxsat,total_break_groups_subject_to_range_at_most_2,bg_d2,reduced,-,-,-,-,7.4 21,-
ticf-14crafa.fixed020-Forb,sparse_suffix,direct,sparse_suffix+direct,distance_closure,multiple,total_break_groups_subject_to_range_at_most_2,bg_d2,reduced,-,-,-,-,13.8 21,-
ticf-14crafa.fixed020-Forb,sparse_suffix,distance_closure,sparse_suffix+distance_closure,distance_closure,incremental,total_break_groups_subject_to_range_at_most_2,bg_d2,reduced,-,-,-,-,5.6 21,-
ticf-14crafa.fixed020-Forb,sparse_suffix,distance_closure,sparse_suffix+distance_closure,distance_closure,maxsat,total_break_groups_subject_to_range_at_most_2,bg_d2,reduced,-,-,-,-,7.2 21,-
ticf-14crafa.fixed020-Forb,sparse_suffix,distance_closure,sparse_suffix+distance_closure,distance_closure,multiple,total_break_groups_subject_to_range_at_most_2,bg_d2,reduced,-,-,-,-,13.6 21,-
ticf-14crafa.fixed040-Forb,pairwise,direct,pairwise+direct,distance_closure,incremental,total_break_groups_subject_to_range_at_most_2,bg_d2,full,-,-,-,-,UNSAT,-
ticf-14crafa.fixed040-Forb,pairwise,direct,pairwise+direct,distance_closure,maxsat,total_break_groups_subject_to_range_at_most_2,bg_d2,full,-,-,-,-,UNSAT,-
ticf-14crafa.fixed040-Forb,pairwise,direct,pairwise+direct,distance_closure,multiple,total_break_groups_subject_to_range_at_most_2,bg_d2,full,-,-,-,-,UNSAT,-
ticf-14crafa.fixed040-Forb,pairwise,distance_closure,pairwise+distance_closure,distance_closure,incremental,total_break_groups_subject_to_range_at_most_2,bg_d2,full,-,-,-,-,UNSAT,-
ticf-14crafa.fixed040-Forb,pairwise,distance_closure,pairwise+distance_closure,distance_closure,maxsat,total_break_groups_subject_to_range_at_most_2,bg_d2,full,-,-,-,-,UNSAT,-
ticf-14crafa.fixed040-Forb,pairwise,distance_closure,pairwise+distance_closure,distance_closure,multiple,total_break_groups_subject_to_range_at_most_2,bg_d2,full,-,-,-,-,UNSAT,-
ticf-14crafa.fixed040-Forb,sparse_suffix,direct,sparse_suffix+direct,distance_closure,incremental,total_break_groups_subject_to_range_at_most_2,bg_d2,full,-,-,-,-,UNSAT,-
ticf-14crafa.fixed040-Forb,sparse_suffix,direct,sparse_suffix+direct,distance_closure,maxsat,total_break_groups_subject_to_range_at_most_2,bg_d2,full,-,-,-,-,UNSAT,-
ticf-14crafa.fixed040-Forb,sparse_suffix,direct,sparse_suffix+direct,distance_closure,multiple,total_break_groups_subject_to_range_at_most_2,bg_d2,full,-,-,-,-,UNSAT,-
ticf-14crafa.fixed040-Forb,sparse_suffix,distance_closure,sparse_suffix+distance_closure,distance_closure,incremental,total_break_groups_subject_to_range_at_most_2,bg_d2,full,-,-,-,-,UNSAT,-
ticf-14crafa.fixed040-Forb,sparse_suffix,distance_closure,sparse_suffix+distance_closure,distance_closure,maxsat,total_break_groups_subject_to_range_at_most_2,bg_d2,full,-,-,-,-,UNSAT,-
ticf-14crafa.fixed040-Forb,sparse_suffix,distance_closure,sparse_suffix+distance_closure,distance_closure,multiple,total_break_groups_subject_to_range_at_most_2,bg_d2,full,-,-,-,-,UNSAT,-
ticf-14crafa.fixed040-Forb,pairwise,direct,pairwise+direct,distance_closure,incremental,total_break_groups_subject_to_range_at_most_2,bg_d2,reduced,-,-,-,-,UNSAT,-
ticf-14crafa.fixed040-Forb,pairwise,direct,pairwise+direct,distance_closure,maxsat,total_break_groups_subject_to_range_at_most_2,bg_d2,reduced,-,-,-,-,UNSAT,-
ticf-14crafa.fixed040-Forb,pairwise,direct,pairwise+direct,distance_closure,multiple,total_break_groups_subject_to_range_at_most_2,bg_d2,reduced,-,-,-,-,UNSAT,-
ticf-14crafa.fixed040-Forb,pairwise,distance_closure,pairwise+distance_closure,distance_closure,incremental,total_break_groups_subject_to_range_at_most_2,bg_d2,reduced,-,-,-,-,UNSAT,-
ticf-14crafa.fixed040-Forb,pairwise,distance_closure,pairwise+distance_closure,distance_closure,maxsat,total_break_groups_subject_to_range_at_most_2,bg_d2,reduced,-,-,-,-,UNSAT,-
ticf-14crafa.fixed040-Forb,pairwise,distance_closure,pairwise+distance_closure,distance_closure,multiple,total_break_groups_subject_to_range_at_most_2,bg_d2,reduced,-,-,-,-,UNSAT,-
ticf-14crafa.fixed040-Forb,sparse_suffix,direct,sparse_suffix+direct,distance_closure,incremental,total_break_groups_subject_to_range_at_most_2,bg_d2,reduced,-,-,-,-,UNSAT,-
ticf-14crafa.fixed040-Forb,sparse_suffix,direct,sparse_suffix+direct,distance_closure,maxsat,total_break_groups_subject_to_range_at_most_2,bg_d2,reduced,-,-,-,-,UNSAT,-
ticf-14crafa.fixed040-Forb,sparse_suffix,direct,sparse_suffix+direct,distance_closure,multiple,total_break_groups_subject_to_range_at_most_2,bg_d2,reduced,-,-,-,-,UNSAT,-
ticf-14crafa.fixed040-Forb,sparse_suffix,distance_closure,sparse_suffix+distance_closure,distance_closure,incremental,total_break_groups_subject_to_range_at_most_2,bg_d2,reduced,-,-,-,-,UNSAT,-
ticf-14crafa.fixed040-Forb,sparse_suffix,distance_closure,sparse_suffix+distance_closure,distance_closure,maxsat,total_break_groups_subject_to_range_at_most_2,bg_d2,reduced,-,-,-,-,UNSAT,-
ticf-14crafa.fixed040-Forb,sparse_suffix,distance_closure,sparse_suffix+distance_closure,distance_closure,multiple,total_break_groups_subject_to_range_at_most_2,bg_d2,reduced,-,-,-,-,UNSAT,-
