instance,precedence_encoding,precedence_graph,precedence_configuration,domain_filter_graph,solver,objective,objective_mode,domain_mode,basic,imp1,imp2,imp12,imp12+,n/a
forum-13.prec15,pairwise,direct,pairwise+direct,distance_closure,incremental,total_break_groups_subject_to_range_at_most_2,bg_d2,full,-,-,-,-,8.6 0,-
forum-13.prec15,pairwise,direct,pairwise+direct,distance_closure,maxsat,total_break_groups_subject_to_range_at_most_2,bg_d2,full,-,-,-,-,4.1 0,-
forum-13.prec15,pairwise,direct,pairwise+direct,distance_closure,multiple,total_break_groups_subject_to_range_at_most_2,bg_d2,full,-,-,-,-,6.6 0,-
forum-13.prec15,pairwise,distance_closure,pairwise+distance_closure,distance_closure,incremental,total_break_groups_subject_to_range_at_most_2,bg_d2,full,-,-,-,-,8.6 0,-
forum-13.prec15,pairwise,distance_closure,pairwise+distance_closure,distance_closure,maxsat,total_break_groups_subject_to_range_at_most_2,bg_d2,full,-,-,-,-,4.1 0,-
forum-13.prec15,pairwise,distance_closure,pairwise+distance_closure,distance_closure,multiple,total_break_groups_subject_to_range_at_most_2,bg_d2,full,-,-,-,-,6.8 0,-
forum-13.prec15,sparse_suffix,direct,sparse_suffix+direct,distance_closure,incremental,total_break_groups_subject_to_range_at_most_2,bg_d2,full,-,-,-,-,5.9 0,-
forum-13.prec15,sparse_suffix,direct,sparse_suffix+direct,distance_closure,maxsat,total_break_groups_subject_to_range_at_most_2,bg_d2,full,-,-,-,-,3.9 0,-
forum-13.prec15,sparse_suffix,direct,sparse_suffix+direct,distance_closure,multiple,total_break_groups_subject_to_range_at_most_2,bg_d2,full,-,-,-,-,6.7 0,-
forum-13.prec15,sparse_suffix,distance_closure,sparse_suffix+distance_closure,distance_closure,incremental,total_break_groups_subject_to_range_at_most_2,bg_d2,full,-,-,-,-,6.0 0,-
forum-13.prec15,sparse_suffix,distance_closure,sparse_suffix+distance_closure,distance_closure,maxsat,total_break_groups_subject_to_range_at_most_2,bg_d2,full,-,-,-,-,3.8 0,-
forum-13.prec15,sparse_suffix,distance_closure,sparse_suffix+distance_closure,distance_closure,multiple,total_break_groups_subject_to_range_at_most_2,bg_d2,full,-,-,-,-,6.5 0,-
forum-13.prec15,pairwise,direct,pairwise+direct,direct,incremental,total_break_groups_subject_to_range_at_most_2,bg_d2,reduced,-,-,-,-,7.1 0,-
forum-13.prec15,pairwise,direct,pairwise+direct,direct,maxsat,total_break_groups_subject_to_range_at_most_2,bg_d2,reduced,-,-,-,-,4.7 0,-
forum-13.prec15,pairwise,direct,pairwise+direct,direct,multiple,total_break_groups_subject_to_range_at_most_2,bg_d2,reduced,-,-,-,-,8.5 0,-
forum-13.prec15,pairwise,distance_closure,pairwise+distance_closure,direct,incremental,total_break_groups_subject_to_range_at_most_2,bg_d2,reduced,-,-,-,-,7.1 0,-
forum-13.prec15,pairwise,distance_closure,pairwise+distance_closure,direct,maxsat,total_break_groups_subject_to_range_at_most_2,bg_d2,reduced,-,-,-,-,4.7 0,-
forum-13.prec15,pairwise,distance_closure,pairwise+distance_closure,direct,multiple,total_break_groups_subject_to_range_at_most_2,bg_d2,reduced,-,-,-,-,8.4 0,-
forum-13.prec15,sparse_suffix,direct,sparse_suffix+direct,direct,incremental,total_break_groups_subject_to_range_at_most_2,bg_d2,reduced,-,-,-,-,4.1 0,-
forum-13.prec15,sparse_suffix,direct,sparse_suffix+direct,direct,maxsat,total_break_groups_subject_to_range_at_most_2,bg_d2,reduced,-,-,-,-,3.2 0,-
forum-13.prec15,sparse_suffix,direct,sparse_suffix+direct,direct,multiple,total_break_groups_subject_to_range_at_most_2,bg_d2,reduced,-,-,-,-,7.8 0,-
forum-13.prec15,sparse_suffix,distance_closure,sparse_suffix+distance_closure,direct,incremental,total_break_groups_subject_to_range_at_most_2,bg_d2,reduced,-,-,-,-,4.1 0,-
forum-13.prec15,sparse_suffix,distance_closure,sparse_suffix+distance_closure,direct,maxsat,total_break_groups_subject_to_range_at_most_2,bg_d2,reduced,-,-,-,-,3.2 0,-
forum-13.prec15,sparse_suffix,distance_closure,sparse_suffix+distance_closure,direct,multiple,total_break_groups_subject_to_range_at_most_2,bg_d2,reduced,-,-,-,-,7.6 0,-
forum-13.prec15,pairwise,direct,pairwise+direct,distance_closure,incremental,total_break_groups_subject_to_range_at_most_2,bg_d2,reduced,-,-,-,-,7.2 0,-
forum-13.prec15,pairwise,direct,pairwise+direct,distance_closure,maxsat,total_break_groups_subject_to_range_at_most_2,bg_d2,reduced,-,-,-,-,4.8 0,-
forum-13.prec15,pairwise,direct,pairwise+direct,distance_closure,multiple,total_break_groups_subject_to_range_at_most_2,bg_d2,reduced,-,-,-,-,8.5 0,-
forum-13.prec15,pairwise,distance_closure,pairwise+distance_closure,distance_closure,incremental,total_break_groups_subject_to_range_at_most_2,bg_d2,reduced,-,-,-,-,7.2 0,-
forum-13.prec15,pairwise,distance_closure,pairwise+distance_closure,distance_closure,maxsat,total_break_groups_subject_to_range_at_most_2,bg_d2,reduced,-,-,-,-,4.7 0,-
forum-13.prec15,pairwise,distance_closure,pairwise+distance_closure,distance_closure,multiple,total_break_groups_subject_to_range_at_most_2,bg_d2,reduced,-,-,-,-,8.4 0,-
forum-13.prec15,sparse_suffix,direct,sparse_suffix+direct,distance_closure,incremental,total_break_groups_subject_to_range_at_most_2,bg_d2,reduced,-,-,-,-,4.2 0,-
forum-13.prec15,sparse_suffix,direct,sparse_suffix+direct,distance_closure,maxsat,total_break_groups_subject_to_range_at_most_2,bg_d2,reduced,-,-,-,-,3.3 0,-
forum-13.prec15,sparse_suffix,direct,sparse_suffix+direct,distance_closure,multiple,total_break_groups_subject_to_range_at_most_2,bg_d2,reduced,-,-,-,-,8.0 0,-
forum-13.prec15,sparse_suffix,distance_closure,sparse_suffix+distance_closure,distance_closure,incremental,total_break_groups_subject_to_range_at_most_2,bg_d2,reduced,-,-,-,-,4.1 0,-
forum-13.prec15,sparse_suffix,distance_closure,sparse_suffix+distance_closure,distance_closure,maxsat,total_break_groups_subject_to_range_at_most_2,bg_d2,reduced,-,-,-,-,3.2 0,-
forum-13.prec15,sparse_suffix,distance_closure,sparse_suffix+distance_closure,distance_closure,multiple,total_break_groups_subject_to_range_at_most_2,bg_d2,reduced,-,-,-,-,7.7 0,-
forum-13.prec25,pairwise,direct,pairwise+direct,distance_closure,incremental,total_break_groups_subject_to_range_at_most_2,bg_d2,full,-,-,-,-,UNSAT,-
forum-13.prec25,pairwise,direct,pairwise+direct,distance_closure,maxsat,total_break_groups_subject_to_range_at_most_2,bg_d2,full,-,-,-,-,UNSAT,-
forum-13.prec25,pairwise,direct,pairwise+direct,distance_closure,multiple,total_break_groups_subject_to_range_at_most_2,bg_d2,full,-,-,-,-,UNSAT,-
forum-13.prec25,pairwise,distance_closure,pairwise+distance_closure,distance_closure,incremental,total_break_groups_subject_to_range_at_most_2,bg_d2,full,-,-,-,-,UNSAT,-
forum-13.prec25,pairwise,distance_closure,pairwise+distance_closure,distance_closure,maxsat,total_break_groups_subject_to_range_at_most_2,bg_d2,full,-,-,-,-,UNSAT,-
forum-13.prec25,pairwise,distance_closure,pairwise+distance_closure,distance_closure,multiple,total_break_groups_subject_to_range_at_most_2,bg_d2,full,-,-,-,-,UNSAT,-
forum-13.prec25,sparse_suffix,direct,sparse_suffix+direct,distance_closure,incremental,total_break_groups_subject_to_range_at_most_2,bg_d2,full,-,-,-,-,UNSAT,-
forum-13.prec25,sparse_suffix,direct,sparse_suffix+direct,distance_closure,maxsat,total_break_groups_subject_to_range_at_most_2,bg_d2,full,-,-,-,-,UNSAT,-
forum-13.prec25,sparse_suffix,direct,sparse_suffix+direct,distance_closure,multiple,total_break_groups_subject_to_range_at_most_2,bg_d2,full,-,-,-,-,UNSAT,-
forum-13.prec25,sparse_suffix,distance_closure,sparse_suffix+distance_closure,distance_closure,incremental,total_break_groups_subject_to_range_at_most_2,bg_d2,full,-,-,-,-,UNSAT,-
forum-13.prec25,sparse_suffix,distance_closure,sparse_suffix+distance_closure,distance_closure,maxsat,total_break_groups_subject_to_range_at_most_2,bg_d2,full,-,-,-,-,UNSAT,-
forum-13.prec25,sparse_suffix,distance_closure,sparse_suffix+distance_closure,distance_closure,multiple,total_break_groups_subject_to_range_at_most_2,bg_d2,full,-,-,-,-,UNSAT,-
forum-13.prec25,pairwise,direct,pairwise+direct,direct,incremental,total_break_groups_subject_to_range_at_most_2,bg_d2,reduced,-,-,-,-,UNSAT,-
forum-13.prec25,pairwise,direct,pairwise+direct,direct,maxsat,total_break_groups_subject_to_range_at_most_2,bg_d2,reduced,-,-,-,-,UNSAT,-
forum-13.prec25,pairwise,direct,pairwise+direct,direct,multiple,total_break_groups_subject_to_range_at_most_2,bg_d2,reduced,-,-,-,-,UNSAT,-
forum-13.prec25,pairwise,distance_closure,pairwise+distance_closure,direct,incremental,total_break_groups_subject_to_range_at_most_2,bg_d2,reduced,-,-,-,-,UNSAT,-
forum-13.prec25,pairwise,distance_closure,pairwise+distance_closure,direct,maxsat,total_break_groups_subject_to_range_at_most_2,bg_d2,reduced,-,-,-,-,UNSAT,-
forum-13.prec25,pairwise,distance_closure,pairwise+distance_closure,direct,multiple,total_break_groups_subject_to_range_at_most_2,bg_d2,reduced,-,-,-,-,UNSAT,-
forum-13.prec25,sparse_suffix,direct,sparse_suffix+direct,direct,incremental,total_break_groups_subject_to_range_at_most_2,bg_d2,reduced,-,-,-,-,UNSAT,-
forum-13.prec25,sparse_suffix,direct,sparse_suffix+direct,direct,maxsat,total_break_groups_subject_to_range_at_most_2,bg_d2,reduced,-,-,-,-,UNSAT,-
forum-13.prec25,sparse_suffix,direct,sparse_suffix+direct,direct,multiple,total_break_groups_subject_to_range_at_most_2,bg_d2,reduced,-,-,-,-,UNSAT,-
forum-13.prec25,sparse_suffix,distance_closure,sparse_suffix+distance_closure,direct,incremental,total_break_groups_subject_to_range_at_most_2,bg_d2,reduced,-,-,-,-,UNSAT,-
forum-13.prec25,sparse_suffix,distance_closure,sparse_suffix+distance_closure,direct,maxsat,total_break_groups_subject_to_range_at_most_2,bg_d2,reduced,-,-,-,-,UNSAT,-
forum-13.prec25,sparse_suffix,distance_closure,sparse_suffix+distance_closure,direct,multiple,total_break_groups_subject_to_range_at_most_2,bg_d2,reduced,-,-,-,-,UNSAT,-
forum-13.prec25,pairwise,direct,pairwise+direct,distance_closure,incremental,total_break_groups_subject_to_range_at_most_2,bg_d2,reduced,-,-,-,-,UNSAT,-
forum-13.prec25,pairwise,direct,pairwise+direct,distance_closure,maxsat,total_break_groups_subject_to_range_at_most_2,bg_d2,reduced,-,-,-,-,UNSAT,-
forum-13.prec25,pairwise,direct,pairwise+direct,distance_closure,multiple,total_break_groups_subject_to_range_at_most_2,bg_d2,reduced,-,-,-,-,UNSAT,-
forum-13.prec25,pairwise,distance_closure,pairwise+distance_closure,distance_closure,incremental,total_break_groups_subject_to_range_at_most_2,bg_d2,reduced,-,-,-,-,UNSAT,-
forum-13.prec25,pairwise,distance_closure,pairwise+distance_closure,distance_closure,maxsat,total_break_groups_subject_to_range_at_most_2,bg_d2,reduced,-,-,-,-,UNSAT,-
forum-13.prec25,pairwise,distance_closure,pairwise+distance_closure,distance_closure,multiple,total_break_groups_subject_to_range_at_most_2,bg_d2,reduced,-,-,-,-,UNSAT,-
forum-13.prec25,sparse_suffix,direct,sparse_suffix+direct,distance_closure,incremental,total_break_groups_subject_to_range_at_most_2,bg_d2,reduced,-,-,-,-,UNSAT,-
forum-13.prec25,sparse_suffix,direct,sparse_suffix+direct,distance_closure,maxsat,total_break_groups_subject_to_range_at_most_2,bg_d2,reduced,-,-,-,-,UNSAT,-
forum-13.prec25,sparse_suffix,direct,sparse_suffix+direct,distance_closure,multiple,total_break_groups_subject_to_range_at_most_2,bg_d2,reduced,-,-,-,-,UNSAT,-
forum-13.prec25,sparse_suffix,distance_closure,sparse_suffix+distance_closure,distance_closure,incremental,total_break_groups_subject_to_range_at_most_2,bg_d2,reduced,-,-,-,-,UNSAT,-
forum-13.prec25,sparse_suffix,distance_closure,sparse_suffix+distance_closure,distance_closure,maxsat,total_break_groups_subject_to_range_at_most_2,bg_d2,reduced,-,-,-,-,UNSAT,-
forum-13.prec25,sparse_suffix,distance_closure,sparse_suffix+distance_closure,distance_closure,multiple,total_break_groups_subject_to_range_at_most_2,bg_d2,reduced,-,-,-,-,UNSAT,-
forum-13crafb.prec15,pairwise,direct,pairwise+direct,distance_closure,incremental,total_break_groups_subject_to_range_at_most_2,bg_d2,full,-,-,-,-,UNSAT,-
forum-13crafb.prec15,pairwise,direct,pairwise+direct,distance_closure,maxsat,total_break_groups_subject_to_range_at_most_2,bg_d2,full,-,-,-,-,UNSAT,-
forum-13crafb.prec15,pairwise,direct,pairwise+direct,distance_closure,multiple,total_break_groups_subject_to_range_at_most_2,bg_d2,full,-,-,-,-,UNSAT,-
forum-13crafb.prec15,pairwise,distance_closure,pairwise+distance_closure,distance_closure,incremental,total_break_groups_subject_to_range_at_most_2,bg_d2,full,-,-,-,-,UNSAT,-
forum-13crafb.prec15,pairwise,distance_closure,pairwise+distance_closure,distance_closure,maxsat,total_break_groups_subject_to_range_at_most_2,bg_d2,full,-,-,-,-,UNSAT,-
forum-13crafb.prec15,pairwise,distance_closure,pairwise+distance_closure,distance_closure,multiple,total_break_groups_subject_to_range_at_most_2,bg_d2,full,-,-,-,-,UNSAT,-
forum-13crafb.prec15,sparse_suffix,direct,sparse_suffix+direct,distance_closure,incremental,total_break_groups_subject_to_range_at_most_2,bg_d2,full,-,-,-,-,UNSAT,-
forum-13crafb.prec15,sparse_suffix,direct,sparse_suffix+direct,distance_closure,maxsat,total_break_groups_subject_to_range_at_most_2,bg_d2,full,-,-,-,-,UNSAT,-
forum-13crafb.prec15,sparse_suffix,direct,sparse_suffix+direct,distance_closure,multiple,total_break_groups_subject_to_range_at_most_2,bg_d2,full,-,-,-,-,UNSAT,-
forum-13crafb.prec15,sparse_suffix,distance_closure,sparse_suffix+distance_closure,distance_closure,incremental,total_break_groups_subject_to_range_at_most_2,bg_d2,full,-,-,-,-,UNSAT,-
forum-13crafb.prec15,sparse_suffix,distance_closure,sparse_suffix+distance_closure,distance_closure,maxsat,total_break_groups_subject_to_range_at_most_2,bg_d2,full,-,-,-,-,UNSAT,-
forum-13crafb.prec15,sparse_suffix,distance_closure,sparse_suffix+distance_closure,distance_closure,multiple,total_break_groups_subject_to_range_at_most_2,bg_d2,full,-,-,-,-,UNSAT,-
forum-13crafb.prec15,pairwise,direct,pairwise+direct,direct,incremental,total_break_groups_subject_to_range_at_most_2,bg_d2,reduced,-,-,-,-,UNSAT,-
forum-13crafb.prec15,pairwise,direct,pairwise+direct,direct,maxsat,total_break_groups_subject_to_range_at_most_2,bg_d2,reduced,-,-,-,-,UNSAT,-
forum-13crafb.prec15,pairwise,direct,pairwise+direct,direct,multiple,total_break_groups_subject_to_range_at_most_2,bg_d2,reduced,-,-,-,-,UNSAT,-
forum-13crafb.prec15,pairwise,distance_closure,pairwise+distance_closure,direct,incremental,total_break_groups_subject_to_range_at_most_2,bg_d2,reduced,-,-,-,-,UNSAT,-
forum-13crafb.prec15,pairwise,distance_closure,pairwise+distance_closure,direct,maxsat,total_break_groups_subject_to_range_at_most_2,bg_d2,reduced,-,-,-,-,UNSAT,-
forum-13crafb.prec15,pairwise,distance_closure,pairwise+distance_closure,direct,multiple,total_break_groups_subject_to_range_at_most_2,bg_d2,reduced,-,-,-,-,UNSAT,-
forum-13crafb.prec15,sparse_suffix,direct,sparse_suffix+direct,direct,incremental,total_break_groups_subject_to_range_at_most_2,bg_d2,reduced,-,-,-,-,UNSAT,-
forum-13crafb.prec15,sparse_suffix,direct,sparse_suffix+direct,direct,maxsat,total_break_groups_subject_to_range_at_most_2,bg_d2,reduced,-,-,-,-,UNSAT,-
forum-13crafb.prec15,sparse_suffix,direct,sparse_suffix+direct,direct,multiple,total_break_groups_subject_to_range_at_most_2,bg_d2,reduced,-,-,-,-,UNSAT,-
forum-13crafb.prec15,sparse_suffix,distance_closure,sparse_suffix+distance_closure,direct,incremental,total_break_groups_subject_to_range_at_most_2,bg_d2,reduced,-,-,-,-,UNSAT,-
forum-13crafb.prec15,sparse_suffix,distance_closure,sparse_suffix+distance_closure,direct,maxsat,total_break_groups_subject_to_range_at_most_2,bg_d2,reduced,-,-,-,-,UNSAT,-
forum-13crafb.prec15,sparse_suffix,distance_closure,sparse_suffix+distance_closure,direct,multiple,total_break_groups_subject_to_range_at_most_2,bg_d2,reduced,-,-,-,-,UNSAT,-
forum-13crafb.prec15,pairwise,direct,pairwise+direct,distance_closure,incremental,total_break_groups_subject_to_range_at_most_2,bg_d2,reduced,-,-,-,-,UNSAT,-
forum-13crafb.prec15,pairwise,direct,pairwise+direct,distance_closure,maxsat,total_break_groups_subject_to_range_at_most_2,bg_d2,reduced,-,-,-,-,UNSAT,-
forum-13crafb.prec15,pairwise,direct,pairwise+direct,distance_closure,multiple,total_break_groups_subject_to_range_at_most_2,bg_d2,reduced,-,-,-,-,UNSAT,-
forum-13crafb.prec15,pairwise,distance_closure,pairwise+distance_closure,distance_closure,incremental,total_break_groups_subject_to_range_at_most_2,bg_d2,reduced,-,-,-,-,UNSAT,-
forum-13crafb.prec15,pairwise,distance_closure,pairwise+distance_closure,distance_closure,maxsat,total_break_groups_subject_to_range_at_most_2,bg_d2,reduced,-,-,-,-,UNSAT,-
forum-13crafb.prec15,pairwise,distance_closure,pairwise+distance_closure,distance_closure,multiple,total_break_groups_subject_to_range_at_most_2,bg_d2,reduced,-,-,-,-,UNSAT,-
forum-13crafb.prec15,sparse_suffix,direct,sparse_suffix+direct,distance_closure,incremental,total_break_groups_subject_to_range_at_most_2,bg_d2,reduced,-,-,-,-,UNSAT,-
forum-13crafb.prec15,sparse_suffix,direct,sparse_suffix+direct,distance_closure,maxsat,total_break_groups_subject_to_range_at_most_2,bg_d2,reduced,-,-,-,-,UNSAT,-
forum-13crafb.prec15,sparse_suffix,direct,sparse_suffix+direct,distance_closure,multiple,total_break_groups_subject_to_range_at_most_2,bg_d2,reduced,-,-,-,-,UNSAT,-
forum-13crafb.prec15,sparse_suffix,distance_closure,sparse_suffix+distance_closure,distance_closure,incremental,total_break_groups_subject_to_range_at_most_2,bg_d2,reduced,-,-,-,-,UNSAT,-
forum-13crafb.prec15,sparse_suffix,distance_closure,sparse_suffix+distance_closure,distance_closure,maxsat,total_break_groups_subject_to_range_at_most_2,bg_d2,reduced,-,-,-,-,UNSAT,-
forum-13crafb.prec15,sparse_suffix,distance_closure,sparse_suffix+distance_closure,distance_closure,multiple,total_break_groups_subject_to_range_at_most_2,bg_d2,reduced,-,-,-,-,UNSAT,-
forum-13crafb.prec25,pairwise,direct,pairwise+direct,distance_closure,incremental,total_break_groups_subject_to_range_at_most_2,bg_d2,full,-,-,-,-,UNSAT,-
forum-13crafb.prec25,pairwise,direct,pairwise+direct,distance_closure,maxsat,total_break_groups_subject_to_range_at_most_2,bg_d2,full,-,-,-,-,UNSAT,-
forum-13crafb.prec25,pairwise,direct,pairwise+direct,distance_closure,multiple,total_break_groups_subject_to_range_at_most_2,bg_d2,full,-,-,-,-,UNSAT,-
forum-13crafb.prec25,pairwise,distance_closure,pairwise+distance_closure,distance_closure,incremental,total_break_groups_subject_to_range_at_most_2,bg_d2,full,-,-,-,-,UNSAT,-
forum-13crafb.prec25,pairwise,distance_closure,pairwise+distance_closure,distance_closure,maxsat,total_break_groups_subject_to_range_at_most_2,bg_d2,full,-,-,-,-,UNSAT,-
forum-13crafb.prec25,pairwise,distance_closure,pairwise+distance_closure,distance_closure,multiple,total_break_groups_subject_to_range_at_most_2,bg_d2,full,-,-,-,-,UNSAT,-
forum-13crafb.prec25,sparse_suffix,direct,sparse_suffix+direct,distance_closure,incremental,total_break_groups_subject_to_range_at_most_2,bg_d2,full,-,-,-,-,UNSAT,-
forum-13crafb.prec25,sparse_suffix,direct,sparse_suffix+direct,distance_closure,maxsat,total_break_groups_subject_to_range_at_most_2,bg_d2,full,-,-,-,-,UNSAT,-
forum-13crafb.prec25,sparse_suffix,direct,sparse_suffix+direct,distance_closure,multiple,total_break_groups_subject_to_range_at_most_2,bg_d2,full,-,-,-,-,UNSAT,-
forum-13crafb.prec25,sparse_suffix,distance_closure,sparse_suffix+distance_closure,distance_closure,incremental,total_break_groups_subject_to_range_at_most_2,bg_d2,full,-,-,-,-,UNSAT,-
forum-13crafb.prec25,sparse_suffix,distance_closure,sparse_suffix+distance_closure,distance_closure,maxsat,total_break_groups_subject_to_range_at_most_2,bg_d2,full,-,-,-,-,UNSAT,-
forum-13crafb.prec25,sparse_suffix,distance_closure,sparse_suffix+distance_closure,distance_closure,multiple,total_break_groups_subject_to_range_at_most_2,bg_d2,full,-,-,-,-,UNSAT,-
forum-13crafb.prec25,pairwise,direct,pairwise+direct,direct,incremental,total_break_groups_subject_to_range_at_most_2,bg_d2,reduced,-,-,-,-,UNSAT,-
forum-13crafb.prec25,pairwise,direct,pairwise+direct,direct,maxsat,total_break_groups_subject_to_range_at_most_2,bg_d2,reduced,-,-,-,-,UNSAT,-
forum-13crafb.prec25,pairwise,direct,pairwise+direct,direct,multiple,total_break_groups_subject_to_range_at_most_2,bg_d2,reduced,-,-,-,-,UNSAT,-
forum-13crafb.prec25,pairwise,distance_closure,pairwise+distance_closure,direct,incremental,total_break_groups_subject_to_range_at_most_2,bg_d2,reduced,-,-,-,-,UNSAT,-
forum-13crafb.prec25,pairwise,distance_closure,pairwise+distance_closure,direct,maxsat,total_break_groups_subject_to_range_at_most_2,bg_d2,reduced,-,-,-,-,UNSAT,-
forum-13crafb.prec25,pairwise,distance_closure,pairwise+distance_closure,direct,multiple,total_break_groups_subject_to_range_at_most_2,bg_d2,reduced,-,-,-,-,UNSAT,-
forum-13crafb.prec25,sparse_suffix,direct,sparse_suffix+direct,direct,incremental,total_break_groups_subject_to_range_at_most_2,bg_d2,reduced,-,-,-,-,UNSAT,-
forum-13crafb.prec25,sparse_suffix,direct,sparse_suffix+direct,direct,maxsat,total_break_groups_subject_to_range_at_most_2,bg_d2,reduced,-,-,-,-,UNSAT,-
forum-13crafb.prec25,sparse_suffix,direct,sparse_suffix+direct,direct,multiple,total_break_groups_subject_to_range_at_most_2,bg_d2,reduced,-,-,-,-,UNSAT,-
forum-13crafb.prec25,sparse_suffix,distance_closure,sparse_suffix+distance_closure,direct,incremental,total_break_groups_subject_to_range_at_most_2,bg_d2,reduced,-,-,-,-,UNSAT,-
forum-13crafb.prec25,sparse_suffix,distance_closure,sparse_suffix+distance_closure,direct,maxsat,total_break_groups_subject_to_range_at_most_2,bg_d2,reduced,-,-,-,-,UNSAT,-
forum-13crafb.prec25,sparse_suffix,distance_closure,sparse_suffix+distance_closure,direct,multiple,total_break_groups_subject_to_range_at_most_2,bg_d2,reduced,-,-,-,-,UNSAT,-
forum-13crafb.prec25,pairwise,direct,pairwise+direct,distance_closure,incremental,total_break_groups_subject_to_range_at_most_2,bg_d2,reduced,-,-,-,-,UNSAT,-
forum-13crafb.prec25,pairwise,direct,pairwise+direct,distance_closure,maxsat,total_break_groups_subject_to_range_at_most_2,bg_d2,reduced,-,-,-,-,UNSAT,-
forum-13crafb.prec25,pairwise,direct,pairwise+direct,distance_closure,multiple,total_break_groups_subject_to_range_at_most_2,bg_d2,reduced,-,-,-,-,UNSAT,-
forum-13crafb.prec25,pairwise,distance_closure,pairwise+distance_closure,distance_closure,incremental,total_break_groups_subject_to_range_at_most_2,bg_d2,reduced,-,-,-,-,UNSAT,-
forum-13crafb.prec25,pairwise,distance_closure,pairwise+distance_closure,distance_closure,maxsat,total_break_groups_subject_to_range_at_most_2,bg_d2,reduced,-,-,-,-,UNSAT,-
forum-13crafb.prec25,pairwise,distance_closure,pairwise+distance_closure,distance_closure,multiple,total_break_groups_subject_to_range_at_most_2,bg_d2,reduced,-,-,-,-,UNSAT,-
forum-13crafb.prec25,sparse_suffix,direct,sparse_suffix+direct,distance_closure,incremental,total_break_groups_subject_to_range_at_most_2,bg_d2,reduced,-,-,-,-,UNSAT,-
forum-13crafb.prec25,sparse_suffix,direct,sparse_suffix+direct,distance_closure,maxsat,total_break_groups_subject_to_range_at_most_2,bg_d2,reduced,-,-,-,-,UNSAT,-
forum-13crafb.prec25,sparse_suffix,direct,sparse_suffix+direct,distance_closure,multiple,total_break_groups_subject_to_range_at_most_2,bg_d2,reduced,-,-,-,-,UNSAT,-
forum-13crafb.prec25,sparse_suffix,distance_closure,sparse_suffix+distance_closure,distance_closure,incremental,total_break_groups_subject_to_range_at_most_2,bg_d2,reduced,-,-,-,-,UNSAT,-
forum-13crafb.prec25,sparse_suffix,distance_closure,sparse_suffix+distance_closure,distance_closure,maxsat,total_break_groups_subject_to_range_at_most_2,bg_d2,reduced,-,-,-,-,UNSAT,-
forum-13crafb.prec25,sparse_suffix,distance_closure,sparse_suffix+distance_closure,distance_closure,multiple,total_break_groups_subject_to_range_at_most_2,bg_d2,reduced,-,-,-,-,UNSAT,-
forum-13crafc.prec15,pairwise,direct,pairwise+direct,distance_closure,incremental,total_break_groups_subject_to_range_at_most_2,bg_d2,full,-,-,-,-,23.3 1,-
forum-13crafc.prec15,pairwise,direct,pairwise+direct,distance_closure,maxsat,total_break_groups_subject_to_range_at_most_2,bg_d2,full,-,-,-,-,4.7 1,-
forum-13crafc.prec15,pairwise,direct,pairwise+direct,distance_closure,multiple,total_break_groups_subject_to_range_at_most_2,bg_d2,full,-,-,-,-,33.5 1,-
forum-13crafc.prec15,pairwise,distance_closure,pairwise+distance_closure,distance_closure,incremental,total_break_groups_subject_to_range_at_most_2,bg_d2,full,-,-,-,-,23.8 1,-
forum-13crafc.prec15,pairwise,distance_closure,pairwise+distance_closure,distance_closure,maxsat,total_break_groups_subject_to_range_at_most_2,bg_d2,full,-,-,-,-,4.7 1,-
forum-13crafc.prec15,pairwise,distance_closure,pairwise+distance_closure,distance_closure,multiple,total_break_groups_subject_to_range_at_most_2,bg_d2,full,-,-,-,-,33.6 1,-
forum-13crafc.prec15,sparse_suffix,direct,sparse_suffix+direct,distance_closure,incremental,total_break_groups_subject_to_range_at_most_2,bg_d2,full,-,-,-,-,10.6 1,-
forum-13crafc.prec15,sparse_suffix,direct,sparse_suffix+direct,distance_closure,maxsat,total_break_groups_subject_to_range_at_most_2,bg_d2,full,-,-,-,-,15.9 1,-
forum-13crafc.prec15,sparse_suffix,direct,sparse_suffix+direct,distance_closure,multiple,total_break_groups_subject_to_range_at_most_2,bg_d2,full,-,-,-,-,28.4 1,-
forum-13crafc.prec15,sparse_suffix,distance_closure,sparse_suffix+distance_closure,distance_closure,incremental,total_break_groups_subject_to_range_at_most_2,bg_d2,full,-,-,-,-,11.0 1,-
forum-13crafc.prec15,sparse_suffix,distance_closure,sparse_suffix+distance_closure,distance_closure,maxsat,total_break_groups_subject_to_range_at_most_2,bg_d2,full,-,-,-,-,16.1 1,-
forum-13crafc.prec15,sparse_suffix,distance_closure,sparse_suffix+distance_closure,distance_closure,multiple,total_break_groups_subject_to_range_at_most_2,bg_d2,full,-,-,-,-,29.9 1,-
forum-13crafc.prec15,pairwise,direct,pairwise+direct,direct,incremental,total_break_groups_subject_to_range_at_most_2,bg_d2,reduced,-,-,-,-,23.7 1,-
forum-13crafc.prec15,pairwise,direct,pairwise+direct,direct,maxsat,total_break_groups_subject_to_range_at_most_2,bg_d2,reduced,-,-,-,-,8.2 1,-
forum-13crafc.prec15,pairwise,direct,pairwise+direct,direct,multiple,total_break_groups_subject_to_range_at_most_2,bg_d2,reduced,-,-,-,-,36.6 1,-
forum-13crafc.prec15,pairwise,distance_closure,pairwise+distance_closure,direct,incremental,total_break_groups_subject_to_range_at_most_2,bg_d2,reduced,-,-,-,-,23.7 1,-
forum-13crafc.prec15,pairwise,distance_closure,pairwise+distance_closure,direct,maxsat,total_break_groups_subject_to_range_at_most_2,bg_d2,reduced,-,-,-,-,8.1 1,-
forum-13crafc.prec15,pairwise,distance_closure,pairwise+distance_closure,direct,multiple,total_break_groups_subject_to_range_at_most_2,bg_d2,reduced,-,-,-,-,37.3 1,-
forum-13crafc.prec15,sparse_suffix,direct,sparse_suffix+direct,direct,incremental,total_break_groups_subject_to_range_at_most_2,bg_d2,reduced,-,-,-,-,9.1 1,-
forum-13crafc.prec15,sparse_suffix,direct,sparse_suffix+direct,direct,maxsat,total_break_groups_subject_to_range_at_most_2,bg_d2,reduced,-,-,-,-,15.6 1,-
forum-13crafc.prec15,sparse_suffix,direct,sparse_suffix+direct,direct,multiple,total_break_groups_subject_to_range_at_most_2,bg_d2,reduced,-,-,-,-,41.3 1,-
forum-13crafc.prec15,sparse_suffix,distance_closure,sparse_suffix+distance_closure,direct,incremental,total_break_groups_subject_to_range_at_most_2,bg_d2,reduced,-,-,-,-,9.1 1,-
forum-13crafc.prec15,sparse_suffix,distance_closure,sparse_suffix+distance_closure,direct,maxsat,total_break_groups_subject_to_range_at_most_2,bg_d2,reduced,-,-,-,-,15.6 1,-
forum-13crafc.prec15,sparse_suffix,distance_closure,sparse_suffix+distance_closure,direct,multiple,total_break_groups_subject_to_range_at_most_2,bg_d2,reduced,-,-,-,-,41.0 1,-
forum-13crafc.prec15,pairwise,direct,pairwise+direct,distance_closure,incremental,total_break_groups_subject_to_range_at_most_2,bg_d2,reduced,-,-,-,-,24.0 1,-
forum-13crafc.prec15,pairwise,direct,pairwise+direct,distance_closure,maxsat,total_break_groups_subject_to_range_at_most_2,bg_d2,reduced,-,-,-,-,8.2 1,-
forum-13crafc.prec15,pairwise,direct,pairwise+direct,distance_closure,multiple,total_break_groups_subject_to_range_at_most_2,bg_d2,reduced,-,-,-,-,37.3 1,-
forum-13crafc.prec15,pairwise,distance_closure,pairwise+distance_closure,distance_closure,incremental,total_break_groups_subject_to_range_at_most_2,bg_d2,reduced,-,-,-,-,23.7 1,-
forum-13crafc.prec15,pairwise,distance_closure,pairwise+distance_closure,distance_closure,maxsat,total_break_groups_subject_to_range_at_most_2,bg_d2,reduced,-,-,-,-,8.2 1,-
forum-13crafc.prec15,pairwise,distance_closure,pairwise+distance_closure,distance_closure,multiple,total_break_groups_subject_to_range_at_most_2,bg_d2,reduced,-,-,-,-,37.4 1,-
forum-13crafc.prec15,sparse_suffix,direct,sparse_suffix+direct,distance_closure,incremental,total_break_groups_subject_to_range_at_most_2,bg_d2,reduced,-,-,-,-,9.1 1,-
forum-13crafc.prec15,sparse_suffix,direct,sparse_suffix+direct,distance_closure,maxsat,total_break_groups_subject_to_range_at_most_2,bg_d2,reduced,-,-,-,-,15.6 1,-
forum-13crafc.prec15,sparse_suffix,direct,sparse_suffix+direct,distance_closure,multiple,total_break_groups_subject_to_range_at_most_2,bg_d2,reduced,-,-,-,-,41.6 1,-
forum-13crafc.prec15,sparse_suffix,distance_closure,sparse_suffix+distance_closure,distance_closure,incremental,total_break_groups_subject_to_range_at_most_2,bg_d2,reduced,-,-,-,-,9.3 1,-
forum-13crafc.prec15,sparse_suffix,distance_closure,sparse_suffix+distance_closure,distance_closure,maxsat,total_break_groups_subject_to_range_at_most_2,bg_d2,reduced,-,-,-,-,15.7 1,-
forum-13crafc.prec15,sparse_suffix,distance_closure,sparse_suffix+distance_closure,distance_closure,multiple,total_break_groups_subject_to_range_at_most_2,bg_d2,reduced,-,-,-,-,41.7 1,-
forum-13crafc.prec25,pairwise,direct,pairwise+direct,distance_closure,incremental,total_break_groups_subject_to_range_at_most_2,bg_d2,full,-,-,-,-,UNSAT,-
forum-13crafc.prec25,pairwise,direct,pairwise+direct,distance_closure,maxsat,total_break_groups_subject_to_range_at_most_2,bg_d2,full,-,-,-,-,UNSAT,-
forum-13crafc.prec25,pairwise,direct,pairwise+direct,distance_closure,multiple,total_break_groups_subject_to_range_at_most_2,bg_d2,full,-,-,-,-,UNSAT,-
forum-13crafc.prec25,pairwise,distance_closure,pairwise+distance_closure,distance_closure,incremental,total_break_groups_subject_to_range_at_most_2,bg_d2,full,-,-,-,-,UNSAT,-
forum-13crafc.prec25,pairwise,distance_closure,pairwise+distance_closure,distance_closure,maxsat,total_break_groups_subject_to_range_at_most_2,bg_d2,full,-,-,-,-,UNSAT,-
forum-13crafc.prec25,pairwise,distance_closure,pairwise+distance_closure,distance_closure,multiple,total_break_groups_subject_to_range_at_most_2,bg_d2,full,-,-,-,-,UNSAT,-
forum-13crafc.prec25,sparse_suffix,direct,sparse_suffix+direct,distance_closure,incremental,total_break_groups_subject_to_range_at_most_2,bg_d2,full,-,-,-,-,UNSAT,-
forum-13crafc.prec25,sparse_suffix,direct,sparse_suffix+direct,distance_closure,maxsat,total_break_groups_subject_to_range_at_most_2,bg_d2,full,-,-,-,-,UNSAT,-
forum-13crafc.prec25,sparse_suffix,direct,sparse_suffix+direct,distance_closure,multiple,total_break_groups_subject_to_range_at_most_2,bg_d2,full,-,-,-,-,UNSAT,-
forum-13crafc.prec25,sparse_suffix,distance_closure,sparse_suffix+distance_closure,distance_closure,incremental,total_break_groups_subject_to_range_at_most_2,bg_d2,full,-,-,-,-,UNSAT,-
forum-13crafc.prec25,sparse_suffix,distance_closure,sparse_suffix+distance_closure,distance_closure,maxsat,total_break_groups_subject_to_range_at_most_2,bg_d2,full,-,-,-,-,UNSAT,-
forum-13crafc.prec25,sparse_suffix,distance_closure,sparse_suffix+distance_closure,distance_closure,multiple,total_break_groups_subject_to_range_at_most_2,bg_d2,full,-,-,-,-,UNSAT,-
forum-13crafc.prec25,pairwise,direct,pairwise+direct,direct,incremental,total_break_groups_subject_to_range_at_most_2,bg_d2,reduced,-,-,-,-,UNSAT,-
forum-13crafc.prec25,pairwise,direct,pairwise+direct,direct,maxsat,total_break_groups_subject_to_range_at_most_2,bg_d2,reduced,-,-,-,-,UNSAT,-
forum-13crafc.prec25,pairwise,direct,pairwise+direct,direct,multiple,total_break_groups_subject_to_range_at_most_2,bg_d2,reduced,-,-,-,-,UNSAT,-
forum-13crafc.prec25,pairwise,distance_closure,pairwise+distance_closure,direct,incremental,total_break_groups_subject_to_range_at_most_2,bg_d2,reduced,-,-,-,-,UNSAT,-
forum-13crafc.prec25,pairwise,distance_closure,pairwise+distance_closure,direct,maxsat,total_break_groups_subject_to_range_at_most_2,bg_d2,reduced,-,-,-,-,UNSAT,-
forum-13crafc.prec25,pairwise,distance_closure,pairwise+distance_closure,direct,multiple,total_break_groups_subject_to_range_at_most_2,bg_d2,reduced,-,-,-,-,UNSAT,-
forum-13crafc.prec25,sparse_suffix,direct,sparse_suffix+direct,direct,incremental,total_break_groups_subject_to_range_at_most_2,bg_d2,reduced,-,-,-,-,UNSAT,-
forum-13crafc.prec25,sparse_suffix,direct,sparse_suffix+direct,direct,maxsat,total_break_groups_subject_to_range_at_most_2,bg_d2,reduced,-,-,-,-,UNSAT,-
forum-13crafc.prec25,sparse_suffix,direct,sparse_suffix+direct,direct,multiple,total_break_groups_subject_to_range_at_most_2,bg_d2,reduced,-,-,-,-,UNSAT,-
forum-13crafc.prec25,sparse_suffix,distance_closure,sparse_suffix+distance_closure,direct,incremental,total_break_groups_subject_to_range_at_most_2,bg_d2,reduced,-,-,-,-,UNSAT,-
forum-13crafc.prec25,sparse_suffix,distance_closure,sparse_suffix+distance_closure,direct,maxsat,total_break_groups_subject_to_range_at_most_2,bg_d2,reduced,-,-,-,-,UNSAT,-
forum-13crafc.prec25,sparse_suffix,distance_closure,sparse_suffix+distance_closure,direct,multiple,total_break_groups_subject_to_range_at_most_2,bg_d2,reduced,-,-,-,-,UNSAT,-
forum-13crafc.prec25,pairwise,direct,pairwise+direct,distance_closure,incremental,total_break_groups_subject_to_range_at_most_2,bg_d2,reduced,-,-,-,-,UNSAT,-
forum-13crafc.prec25,pairwise,direct,pairwise+direct,distance_closure,maxsat,total_break_groups_subject_to_range_at_most_2,bg_d2,reduced,-,-,-,-,UNSAT,-
forum-13crafc.prec25,pairwise,direct,pairwise+direct,distance_closure,multiple,total_break_groups_subject_to_range_at_most_2,bg_d2,reduced,-,-,-,-,UNSAT,-
forum-13crafc.prec25,pairwise,distance_closure,pairwise+distance_closure,distance_closure,incremental,total_break_groups_subject_to_range_at_most_2,bg_d2,reduced,-,-,-,-,UNSAT,-
forum-13crafc.prec25,pairwise,distance_closure,pairwise+distance_closure,distance_closure,maxsat,total_break_groups_subject_to_range_at_most_2,bg_d2,reduced,-,-,-,-,UNSAT,-
forum-13crafc.prec25,pairwise,distance_closure,pairwise+distance_closure,distance_closure,multiple,total_break_groups_subject_to_range_at_most_2,bg_d2,reduced,-,-,-,-,UNSAT,-
forum-13crafc.prec25,sparse_suffix,direct,sparse_suffix+direct,distance_closure,incremental,total_break_groups_subject_to_range_at_most_2,bg_d2,reduced,-,-,-,-,UNSAT,-
forum-13crafc.prec25,sparse_suffix,direct,sparse_suffix+direct,distance_closure,maxsat,total_break_groups_subject_to_range_at_most_2,bg_d2,reduced,-,-,-,-,UNSAT,-
forum-13crafc.prec25,sparse_suffix,direct,sparse_suffix+direct,distance_closure,multiple,total_break_groups_subject_to_range_at_most_2,bg_d2,reduced,-,-,-,-,UNSAT,-
forum-13crafc.prec25,sparse_suffix,distance_closure,sparse_suffix+distance_closure,distance_closure,incremental,total_break_groups_subject_to_range_at_most_2,bg_d2,reduced,-,-,-,-,UNSAT,-
forum-13crafc.prec25,sparse_suffix,distance_closure,sparse_suffix+distance_closure,distance_closure,maxsat,total_break_groups_subject_to_range_at_most_2,bg_d2,reduced,-,-,-,-,UNSAT,-
forum-13crafc.prec25,sparse_suffix,distance_closure,sparse_suffix+distance_closure,distance_closure,multiple,total_break_groups_subject_to_range_at_most_2,bg_d2,reduced,-,-,-,-,UNSAT,-
forum-14.prec15,pairwise,direct,pairwise+direct,distance_closure,incremental,total_break_groups_subject_to_range_at_most_2,bg_d2,full,-,-,-,-,25.3 2,-
forum-14.prec15,pairwise,direct,pairwise+direct,distance_closure,maxsat,total_break_groups_subject_to_range_at_most_2,bg_d2,full,-,-,-,-,21.2 2,-
forum-14.prec15,pairwise,direct,pairwise+direct,distance_closure,multiple,total_break_groups_subject_to_range_at_most_2,bg_d2,full,-,-,-,-,40.2 2,-
forum-14.prec15,pairwise,distance_closure,pairwise+distance_closure,distance_closure,incremental,total_break_groups_subject_to_range_at_most_2,bg_d2,full,-,-,-,-,17.6 2,-
forum-14.prec15,pairwise,distance_closure,pairwise+distance_closure,distance_closure,maxsat,total_break_groups_subject_to_range_at_most_2,bg_d2,full,-,-,-,-,17.3 2,-
forum-14.prec15,pairwise,distance_closure,pairwise+distance_closure,distance_closure,multiple,total_break_groups_subject_to_range_at_most_2,bg_d2,full,-,-,-,-,34.7 2,-
forum-14.prec15,sparse_suffix,direct,sparse_suffix+direct,distance_closure,incremental,total_break_groups_subject_to_range_at_most_2,bg_d2,full,-,-,-,-,22.8 2,-
forum-14.prec15,sparse_suffix,direct,sparse_suffix+direct,distance_closure,maxsat,total_break_groups_subject_to_range_at_most_2,bg_d2,full,-,-,-,-,25.1 2,-
forum-14.prec15,sparse_suffix,direct,sparse_suffix+direct,distance_closure,multiple,total_break_groups_subject_to_range_at_most_2,bg_d2,full,-,-,-,-,42.0 2,-
forum-14.prec15,sparse_suffix,distance_closure,sparse_suffix+distance_closure,distance_closure,incremental,total_break_groups_subject_to_range_at_most_2,bg_d2,full,-,-,-,-,18.7 2,-
forum-14.prec15,sparse_suffix,distance_closure,sparse_suffix+distance_closure,distance_closure,maxsat,total_break_groups_subject_to_range_at_most_2,bg_d2,full,-,-,-,-,23.3 2,-
forum-14.prec15,sparse_suffix,distance_closure,sparse_suffix+distance_closure,distance_closure,multiple,total_break_groups_subject_to_range_at_most_2,bg_d2,full,-,-,-,-,41.7 2,-
forum-14.prec15,pairwise,direct,pairwise+direct,direct,incremental,total_break_groups_subject_to_range_at_most_2,bg_d2,reduced,-,-,-,-,15.8 2,-
forum-14.prec15,pairwise,direct,pairwise+direct,direct,maxsat,total_break_groups_subject_to_range_at_most_2,bg_d2,reduced,-,-,-,-,8.3 2,-
forum-14.prec15,pairwise,direct,pairwise+direct,direct,multiple,total_break_groups_subject_to_range_at_most_2,bg_d2,reduced,-,-,-,-,32.3 2,-
forum-14.prec15,pairwise,distance_closure,pairwise+distance_closure,direct,incremental,total_break_groups_subject_to_range_at_most_2,bg_d2,reduced,-,-,-,-,19.5 2,-
forum-14.prec15,pairwise,distance_closure,pairwise+distance_closure,direct,maxsat,total_break_groups_subject_to_range_at_most_2,bg_d2,reduced,-,-,-,-,16.1 2,-
forum-14.prec15,pairwise,distance_closure,pairwise+distance_closure,direct,multiple,total_break_groups_subject_to_range_at_most_2,bg_d2,reduced,-,-,-,-,38.7 2,-
forum-14.prec15,sparse_suffix,direct,sparse_suffix+direct,direct,incremental,total_break_groups_subject_to_range_at_most_2,bg_d2,reduced,-,-,-,-,14.3 2,-
forum-14.prec15,sparse_suffix,direct,sparse_suffix+direct,direct,maxsat,total_break_groups_subject_to_range_at_most_2,bg_d2,reduced,-,-,-,-,12.1 2,-
forum-14.prec15,sparse_suffix,direct,sparse_suffix+direct,direct,multiple,total_break_groups_subject_to_range_at_most_2,bg_d2,reduced,-,-,-,-,35.0 2,-
forum-14.prec15,sparse_suffix,distance_closure,sparse_suffix+distance_closure,direct,incremental,total_break_groups_subject_to_range_at_most_2,bg_d2,reduced,-,-,-,-,20.3 2,-
forum-14.prec15,sparse_suffix,distance_closure,sparse_suffix+distance_closure,direct,maxsat,total_break_groups_subject_to_range_at_most_2,bg_d2,reduced,-,-,-,-,17.1 2,-
forum-14.prec15,sparse_suffix,distance_closure,sparse_suffix+distance_closure,direct,multiple,total_break_groups_subject_to_range_at_most_2,bg_d2,reduced,-,-,-,-,31.3 2,-
forum-14.prec15,pairwise,direct,pairwise+direct,distance_closure,incremental,total_break_groups_subject_to_range_at_most_2,bg_d2,reduced,-,-,-,-,15.4 2,-
forum-14.prec15,pairwise,direct,pairwise+direct,distance_closure,maxsat,total_break_groups_subject_to_range_at_most_2,bg_d2,reduced,-,-,-,-,8.0 2,-
forum-14.prec15,pairwise,direct,pairwise+direct,distance_closure,multiple,total_break_groups_subject_to_range_at_most_2,bg_d2,reduced,-,-,-,-,31.8 2,-
forum-14.prec15,pairwise,distance_closure,pairwise+distance_closure,distance_closure,incremental,total_break_groups_subject_to_range_at_most_2,bg_d2,reduced,-,-,-,-,19.1 2,-
forum-14.prec15,pairwise,distance_closure,pairwise+distance_closure,distance_closure,maxsat,total_break_groups_subject_to_range_at_most_2,bg_d2,reduced,-,-,-,-,16.0 2,-
forum-14.prec15,pairwise,distance_closure,pairwise+distance_closure,distance_closure,multiple,total_break_groups_subject_to_range_at_most_2,bg_d2,reduced,-,-,-,-,38.5 2,-
forum-14.prec15,sparse_suffix,direct,sparse_suffix+direct,distance_closure,incremental,total_break_groups_subject_to_range_at_most_2,bg_d2,reduced,-,-,-,-,14.1 2,-
forum-14.prec15,sparse_suffix,direct,sparse_suffix+direct,distance_closure,maxsat,total_break_groups_subject_to_range_at_most_2,bg_d2,reduced,-,-,-,-,11.8 2,-
forum-14.prec15,sparse_suffix,direct,sparse_suffix+direct,distance_closure,multiple,total_break_groups_subject_to_range_at_most_2,bg_d2,reduced,-,-,-,-,34.5 2,-
forum-14.prec15,sparse_suffix,distance_closure,sparse_suffix+distance_closure,distance_closure,incremental,total_break_groups_subject_to_range_at_most_2,bg_d2,reduced,-,-,-,-,19.9 2,-
forum-14.prec15,sparse_suffix,distance_closure,sparse_suffix+distance_closure,distance_closure,maxsat,total_break_groups_subject_to_range_at_most_2,bg_d2,reduced,-,-,-,-,17.6 2,-
forum-14.prec15,sparse_suffix,distance_closure,sparse_suffix+distance_closure,distance_closure,multiple,total_break_groups_subject_to_range_at_most_2,bg_d2,reduced,-,-,-,-,30.8 2,-
forum-14.prec25,pairwise,direct,pairwise+direct,distance_closure,incremental,total_break_groups_subject_to_range_at_most_2,bg_d2,full,-,-,-,-,UNSAT,-
forum-14.prec25,pairwise,direct,pairwise+direct,distance_closure,maxsat,total_break_groups_subject_to_range_at_most_2,bg_d2,full,-,-,-,-,UNSAT,-
forum-14.prec25,pairwise,direct,pairwise+direct,distance_closure,multiple,total_break_groups_subject_to_range_at_most_2,bg_d2,full,-,-,-,-,UNSAT,-
forum-14.prec25,pairwise,distance_closure,pairwise+distance_closure,distance_closure,incremental,total_break_groups_subject_to_range_at_most_2,bg_d2,full,-,-,-,-,UNSAT,-
forum-14.prec25,pairwise,distance_closure,pairwise+distance_closure,distance_closure,maxsat,total_break_groups_subject_to_range_at_most_2,bg_d2,full,-,-,-,-,UNSAT,-
forum-14.prec25,pairwise,distance_closure,pairwise+distance_closure,distance_closure,multiple,total_break_groups_subject_to_range_at_most_2,bg_d2,full,-,-,-,-,UNSAT,-
forum-14.prec25,sparse_suffix,direct,sparse_suffix+direct,distance_closure,incremental,total_break_groups_subject_to_range_at_most_2,bg_d2,full,-,-,-,-,UNSAT,-
forum-14.prec25,sparse_suffix,direct,sparse_suffix+direct,distance_closure,maxsat,total_break_groups_subject_to_range_at_most_2,bg_d2,full,-,-,-,-,UNSAT,-
forum-14.prec25,sparse_suffix,direct,sparse_suffix+direct,distance_closure,multiple,total_break_groups_subject_to_range_at_most_2,bg_d2,full,-,-,-,-,UNSAT,-
forum-14.prec25,sparse_suffix,distance_closure,sparse_suffix+distance_closure,distance_closure,incremental,total_break_groups_subject_to_range_at_most_2,bg_d2,full,-,-,-,-,UNSAT,-
forum-14.prec25,sparse_suffix,distance_closure,sparse_suffix+distance_closure,distance_closure,maxsat,total_break_groups_subject_to_range_at_most_2,bg_d2,full,-,-,-,-,UNSAT,-
forum-14.prec25,sparse_suffix,distance_closure,sparse_suffix+distance_closure,distance_closure,multiple,total_break_groups_subject_to_range_at_most_2,bg_d2,full,-,-,-,-,UNSAT,-
forum-14.prec25,pairwise,direct,pairwise+direct,direct,incremental,total_break_groups_subject_to_range_at_most_2,bg_d2,reduced,-,-,-,-,UNSAT,-
forum-14.prec25,pairwise,direct,pairwise+direct,direct,maxsat,total_break_groups_subject_to_range_at_most_2,bg_d2,reduced,-,-,-,-,UNSAT,-
forum-14.prec25,pairwise,direct,pairwise+direct,direct,multiple,total_break_groups_subject_to_range_at_most_2,bg_d2,reduced,-,-,-,-,UNSAT,-
forum-14.prec25,pairwise,distance_closure,pairwise+distance_closure,direct,incremental,total_break_groups_subject_to_range_at_most_2,bg_d2,reduced,-,-,-,-,UNSAT,-
forum-14.prec25,pairwise,distance_closure,pairwise+distance_closure,direct,maxsat,total_break_groups_subject_to_range_at_most_2,bg_d2,reduced,-,-,-,-,UNSAT,-
forum-14.prec25,pairwise,distance_closure,pairwise+distance_closure,direct,multiple,total_break_groups_subject_to_range_at_most_2,bg_d2,reduced,-,-,-,-,UNSAT,-
forum-14.prec25,sparse_suffix,direct,sparse_suffix+direct,direct,incremental,total_break_groups_subject_to_range_at_most_2,bg_d2,reduced,-,-,-,-,UNSAT,-
forum-14.prec25,sparse_suffix,direct,sparse_suffix+direct,direct,maxsat,total_break_groups_subject_to_range_at_most_2,bg_d2,reduced,-,-,-,-,UNSAT,-
forum-14.prec25,sparse_suffix,direct,sparse_suffix+direct,direct,multiple,total_break_groups_subject_to_range_at_most_2,bg_d2,reduced,-,-,-,-,UNSAT,-
forum-14.prec25,sparse_suffix,distance_closure,sparse_suffix+distance_closure,direct,incremental,total_break_groups_subject_to_range_at_most_2,bg_d2,reduced,-,-,-,-,UNSAT,-
forum-14.prec25,sparse_suffix,distance_closure,sparse_suffix+distance_closure,direct,maxsat,total_break_groups_subject_to_range_at_most_2,bg_d2,reduced,-,-,-,-,UNSAT,-
forum-14.prec25,sparse_suffix,distance_closure,sparse_suffix+distance_closure,direct,multiple,total_break_groups_subject_to_range_at_most_2,bg_d2,reduced,-,-,-,-,UNSAT,-
forum-14.prec25,pairwise,direct,pairwise+direct,distance_closure,incremental,total_break_groups_subject_to_range_at_most_2,bg_d2,reduced,-,-,-,-,UNSAT,-
forum-14.prec25,pairwise,direct,pairwise+direct,distance_closure,maxsat,total_break_groups_subject_to_range_at_most_2,bg_d2,reduced,-,-,-,-,UNSAT,-
forum-14.prec25,pairwise,direct,pairwise+direct,distance_closure,multiple,total_break_groups_subject_to_range_at_most_2,bg_d2,reduced,-,-,-,-,UNSAT,-
forum-14.prec25,pairwise,distance_closure,pairwise+distance_closure,distance_closure,incremental,total_break_groups_subject_to_range_at_most_2,bg_d2,reduced,-,-,-,-,UNSAT,-
forum-14.prec25,pairwise,distance_closure,pairwise+distance_closure,distance_closure,maxsat,total_break_groups_subject_to_range_at_most_2,bg_d2,reduced,-,-,-,-,UNSAT,-
forum-14.prec25,pairwise,distance_closure,pairwise+distance_closure,distance_closure,multiple,total_break_groups_subject_to_range_at_most_2,bg_d2,reduced,-,-,-,-,UNSAT,-
forum-14.prec25,sparse_suffix,direct,sparse_suffix+direct,distance_closure,incremental,total_break_groups_subject_to_range_at_most_2,bg_d2,reduced,-,-,-,-,UNSAT,-
forum-14.prec25,sparse_suffix,direct,sparse_suffix+direct,distance_closure,maxsat,total_break_groups_subject_to_range_at_most_2,bg_d2,reduced,-,-,-,-,UNSAT,-
forum-14.prec25,sparse_suffix,direct,sparse_suffix+direct,distance_closure,multiple,total_break_groups_subject_to_range_at_most_2,bg_d2,reduced,-,-,-,-,UNSAT,-
forum-14.prec25,sparse_suffix,distance_closure,sparse_suffix+distance_closure,distance_closure,incremental,total_break_groups_subject_to_range_at_most_2,bg_d2,reduced,-,-,-,-,UNSAT,-
forum-14.prec25,sparse_suffix,distance_closure,sparse_suffix+distance_closure,distance_closure,maxsat,total_break_groups_subject_to_range_at_most_2,bg_d2,reduced,-,-,-,-,UNSAT,-
forum-14.prec25,sparse_suffix,distance_closure,sparse_suffix+distance_closure,distance_closure,multiple,total_break_groups_subject_to_range_at_most_2,bg_d2,reduced,-,-,-,-,UNSAT,-
forumt-14.prec15,pairwise,direct,pairwise+direct,distance_closure,incremental,total_break_groups_subject_to_range_at_most_2,bg_d2,full,-,-,-,-,1.7 5,-
forumt-14.prec15,pairwise,direct,pairwise+direct,distance_closure,maxsat,total_break_groups_subject_to_range_at_most_2,bg_d2,full,-,-,-,-,0.7 5,-
forumt-14.prec15,pairwise,direct,pairwise+direct,distance_closure,multiple,total_break_groups_subject_to_range_at_most_2,bg_d2,full,-,-,-,-,2.0 5,-
forumt-14.prec15,pairwise,distance_closure,pairwise+distance_closure,distance_closure,incremental,total_break_groups_subject_to_range_at_most_2,bg_d2,full,-,-,-,-,1.2 5,-
forumt-14.prec15,pairwise,distance_closure,pairwise+distance_closure,distance_closure,maxsat,total_break_groups_subject_to_range_at_most_2,bg_d2,full,-,-,-,-,0.7 5,-
forumt-14.prec15,pairwise,distance_closure,pairwise+distance_closure,distance_closure,multiple,total_break_groups_subject_to_range_at_most_2,bg_d2,full,-,-,-,-,1.0 5,-
forumt-14.prec15,sparse_suffix,direct,sparse_suffix+direct,distance_closure,incremental,total_break_groups_subject_to_range_at_most_2,bg_d2,full,-,-,-,-,1.0 5,-
forumt-14.prec15,sparse_suffix,direct,sparse_suffix+direct,distance_closure,maxsat,total_break_groups_subject_to_range_at_most_2,bg_d2,full,-,-,-,-,0.7 5,-
forumt-14.prec15,sparse_suffix,direct,sparse_suffix+direct,distance_closure,multiple,total_break_groups_subject_to_range_at_most_2,bg_d2,full,-,-,-,-,1.6 5,-
forumt-14.prec15,sparse_suffix,distance_closure,sparse_suffix+distance_closure,distance_closure,incremental,total_break_groups_subject_to_range_at_most_2,bg_d2,full,-,-,-,-,1.5 5,-
forumt-14.prec15,sparse_suffix,distance_closure,sparse_suffix+distance_closure,distance_closure,maxsat,total_break_groups_subject_to_range_at_most_2,bg_d2,full,-,-,-,-,0.7 5,-
forumt-14.prec15,sparse_suffix,distance_closure,sparse_suffix+distance_closure,distance_closure,multiple,total_break_groups_subject_to_range_at_most_2,bg_d2,full,-,-,-,-,1.2 5,-
forumt-14.prec15,pairwise,direct,pairwise+direct,direct,incremental,total_break_groups_subject_to_range_at_most_2,bg_d2,reduced,-,-,-,-,1.6 5,-
forumt-14.prec15,pairwise,direct,pairwise+direct,direct,maxsat,total_break_groups_subject_to_range_at_most_2,bg_d2,reduced,-,-,-,-,0.8 5,-
forumt-14.prec15,pairwise,direct,pairwise+direct,direct,multiple,total_break_groups_subject_to_range_at_most_2,bg_d2,reduced,-,-,-,-,1.4 5,-
forumt-14.prec15,pairwise,distance_closure,pairwise+distance_closure,direct,incremental,total_break_groups_subject_to_range_at_most_2,bg_d2,reduced,-,-,-,-,1.3 5,-
forumt-14.prec15,pairwise,distance_closure,pairwise+distance_closure,direct,maxsat,total_break_groups_subject_to_range_at_most_2,bg_d2,reduced,-,-,-,-,0.9 5,-
forumt-14.prec15,pairwise,distance_closure,pairwise+distance_closure,direct,multiple,total_break_groups_subject_to_range_at_most_2,bg_d2,reduced,-,-,-,-,1.2 5,-
forumt-14.prec15,sparse_suffix,direct,sparse_suffix+direct,direct,incremental,total_break_groups_subject_to_range_at_most_2,bg_d2,reduced,-,-,-,-,1.3 5,-
forumt-14.prec15,sparse_suffix,direct,sparse_suffix+direct,direct,maxsat,total_break_groups_subject_to_range_at_most_2,bg_d2,reduced,-,-,-,-,0.8 5,-
forumt-14.prec15,sparse_suffix,direct,sparse_suffix+direct,direct,multiple,total_break_groups_subject_to_range_at_most_2,bg_d2,reduced,-,-,-,-,1.8 5,-
forumt-14.prec15,sparse_suffix,distance_closure,sparse_suffix+distance_closure,direct,incremental,total_break_groups_subject_to_range_at_most_2,bg_d2,reduced,-,-,-,-,1.0 5,-
forumt-14.prec15,sparse_suffix,distance_closure,sparse_suffix+distance_closure,direct,maxsat,total_break_groups_subject_to_range_at_most_2,bg_d2,reduced,-,-,-,-,0.8 5,-
forumt-14.prec15,sparse_suffix,distance_closure,sparse_suffix+distance_closure,direct,multiple,total_break_groups_subject_to_range_at_most_2,bg_d2,reduced,-,-,-,-,1.4 5,-
forumt-14.prec15,pairwise,direct,pairwise+direct,distance_closure,incremental,total_break_groups_subject_to_range_at_most_2,bg_d2,reduced,-,-,-,-,1.4 5,-
forumt-14.prec15,pairwise,direct,pairwise+direct,distance_closure,maxsat,total_break_groups_subject_to_range_at_most_2,bg_d2,reduced,-,-,-,-,0.7 5,-
forumt-14.prec15,pairwise,direct,pairwise+direct,distance_closure,multiple,total_break_groups_subject_to_range_at_most_2,bg_d2,reduced,-,-,-,-,1.2 5,-
forumt-14.prec15,pairwise,distance_closure,pairwise+distance_closure,distance_closure,incremental,total_break_groups_subject_to_range_at_most_2,bg_d2,reduced,-,-,-,-,1.1 5,-
forumt-14.prec15,pairwise,distance_closure,pairwise+distance_closure,distance_closure,maxsat,total_break_groups_subject_to_range_at_most_2,bg_d2,reduced,-,-,-,-,0.7 5,-
forumt-14.prec15,pairwise,distance_closure,pairwise+distance_closure,distance_closure,multiple,total_break_groups_subject_to_range_at_most_2,bg_d2,reduced,-,-,-,-,1.0 5,-
forumt-14.prec15,sparse_suffix,direct,sparse_suffix+direct,distance_closure,incremental,total_break_groups_subject_to_range_at_most_2,bg_d2,reduced,-,-,-,-,1.1 5,-
forumt-14.prec15,sparse_suffix,direct,sparse_suffix+direct,distance_closure,maxsat,total_break_groups_subject_to_range_at_most_2,bg_d2,reduced,-,-,-,-,0.6 5,-
forumt-14.prec15,sparse_suffix,direct,sparse_suffix+direct,distance_closure,multiple,total_break_groups_subject_to_range_at_most_2,bg_d2,reduced,-,-,-,-,1.6 5,-
forumt-14.prec15,sparse_suffix,distance_closure,sparse_suffix+distance_closure,distance_closure,incremental,total_break_groups_subject_to_range_at_most_2,bg_d2,reduced,-,-,-,-,0.9 5,-
forumt-14.prec15,sparse_suffix,distance_closure,sparse_suffix+distance_closure,distance_closure,maxsat,total_break_groups_subject_to_range_at_most_2,bg_d2,reduced,-,-,-,-,0.6 5,-
forumt-14.prec15,sparse_suffix,distance_closure,sparse_suffix+distance_closure,distance_closure,multiple,total_break_groups_subject_to_range_at_most_2,bg_d2,reduced,-,-,-,-,1.2 5,-
forumt-14.prec25,pairwise,direct,pairwise+direct,distance_closure,incremental,total_break_groups_subject_to_range_at_most_2,bg_d2,full,-,-,-,-,3.0 5,-
forumt-14.prec25,pairwise,direct,pairwise+direct,distance_closure,maxsat,total_break_groups_subject_to_range_at_most_2,bg_d2,full,-,-,-,-,1.3 5,-
forumt-14.prec25,pairwise,direct,pairwise+direct,distance_closure,multiple,total_break_groups_subject_to_range_at_most_2,bg_d2,full,-,-,-,-,3.4 5,-
forumt-14.prec25,pairwise,distance_closure,pairwise+distance_closure,distance_closure,incremental,total_break_groups_subject_to_range_at_most_2,bg_d2,full,-,-,-,-,5.2 5,-
forumt-14.prec25,pairwise,distance_closure,pairwise+distance_closure,distance_closure,maxsat,total_break_groups_subject_to_range_at_most_2,bg_d2,full,-,-,-,-,2.3 5,-
forumt-14.prec25,pairwise,distance_closure,pairwise+distance_closure,distance_closure,multiple,total_break_groups_subject_to_range_at_most_2,bg_d2,full,-,-,-,-,4.6 5,-
forumt-14.prec25,sparse_suffix,direct,sparse_suffix+direct,distance_closure,incremental,total_break_groups_subject_to_range_at_most_2,bg_d2,full,-,-,-,-,2.2 5,-
forumt-14.prec25,sparse_suffix,direct,sparse_suffix+direct,distance_closure,maxsat,total_break_groups_subject_to_range_at_most_2,bg_d2,full,-,-,-,-,1.5 5,-
forumt-14.prec25,sparse_suffix,direct,sparse_suffix+direct,distance_closure,multiple,total_break_groups_subject_to_range_at_most_2,bg_d2,full,-,-,-,-,3.4 5,-
forumt-14.prec25,sparse_suffix,distance_closure,sparse_suffix+distance_closure,distance_closure,incremental,total_break_groups_subject_to_range_at_most_2,bg_d2,full,-,-,-,-,4.0 5,-
forumt-14.prec25,sparse_suffix,distance_closure,sparse_suffix+distance_closure,distance_closure,maxsat,total_break_groups_subject_to_range_at_most_2,bg_d2,full,-,-,-,-,1.6 5,-
forumt-14.prec25,sparse_suffix,distance_closure,sparse_suffix+distance_closure,distance_closure,multiple,total_break_groups_subject_to_range_at_most_2,bg_d2,full,-,-,-,-,3.6 5,-
forumt-14.prec25,pairwise,direct,pairwise+direct,direct,incremental,total_break_groups_subject_to_range_at_most_2,bg_d2,reduced,-,-,-,-,1.7 5,-
forumt-14.prec25,pairwise,direct,pairwise+direct,direct,maxsat,total_break_groups_subject_to_range_at_most_2,bg_d2,reduced,-,-,-,-,1.3 5,-
forumt-14.prec25,pairwise,direct,pairwise+direct,direct,multiple,total_break_groups_subject_to_range_at_most_2,bg_d2,reduced,-,-,-,-,2.3 5,-
forumt-14.prec25,pairwise,distance_closure,pairwise+distance_closure,direct,incremental,total_break_groups_subject_to_range_at_most_2,bg_d2,reduced,-,-,-,-,2.1 5,-
forumt-14.prec25,pairwise,distance_closure,pairwise+distance_closure,direct,maxsat,total_break_groups_subject_to_range_at_most_2,bg_d2,reduced,-,-,-,-,1.5 5,-
forumt-14.prec25,pairwise,distance_closure,pairwise+distance_closure,direct,multiple,total_break_groups_subject_to_range_at_most_2,bg_d2,reduced,-,-,-,-,2.9 5,-
forumt-14.prec25,sparse_suffix,direct,sparse_suffix+direct,direct,incremental,total_break_groups_subject_to_range_at_most_2,bg_d2,reduced,-,-,-,-,3.7 5,-
forumt-14.prec25,sparse_suffix,direct,sparse_suffix+direct,direct,maxsat,total_break_groups_subject_to_range_at_most_2,bg_d2,reduced,-,-,-,-,0.8 5,-
forumt-14.prec25,sparse_suffix,direct,sparse_suffix+direct,direct,multiple,total_break_groups_subject_to_range_at_most_2,bg_d2,reduced,-,-,-,-,3.3 5,-
forumt-14.prec25,sparse_suffix,distance_closure,sparse_suffix+distance_closure,direct,incremental,total_break_groups_subject_to_range_at_most_2,bg_d2,reduced,-,-,-,-,3.3 5,-
forumt-14.prec25,sparse_suffix,distance_closure,sparse_suffix+distance_closure,direct,maxsat,total_break_groups_subject_to_range_at_most_2,bg_d2,reduced,-,-,-,-,1.5 5,-
forumt-14.prec25,sparse_suffix,distance_closure,sparse_suffix+distance_closure,direct,multiple,total_break_groups_subject_to_range_at_most_2,bg_d2,reduced,-,-,-,-,3.1 5,-
forumt-14.prec25,pairwise,direct,pairwise+direct,distance_closure,incremental,total_break_groups_subject_to_range_at_most_2,bg_d2,reduced,-,-,-,-,1.6 5,-
forumt-14.prec25,pairwise,direct,pairwise+direct,distance_closure,maxsat,total_break_groups_subject_to_range_at_most_2,bg_d2,reduced,-,-,-,-,1.3 5,-
forumt-14.prec25,pairwise,direct,pairwise+direct,distance_closure,multiple,total_break_groups_subject_to_range_at_most_2,bg_d2,reduced,-,-,-,-,2.1 5,-
forumt-14.prec25,pairwise,distance_closure,pairwise+distance_closure,distance_closure,incremental,total_break_groups_subject_to_range_at_most_2,bg_d2,reduced,-,-,-,-,2.0 5,-
forumt-14.prec25,pairwise,distance_closure,pairwise+distance_closure,distance_closure,maxsat,total_break_groups_subject_to_range_at_most_2,bg_d2,reduced,-,-,-,-,1.5 5,-
forumt-14.prec25,pairwise,distance_closure,pairwise+distance_closure,distance_closure,multiple,total_break_groups_subject_to_range_at_most_2,bg_d2,reduced,-,-,-,-,2.8 5,-
forumt-14.prec25,sparse_suffix,direct,sparse_suffix+direct,distance_closure,incremental,total_break_groups_subject_to_range_at_most_2,bg_d2,reduced,-,-,-,-,3.6 5,-
forumt-14.prec25,sparse_suffix,direct,sparse_suffix+direct,distance_closure,maxsat,total_break_groups_subject_to_range_at_most_2,bg_d2,reduced,-,-,-,-,0.7 5,-
forumt-14.prec25,sparse_suffix,direct,sparse_suffix+direct,distance_closure,multiple,total_break_groups_subject_to_range_at_most_2,bg_d2,reduced,-,-,-,-,3.3 5,-
forumt-14.prec25,sparse_suffix,distance_closure,sparse_suffix+distance_closure,distance_closure,incremental,total_break_groups_subject_to_range_at_most_2,bg_d2,reduced,-,-,-,-,3.3 5,-
forumt-14.prec25,sparse_suffix,distance_closure,sparse_suffix+distance_closure,distance_closure,maxsat,total_break_groups_subject_to_range_at_most_2,bg_d2,reduced,-,-,-,-,1.5 5,-
forumt-14.prec25,sparse_suffix,distance_closure,sparse_suffix+distance_closure,distance_closure,multiple,total_break_groups_subject_to_range_at_most_2,bg_d2,reduced,-,-,-,-,3.0 5,-
forumt-14crafc.prec15,pairwise,direct,pairwise+direct,distance_closure,incremental,total_break_groups_subject_to_range_at_most_2,bg_d2,full,-,-,-,-,1.3 5,-
forumt-14crafc.prec15,pairwise,direct,pairwise+direct,distance_closure,maxsat,total_break_groups_subject_to_range_at_most_2,bg_d2,full,-,-,-,-,0.7 5,-
forumt-14crafc.prec15,pairwise,direct,pairwise+direct,distance_closure,multiple,total_break_groups_subject_to_range_at_most_2,bg_d2,full,-,-,-,-,1.8 5,-
forumt-14crafc.prec15,pairwise,distance_closure,pairwise+distance_closure,distance_closure,incremental,total_break_groups_subject_to_range_at_most_2,bg_d2,full,-,-,-,-,1.2 5,-
forumt-14crafc.prec15,pairwise,distance_closure,pairwise+distance_closure,distance_closure,maxsat,total_break_groups_subject_to_range_at_most_2,bg_d2,full,-,-,-,-,0.7 5,-
forumt-14crafc.prec15,pairwise,distance_closure,pairwise+distance_closure,distance_closure,multiple,total_break_groups_subject_to_range_at_most_2,bg_d2,full,-,-,-,-,2.1 5,-
forumt-14crafc.prec15,sparse_suffix,direct,sparse_suffix+direct,distance_closure,incremental,total_break_groups_subject_to_range_at_most_2,bg_d2,full,-,-,-,-,1.0 5,-
forumt-14crafc.prec15,sparse_suffix,direct,sparse_suffix+direct,distance_closure,maxsat,total_break_groups_subject_to_range_at_most_2,bg_d2,full,-,-,-,-,0.6 5,-
forumt-14crafc.prec15,sparse_suffix,direct,sparse_suffix+direct,distance_closure,multiple,total_break_groups_subject_to_range_at_most_2,bg_d2,full,-,-,-,-,1.1 5,-
forumt-14crafc.prec15,sparse_suffix,distance_closure,sparse_suffix+distance_closure,distance_closure,incremental,total_break_groups_subject_to_range_at_most_2,bg_d2,full,-,-,-,-,1.3 5,-
forumt-14crafc.prec15,sparse_suffix,distance_closure,sparse_suffix+distance_closure,distance_closure,maxsat,total_break_groups_subject_to_range_at_most_2,bg_d2,full,-,-,-,-,0.7 5,-
forumt-14crafc.prec15,sparse_suffix,distance_closure,sparse_suffix+distance_closure,distance_closure,multiple,total_break_groups_subject_to_range_at_most_2,bg_d2,full,-,-,-,-,1.7 5,-
forumt-14crafc.prec15,pairwise,direct,pairwise+direct,direct,incremental,total_break_groups_subject_to_range_at_most_2,bg_d2,reduced,-,-,-,-,1.3 5,-
forumt-14crafc.prec15,pairwise,direct,pairwise+direct,direct,maxsat,total_break_groups_subject_to_range_at_most_2,bg_d2,reduced,-,-,-,-,0.8 5,-
forumt-14crafc.prec15,pairwise,direct,pairwise+direct,direct,multiple,total_break_groups_subject_to_range_at_most_2,bg_d2,reduced,-,-,-,-,2.0 5,-
forumt-14crafc.prec15,pairwise,distance_closure,pairwise+distance_closure,direct,incremental,total_break_groups_subject_to_range_at_most_2,bg_d2,reduced,-,-,-,-,1.0 5,-
forumt-14crafc.prec15,pairwise,distance_closure,pairwise+distance_closure,direct,maxsat,total_break_groups_subject_to_range_at_most_2,bg_d2,reduced,-,-,-,-,0.8 5,-
forumt-14crafc.prec15,pairwise,distance_closure,pairwise+distance_closure,direct,multiple,total_break_groups_subject_to_range_at_most_2,bg_d2,reduced,-,-,-,-,1.3 5,-
forumt-14crafc.prec15,sparse_suffix,direct,sparse_suffix+direct,direct,incremental,total_break_groups_subject_to_range_at_most_2,bg_d2,reduced,-,-,-,-,1.2 5,-
forumt-14crafc.prec15,sparse_suffix,direct,sparse_suffix+direct,direct,maxsat,total_break_groups_subject_to_range_at_most_2,bg_d2,reduced,-,-,-,-,0.8 5,-
forumt-14crafc.prec15,sparse_suffix,direct,sparse_suffix+direct,direct,multiple,total_break_groups_subject_to_range_at_most_2,bg_d2,reduced,-,-,-,-,1.4 5,-
forumt-14crafc.prec15,sparse_suffix,distance_closure,sparse_suffix+distance_closure,direct,incremental,total_break_groups_subject_to_range_at_most_2,bg_d2,reduced,-,-,-,-,1.2 5,-
forumt-14crafc.prec15,sparse_suffix,distance_closure,sparse_suffix+distance_closure,direct,maxsat,total_break_groups_subject_to_range_at_most_2,bg_d2,reduced,-,-,-,-,0.8 5,-
forumt-14crafc.prec15,sparse_suffix,distance_closure,sparse_suffix+distance_closure,direct,multiple,total_break_groups_subject_to_range_at_most_2,bg_d2,reduced,-,-,-,-,1.3 5,-
forumt-14crafc.prec15,pairwise,direct,pairwise+direct,distance_closure,incremental,total_break_groups_subject_to_range_at_most_2,bg_d2,reduced,-,-,-,-,1.1 5,-
forumt-14crafc.prec15,pairwise,direct,pairwise+direct,distance_closure,maxsat,total_break_groups_subject_to_range_at_most_2,bg_d2,reduced,-,-,-,-,0.6 5,-
forumt-14crafc.prec15,pairwise,direct,pairwise+direct,distance_closure,multiple,total_break_groups_subject_to_range_at_most_2,bg_d2,reduced,-,-,-,-,1.9 5,-
forumt-14crafc.prec15,pairwise,distance_closure,pairwise+distance_closure,distance_closure,incremental,total_break_groups_subject_to_range_at_most_2,bg_d2,reduced,-,-,-,-,0.8 5,-
forumt-14crafc.prec15,pairwise,distance_closure,pairwise+distance_closure,distance_closure,maxsat,total_break_groups_subject_to_range_at_most_2,bg_d2,reduced,-,-,-,-,0.6 5,-
forumt-14crafc.prec15,pairwise,distance_closure,pairwise+distance_closure,distance_closure,multiple,total_break_groups_subject_to_range_at_most_2,bg_d2,reduced,-,-,-,-,1.1 5,-
forumt-14crafc.prec15,sparse_suffix,direct,sparse_suffix+direct,distance_closure,incremental,total_break_groups_subject_to_range_at_most_2,bg_d2,reduced,-,-,-,-,1.1 5,-
forumt-14crafc.prec15,sparse_suffix,direct,sparse_suffix+direct,distance_closure,maxsat,total_break_groups_subject_to_range_at_most_2,bg_d2,reduced,-,-,-,-,0.6 5,-
forumt-14crafc.prec15,sparse_suffix,direct,sparse_suffix+direct,distance_closure,multiple,total_break_groups_subject_to_range_at_most_2,bg_d2,reduced,-,-,-,-,1.2 5,-
forumt-14crafc.prec15,sparse_suffix,distance_closure,sparse_suffix+distance_closure,distance_closure,incremental,total_break_groups_subject_to_range_at_most_2,bg_d2,reduced,-,-,-,-,1.1 5,-
forumt-14crafc.prec15,sparse_suffix,distance_closure,sparse_suffix+distance_closure,distance_closure,maxsat,total_break_groups_subject_to_range_at_most_2,bg_d2,reduced,-,-,-,-,0.6 5,-
forumt-14crafc.prec15,sparse_suffix,distance_closure,sparse_suffix+distance_closure,distance_closure,multiple,total_break_groups_subject_to_range_at_most_2,bg_d2,reduced,-,-,-,-,1.1 5,-
forumt-14crafc.prec25,pairwise,direct,pairwise+direct,distance_closure,incremental,total_break_groups_subject_to_range_at_most_2,bg_d2,full,-,-,-,-,3.6 5,-
forumt-14crafc.prec25,pairwise,direct,pairwise+direct,distance_closure,maxsat,total_break_groups_subject_to_range_at_most_2,bg_d2,full,-,-,-,-,1.3 5,-
forumt-14crafc.prec25,pairwise,direct,pairwise+direct,distance_closure,multiple,total_break_groups_subject_to_range_at_most_2,bg_d2,full,-,-,-,-,1.9 5,-
forumt-14crafc.prec25,pairwise,distance_closure,pairwise+distance_closure,distance_closure,incremental,total_break_groups_subject_to_range_at_most_2,bg_d2,full,-,-,-,-,2.2 5,-
forumt-14crafc.prec25,pairwise,distance_closure,pairwise+distance_closure,distance_closure,maxsat,total_break_groups_subject_to_range_at_most_2,bg_d2,full,-,-,-,-,1.4 5,-
forumt-14crafc.prec25,pairwise,distance_closure,pairwise+distance_closure,distance_closure,multiple,total_break_groups_subject_to_range_at_most_2,bg_d2,full,-,-,-,-,3.8 5,-
forumt-14crafc.prec25,sparse_suffix,direct,sparse_suffix+direct,distance_closure,incremental,total_break_groups_subject_to_range_at_most_2,bg_d2,full,-,-,-,-,1.5 5,-
forumt-14crafc.prec25,sparse_suffix,direct,sparse_suffix+direct,distance_closure,maxsat,total_break_groups_subject_to_range_at_most_2,bg_d2,full,-,-,-,-,1.7 5,-
forumt-14crafc.prec25,sparse_suffix,direct,sparse_suffix+direct,distance_closure,multiple,total_break_groups_subject_to_range_at_most_2,bg_d2,full,-,-,-,-,4.1 5,-
forumt-14crafc.prec25,sparse_suffix,distance_closure,sparse_suffix+distance_closure,distance_closure,incremental,total_break_groups_subject_to_range_at_most_2,bg_d2,full,-,-,-,-,1.3 5,-
forumt-14crafc.prec25,sparse_suffix,distance_closure,sparse_suffix+distance_closure,distance_closure,maxsat,total_break_groups_subject_to_range_at_most_2,bg_d2,full,-,-,-,-,1.5 5,-
forumt-14crafc.prec25,sparse_suffix,distance_closure,sparse_suffix+distance_closure,distance_closure,multiple,total_break_groups_subject_to_range_at_most_2,bg_d2,full,-,-,-,-,2.9 5,-
forumt-14crafc.prec25,pairwise,direct,pairwise+direct,direct,incremental,total_break_groups_subject_to_range_at_most_2,bg_d2,reduced,-,-,-,-,2.1 5,-
forumt-14crafc.prec25,pairwise,direct,pairwise+direct,direct,maxsat,total_break_groups_subject_to_range_at_most_2,bg_d2,reduced,-,-,-,-,0.7 5,-
forumt-14crafc.prec25,pairwise,direct,pairwise+direct,direct,multiple,total_break_groups_subject_to_range_at_most_2,bg_d2,reduced,-,-,-,-,2.3 5,-
forumt-14crafc.prec25,pairwise,distance_closure,pairwise+distance_closure,direct,incremental,total_break_groups_subject_to_range_at_most_2,bg_d2,reduced,-,-,-,-,1.3 5,-
forumt-14crafc.prec25,pairwise,distance_closure,pairwise+distance_closure,direct,maxsat,total_break_groups_subject_to_range_at_most_2,bg_d2,reduced,-,-,-,-,0.9 5,-
forumt-14crafc.prec25,pairwise,distance_closure,pairwise+distance_closure,direct,multiple,total_break_groups_subject_to_range_at_most_2,bg_d2,reduced,-,-,-,-,2.6 5,-
forumt-14crafc.prec25,sparse_suffix,direct,sparse_suffix+direct,direct,incremental,total_break_groups_subject_to_range_at_most_2,bg_d2,reduced,-,-,-,-,1.8 5,-
forumt-14crafc.prec25,sparse_suffix,direct,sparse_suffix+direct,direct,maxsat,total_break_groups_subject_to_range_at_most_2,bg_d2,reduced,-,-,-,-,1.6 5,-
forumt-14crafc.prec25,sparse_suffix,direct,sparse_suffix+direct,direct,multiple,total_break_groups_subject_to_range_at_most_2,bg_d2,reduced,-,-,-,-,4.8 5,-
forumt-14crafc.prec25,sparse_suffix,distance_closure,sparse_suffix+distance_closure,direct,incremental,total_break_groups_subject_to_range_at_most_2,bg_d2,reduced,-,-,-,-,2.4 5,-
forumt-14crafc.prec25,sparse_suffix,distance_closure,sparse_suffix+distance_closure,direct,maxsat,total_break_groups_subject_to_range_at_most_2,bg_d2,reduced,-,-,-,-,1.7 5,-
forumt-14crafc.prec25,sparse_suffix,distance_closure,sparse_suffix+distance_closure,direct,multiple,total_break_groups_subject_to_range_at_most_2,bg_d2,reduced,-,-,-,-,2.6 5,-
forumt-14crafc.prec25,pairwise,direct,pairwise+direct,distance_closure,incremental,total_break_groups_subject_to_range_at_most_2,bg_d2,reduced,-,-,-,-,2.1 5,-
forumt-14crafc.prec25,pairwise,direct,pairwise+direct,distance_closure,maxsat,total_break_groups_subject_to_range_at_most_2,bg_d2,reduced,-,-,-,-,0.7 5,-
forumt-14crafc.prec25,pairwise,direct,pairwise+direct,distance_closure,multiple,total_break_groups_subject_to_range_at_most_2,bg_d2,reduced,-,-,-,-,2.2 5,-
forumt-14crafc.prec25,pairwise,distance_closure,pairwise+distance_closure,distance_closure,incremental,total_break_groups_subject_to_range_at_most_2,bg_d2,reduced,-,-,-,-,1.2 5,-
forumt-14crafc.prec25,pairwise,distance_closure,pairwise+distance_closure,distance_closure,maxsat,total_break_groups_subject_to_range_at_most_2,bg_d2,reduced,-,-,-,-,0.9 5,-
forumt-14crafc.prec25,pairwise,distance_closure,pairwise+distance_closure,distance_closure,multiple,total_break_groups_subject_to_range_at_most_2,bg_d2,reduced,-,-,-,-,2.6 5,-
forumt-14crafc.prec25,sparse_suffix,direct,sparse_suffix+direct,distance_closure,incremental,total_break_groups_subject_to_range_at_most_2,bg_d2,reduced,-,-,-,-,1.7 5,-
forumt-14crafc.prec25,sparse_suffix,direct,sparse_suffix+direct,distance_closure,maxsat,total_break_groups_subject_to_range_at_most_2,bg_d2,reduced,-,-,-,-,1.5 5,-
forumt-14crafc.prec25,sparse_suffix,direct,sparse_suffix+direct,distance_closure,multiple,total_break_groups_subject_to_range_at_most_2,bg_d2,reduced,-,-,-,-,4.8 5,-
forumt-14crafc.prec25,sparse_suffix,distance_closure,sparse_suffix+distance_closure,distance_closure,incremental,total_break_groups_subject_to_range_at_most_2,bg_d2,reduced,-,-,-,-,2.3 5,-
forumt-14crafc.prec25,sparse_suffix,distance_closure,sparse_suffix+distance_closure,distance_closure,maxsat,total_break_groups_subject_to_range_at_most_2,bg_d2,reduced,-,-,-,-,1.6 5,-
forumt-14crafc.prec25,sparse_suffix,distance_closure,sparse_suffix+distance_closure,distance_closure,multiple,total_break_groups_subject_to_range_at_most_2,bg_d2,reduced,-,-,-,-,2.5 5,-
forumt-14crafd.prec15,pairwise,direct,pairwise+direct,distance_closure,incremental,total_break_groups_subject_to_range_at_most_2,bg_d2,full,-,-,-,-,0.9 4,-
forumt-14crafd.prec15,pairwise,direct,pairwise+direct,distance_closure,maxsat,total_break_groups_subject_to_range_at_most_2,bg_d2,full,-,-,-,-,0.6 4,-
forumt-14crafd.prec15,pairwise,direct,pairwise+direct,distance_closure,multiple,total_break_groups_subject_to_range_at_most_2,bg_d2,full,-,-,-,-,1.2 4,-
forumt-14crafd.prec15,pairwise,distance_closure,pairwise+distance_closure,distance_closure,incremental,total_break_groups_subject_to_range_at_most_2,bg_d2,full,-,-,-,-,1.1 4,-
forumt-14crafd.prec15,pairwise,distance_closure,pairwise+distance_closure,distance_closure,maxsat,total_break_groups_subject_to_range_at_most_2,bg_d2,full,-,-,-,-,0.7 4,-
forumt-14crafd.prec15,pairwise,distance_closure,pairwise+distance_closure,distance_closure,multiple,total_break_groups_subject_to_range_at_most_2,bg_d2,full,-,-,-,-,1.0 4,-
forumt-14crafd.prec15,sparse_suffix,direct,sparse_suffix+direct,distance_closure,incremental,total_break_groups_subject_to_range_at_most_2,bg_d2,full,-,-,-,-,1.2 4,-
forumt-14crafd.prec15,sparse_suffix,direct,sparse_suffix+direct,distance_closure,maxsat,total_break_groups_subject_to_range_at_most_2,bg_d2,full,-,-,-,-,0.7 4,-
forumt-14crafd.prec15,sparse_suffix,direct,sparse_suffix+direct,distance_closure,multiple,total_break_groups_subject_to_range_at_most_2,bg_d2,full,-,-,-,-,1.7 4,-
forumt-14crafd.prec15,sparse_suffix,distance_closure,sparse_suffix+distance_closure,distance_closure,incremental,total_break_groups_subject_to_range_at_most_2,bg_d2,full,-,-,-,-,1.1 4,-
forumt-14crafd.prec15,sparse_suffix,distance_closure,sparse_suffix+distance_closure,distance_closure,maxsat,total_break_groups_subject_to_range_at_most_2,bg_d2,full,-,-,-,-,0.7 4,-
forumt-14crafd.prec15,sparse_suffix,distance_closure,sparse_suffix+distance_closure,distance_closure,multiple,total_break_groups_subject_to_range_at_most_2,bg_d2,full,-,-,-,-,1.2 4,-
forumt-14crafd.prec15,pairwise,direct,pairwise+direct,direct,incremental,total_break_groups_subject_to_range_at_most_2,bg_d2,reduced,-,-,-,-,1.0 4,-
forumt-14crafd.prec15,pairwise,direct,pairwise+direct,direct,maxsat,total_break_groups_subject_to_range_at_most_2,bg_d2,reduced,-,-,-,-,0.7 4,-
forumt-14crafd.prec15,pairwise,direct,pairwise+direct,direct,multiple,total_break_groups_subject_to_range_at_most_2,bg_d2,reduced,-,-,-,-,1.2 4,-
forumt-14crafd.prec15,pairwise,distance_closure,pairwise+distance_closure,direct,incremental,total_break_groups_subject_to_range_at_most_2,bg_d2,reduced,-,-,-,-,1.3 4,-
forumt-14crafd.prec15,pairwise,distance_closure,pairwise+distance_closure,direct,maxsat,total_break_groups_subject_to_range_at_most_2,bg_d2,reduced,-,-,-,-,0.7 4,-
forumt-14crafd.prec15,pairwise,distance_closure,pairwise+distance_closure,direct,multiple,total_break_groups_subject_to_range_at_most_2,bg_d2,reduced,-,-,-,-,1.1 4,-
forumt-14crafd.prec15,sparse_suffix,direct,sparse_suffix+direct,direct,incremental,total_break_groups_subject_to_range_at_most_2,bg_d2,reduced,-,-,-,-,1.2 4,-
forumt-14crafd.prec15,sparse_suffix,direct,sparse_suffix+direct,direct,maxsat,total_break_groups_subject_to_range_at_most_2,bg_d2,reduced,-,-,-,-,0.7 4,-
forumt-14crafd.prec15,sparse_suffix,direct,sparse_suffix+direct,direct,multiple,total_break_groups_subject_to_range_at_most_2,bg_d2,reduced,-,-,-,-,1.2 4,-
forumt-14crafd.prec15,sparse_suffix,distance_closure,sparse_suffix+distance_closure,direct,incremental,total_break_groups_subject_to_range_at_most_2,bg_d2,reduced,-,-,-,-,1.0 4,-
forumt-14crafd.prec15,sparse_suffix,distance_closure,sparse_suffix+distance_closure,direct,maxsat,total_break_groups_subject_to_range_at_most_2,bg_d2,reduced,-,-,-,-,0.7 4,-
forumt-14crafd.prec15,sparse_suffix,distance_closure,sparse_suffix+distance_closure,direct,multiple,total_break_groups_subject_to_range_at_most_2,bg_d2,reduced,-,-,-,-,1.4 4,-
forumt-14crafd.prec15,pairwise,direct,pairwise+direct,distance_closure,incremental,total_break_groups_subject_to_range_at_most_2,bg_d2,reduced,-,-,-,-,0.9 4,-
forumt-14crafd.prec15,pairwise,direct,pairwise+direct,distance_closure,maxsat,total_break_groups_subject_to_range_at_most_2,bg_d2,reduced,-,-,-,-,0.6 4,-
forumt-14crafd.prec15,pairwise,direct,pairwise+direct,distance_closure,multiple,total_break_groups_subject_to_range_at_most_2,bg_d2,reduced,-,-,-,-,1.1 4,-
forumt-14crafd.prec15,pairwise,distance_closure,pairwise+distance_closure,distance_closure,incremental,total_break_groups_subject_to_range_at_most_2,bg_d2,reduced,-,-,-,-,1.2 4,-
forumt-14crafd.prec15,pairwise,distance_closure,pairwise+distance_closure,distance_closure,maxsat,total_break_groups_subject_to_range_at_most_2,bg_d2,reduced,-,-,-,-,0.6 4,-
forumt-14crafd.prec15,pairwise,distance_closure,pairwise+distance_closure,distance_closure,multiple,total_break_groups_subject_to_range_at_most_2,bg_d2,reduced,-,-,-,-,1.0 4,-
forumt-14crafd.prec15,sparse_suffix,direct,sparse_suffix+direct,distance_closure,incremental,total_break_groups_subject_to_range_at_most_2,bg_d2,reduced,-,-,-,-,1.1 4,-
forumt-14crafd.prec15,sparse_suffix,direct,sparse_suffix+direct,distance_closure,maxsat,total_break_groups_subject_to_range_at_most_2,bg_d2,reduced,-,-,-,-,0.6 4,-
forumt-14crafd.prec15,sparse_suffix,direct,sparse_suffix+direct,distance_closure,multiple,total_break_groups_subject_to_range_at_most_2,bg_d2,reduced,-,-,-,-,1.1 4,-
forumt-14crafd.prec15,sparse_suffix,distance_closure,sparse_suffix+distance_closure,distance_closure,incremental,total_break_groups_subject_to_range_at_most_2,bg_d2,reduced,-,-,-,-,0.9 4,-
forumt-14crafd.prec15,sparse_suffix,distance_closure,sparse_suffix+distance_closure,distance_closure,maxsat,total_break_groups_subject_to_range_at_most_2,bg_d2,reduced,-,-,-,-,0.6 4,-
forumt-14crafd.prec15,sparse_suffix,distance_closure,sparse_suffix+distance_closure,distance_closure,multiple,total_break_groups_subject_to_range_at_most_2,bg_d2,reduced,-,-,-,-,1.4 4,-
forumt-14crafd.prec25,pairwise,direct,pairwise+direct,distance_closure,incremental,total_break_groups_subject_to_range_at_most_2,bg_d2,full,-,-,-,-,2.0 4,-
forumt-14crafd.prec25,pairwise,direct,pairwise+direct,distance_closure,maxsat,total_break_groups_subject_to_range_at_most_2,bg_d2,full,-,-,-,-,1.2 4,-
forumt-14crafd.prec25,pairwise,direct,pairwise+direct,distance_closure,multiple,total_break_groups_subject_to_range_at_most_2,bg_d2,full,-,-,-,-,2.5 4,-
forumt-14crafd.prec25,pairwise,distance_closure,pairwise+distance_closure,distance_closure,incremental,total_break_groups_subject_to_range_at_most_2,bg_d2,full,-,-,-,-,2.3 4,-
forumt-14crafd.prec25,pairwise,distance_closure,pairwise+distance_closure,distance_closure,maxsat,total_break_groups_subject_to_range_at_most_2,bg_d2,full,-,-,-,-,0.6 4,-
forumt-14crafd.prec25,pairwise,distance_closure,pairwise+distance_closure,distance_closure,multiple,total_break_groups_subject_to_range_at_most_2,bg_d2,full,-,-,-,-,3.1 4,-
forumt-14crafd.prec25,sparse_suffix,direct,sparse_suffix+direct,distance_closure,incremental,total_break_groups_subject_to_range_at_most_2,bg_d2,full,-,-,-,-,1.0 4,-
forumt-14crafd.prec25,sparse_suffix,direct,sparse_suffix+direct,distance_closure,maxsat,total_break_groups_subject_to_range_at_most_2,bg_d2,full,-,-,-,-,0.6 4,-
forumt-14crafd.prec25,sparse_suffix,direct,sparse_suffix+direct,distance_closure,multiple,total_break_groups_subject_to_range_at_most_2,bg_d2,full,-,-,-,-,1.2 4,-
forumt-14crafd.prec25,sparse_suffix,distance_closure,sparse_suffix+distance_closure,distance_closure,incremental,total_break_groups_subject_to_range_at_most_2,bg_d2,full,-,-,-,-,2.3 4,-
forumt-14crafd.prec25,sparse_suffix,distance_closure,sparse_suffix+distance_closure,distance_closure,maxsat,total_break_groups_subject_to_range_at_most_2,bg_d2,full,-,-,-,-,0.6 4,-
forumt-14crafd.prec25,sparse_suffix,distance_closure,sparse_suffix+distance_closure,distance_closure,multiple,total_break_groups_subject_to_range_at_most_2,bg_d2,full,-,-,-,-,1.4 4,-
forumt-14crafd.prec25,pairwise,direct,pairwise+direct,direct,incremental,total_break_groups_subject_to_range_at_most_2,bg_d2,reduced,-,-,-,-,2.2 4,-
forumt-14crafd.prec25,pairwise,direct,pairwise+direct,direct,maxsat,total_break_groups_subject_to_range_at_most_2,bg_d2,reduced,-,-,-,-,0.8 4,-
forumt-14crafd.prec25,pairwise,direct,pairwise+direct,direct,multiple,total_break_groups_subject_to_range_at_most_2,bg_d2,reduced,-,-,-,-,1.8 4,-
forumt-14crafd.prec25,pairwise,distance_closure,pairwise+distance_closure,direct,incremental,total_break_groups_subject_to_range_at_most_2,bg_d2,reduced,-,-,-,-,1.2 4,-
forumt-14crafd.prec25,pairwise,distance_closure,pairwise+distance_closure,direct,maxsat,total_break_groups_subject_to_range_at_most_2,bg_d2,reduced,-,-,-,-,0.7 4,-
forumt-14crafd.prec25,pairwise,distance_closure,pairwise+distance_closure,direct,multiple,total_break_groups_subject_to_range_at_most_2,bg_d2,reduced,-,-,-,-,1.9 4,-
forumt-14crafd.prec25,sparse_suffix,direct,sparse_suffix+direct,direct,incremental,total_break_groups_subject_to_range_at_most_2,bg_d2,reduced,-,-,-,-,1.8 4,-
forumt-14crafd.prec25,sparse_suffix,direct,sparse_suffix+direct,direct,maxsat,total_break_groups_subject_to_range_at_most_2,bg_d2,reduced,-,-,-,-,1.3 4,-
forumt-14crafd.prec25,sparse_suffix,direct,sparse_suffix+direct,direct,multiple,total_break_groups_subject_to_range_at_most_2,bg_d2,reduced,-,-,-,-,2.0 4,-
forumt-14crafd.prec25,sparse_suffix,distance_closure,sparse_suffix+distance_closure,direct,incremental,total_break_groups_subject_to_range_at_most_2,bg_d2,reduced,-,-,-,-,1.6 4,-
forumt-14crafd.prec25,sparse_suffix,distance_closure,sparse_suffix+distance_closure,direct,maxsat,total_break_groups_subject_to_range_at_most_2,bg_d2,reduced,-,-,-,-,1.3 4,-
forumt-14crafd.prec25,sparse_suffix,distance_closure,sparse_suffix+distance_closure,direct,multiple,total_break_groups_subject_to_range_at_most_2,bg_d2,reduced,-,-,-,-,2.1 4,-
forumt-14crafd.prec25,pairwise,direct,pairwise+direct,distance_closure,incremental,total_break_groups_subject_to_range_at_most_2,bg_d2,reduced,-,-,-,-,2.1 4,-
forumt-14crafd.prec25,pairwise,direct,pairwise+direct,distance_closure,maxsat,total_break_groups_subject_to_range_at_most_2,bg_d2,reduced,-,-,-,-,0.6 4,-
forumt-14crafd.prec25,pairwise,direct,pairwise+direct,distance_closure,multiple,total_break_groups_subject_to_range_at_most_2,bg_d2,reduced,-,-,-,-,1.7 4,-
forumt-14crafd.prec25,pairwise,distance_closure,pairwise+distance_closure,distance_closure,incremental,total_break_groups_subject_to_range_at_most_2,bg_d2,reduced,-,-,-,-,1.0 4,-
forumt-14crafd.prec25,pairwise,distance_closure,pairwise+distance_closure,distance_closure,maxsat,total_break_groups_subject_to_range_at_most_2,bg_d2,reduced,-,-,-,-,0.6 4,-
forumt-14crafd.prec25,pairwise,distance_closure,pairwise+distance_closure,distance_closure,multiple,total_break_groups_subject_to_range_at_most_2,bg_d2,reduced,-,-,-,-,1.8 4,-
forumt-14crafd.prec25,sparse_suffix,direct,sparse_suffix+direct,distance_closure,incremental,total_break_groups_subject_to_range_at_most_2,bg_d2,reduced,-,-,-,-,1.7 4,-
forumt-14crafd.prec25,sparse_suffix,direct,sparse_suffix+direct,distance_closure,maxsat,total_break_groups_subject_to_range_at_most_2,bg_d2,reduced,-,-,-,-,1.1 4,-
forumt-14crafd.prec25,sparse_suffix,direct,sparse_suffix+direct,distance_closure,multiple,total_break_groups_subject_to_range_at_most_2,bg_d2,reduced,-,-,-,-,1.8 4,-
forumt-14crafd.prec25,sparse_suffix,distance_closure,sparse_suffix+distance_closure,distance_closure,incremental,total_break_groups_subject_to_range_at_most_2,bg_d2,reduced,-,-,-,-,1.4 4,-
forumt-14crafd.prec25,sparse_suffix,distance_closure,sparse_suffix+distance_closure,distance_closure,maxsat,total_break_groups_subject_to_range_at_most_2,bg_d2,reduced,-,-,-,-,1.2 4,-
forumt-14crafd.prec25,sparse_suffix,distance_closure,sparse_suffix+distance_closure,distance_closure,multiple,total_break_groups_subject_to_range_at_most_2,bg_d2,reduced,-,-,-,-,1.9 4,-
forumt-14crafe.prec15,pairwise,direct,pairwise+direct,distance_closure,incremental,total_break_groups_subject_to_range_at_most_2,bg_d2,full,-,-,-,-,1.2 5,-
forumt-14crafe.prec15,pairwise,direct,pairwise+direct,distance_closure,maxsat,total_break_groups_subject_to_range_at_most_2,bg_d2,full,-,-,-,-,1.6 5,-
forumt-14crafe.prec15,pairwise,direct,pairwise+direct,distance_closure,multiple,total_break_groups_subject_to_range_at_most_2,bg_d2,full,-,-,-,-,1.6 5,-
forumt-14crafe.prec15,pairwise,distance_closure,pairwise+distance_closure,distance_closure,incremental,total_break_groups_subject_to_range_at_most_2,bg_d2,full,-,-,-,-,0.8 5,-
forumt-14crafe.prec15,pairwise,distance_closure,pairwise+distance_closure,distance_closure,maxsat,total_break_groups_subject_to_range_at_most_2,bg_d2,full,-,-,-,-,1.5 5,-
forumt-14crafe.prec15,pairwise,distance_closure,pairwise+distance_closure,distance_closure,multiple,total_break_groups_subject_to_range_at_most_2,bg_d2,full,-,-,-,-,1.1 5,-
forumt-14crafe.prec15,sparse_suffix,direct,sparse_suffix+direct,distance_closure,incremental,total_break_groups_subject_to_range_at_most_2,bg_d2,full,-,-,-,-,1.0 5,-
forumt-14crafe.prec15,sparse_suffix,direct,sparse_suffix+direct,distance_closure,maxsat,total_break_groups_subject_to_range_at_most_2,bg_d2,full,-,-,-,-,1.5 5,-
forumt-14crafe.prec15,sparse_suffix,direct,sparse_suffix+direct,distance_closure,multiple,total_break_groups_subject_to_range_at_most_2,bg_d2,full,-,-,-,-,1.3 5,-
forumt-14crafe.prec15,sparse_suffix,distance_closure,sparse_suffix+distance_closure,distance_closure,incremental,total_break_groups_subject_to_range_at_most_2,bg_d2,full,-,-,-,-,1.2 5,-
forumt-14crafe.prec15,sparse_suffix,distance_closure,sparse_suffix+distance_closure,distance_closure,maxsat,total_break_groups_subject_to_range_at_most_2,bg_d2,full,-,-,-,-,1.6 5,-
forumt-14crafe.prec15,sparse_suffix,distance_closure,sparse_suffix+distance_closure,distance_closure,multiple,total_break_groups_subject_to_range_at_most_2,bg_d2,full,-,-,-,-,1.2 5,-
forumt-14crafe.prec15,pairwise,direct,pairwise+direct,direct,incremental,total_break_groups_subject_to_range_at_most_2,bg_d2,reduced,-,-,-,-,1.3 5,-
forumt-14crafe.prec15,pairwise,direct,pairwise+direct,direct,maxsat,total_break_groups_subject_to_range_at_most_2,bg_d2,reduced,-,-,-,-,1.7 5,-
forumt-14crafe.prec15,pairwise,direct,pairwise+direct,direct,multiple,total_break_groups_subject_to_range_at_most_2,bg_d2,reduced,-,-,-,-,1.7 5,-
forumt-14crafe.prec15,pairwise,distance_closure,pairwise+distance_closure,direct,incremental,total_break_groups_subject_to_range_at_most_2,bg_d2,reduced,-,-,-,-,1.2 5,-
forumt-14crafe.prec15,pairwise,distance_closure,pairwise+distance_closure,direct,maxsat,total_break_groups_subject_to_range_at_most_2,bg_d2,reduced,-,-,-,-,1.6 5,-
forumt-14crafe.prec15,pairwise,distance_closure,pairwise+distance_closure,direct,multiple,total_break_groups_subject_to_range_at_most_2,bg_d2,reduced,-,-,-,-,1.8 5,-
forumt-14crafe.prec15,sparse_suffix,direct,sparse_suffix+direct,direct,incremental,total_break_groups_subject_to_range_at_most_2,bg_d2,reduced,-,-,-,-,0.9 5,-
forumt-14crafe.prec15,sparse_suffix,direct,sparse_suffix+direct,direct,maxsat,total_break_groups_subject_to_range_at_most_2,bg_d2,reduced,-,-,-,-,1.6 5,-
forumt-14crafe.prec15,sparse_suffix,direct,sparse_suffix+direct,direct,multiple,total_break_groups_subject_to_range_at_most_2,bg_d2,reduced,-,-,-,-,1.4 5,-
forumt-14crafe.prec15,sparse_suffix,distance_closure,sparse_suffix+distance_closure,direct,incremental,total_break_groups_subject_to_range_at_most_2,bg_d2,reduced,-,-,-,-,1.1 5,-
forumt-14crafe.prec15,sparse_suffix,distance_closure,sparse_suffix+distance_closure,direct,maxsat,total_break_groups_subject_to_range_at_most_2,bg_d2,reduced,-,-,-,-,1.6 5,-
forumt-14crafe.prec15,sparse_suffix,distance_closure,sparse_suffix+distance_closure,direct,multiple,total_break_groups_subject_to_range_at_most_2,bg_d2,reduced,-,-,-,-,1.1 5,-
forumt-14crafe.prec15,pairwise,direct,pairwise+direct,distance_closure,incremental,total_break_groups_subject_to_range_at_most_2,bg_d2,reduced,-,-,-,-,1.2 5,-
forumt-14crafe.prec15,pairwise,direct,pairwise+direct,distance_closure,maxsat,total_break_groups_subject_to_range_at_most_2,bg_d2,reduced,-,-,-,-,1.6 5,-
forumt-14crafe.prec15,pairwise,direct,pairwise+direct,distance_closure,multiple,total_break_groups_subject_to_range_at_most_2,bg_d2,reduced,-,-,-,-,1.6 5,-
forumt-14crafe.prec15,pairwise,distance_closure,pairwise+distance_closure,distance_closure,incremental,total_break_groups_subject_to_range_at_most_2,bg_d2,reduced,-,-,-,-,1.1 5,-
forumt-14crafe.prec15,pairwise,distance_closure,pairwise+distance_closure,distance_closure,maxsat,total_break_groups_subject_to_range_at_most_2,bg_d2,reduced,-,-,-,-,1.5 5,-
forumt-14crafe.prec15,pairwise,distance_closure,pairwise+distance_closure,distance_closure,multiple,total_break_groups_subject_to_range_at_most_2,bg_d2,reduced,-,-,-,-,1.7 5,-
forumt-14crafe.prec15,sparse_suffix,direct,sparse_suffix+direct,distance_closure,incremental,total_break_groups_subject_to_range_at_most_2,bg_d2,reduced,-,-,-,-,0.8 5,-
forumt-14crafe.prec15,sparse_suffix,direct,sparse_suffix+direct,distance_closure,maxsat,total_break_groups_subject_to_range_at_most_2,bg_d2,reduced,-,-,-,-,1.5 5,-
forumt-14crafe.prec15,sparse_suffix,direct,sparse_suffix+direct,distance_closure,multiple,total_break_groups_subject_to_range_at_most_2,bg_d2,reduced,-,-,-,-,1.3 5,-
forumt-14crafe.prec15,sparse_suffix,distance_closure,sparse_suffix+distance_closure,distance_closure,incremental,total_break_groups_subject_to_range_at_most_2,bg_d2,reduced,-,-,-,-,1.0 5,-
forumt-14crafe.prec15,sparse_suffix,distance_closure,sparse_suffix+distance_closure,distance_closure,maxsat,total_break_groups_subject_to_range_at_most_2,bg_d2,reduced,-,-,-,-,1.6 5,-
forumt-14crafe.prec15,sparse_suffix,distance_closure,sparse_suffix+distance_closure,distance_closure,multiple,total_break_groups_subject_to_range_at_most_2,bg_d2,reduced,-,-,-,-,1.0 5,-
forumt-14crafe.prec25,pairwise,direct,pairwise+direct,distance_closure,incremental,total_break_groups_subject_to_range_at_most_2,bg_d2,full,-,-,-,-,1.5 5,-
forumt-14crafe.prec25,pairwise,direct,pairwise+direct,distance_closure,maxsat,total_break_groups_subject_to_range_at_most_2,bg_d2,full,-,-,-,-,1.4 5,-
forumt-14crafe.prec25,pairwise,direct,pairwise+direct,distance_closure,multiple,total_break_groups_subject_to_range_at_most_2,bg_d2,full,-,-,-,-,2.5 5,-
forumt-14crafe.prec25,pairwise,distance_closure,pairwise+distance_closure,distance_closure,incremental,total_break_groups_subject_to_range_at_most_2,bg_d2,full,-,-,-,-,1.7 5,-
forumt-14crafe.prec25,pairwise,distance_closure,pairwise+distance_closure,distance_closure,maxsat,total_break_groups_subject_to_range_at_most_2,bg_d2,full,-,-,-,-,1.5 5,-
forumt-14crafe.prec25,pairwise,distance_closure,pairwise+distance_closure,distance_closure,multiple,total_break_groups_subject_to_range_at_most_2,bg_d2,full,-,-,-,-,2.9 5,-
forumt-14crafe.prec25,sparse_suffix,direct,sparse_suffix+direct,distance_closure,incremental,total_break_groups_subject_to_range_at_most_2,bg_d2,full,-,-,-,-,2.0 5,-
forumt-14crafe.prec25,sparse_suffix,direct,sparse_suffix+direct,distance_closure,maxsat,total_break_groups_subject_to_range_at_most_2,bg_d2,full,-,-,-,-,1.4 5,-
forumt-14crafe.prec25,sparse_suffix,direct,sparse_suffix+direct,distance_closure,multiple,total_break_groups_subject_to_range_at_most_2,bg_d2,full,-,-,-,-,2.0 5,-
forumt-14crafe.prec25,sparse_suffix,distance_closure,sparse_suffix+distance_closure,distance_closure,incremental,total_break_groups_subject_to_range_at_most_2,bg_d2,full,-,-,-,-,3.6 5,-
forumt-14crafe.prec25,sparse_suffix,distance_closure,sparse_suffix+distance_closure,distance_closure,maxsat,total_break_groups_subject_to_range_at_most_2,bg_d2,full,-,-,-,-,1.7 5,-
forumt-14crafe.prec25,sparse_suffix,distance_closure,sparse_suffix+distance_closure,distance_closure,multiple,total_break_groups_subject_to_range_at_most_2,bg_d2,full,-,-,-,-,3.0 5,-
forumt-14crafe.prec25,pairwise,direct,pairwise+direct,direct,incremental,total_break_groups_subject_to_range_at_most_2,bg_d2,reduced,-,-,-,-,4.2 5,-
forumt-14crafe.prec25,pairwise,direct,pairwise+direct,direct,maxsat,total_break_groups_subject_to_range_at_most_2,bg_d2,reduced,-,-,-,-,1.5 5,-
forumt-14crafe.prec25,pairwise,direct,pairwise+direct,direct,multiple,total_break_groups_subject_to_range_at_most_2,bg_d2,reduced,-,-,-,-,4.3 5,-
forumt-14crafe.prec25,pairwise,distance_closure,pairwise+distance_closure,direct,incremental,total_break_groups_subject_to_range_at_most_2,bg_d2,reduced,-,-,-,-,2.7 5,-
forumt-14crafe.prec25,pairwise,distance_closure,pairwise+distance_closure,direct,maxsat,total_break_groups_subject_to_range_at_most_2,bg_d2,reduced,-,-,-,-,1.5 5,-
forumt-14crafe.prec25,pairwise,distance_closure,pairwise+distance_closure,direct,multiple,total_break_groups_subject_to_range_at_most_2,bg_d2,reduced,-,-,-,-,3.3 5,-
forumt-14crafe.prec25,sparse_suffix,direct,sparse_suffix+direct,direct,incremental,total_break_groups_subject_to_range_at_most_2,bg_d2,reduced,-,-,-,-,1.4 5,-
forumt-14crafe.prec25,sparse_suffix,direct,sparse_suffix+direct,direct,maxsat,total_break_groups_subject_to_range_at_most_2,bg_d2,reduced,-,-,-,-,1.6 5,-
forumt-14crafe.prec25,sparse_suffix,direct,sparse_suffix+direct,direct,multiple,total_break_groups_subject_to_range_at_most_2,bg_d2,reduced,-,-,-,-,1.3 5,-
forumt-14crafe.prec25,sparse_suffix,distance_closure,sparse_suffix+distance_closure,direct,incremental,total_break_groups_subject_to_range_at_most_2,bg_d2,reduced,-,-,-,-,3.2 5,-
forumt-14crafe.prec25,sparse_suffix,distance_closure,sparse_suffix+distance_closure,direct,maxsat,total_break_groups_subject_to_range_at_most_2,bg_d2,reduced,-,-,-,-,1.6 5,-
forumt-14crafe.prec25,sparse_suffix,distance_closure,sparse_suffix+distance_closure,direct,multiple,total_break_groups_subject_to_range_at_most_2,bg_d2,reduced,-,-,-,-,2.7 5,-
forumt-14crafe.prec25,pairwise,direct,pairwise+direct,distance_closure,incremental,total_break_groups_subject_to_range_at_most_2,bg_d2,reduced,-,-,-,-,4.0 5,-
forumt-14crafe.prec25,pairwise,direct,pairwise+direct,distance_closure,maxsat,total_break_groups_subject_to_range_at_most_2,bg_d2,reduced,-,-,-,-,1.3 5,-
forumt-14crafe.prec25,pairwise,direct,pairwise+direct,distance_closure,multiple,total_break_groups_subject_to_range_at_most_2,bg_d2,reduced,-,-,-,-,4.0 5,-
forumt-14crafe.prec25,pairwise,distance_closure,pairwise+distance_closure,distance_closure,incremental,total_break_groups_subject_to_range_at_most_2,bg_d2,reduced,-,-,-,-,2.5 5,-
forumt-14crafe.prec25,pairwise,distance_closure,pairwise+distance_closure,distance_closure,maxsat,total_break_groups_subject_to_range_at_most_2,bg_d2,reduced,-,-,-,-,1.3 5,-
forumt-14crafe.prec25,pairwise,distance_closure,pairwise+distance_closure,distance_closure,multiple,total_break_groups_subject_to_range_at_most_2,bg_d2,reduced,-,-,-,-,3.2 5,-
forumt-14crafe.prec25,sparse_suffix,direct,sparse_suffix+direct,distance_closure,incremental,total_break_groups_subject_to_range_at_most_2,bg_d2,reduced,-,-,-,-,1.2 5,-
forumt-14crafe.prec25,sparse_suffix,direct,sparse_suffix+direct,distance_closure,maxsat,total_break_groups_subject_to_range_at_most_2,bg_d2,reduced,-,-,-,-,1.5 5,-
forumt-14crafe.prec25,sparse_suffix,direct,sparse_suffix+direct,distance_closure,multiple,total_break_groups_subject_to_range_at_most_2,bg_d2,reduced,-,-,-,-,1.2 5,-
forumt-14crafe.prec25,sparse_suffix,distance_closure,sparse_suffix+distance_closure,distance_closure,incremental,total_break_groups_subject_to_range_at_most_2,bg_d2,reduced,-,-,-,-,3.0 5,-
forumt-14crafe.prec25,sparse_suffix,distance_closure,sparse_suffix+distance_closure,distance_closure,maxsat,total_break_groups_subject_to_range_at_most_2,bg_d2,reduced,-,-,-,-,1.4 5,-
forumt-14crafe.prec25,sparse_suffix,distance_closure,sparse_suffix+distance_closure,distance_closure,multiple,total_break_groups_subject_to_range_at_most_2,bg_d2,reduced,-,-,-,-,2.6 5,-
tic-12.prec15,pairwise,direct,pairwise+direct,distance_closure,incremental,total_break_groups_subject_to_range_at_most_2,bg_d2,full,-,-,-,-,0.2 0,-
tic-12.prec15,pairwise,direct,pairwise+direct,distance_closure,maxsat,total_break_groups_subject_to_range_at_most_2,bg_d2,full,-,-,-,-,0.2 0,-
tic-12.prec15,pairwise,direct,pairwise+direct,distance_closure,multiple,total_break_groups_subject_to_range_at_most_2,bg_d2,full,-,-,-,-,0.2 0,-
tic-12.prec15,pairwise,distance_closure,pairwise+distance_closure,distance_closure,incremental,total_break_groups_subject_to_range_at_most_2,bg_d2,full,-,-,-,-,0.2 0,-
tic-12.prec15,pairwise,distance_closure,pairwise+distance_closure,distance_closure,maxsat,total_break_groups_subject_to_range_at_most_2,bg_d2,full,-,-,-,-,0.2 0,-
tic-12.prec15,pairwise,distance_closure,pairwise+distance_closure,distance_closure,multiple,total_break_groups_subject_to_range_at_most_2,bg_d2,full,-,-,-,-,0.2 0,-
tic-12.prec15,sparse_suffix,direct,sparse_suffix+direct,distance_closure,incremental,total_break_groups_subject_to_range_at_most_2,bg_d2,full,-,-,-,-,0.1 0,-
tic-12.prec15,sparse_suffix,direct,sparse_suffix+direct,distance_closure,maxsat,total_break_groups_subject_to_range_at_most_2,bg_d2,full,-,-,-,-,0.2 0,-
tic-12.prec15,sparse_suffix,direct,sparse_suffix+direct,distance_closure,multiple,total_break_groups_subject_to_range_at_most_2,bg_d2,full,-,-,-,-,0.2 0,-
tic-12.prec15,sparse_suffix,distance_closure,sparse_suffix+distance_closure,distance_closure,incremental,total_break_groups_subject_to_range_at_most_2,bg_d2,full,-,-,-,-,0.1 0,-
tic-12.prec15,sparse_suffix,distance_closure,sparse_suffix+distance_closure,distance_closure,maxsat,total_break_groups_subject_to_range_at_most_2,bg_d2,full,-,-,-,-,0.2 0,-
tic-12.prec15,sparse_suffix,distance_closure,sparse_suffix+distance_closure,distance_closure,multiple,total_break_groups_subject_to_range_at_most_2,bg_d2,full,-,-,-,-,0.2 0,-
tic-12.prec15,pairwise,direct,pairwise+direct,direct,incremental,total_break_groups_subject_to_range_at_most_2,bg_d2,reduced,-,-,-,-,0.1 0,-
tic-12.prec15,pairwise,direct,pairwise+direct,direct,maxsat,total_break_groups_subject_to_range_at_most_2,bg_d2,reduced,-,-,-,-,0.2 0,-
tic-12.prec15,pairwise,direct,pairwise+direct,direct,multiple,total_break_groups_subject_to_range_at_most_2,bg_d2,reduced,-,-,-,-,0.2 0,-
tic-12.prec15,pairwise,distance_closure,pairwise+distance_closure,direct,incremental,total_break_groups_subject_to_range_at_most_2,bg_d2,reduced,-,-,-,-,0.2 0,-
tic-12.prec15,pairwise,distance_closure,pairwise+distance_closure,direct,maxsat,total_break_groups_subject_to_range_at_most_2,bg_d2,reduced,-,-,-,-,0.2 0,-
tic-12.prec15,pairwise,distance_closure,pairwise+distance_closure,direct,multiple,total_break_groups_subject_to_range_at_most_2,bg_d2,reduced,-,-,-,-,0.2 0,-
tic-12.prec15,sparse_suffix,direct,sparse_suffix+direct,direct,incremental,total_break_groups_subject_to_range_at_most_2,bg_d2,reduced,-,-,-,-,0.2 0,-
tic-12.prec15,sparse_suffix,direct,sparse_suffix+direct,direct,maxsat,total_break_groups_subject_to_range_at_most_2,bg_d2,reduced,-,-,-,-,0.2 0,-
tic-12.prec15,sparse_suffix,direct,sparse_suffix+direct,direct,multiple,total_break_groups_subject_to_range_at_most_2,bg_d2,reduced,-,-,-,-,0.2 0,-
tic-12.prec15,sparse_suffix,distance_closure,sparse_suffix+distance_closure,direct,incremental,total_break_groups_subject_to_range_at_most_2,bg_d2,reduced,-,-,-,-,0.2 0,-
tic-12.prec15,sparse_suffix,distance_closure,sparse_suffix+distance_closure,direct,maxsat,total_break_groups_subject_to_range_at_most_2,bg_d2,reduced,-,-,-,-,0.2 0,-
tic-12.prec15,sparse_suffix,distance_closure,sparse_suffix+distance_closure,direct,multiple,total_break_groups_subject_to_range_at_most_2,bg_d2,reduced,-,-,-,-,0.2 0,-
tic-12.prec15,pairwise,direct,pairwise+direct,distance_closure,incremental,total_break_groups_subject_to_range_at_most_2,bg_d2,reduced,-,-,-,-,0.1 0,-
tic-12.prec15,pairwise,direct,pairwise+direct,distance_closure,maxsat,total_break_groups_subject_to_range_at_most_2,bg_d2,reduced,-,-,-,-,0.2 0,-
tic-12.prec15,pairwise,direct,pairwise+direct,distance_closure,multiple,total_break_groups_subject_to_range_at_most_2,bg_d2,reduced,-,-,-,-,0.2 0,-
tic-12.prec15,pairwise,distance_closure,pairwise+distance_closure,distance_closure,incremental,total_break_groups_subject_to_range_at_most_2,bg_d2,reduced,-,-,-,-,0.2 0,-
tic-12.prec15,pairwise,distance_closure,pairwise+distance_closure,distance_closure,maxsat,total_break_groups_subject_to_range_at_most_2,bg_d2,reduced,-,-,-,-,0.2 0,-
tic-12.prec15,pairwise,distance_closure,pairwise+distance_closure,distance_closure,multiple,total_break_groups_subject_to_range_at_most_2,bg_d2,reduced,-,-,-,-,0.2 0,-
tic-12.prec15,sparse_suffix,direct,sparse_suffix+direct,distance_closure,incremental,total_break_groups_subject_to_range_at_most_2,bg_d2,reduced,-,-,-,-,0.1 0,-
tic-12.prec15,sparse_suffix,direct,sparse_suffix+direct,distance_closure,maxsat,total_break_groups_subject_to_range_at_most_2,bg_d2,reduced,-,-,-,-,0.1 0,-
tic-12.prec15,sparse_suffix,direct,sparse_suffix+direct,distance_closure,multiple,total_break_groups_subject_to_range_at_most_2,bg_d2,reduced,-,-,-,-,0.2 0,-
tic-12.prec15,sparse_suffix,distance_closure,sparse_suffix+distance_closure,distance_closure,incremental,total_break_groups_subject_to_range_at_most_2,bg_d2,reduced,-,-,-,-,0.2 0,-
tic-12.prec15,sparse_suffix,distance_closure,sparse_suffix+distance_closure,distance_closure,maxsat,total_break_groups_subject_to_range_at_most_2,bg_d2,reduced,-,-,-,-,0.2 0,-
tic-12.prec15,sparse_suffix,distance_closure,sparse_suffix+distance_closure,distance_closure,multiple,total_break_groups_subject_to_range_at_most_2,bg_d2,reduced,-,-,-,-,0.2 0,-
tic-12.prec25,pairwise,direct,pairwise+direct,distance_closure,incremental,total_break_groups_subject_to_range_at_most_2,bg_d2,full,-,-,-,-,0.4 0,-
tic-12.prec25,pairwise,direct,pairwise+direct,distance_closure,maxsat,total_break_groups_subject_to_range_at_most_2,bg_d2,full,-,-,-,-,0.2 0,-
tic-12.prec25,pairwise,direct,pairwise+direct,distance_closure,multiple,total_break_groups_subject_to_range_at_most_2,bg_d2,full,-,-,-,-,0.4 0,-
tic-12.prec25,pairwise,distance_closure,pairwise+distance_closure,distance_closure,incremental,total_break_groups_subject_to_range_at_most_2,bg_d2,full,-,-,-,-,0.4 0,-
tic-12.prec25,pairwise,distance_closure,pairwise+distance_closure,distance_closure,maxsat,total_break_groups_subject_to_range_at_most_2,bg_d2,full,-,-,-,-,0.2 0,-
tic-12.prec25,pairwise,distance_closure,pairwise+distance_closure,distance_closure,multiple,total_break_groups_subject_to_range_at_most_2,bg_d2,full,-,-,-,-,0.9 0,-
tic-12.prec25,sparse_suffix,direct,sparse_suffix+direct,distance_closure,incremental,total_break_groups_subject_to_range_at_most_2,bg_d2,full,-,-,-,-,0.4 0,-
tic-12.prec25,sparse_suffix,direct,sparse_suffix+direct,distance_closure,maxsat,total_break_groups_subject_to_range_at_most_2,bg_d2,full,-,-,-,-,0.4 0,-
tic-12.prec25,sparse_suffix,direct,sparse_suffix+direct,distance_closure,multiple,total_break_groups_subject_to_range_at_most_2,bg_d2,full,-,-,-,-,0.4 0,-
tic-12.prec25,sparse_suffix,distance_closure,sparse_suffix+distance_closure,distance_closure,incremental,total_break_groups_subject_to_range_at_most_2,bg_d2,full,-,-,-,-,0.4 0,-
tic-12.prec25,sparse_suffix,distance_closure,sparse_suffix+distance_closure,distance_closure,maxsat,total_break_groups_subject_to_range_at_most_2,bg_d2,full,-,-,-,-,0.5 0,-
tic-12.prec25,sparse_suffix,distance_closure,sparse_suffix+distance_closure,distance_closure,multiple,total_break_groups_subject_to_range_at_most_2,bg_d2,full,-,-,-,-,0.3 0,-
tic-12.prec25,pairwise,direct,pairwise+direct,direct,incremental,total_break_groups_subject_to_range_at_most_2,bg_d2,reduced,-,-,-,-,0.4 0,-
tic-12.prec25,pairwise,direct,pairwise+direct,direct,maxsat,total_break_groups_subject_to_range_at_most_2,bg_d2,reduced,-,-,-,-,0.4 0,-
tic-12.prec25,pairwise,direct,pairwise+direct,direct,multiple,total_break_groups_subject_to_range_at_most_2,bg_d2,reduced,-,-,-,-,0.4 0,-
tic-12.prec25,pairwise,distance_closure,pairwise+distance_closure,direct,incremental,total_break_groups_subject_to_range_at_most_2,bg_d2,reduced,-,-,-,-,0.4 0,-
tic-12.prec25,pairwise,distance_closure,pairwise+distance_closure,direct,maxsat,total_break_groups_subject_to_range_at_most_2,bg_d2,reduced,-,-,-,-,0.2 0,-
tic-12.prec25,pairwise,distance_closure,pairwise+distance_closure,direct,multiple,total_break_groups_subject_to_range_at_most_2,bg_d2,reduced,-,-,-,-,0.7 0,-
tic-12.prec25,sparse_suffix,direct,sparse_suffix+direct,direct,incremental,total_break_groups_subject_to_range_at_most_2,bg_d2,reduced,-,-,-,-,0.5 0,-
tic-12.prec25,sparse_suffix,direct,sparse_suffix+direct,direct,maxsat,total_break_groups_subject_to_range_at_most_2,bg_d2,reduced,-,-,-,-,0.3 0,-
tic-12.prec25,sparse_suffix,direct,sparse_suffix+direct,direct,multiple,total_break_groups_subject_to_range_at_most_2,bg_d2,reduced,-,-,-,-,0.9 0,-
tic-12.prec25,sparse_suffix,distance_closure,sparse_suffix+distance_closure,direct,incremental,total_break_groups_subject_to_range_at_most_2,bg_d2,reduced,-,-,-,-,0.5 0,-
tic-12.prec25,sparse_suffix,distance_closure,sparse_suffix+distance_closure,direct,maxsat,total_break_groups_subject_to_range_at_most_2,bg_d2,reduced,-,-,-,-,0.5 0,-
tic-12.prec25,sparse_suffix,distance_closure,sparse_suffix+distance_closure,direct,multiple,total_break_groups_subject_to_range_at_most_2,bg_d2,reduced,-,-,-,-,0.9 0,-
tic-12.prec25,pairwise,direct,pairwise+direct,distance_closure,incremental,total_break_groups_subject_to_range_at_most_2,bg_d2,reduced,-,-,-,-,0.4 0,-
tic-12.prec25,pairwise,direct,pairwise+direct,distance_closure,maxsat,total_break_groups_subject_to_range_at_most_2,bg_d2,reduced,-,-,-,-,0.3 0,-
tic-12.prec25,pairwise,direct,pairwise+direct,distance_closure,multiple,total_break_groups_subject_to_range_at_most_2,bg_d2,reduced,-,-,-,-,0.3 0,-
tic-12.prec25,pairwise,distance_closure,pairwise+distance_closure,distance_closure,incremental,total_break_groups_subject_to_range_at_most_2,bg_d2,reduced,-,-,-,-,0.4 0,-
tic-12.prec25,pairwise,distance_closure,pairwise+distance_closure,distance_closure,maxsat,total_break_groups_subject_to_range_at_most_2,bg_d2,reduced,-,-,-,-,0.2 0,-
tic-12.prec25,pairwise,distance_closure,pairwise+distance_closure,distance_closure,multiple,total_break_groups_subject_to_range_at_most_2,bg_d2,reduced,-,-,-,-,0.7 0,-
tic-12.prec25,sparse_suffix,direct,sparse_suffix+direct,distance_closure,incremental,total_break_groups_subject_to_range_at_most_2,bg_d2,reduced,-,-,-,-,0.4 0,-
tic-12.prec25,sparse_suffix,direct,sparse_suffix+direct,distance_closure,maxsat,total_break_groups_subject_to_range_at_most_2,bg_d2,reduced,-,-,-,-,0.2 0,-
tic-12.prec25,sparse_suffix,direct,sparse_suffix+direct,distance_closure,multiple,total_break_groups_subject_to_range_at_most_2,bg_d2,reduced,-,-,-,-,0.9 0,-
tic-12.prec25,sparse_suffix,distance_closure,sparse_suffix+distance_closure,distance_closure,incremental,total_break_groups_subject_to_range_at_most_2,bg_d2,reduced,-,-,-,-,0.4 0,-
tic-12.prec25,sparse_suffix,distance_closure,sparse_suffix+distance_closure,distance_closure,maxsat,total_break_groups_subject_to_range_at_most_2,bg_d2,reduced,-,-,-,-,0.5 0,-
tic-12.prec25,sparse_suffix,distance_closure,sparse_suffix+distance_closure,distance_closure,multiple,total_break_groups_subject_to_range_at_most_2,bg_d2,reduced,-,-,-,-,0.8 0,-
tic-12crafc.prec15,pairwise,direct,pairwise+direct,distance_closure,incremental,total_break_groups_subject_to_range_at_most_2,bg_d2,full,-,-,-,-,0.2 0,-
tic-12crafc.prec15,pairwise,direct,pairwise+direct,distance_closure,maxsat,total_break_groups_subject_to_range_at_most_2,bg_d2,full,-,-,-,-,0.2 0,-
tic-12crafc.prec15,pairwise,direct,pairwise+direct,distance_closure,multiple,total_break_groups_subject_to_range_at_most_2,bg_d2,full,-,-,-,-,0.5 0,-
tic-12crafc.prec15,pairwise,distance_closure,pairwise+distance_closure,distance_closure,incremental,total_break_groups_subject_to_range_at_most_2,bg_d2,full,-,-,-,-,0.2 0,-
tic-12crafc.prec15,pairwise,distance_closure,pairwise+distance_closure,distance_closure,maxsat,total_break_groups_subject_to_range_at_most_2,bg_d2,full,-,-,-,-,0.2 0,-
tic-12crafc.prec15,pairwise,distance_closure,pairwise+distance_closure,distance_closure,multiple,total_break_groups_subject_to_range_at_most_2,bg_d2,full,-,-,-,-,0.4 0,-
tic-12crafc.prec15,sparse_suffix,direct,sparse_suffix+direct,distance_closure,incremental,total_break_groups_subject_to_range_at_most_2,bg_d2,full,-,-,-,-,0.2 0,-
tic-12crafc.prec15,sparse_suffix,direct,sparse_suffix+direct,distance_closure,maxsat,total_break_groups_subject_to_range_at_most_2,bg_d2,full,-,-,-,-,0.2 0,-
tic-12crafc.prec15,sparse_suffix,direct,sparse_suffix+direct,distance_closure,multiple,total_break_groups_subject_to_range_at_most_2,bg_d2,full,-,-,-,-,0.3 0,-
tic-12crafc.prec15,sparse_suffix,distance_closure,sparse_suffix+distance_closure,distance_closure,incremental,total_break_groups_subject_to_range_at_most_2,bg_d2,full,-,-,-,-,0.2 0,-
tic-12crafc.prec15,sparse_suffix,distance_closure,sparse_suffix+distance_closure,distance_closure,maxsat,total_break_groups_subject_to_range_at_most_2,bg_d2,full,-,-,-,-,0.2 0,-
tic-12crafc.prec15,sparse_suffix,distance_closure,sparse_suffix+distance_closure,distance_closure,multiple,total_break_groups_subject_to_range_at_most_2,bg_d2,full,-,-,-,-,0.4 0,-
tic-12crafc.prec15,pairwise,direct,pairwise+direct,direct,incremental,total_break_groups_subject_to_range_at_most_2,bg_d2,reduced,-,-,-,-,0.3 0,-
tic-12crafc.prec15,pairwise,direct,pairwise+direct,direct,maxsat,total_break_groups_subject_to_range_at_most_2,bg_d2,reduced,-,-,-,-,0.3 0,-
tic-12crafc.prec15,pairwise,direct,pairwise+direct,direct,multiple,total_break_groups_subject_to_range_at_most_2,bg_d2,reduced,-,-,-,-,0.4 0,-
tic-12crafc.prec15,pairwise,distance_closure,pairwise+distance_closure,direct,incremental,total_break_groups_subject_to_range_at_most_2,bg_d2,reduced,-,-,-,-,0.3 0,-
tic-12crafc.prec15,pairwise,distance_closure,pairwise+distance_closure,direct,maxsat,total_break_groups_subject_to_range_at_most_2,bg_d2,reduced,-,-,-,-,0.2 0,-
tic-12crafc.prec15,pairwise,distance_closure,pairwise+distance_closure,direct,multiple,total_break_groups_subject_to_range_at_most_2,bg_d2,reduced,-,-,-,-,0.4 0,-
tic-12crafc.prec15,sparse_suffix,direct,sparse_suffix+direct,direct,incremental,total_break_groups_subject_to_range_at_most_2,bg_d2,reduced,-,-,-,-,0.3 0,-
tic-12crafc.prec15,sparse_suffix,direct,sparse_suffix+direct,direct,maxsat,total_break_groups_subject_to_range_at_most_2,bg_d2,reduced,-,-,-,-,0.3 0,-
tic-12crafc.prec15,sparse_suffix,direct,sparse_suffix+direct,direct,multiple,total_break_groups_subject_to_range_at_most_2,bg_d2,reduced,-,-,-,-,0.3 0,-
tic-12crafc.prec15,sparse_suffix,distance_closure,sparse_suffix+distance_closure,direct,incremental,total_break_groups_subject_to_range_at_most_2,bg_d2,reduced,-,-,-,-,0.2 0,-
tic-12crafc.prec15,sparse_suffix,distance_closure,sparse_suffix+distance_closure,direct,maxsat,total_break_groups_subject_to_range_at_most_2,bg_d2,reduced,-,-,-,-,0.2 0,-
tic-12crafc.prec15,sparse_suffix,distance_closure,sparse_suffix+distance_closure,direct,multiple,total_break_groups_subject_to_range_at_most_2,bg_d2,reduced,-,-,-,-,0.4 0,-
tic-12crafc.prec15,pairwise,direct,pairwise+direct,distance_closure,incremental,total_break_groups_subject_to_range_at_most_2,bg_d2,reduced,-,-,-,-,0.3 0,-
tic-12crafc.prec15,pairwise,direct,pairwise+direct,distance_closure,maxsat,total_break_groups_subject_to_range_at_most_2,bg_d2,reduced,-,-,-,-,0.2 0,-
tic-12crafc.prec15,pairwise,direct,pairwise+direct,distance_closure,multiple,total_break_groups_subject_to_range_at_most_2,bg_d2,reduced,-,-,-,-,0.4 0,-
tic-12crafc.prec15,pairwise,distance_closure,pairwise+distance_closure,distance_closure,incremental,total_break_groups_subject_to_range_at_most_2,bg_d2,reduced,-,-,-,-,0.2 0,-
tic-12crafc.prec15,pairwise,distance_closure,pairwise+distance_closure,distance_closure,maxsat,total_break_groups_subject_to_range_at_most_2,bg_d2,reduced,-,-,-,-,0.2 0,-
tic-12crafc.prec15,pairwise,distance_closure,pairwise+distance_closure,distance_closure,multiple,total_break_groups_subject_to_range_at_most_2,bg_d2,reduced,-,-,-,-,0.3 0,-
tic-12crafc.prec15,sparse_suffix,direct,sparse_suffix+direct,distance_closure,incremental,total_break_groups_subject_to_range_at_most_2,bg_d2,reduced,-,-,-,-,0.2 0,-
tic-12crafc.prec15,sparse_suffix,direct,sparse_suffix+direct,distance_closure,maxsat,total_break_groups_subject_to_range_at_most_2,bg_d2,reduced,-,-,-,-,0.2 0,-
tic-12crafc.prec15,sparse_suffix,direct,sparse_suffix+direct,distance_closure,multiple,total_break_groups_subject_to_range_at_most_2,bg_d2,reduced,-,-,-,-,0.3 0,-
tic-12crafc.prec15,sparse_suffix,distance_closure,sparse_suffix+distance_closure,distance_closure,incremental,total_break_groups_subject_to_range_at_most_2,bg_d2,reduced,-,-,-,-,0.2 0,-
tic-12crafc.prec15,sparse_suffix,distance_closure,sparse_suffix+distance_closure,distance_closure,maxsat,total_break_groups_subject_to_range_at_most_2,bg_d2,reduced,-,-,-,-,0.2 0,-
tic-12crafc.prec15,sparse_suffix,distance_closure,sparse_suffix+distance_closure,distance_closure,multiple,total_break_groups_subject_to_range_at_most_2,bg_d2,reduced,-,-,-,-,0.4 0,-
tic-12crafc.prec25,pairwise,direct,pairwise+direct,distance_closure,incremental,total_break_groups_subject_to_range_at_most_2,bg_d2,full,-,-,-,-,0.6 0,-
tic-12crafc.prec25,pairwise,direct,pairwise+direct,distance_closure,maxsat,total_break_groups_subject_to_range_at_most_2,bg_d2,full,-,-,-,-,0.3 0,-
tic-12crafc.prec25,pairwise,direct,pairwise+direct,distance_closure,multiple,total_break_groups_subject_to_range_at_most_2,bg_d2,full,-,-,-,-,1.4 0,-
tic-12crafc.prec25,pairwise,distance_closure,pairwise+distance_closure,distance_closure,incremental,total_break_groups_subject_to_range_at_most_2,bg_d2,full,-,-,-,-,1.4 0,-
tic-12crafc.prec25,pairwise,distance_closure,pairwise+distance_closure,distance_closure,maxsat,total_break_groups_subject_to_range_at_most_2,bg_d2,full,-,-,-,-,0.6 0,-
tic-12crafc.prec25,pairwise,distance_closure,pairwise+distance_closure,distance_closure,multiple,total_break_groups_subject_to_range_at_most_2,bg_d2,full,-,-,-,-,1.8 0,-
tic-12crafc.prec25,sparse_suffix,direct,sparse_suffix+direct,distance_closure,incremental,total_break_groups_subject_to_range_at_most_2,bg_d2,full,-,-,-,-,0.6 0,-
tic-12crafc.prec25,sparse_suffix,direct,sparse_suffix+direct,distance_closure,maxsat,total_break_groups_subject_to_range_at_most_2,bg_d2,full,-,-,-,-,0.3 0,-
tic-12crafc.prec25,sparse_suffix,direct,sparse_suffix+direct,distance_closure,multiple,total_break_groups_subject_to_range_at_most_2,bg_d2,full,-,-,-,-,1.3 0,-
tic-12crafc.prec25,sparse_suffix,distance_closure,sparse_suffix+distance_closure,distance_closure,incremental,total_break_groups_subject_to_range_at_most_2,bg_d2,full,-,-,-,-,0.6 0,-
tic-12crafc.prec25,sparse_suffix,distance_closure,sparse_suffix+distance_closure,distance_closure,maxsat,total_break_groups_subject_to_range_at_most_2,bg_d2,full,-,-,-,-,0.8 0,-
tic-12crafc.prec25,sparse_suffix,distance_closure,sparse_suffix+distance_closure,distance_closure,multiple,total_break_groups_subject_to_range_at_most_2,bg_d2,full,-,-,-,-,1.6 0,-
tic-12crafc.prec25,pairwise,direct,pairwise+direct,direct,incremental,total_break_groups_subject_to_range_at_most_2,bg_d2,reduced,-,-,-,-,0.7 0,-
tic-12crafc.prec25,pairwise,direct,pairwise+direct,direct,maxsat,total_break_groups_subject_to_range_at_most_2,bg_d2,reduced,-,-,-,-,0.7 0,-
tic-12crafc.prec25,pairwise,direct,pairwise+direct,direct,multiple,total_break_groups_subject_to_range_at_most_2,bg_d2,reduced,-,-,-,-,1.1 0,-
tic-12crafc.prec25,pairwise,distance_closure,pairwise+distance_closure,direct,incremental,total_break_groups_subject_to_range_at_most_2,bg_d2,reduced,-,-,-,-,1.2 0,-
tic-12crafc.prec25,pairwise,distance_closure,pairwise+distance_closure,direct,maxsat,total_break_groups_subject_to_range_at_most_2,bg_d2,reduced,-,-,-,-,1.8 0,-
tic-12crafc.prec25,pairwise,distance_closure,pairwise+distance_closure,direct,multiple,total_break_groups_subject_to_range_at_most_2,bg_d2,reduced,-,-,-,-,1.9 0,-
tic-12crafc.prec25,sparse_suffix,direct,sparse_suffix+direct,direct,incremental,total_break_groups_subject_to_range_at_most_2,bg_d2,reduced,-,-,-,-,1.3 0,-
tic-12crafc.prec25,sparse_suffix,direct,sparse_suffix+direct,direct,maxsat,total_break_groups_subject_to_range_at_most_2,bg_d2,reduced,-,-,-,-,0.8 0,-
tic-12crafc.prec25,sparse_suffix,direct,sparse_suffix+direct,direct,multiple,total_break_groups_subject_to_range_at_most_2,bg_d2,reduced,-,-,-,-,1.9 0,-
tic-12crafc.prec25,sparse_suffix,distance_closure,sparse_suffix+distance_closure,direct,incremental,total_break_groups_subject_to_range_at_most_2,bg_d2,reduced,-,-,-,-,1.1 0,-
tic-12crafc.prec25,sparse_suffix,distance_closure,sparse_suffix+distance_closure,direct,maxsat,total_break_groups_subject_to_range_at_most_2,bg_d2,reduced,-,-,-,-,1.0 0,-
tic-12crafc.prec25,sparse_suffix,distance_closure,sparse_suffix+distance_closure,direct,multiple,total_break_groups_subject_to_range_at_most_2,bg_d2,reduced,-,-,-,-,1.7 0,-
tic-12crafc.prec25,pairwise,direct,pairwise+direct,distance_closure,incremental,total_break_groups_subject_to_range_at_most_2,bg_d2,reduced,-,-,-,-,0.6 0,-
tic-12crafc.prec25,pairwise,direct,pairwise+direct,distance_closure,maxsat,total_break_groups_subject_to_range_at_most_2,bg_d2,reduced,-,-,-,-,0.7 0,-
tic-12crafc.prec25,pairwise,direct,pairwise+direct,distance_closure,multiple,total_break_groups_subject_to_range_at_most_2,bg_d2,reduced,-,-,-,-,1.1 0,-
tic-12crafc.prec25,pairwise,distance_closure,pairwise+distance_closure,distance_closure,incremental,total_break_groups_subject_to_range_at_most_2,bg_d2,reduced,-,-,-,-,1.2 0,-
tic-12crafc.prec25,pairwise,distance_closure,pairwise+distance_closure,distance_closure,maxsat,total_break_groups_subject_to_range_at_most_2,bg_d2,reduced,-,-,-,-,1.6 0,-
tic-12crafc.prec25,pairwise,distance_closure,pairwise+distance_closure,distance_closure,multiple,total_break_groups_subject_to_range_at_most_2,bg_d2,reduced,-,-,-,-,1.8 0,-
tic-12crafc.prec25,sparse_suffix,direct,sparse_suffix+direct,distance_closure,incremental,total_break_groups_subject_to_range_at_most_2,bg_d2,reduced,-,-,-,-,1.2 0,-
tic-12crafc.prec25,sparse_suffix,direct,sparse_suffix+direct,distance_closure,maxsat,total_break_groups_subject_to_range_at_most_2,bg_d2,reduced,-,-,-,-,0.8 0,-
tic-12crafc.prec25,sparse_suffix,direct,sparse_suffix+direct,distance_closure,multiple,total_break_groups_subject_to_range_at_most_2,bg_d2,reduced,-,-,-,-,1.7 0,-
tic-12crafc.prec25,sparse_suffix,distance_closure,sparse_suffix+distance_closure,distance_closure,incremental,total_break_groups_subject_to_range_at_most_2,bg_d2,reduced,-,-,-,-,1.1 0,-
tic-12crafc.prec25,sparse_suffix,distance_closure,sparse_suffix+distance_closure,distance_closure,maxsat,total_break_groups_subject_to_range_at_most_2,bg_d2,reduced,-,-,-,-,0.9 0,-
tic-12crafc.prec25,sparse_suffix,distance_closure,sparse_suffix+distance_closure,distance_closure,multiple,total_break_groups_subject_to_range_at_most_2,bg_d2,reduced,-,-,-,-,1.6 0,-
tic-13.prec15,pairwise,direct,pairwise+direct,distance_closure,incremental,total_break_groups_subject_to_range_at_most_2,bg_d2,full,-,-,-,-,1.0 0,-
tic-13.prec15,pairwise,direct,pairwise+direct,distance_closure,maxsat,total_break_groups_subject_to_range_at_most_2,bg_d2,full,-,-,-,-,0.6 0,-
tic-13.prec15,pairwise,direct,pairwise+direct,distance_closure,multiple,total_break_groups_subject_to_range_at_most_2,bg_d2,full,-,-,-,-,1.0 0,-
tic-13.prec15,pairwise,distance_closure,pairwise+distance_closure,distance_closure,incremental,total_break_groups_subject_to_range_at_most_2,bg_d2,full,-,-,-,-,1.0 0,-
tic-13.prec15,pairwise,distance_closure,pairwise+distance_closure,distance_closure,maxsat,total_break_groups_subject_to_range_at_most_2,bg_d2,full,-,-,-,-,0.5 0,-
tic-13.prec15,pairwise,distance_closure,pairwise+distance_closure,distance_closure,multiple,total_break_groups_subject_to_range_at_most_2,bg_d2,full,-,-,-,-,1.1 0,-
tic-13.prec15,sparse_suffix,direct,sparse_suffix+direct,distance_closure,incremental,total_break_groups_subject_to_range_at_most_2,bg_d2,full,-,-,-,-,1.0 0,-
tic-13.prec15,sparse_suffix,direct,sparse_suffix+direct,distance_closure,maxsat,total_break_groups_subject_to_range_at_most_2,bg_d2,full,-,-,-,-,0.6 0,-
tic-13.prec15,sparse_suffix,direct,sparse_suffix+direct,distance_closure,multiple,total_break_groups_subject_to_range_at_most_2,bg_d2,full,-,-,-,-,1.4 0,-
tic-13.prec15,sparse_suffix,distance_closure,sparse_suffix+distance_closure,distance_closure,incremental,total_break_groups_subject_to_range_at_most_2,bg_d2,full,-,-,-,-,0.8 0,-
tic-13.prec15,sparse_suffix,distance_closure,sparse_suffix+distance_closure,distance_closure,maxsat,total_break_groups_subject_to_range_at_most_2,bg_d2,full,-,-,-,-,0.6 0,-
tic-13.prec15,sparse_suffix,distance_closure,sparse_suffix+distance_closure,distance_closure,multiple,total_break_groups_subject_to_range_at_most_2,bg_d2,full,-,-,-,-,1.2 0,-
tic-13.prec15,pairwise,direct,pairwise+direct,direct,incremental,total_break_groups_subject_to_range_at_most_2,bg_d2,reduced,-,-,-,-,0.9 0,-
tic-13.prec15,pairwise,direct,pairwise+direct,direct,maxsat,total_break_groups_subject_to_range_at_most_2,bg_d2,reduced,-,-,-,-,0.6 0,-
tic-13.prec15,pairwise,direct,pairwise+direct,direct,multiple,total_break_groups_subject_to_range_at_most_2,bg_d2,reduced,-,-,-,-,1.4 0,-
tic-13.prec15,pairwise,distance_closure,pairwise+distance_closure,direct,incremental,total_break_groups_subject_to_range_at_most_2,bg_d2,reduced,-,-,-,-,1.2 0,-
tic-13.prec15,pairwise,distance_closure,pairwise+distance_closure,direct,maxsat,total_break_groups_subject_to_range_at_most_2,bg_d2,reduced,-,-,-,-,0.6 0,-
tic-13.prec15,pairwise,distance_closure,pairwise+distance_closure,direct,multiple,total_break_groups_subject_to_range_at_most_2,bg_d2,reduced,-,-,-,-,1.2 0,-
tic-13.prec15,sparse_suffix,direct,sparse_suffix+direct,direct,incremental,total_break_groups_subject_to_range_at_most_2,bg_d2,reduced,-,-,-,-,1.0 0,-
tic-13.prec15,sparse_suffix,direct,sparse_suffix+direct,direct,maxsat,total_break_groups_subject_to_range_at_most_2,bg_d2,reduced,-,-,-,-,0.6 0,-
tic-13.prec15,sparse_suffix,direct,sparse_suffix+direct,direct,multiple,total_break_groups_subject_to_range_at_most_2,bg_d2,reduced,-,-,-,-,1.3 0,-
tic-13.prec15,sparse_suffix,distance_closure,sparse_suffix+distance_closure,direct,incremental,total_break_groups_subject_to_range_at_most_2,bg_d2,reduced,-,-,-,-,1.0 0,-
tic-13.prec15,sparse_suffix,distance_closure,sparse_suffix+distance_closure,direct,maxsat,total_break_groups_subject_to_range_at_most_2,bg_d2,reduced,-,-,-,-,0.6 0,-
tic-13.prec15,sparse_suffix,distance_closure,sparse_suffix+distance_closure,direct,multiple,total_break_groups_subject_to_range_at_most_2,bg_d2,reduced,-,-,-,-,1.1 0,-
tic-13.prec15,pairwise,direct,pairwise+direct,distance_closure,incremental,total_break_groups_subject_to_range_at_most_2,bg_d2,reduced,-,-,-,-,0.8 0,-
tic-13.prec15,pairwise,direct,pairwise+direct,distance_closure,maxsat,total_break_groups_subject_to_range_at_most_2,bg_d2,reduced,-,-,-,-,0.6 0,-
tic-13.prec15,pairwise,direct,pairwise+direct,distance_closure,multiple,total_break_groups_subject_to_range_at_most_2,bg_d2,reduced,-,-,-,-,1.4 0,-
tic-13.prec15,pairwise,distance_closure,pairwise+distance_closure,distance_closure,incremental,total_break_groups_subject_to_range_at_most_2,bg_d2,reduced,-,-,-,-,1.1 0,-
tic-13.prec15,pairwise,distance_closure,pairwise+distance_closure,distance_closure,maxsat,total_break_groups_subject_to_range_at_most_2,bg_d2,reduced,-,-,-,-,0.5 0,-
tic-13.prec15,pairwise,distance_closure,pairwise+distance_closure,distance_closure,multiple,total_break_groups_subject_to_range_at_most_2,bg_d2,reduced,-,-,-,-,1.2 0,-
tic-13.prec15,sparse_suffix,direct,sparse_suffix+direct,distance_closure,incremental,total_break_groups_subject_to_range_at_most_2,bg_d2,reduced,-,-,-,-,0.9 0,-
tic-13.prec15,sparse_suffix,direct,sparse_suffix+direct,distance_closure,maxsat,total_break_groups_subject_to_range_at_most_2,bg_d2,reduced,-,-,-,-,0.5 0,-
tic-13.prec15,sparse_suffix,direct,sparse_suffix+direct,distance_closure,multiple,total_break_groups_subject_to_range_at_most_2,bg_d2,reduced,-,-,-,-,1.3 0,-
tic-13.prec15,sparse_suffix,distance_closure,sparse_suffix+distance_closure,distance_closure,incremental,total_break_groups_subject_to_range_at_most_2,bg_d2,reduced,-,-,-,-,1.0 0,-
tic-13.prec15,sparse_suffix,distance_closure,sparse_suffix+distance_closure,distance_closure,maxsat,total_break_groups_subject_to_range_at_most_2,bg_d2,reduced,-,-,-,-,0.5 0,-
tic-13.prec15,sparse_suffix,distance_closure,sparse_suffix+distance_closure,distance_closure,multiple,total_break_groups_subject_to_range_at_most_2,bg_d2,reduced,-,-,-,-,1.1 0,-
tic-13.prec25,pairwise,direct,pairwise+direct,distance_closure,incremental,total_break_groups_subject_to_range_at_most_2,bg_d2,full,-,-,-,-,2.2 0,-
tic-13.prec25,pairwise,direct,pairwise+direct,distance_closure,maxsat,total_break_groups_subject_to_range_at_most_2,bg_d2,full,-,-,-,-,1.1 0,-
tic-13.prec25,pairwise,direct,pairwise+direct,distance_closure,multiple,total_break_groups_subject_to_range_at_most_2,bg_d2,full,-,-,-,-,2.6 0,-
tic-13.prec25,pairwise,distance_closure,pairwise+distance_closure,distance_closure,incremental,total_break_groups_subject_to_range_at_most_2,bg_d2,full,-,-,-,-,1.4 0,-
tic-13.prec25,pairwise,distance_closure,pairwise+distance_closure,distance_closure,maxsat,total_break_groups_subject_to_range_at_most_2,bg_d2,full,-,-,-,-,1.2 0,-
tic-13.prec25,pairwise,distance_closure,pairwise+distance_closure,distance_closure,multiple,total_break_groups_subject_to_range_at_most_2,bg_d2,full,-,-,-,-,3.5 0,-
tic-13.prec25,sparse_suffix,direct,sparse_suffix+direct,distance_closure,incremental,total_break_groups_subject_to_range_at_most_2,bg_d2,full,-,-,-,-,3.2 0,-
tic-13.prec25,sparse_suffix,direct,sparse_suffix+direct,distance_closure,maxsat,total_break_groups_subject_to_range_at_most_2,bg_d2,full,-,-,-,-,0.6 0,-
tic-13.prec25,sparse_suffix,direct,sparse_suffix+direct,distance_closure,multiple,total_break_groups_subject_to_range_at_most_2,bg_d2,full,-,-,-,-,2.1 0,-
tic-13.prec25,sparse_suffix,distance_closure,sparse_suffix+distance_closure,distance_closure,incremental,total_break_groups_subject_to_range_at_most_2,bg_d2,full,-,-,-,-,2.4 0,-
tic-13.prec25,sparse_suffix,distance_closure,sparse_suffix+distance_closure,distance_closure,maxsat,total_break_groups_subject_to_range_at_most_2,bg_d2,full,-,-,-,-,1.2 0,-
tic-13.prec25,sparse_suffix,distance_closure,sparse_suffix+distance_closure,distance_closure,multiple,total_break_groups_subject_to_range_at_most_2,bg_d2,full,-,-,-,-,5.4 0,-
tic-13.prec25,pairwise,direct,pairwise+direct,direct,incremental,total_break_groups_subject_to_range_at_most_2,bg_d2,reduced,-,-,-,-,2.7 0,-
tic-13.prec25,pairwise,direct,pairwise+direct,direct,maxsat,total_break_groups_subject_to_range_at_most_2,bg_d2,reduced,-,-,-,-,1.2 0,-
tic-13.prec25,pairwise,direct,pairwise+direct,direct,multiple,total_break_groups_subject_to_range_at_most_2,bg_d2,reduced,-,-,-,-,2.1 0,-
tic-13.prec25,pairwise,distance_closure,pairwise+distance_closure,direct,incremental,total_break_groups_subject_to_range_at_most_2,bg_d2,reduced,-,-,-,-,2.2 0,-
tic-13.prec25,pairwise,distance_closure,pairwise+distance_closure,direct,maxsat,total_break_groups_subject_to_range_at_most_2,bg_d2,reduced,-,-,-,-,0.7 0,-
tic-13.prec25,pairwise,distance_closure,pairwise+distance_closure,direct,multiple,total_break_groups_subject_to_range_at_most_2,bg_d2,reduced,-,-,-,-,2.9 0,-
tic-13.prec25,sparse_suffix,direct,sparse_suffix+direct,direct,incremental,total_break_groups_subject_to_range_at_most_2,bg_d2,reduced,-,-,-,-,1.8 0,-
tic-13.prec25,sparse_suffix,direct,sparse_suffix+direct,direct,maxsat,total_break_groups_subject_to_range_at_most_2,bg_d2,reduced,-,-,-,-,1.4 0,-
tic-13.prec25,sparse_suffix,direct,sparse_suffix+direct,direct,multiple,total_break_groups_subject_to_range_at_most_2,bg_d2,reduced,-,-,-,-,1.7 0,-
tic-13.prec25,sparse_suffix,distance_closure,sparse_suffix+distance_closure,direct,incremental,total_break_groups_subject_to_range_at_most_2,bg_d2,reduced,-,-,-,-,3.1 0,-
tic-13.prec25,sparse_suffix,distance_closure,sparse_suffix+distance_closure,direct,maxsat,total_break_groups_subject_to_range_at_most_2,bg_d2,reduced,-,-,-,-,1.3 0,-
tic-13.prec25,sparse_suffix,distance_closure,sparse_suffix+distance_closure,direct,multiple,total_break_groups_subject_to_range_at_most_2,bg_d2,reduced,-,-,-,-,2.6 0,-
tic-13.prec25,pairwise,direct,pairwise+direct,distance_closure,incremental,total_break_groups_subject_to_range_at_most_2,bg_d2,reduced,-,-,-,-,2.6 0,-
tic-13.prec25,pairwise,direct,pairwise+direct,distance_closure,maxsat,total_break_groups_subject_to_range_at_most_2,bg_d2,reduced,-,-,-,-,1.1 0,-
tic-13.prec25,pairwise,direct,pairwise+direct,distance_closure,multiple,total_break_groups_subject_to_range_at_most_2,bg_d2,reduced,-,-,-,-,1.9 0,-
tic-13.prec25,pairwise,distance_closure,pairwise+distance_closure,distance_closure,incremental,total_break_groups_subject_to_range_at_most_2,bg_d2,reduced,-,-,-,-,2.0 0,-
tic-13.prec25,pairwise,distance_closure,pairwise+distance_closure,distance_closure,maxsat,total_break_groups_subject_to_range_at_most_2,bg_d2,reduced,-,-,-,-,0.5 0,-
tic-13.prec25,pairwise,distance_closure,pairwise+distance_closure,distance_closure,multiple,total_break_groups_subject_to_range_at_most_2,bg_d2,reduced,-,-,-,-,2.7 0,-
tic-13.prec25,sparse_suffix,direct,sparse_suffix+direct,distance_closure,incremental,total_break_groups_subject_to_range_at_most_2,bg_d2,reduced,-,-,-,-,1.6 0,-
tic-13.prec25,sparse_suffix,direct,sparse_suffix+direct,distance_closure,maxsat,total_break_groups_subject_to_range_at_most_2,bg_d2,reduced,-,-,-,-,1.2 0,-
tic-13.prec25,sparse_suffix,direct,sparse_suffix+direct,distance_closure,multiple,total_break_groups_subject_to_range_at_most_2,bg_d2,reduced,-,-,-,-,1.6 0,-
tic-13.prec25,sparse_suffix,distance_closure,sparse_suffix+distance_closure,distance_closure,incremental,total_break_groups_subject_to_range_at_most_2,bg_d2,reduced,-,-,-,-,2.9 0,-
tic-13.prec25,sparse_suffix,distance_closure,sparse_suffix+distance_closure,distance_closure,maxsat,total_break_groups_subject_to_range_at_most_2,bg_d2,reduced,-,-,-,-,1.1 0,-
tic-13.prec25,sparse_suffix,distance_closure,sparse_suffix+distance_closure,distance_closure,multiple,total_break_groups_subject_to_range_at_most_2,bg_d2,reduced,-,-,-,-,2.5 0,-
tic-13crafb.prec15,pairwise,direct,pairwise+direct,distance_closure,incremental,total_break_groups_subject_to_range_at_most_2,bg_d2,full,-,-,-,-,0.7 0,-
tic-13crafb.prec15,pairwise,direct,pairwise+direct,distance_closure,maxsat,total_break_groups_subject_to_range_at_most_2,bg_d2,full,-,-,-,-,0.5 0,-
tic-13crafb.prec15,pairwise,direct,pairwise+direct,distance_closure,multiple,total_break_groups_subject_to_range_at_most_2,bg_d2,full,-,-,-,-,0.8 0,-
tic-13crafb.prec15,pairwise,distance_closure,pairwise+distance_closure,distance_closure,incremental,total_break_groups_subject_to_range_at_most_2,bg_d2,full,-,-,-,-,0.9 0,-
tic-13crafb.prec15,pairwise,distance_closure,pairwise+distance_closure,distance_closure,maxsat,total_break_groups_subject_to_range_at_most_2,bg_d2,full,-,-,-,-,0.5 0,-
tic-13crafb.prec15,pairwise,distance_closure,pairwise+distance_closure,distance_closure,multiple,total_break_groups_subject_to_range_at_most_2,bg_d2,full,-,-,-,-,1.1 0,-
tic-13crafb.prec15,sparse_suffix,direct,sparse_suffix+direct,distance_closure,incremental,total_break_groups_subject_to_range_at_most_2,bg_d2,full,-,-,-,-,0.7 0,-
tic-13crafb.prec15,sparse_suffix,direct,sparse_suffix+direct,distance_closure,maxsat,total_break_groups_subject_to_range_at_most_2,bg_d2,full,-,-,-,-,0.5 0,-
tic-13crafb.prec15,sparse_suffix,direct,sparse_suffix+direct,distance_closure,multiple,total_break_groups_subject_to_range_at_most_2,bg_d2,full,-,-,-,-,0.8 0,-
tic-13crafb.prec15,sparse_suffix,distance_closure,sparse_suffix+distance_closure,distance_closure,incremental,total_break_groups_subject_to_range_at_most_2,bg_d2,full,-,-,-,-,1.1 0,-
tic-13crafb.prec15,sparse_suffix,distance_closure,sparse_suffix+distance_closure,distance_closure,maxsat,total_break_groups_subject_to_range_at_most_2,bg_d2,full,-,-,-,-,0.5 0,-
tic-13crafb.prec15,sparse_suffix,distance_closure,sparse_suffix+distance_closure,distance_closure,multiple,total_break_groups_subject_to_range_at_most_2,bg_d2,full,-,-,-,-,0.7 0,-
tic-13crafb.prec15,pairwise,direct,pairwise+direct,direct,incremental,total_break_groups_subject_to_range_at_most_2,bg_d2,reduced,-,-,-,-,0.8 0,-
tic-13crafb.prec15,pairwise,direct,pairwise+direct,direct,maxsat,total_break_groups_subject_to_range_at_most_2,bg_d2,reduced,-,-,-,-,0.6 0,-
tic-13crafb.prec15,pairwise,direct,pairwise+direct,direct,multiple,total_break_groups_subject_to_range_at_most_2,bg_d2,reduced,-,-,-,-,1.0 0,-
tic-13crafb.prec15,pairwise,distance_closure,pairwise+distance_closure,direct,incremental,total_break_groups_subject_to_range_at_most_2,bg_d2,reduced,-,-,-,-,0.8 0,-
tic-13crafb.prec15,pairwise,distance_closure,pairwise+distance_closure,direct,maxsat,total_break_groups_subject_to_range_at_most_2,bg_d2,reduced,-,-,-,-,0.6 0,-
tic-13crafb.prec15,pairwise,distance_closure,pairwise+distance_closure,direct,multiple,total_break_groups_subject_to_range_at_most_2,bg_d2,reduced,-,-,-,-,0.9 0,-
tic-13crafb.prec15,sparse_suffix,direct,sparse_suffix+direct,direct,incremental,total_break_groups_subject_to_range_at_most_2,bg_d2,reduced,-,-,-,-,1.0 0,-
tic-13crafb.prec15,sparse_suffix,direct,sparse_suffix+direct,direct,maxsat,total_break_groups_subject_to_range_at_most_2,bg_d2,reduced,-,-,-,-,0.6 0,-
tic-13crafb.prec15,sparse_suffix,direct,sparse_suffix+direct,direct,multiple,total_break_groups_subject_to_range_at_most_2,bg_d2,reduced,-,-,-,-,1.3 0,-
tic-13crafb.prec15,sparse_suffix,distance_closure,sparse_suffix+distance_closure,direct,incremental,total_break_groups_subject_to_range_at_most_2,bg_d2,reduced,-,-,-,-,0.8 0,-
tic-13crafb.prec15,sparse_suffix,distance_closure,sparse_suffix+distance_closure,direct,maxsat,total_break_groups_subject_to_range_at_most_2,bg_d2,reduced,-,-,-,-,0.6 0,-
tic-13crafb.prec15,sparse_suffix,distance_closure,sparse_suffix+distance_closure,direct,multiple,total_break_groups_subject_to_range_at_most_2,bg_d2,reduced,-,-,-,-,0.9 0,-
tic-13crafb.prec15,pairwise,direct,pairwise+direct,distance_closure,incremental,total_break_groups_subject_to_range_at_most_2,bg_d2,reduced,-,-,-,-,0.7 0,-
tic-13crafb.prec15,pairwise,direct,pairwise+direct,distance_closure,maxsat,total_break_groups_subject_to_range_at_most_2,bg_d2,reduced,-,-,-,-,0.5 0,-
tic-13crafb.prec15,pairwise,direct,pairwise+direct,distance_closure,multiple,total_break_groups_subject_to_range_at_most_2,bg_d2,reduced,-,-,-,-,0.9 0,-
tic-13crafb.prec15,pairwise,distance_closure,pairwise+distance_closure,distance_closure,incremental,total_break_groups_subject_to_range_at_most_2,bg_d2,reduced,-,-,-,-,0.8 0,-
tic-13crafb.prec15,pairwise,distance_closure,pairwise+distance_closure,distance_closure,maxsat,total_break_groups_subject_to_range_at_most_2,bg_d2,reduced,-,-,-,-,0.5 0,-
tic-13crafb.prec15,pairwise,distance_closure,pairwise+distance_closure,distance_closure,multiple,total_break_groups_subject_to_range_at_most_2,bg_d2,reduced,-,-,-,-,0.8 0,-
tic-13crafb.prec15,sparse_suffix,direct,sparse_suffix+direct,distance_closure,incremental,total_break_groups_subject_to_range_at_most_2,bg_d2,reduced,-,-,-,-,0.9 0,-
tic-13crafb.prec15,sparse_suffix,direct,sparse_suffix+direct,distance_closure,maxsat,total_break_groups_subject_to_range_at_most_2,bg_d2,reduced,-,-,-,-,0.5 0,-
tic-13crafb.prec15,sparse_suffix,direct,sparse_suffix+direct,distance_closure,multiple,total_break_groups_subject_to_range_at_most_2,bg_d2,reduced,-,-,-,-,1.3 0,-
tic-13crafb.prec15,sparse_suffix,distance_closure,sparse_suffix+distance_closure,distance_closure,incremental,total_break_groups_subject_to_range_at_most_2,bg_d2,reduced,-,-,-,-,0.7 0,-
tic-13crafb.prec15,sparse_suffix,distance_closure,sparse_suffix+distance_closure,distance_closure,maxsat,total_break_groups_subject_to_range_at_most_2,bg_d2,reduced,-,-,-,-,0.5 0,-
tic-13crafb.prec15,sparse_suffix,distance_closure,sparse_suffix+distance_closure,distance_closure,multiple,total_break_groups_subject_to_range_at_most_2,bg_d2,reduced,-,-,-,-,0.9 0,-
tic-13crafb.prec25,pairwise,direct,pairwise+direct,distance_closure,incremental,total_break_groups_subject_to_range_at_most_2,bg_d2,full,-,-,-,-,1.6 0,-
tic-13crafb.prec25,pairwise,direct,pairwise+direct,distance_closure,maxsat,total_break_groups_subject_to_range_at_most_2,bg_d2,full,-,-,-,-,1.0 0,-
tic-13crafb.prec25,pairwise,direct,pairwise+direct,distance_closure,multiple,total_break_groups_subject_to_range_at_most_2,bg_d2,full,-,-,-,-,1.3 0,-
tic-13crafb.prec25,pairwise,distance_closure,pairwise+distance_closure,distance_closure,incremental,total_break_groups_subject_to_range_at_most_2,bg_d2,full,-,-,-,-,1.6 0,-
tic-13crafb.prec25,pairwise,distance_closure,pairwise+distance_closure,distance_closure,maxsat,total_break_groups_subject_to_range_at_most_2,bg_d2,full,-,-,-,-,1.2 0,-
tic-13crafb.prec25,pairwise,distance_closure,pairwise+distance_closure,distance_closure,multiple,total_break_groups_subject_to_range_at_most_2,bg_d2,full,-,-,-,-,2.0 0,-
tic-13crafb.prec25,sparse_suffix,direct,sparse_suffix+direct,distance_closure,incremental,total_break_groups_subject_to_range_at_most_2,bg_d2,full,-,-,-,-,0.9 0,-
tic-13crafb.prec25,sparse_suffix,direct,sparse_suffix+direct,distance_closure,maxsat,total_break_groups_subject_to_range_at_most_2,bg_d2,full,-,-,-,-,1.1 0,-
tic-13crafb.prec25,sparse_suffix,direct,sparse_suffix+direct,distance_closure,multiple,total_break_groups_subject_to_range_at_most_2,bg_d2,full,-,-,-,-,1.7 0,-
tic-13crafb.prec25,sparse_suffix,distance_closure,sparse_suffix+distance_closure,distance_closure,incremental,total_break_groups_subject_to_range_at_most_2,bg_d2,full,-,-,-,-,1.0 0,-
tic-13crafb.prec25,sparse_suffix,distance_closure,sparse_suffix+distance_closure,distance_closure,maxsat,total_break_groups_subject_to_range_at_most_2,bg_d2,full,-,-,-,-,0.5 0,-
tic-13crafb.prec25,sparse_suffix,distance_closure,sparse_suffix+distance_closure,distance_closure,multiple,total_break_groups_subject_to_range_at_most_2,bg_d2,full,-,-,-,-,1.9 0,-
tic-13crafb.prec25,pairwise,direct,pairwise+direct,direct,incremental,total_break_groups_subject_to_range_at_most_2,bg_d2,reduced,-,-,-,-,1.4 0,-
tic-13crafb.prec25,pairwise,direct,pairwise+direct,direct,maxsat,total_break_groups_subject_to_range_at_most_2,bg_d2,reduced,-,-,-,-,0.6 0,-
tic-13crafb.prec25,pairwise,direct,pairwise+direct,direct,multiple,total_break_groups_subject_to_range_at_most_2,bg_d2,reduced,-,-,-,-,1.7 0,-
tic-13crafb.prec25,pairwise,distance_closure,pairwise+distance_closure,direct,incremental,total_break_groups_subject_to_range_at_most_2,bg_d2,reduced,-,-,-,-,1.7 0,-
tic-13crafb.prec25,pairwise,distance_closure,pairwise+distance_closure,direct,maxsat,total_break_groups_subject_to_range_at_most_2,bg_d2,reduced,-,-,-,-,1.0 0,-
tic-13crafb.prec25,pairwise,distance_closure,pairwise+distance_closure,direct,multiple,total_break_groups_subject_to_range_at_most_2,bg_d2,reduced,-,-,-,-,1.5 0,-
tic-13crafb.prec25,sparse_suffix,direct,sparse_suffix+direct,direct,incremental,total_break_groups_subject_to_range_at_most_2,bg_d2,reduced,-,-,-,-,1.1 0,-
tic-13crafb.prec25,sparse_suffix,direct,sparse_suffix+direct,direct,maxsat,total_break_groups_subject_to_range_at_most_2,bg_d2,reduced,-,-,-,-,1.2 0,-
tic-13crafb.prec25,sparse_suffix,direct,sparse_suffix+direct,direct,multiple,total_break_groups_subject_to_range_at_most_2,bg_d2,reduced,-,-,-,-,1.6 0,-
tic-13crafb.prec25,sparse_suffix,distance_closure,sparse_suffix+distance_closure,direct,incremental,total_break_groups_subject_to_range_at_most_2,bg_d2,reduced,-,-,-,-,1.6 0,-
tic-13crafb.prec25,sparse_suffix,distance_closure,sparse_suffix+distance_closure,direct,maxsat,total_break_groups_subject_to_range_at_most_2,bg_d2,reduced,-,-,-,-,0.7 0,-
tic-13crafb.prec25,sparse_suffix,distance_closure,sparse_suffix+distance_closure,direct,multiple,total_break_groups_subject_to_range_at_most_2,bg_d2,reduced,-,-,-,-,1.1 0,-
tic-13crafb.prec25,pairwise,direct,pairwise+direct,distance_closure,incremental,total_break_groups_subject_to_range_at_most_2,bg_d2,reduced,-,-,-,-,1.3 0,-
tic-13crafb.prec25,pairwise,direct,pairwise+direct,distance_closure,maxsat,total_break_groups_subject_to_range_at_most_2,bg_d2,reduced,-,-,-,-,0.5 0,-
tic-13crafb.prec25,pairwise,direct,pairwise+direct,distance_closure,multiple,total_break_groups_subject_to_range_at_most_2,bg_d2,reduced,-,-,-,-,1.5 0,-
tic-13crafb.prec25,pairwise,distance_closure,pairwise+distance_closure,distance_closure,incremental,total_break_groups_subject_to_range_at_most_2,bg_d2,reduced,-,-,-,-,1.6 0,-
tic-13crafb.prec25,pairwise,distance_closure,pairwise+distance_closure,distance_closure,maxsat,total_break_groups_subject_to_range_at_most_2,bg_d2,reduced,-,-,-,-,0.9 0,-
tic-13crafb.prec25,pairwise,distance_closure,pairwise+distance_closure,distance_closure,multiple,total_break_groups_subject_to_range_at_most_2,bg_d2,reduced,-,-,-,-,1.4 0,-
tic-13crafb.prec25,sparse_suffix,direct,sparse_suffix+direct,distance_closure,incremental,total_break_groups_subject_to_range_at_most_2,bg_d2,reduced,-,-,-,-,1.0 0,-
tic-13crafb.prec25,sparse_suffix,direct,sparse_suffix+direct,distance_closure,maxsat,total_break_groups_subject_to_range_at_most_2,bg_d2,reduced,-,-,-,-,1.0 0,-
tic-13crafb.prec25,sparse_suffix,direct,sparse_suffix+direct,distance_closure,multiple,total_break_groups_subject_to_range_at_most_2,bg_d2,reduced,-,-,-,-,1.5 0,-
tic-13crafb.prec25,sparse_suffix,distance_closure,sparse_suffix+distance_closure,distance_closure,incremental,total_break_groups_subject_to_range_at_most_2,bg_d2,reduced,-,-,-,-,1.5 0,-
tic-13crafb.prec25,sparse_suffix,distance_closure,sparse_suffix+distance_closure,distance_closure,maxsat,total_break_groups_subject_to_range_at_most_2,bg_d2,reduced,-,-,-,-,0.5 0,-
tic-13crafb.prec25,sparse_suffix,distance_closure,sparse_suffix+distance_closure,distance_closure,multiple,total_break_groups_subject_to_range_at_most_2,bg_d2,reduced,-,-,-,-,1.0 0,-
tic-13crafc.prec15,pairwise,direct,pairwise+direct,distance_closure,incremental,total_break_groups_subject_to_range_at_most_2,bg_d2,full,-,-,-,-,2.5 4,-
tic-13crafc.prec15,pairwise,direct,pairwise+direct,distance_closure,maxsat,total_break_groups_subject_to_range_at_most_2,bg_d2,full,-,-,-,-,3.4 4,-
tic-13crafc.prec15,pairwise,direct,pairwise+direct,distance_closure,multiple,total_break_groups_subject_to_range_at_most_2,bg_d2,full,-,-,-,-,2.6 4,-
tic-13crafc.prec15,pairwise,distance_closure,pairwise+distance_closure,distance_closure,incremental,total_break_groups_subject_to_range_at_most_2,bg_d2,full,-,-,-,-,2.7 4,-
tic-13crafc.prec15,pairwise,distance_closure,pairwise+distance_closure,distance_closure,maxsat,total_break_groups_subject_to_range_at_most_2,bg_d2,full,-,-,-,-,4.2 4,-
tic-13crafc.prec15,pairwise,distance_closure,pairwise+distance_closure,distance_closure,multiple,total_break_groups_subject_to_range_at_most_2,bg_d2,full,-,-,-,-,3.0 4,-
tic-13crafc.prec15,sparse_suffix,direct,sparse_suffix+direct,distance_closure,incremental,total_break_groups_subject_to_range_at_most_2,bg_d2,full,-,-,-,-,2.3 4,-
tic-13crafc.prec15,sparse_suffix,direct,sparse_suffix+direct,distance_closure,maxsat,total_break_groups_subject_to_range_at_most_2,bg_d2,full,-,-,-,-,4.6 4,-
tic-13crafc.prec15,sparse_suffix,direct,sparse_suffix+direct,distance_closure,multiple,total_break_groups_subject_to_range_at_most_2,bg_d2,full,-,-,-,-,2.7 4,-
tic-13crafc.prec15,sparse_suffix,distance_closure,sparse_suffix+distance_closure,distance_closure,incremental,total_break_groups_subject_to_range_at_most_2,bg_d2,full,-,-,-,-,2.5 4,-
tic-13crafc.prec15,sparse_suffix,distance_closure,sparse_suffix+distance_closure,distance_closure,maxsat,total_break_groups_subject_to_range_at_most_2,bg_d2,full,-,-,-,-,4.7 4,-
tic-13crafc.prec15,sparse_suffix,distance_closure,sparse_suffix+distance_closure,distance_closure,multiple,total_break_groups_subject_to_range_at_most_2,bg_d2,full,-,-,-,-,2.9 4,-
tic-13crafc.prec15,pairwise,direct,pairwise+direct,direct,incremental,total_break_groups_subject_to_range_at_most_2,bg_d2,reduced,-,-,-,-,2.5 4,-
tic-13crafc.prec15,pairwise,direct,pairwise+direct,direct,maxsat,total_break_groups_subject_to_range_at_most_2,bg_d2,reduced,-,-,-,-,4.6 4,-
tic-13crafc.prec15,pairwise,direct,pairwise+direct,direct,multiple,total_break_groups_subject_to_range_at_most_2,bg_d2,reduced,-,-,-,-,2.3 4,-
tic-13crafc.prec15,pairwise,distance_closure,pairwise+distance_closure,direct,incremental,total_break_groups_subject_to_range_at_most_2,bg_d2,reduced,-,-,-,-,2.4 4,-
tic-13crafc.prec15,pairwise,distance_closure,pairwise+distance_closure,direct,maxsat,total_break_groups_subject_to_range_at_most_2,bg_d2,reduced,-,-,-,-,4.5 4,-
tic-13crafc.prec15,pairwise,distance_closure,pairwise+distance_closure,direct,multiple,total_break_groups_subject_to_range_at_most_2,bg_d2,reduced,-,-,-,-,2.3 4,-
tic-13crafc.prec15,sparse_suffix,direct,sparse_suffix+direct,direct,incremental,total_break_groups_subject_to_range_at_most_2,bg_d2,reduced,-,-,-,-,2.5 4,-
tic-13crafc.prec15,sparse_suffix,direct,sparse_suffix+direct,direct,maxsat,total_break_groups_subject_to_range_at_most_2,bg_d2,reduced,-,-,-,-,4.5 4,-
tic-13crafc.prec15,sparse_suffix,direct,sparse_suffix+direct,direct,multiple,total_break_groups_subject_to_range_at_most_2,bg_d2,reduced,-,-,-,-,3.0 4,-
tic-13crafc.prec15,sparse_suffix,distance_closure,sparse_suffix+distance_closure,direct,incremental,total_break_groups_subject_to_range_at_most_2,bg_d2,reduced,-,-,-,-,2.6 4,-
tic-13crafc.prec15,sparse_suffix,distance_closure,sparse_suffix+distance_closure,direct,maxsat,total_break_groups_subject_to_range_at_most_2,bg_d2,reduced,-,-,-,-,4.5 4,-
tic-13crafc.prec15,sparse_suffix,distance_closure,sparse_suffix+distance_closure,direct,multiple,total_break_groups_subject_to_range_at_most_2,bg_d2,reduced,-,-,-,-,3.1 4,-
tic-13crafc.prec15,pairwise,direct,pairwise+direct,distance_closure,incremental,total_break_groups_subject_to_range_at_most_2,bg_d2,reduced,-,-,-,-,2.4 4,-
tic-13crafc.prec15,pairwise,direct,pairwise+direct,distance_closure,maxsat,total_break_groups_subject_to_range_at_most_2,bg_d2,reduced,-,-,-,-,4.5 4,-
tic-13crafc.prec15,pairwise,direct,pairwise+direct,distance_closure,multiple,total_break_groups_subject_to_range_at_most_2,bg_d2,reduced,-,-,-,-,2.2 4,-
tic-13crafc.prec15,pairwise,distance_closure,pairwise+distance_closure,distance_closure,incremental,total_break_groups_subject_to_range_at_most_2,bg_d2,reduced,-,-,-,-,2.3 4,-
tic-13crafc.prec15,pairwise,distance_closure,pairwise+distance_closure,distance_closure,maxsat,total_break_groups_subject_to_range_at_most_2,bg_d2,reduced,-,-,-,-,4.5 4,-
tic-13crafc.prec15,pairwise,distance_closure,pairwise+distance_closure,distance_closure,multiple,total_break_groups_subject_to_range_at_most_2,bg_d2,reduced,-,-,-,-,2.2 4,-
tic-13crafc.prec15,sparse_suffix,direct,sparse_suffix+direct,distance_closure,incremental,total_break_groups_subject_to_range_at_most_2,bg_d2,reduced,-,-,-,-,2.4 4,-
tic-13crafc.prec15,sparse_suffix,direct,sparse_suffix+direct,distance_closure,maxsat,total_break_groups_subject_to_range_at_most_2,bg_d2,reduced,-,-,-,-,4.4 4,-
tic-13crafc.prec15,sparse_suffix,direct,sparse_suffix+direct,distance_closure,multiple,total_break_groups_subject_to_range_at_most_2,bg_d2,reduced,-,-,-,-,2.9 4,-
tic-13crafc.prec15,sparse_suffix,distance_closure,sparse_suffix+distance_closure,distance_closure,incremental,total_break_groups_subject_to_range_at_most_2,bg_d2,reduced,-,-,-,-,2.5 4,-
tic-13crafc.prec15,sparse_suffix,distance_closure,sparse_suffix+distance_closure,distance_closure,maxsat,total_break_groups_subject_to_range_at_most_2,bg_d2,reduced,-,-,-,-,4.5 4,-
tic-13crafc.prec15,sparse_suffix,distance_closure,sparse_suffix+distance_closure,distance_closure,multiple,total_break_groups_subject_to_range_at_most_2,bg_d2,reduced,-,-,-,-,2.9 4,-
tic-13crafc.prec25,pairwise,direct,pairwise+direct,distance_closure,incremental,total_break_groups_subject_to_range_at_most_2,bg_d2,full,-,-,-,-,2.8 4,-
tic-13crafc.prec25,pairwise,direct,pairwise+direct,distance_closure,maxsat,total_break_groups_subject_to_range_at_most_2,bg_d2,full,-,-,-,-,4.4 4,-
tic-13crafc.prec25,pairwise,direct,pairwise+direct,distance_closure,multiple,total_break_groups_subject_to_range_at_most_2,bg_d2,full,-,-,-,-,4.1 4,-
tic-13crafc.prec25,pairwise,distance_closure,pairwise+distance_closure,distance_closure,incremental,total_break_groups_subject_to_range_at_most_2,bg_d2,full,-,-,-,-,3.2 4,-
tic-13crafc.prec25,pairwise,distance_closure,pairwise+distance_closure,distance_closure,maxsat,total_break_groups_subject_to_range_at_most_2,bg_d2,full,-,-,-,-,5.1 4,-
tic-13crafc.prec25,pairwise,distance_closure,pairwise+distance_closure,distance_closure,multiple,total_break_groups_subject_to_range_at_most_2,bg_d2,full,-,-,-,-,5.8 4,-
tic-13crafc.prec25,sparse_suffix,direct,sparse_suffix+direct,distance_closure,incremental,total_break_groups_subject_to_range_at_most_2,bg_d2,full,-,-,-,-,3.8 4,-
tic-13crafc.prec25,sparse_suffix,direct,sparse_suffix+direct,distance_closure,maxsat,total_break_groups_subject_to_range_at_most_2,bg_d2,full,-,-,-,-,4.7 4,-
tic-13crafc.prec25,sparse_suffix,direct,sparse_suffix+direct,distance_closure,multiple,total_break_groups_subject_to_range_at_most_2,bg_d2,full,-,-,-,-,4.4 4,-
tic-13crafc.prec25,sparse_suffix,distance_closure,sparse_suffix+distance_closure,distance_closure,incremental,total_break_groups_subject_to_range_at_most_2,bg_d2,full,-,-,-,-,3.5 4,-
tic-13crafc.prec25,sparse_suffix,distance_closure,sparse_suffix+distance_closure,distance_closure,maxsat,total_break_groups_subject_to_range_at_most_2,bg_d2,full,-,-,-,-,6.1 4,-
tic-13crafc.prec25,sparse_suffix,distance_closure,sparse_suffix+distance_closure,distance_closure,multiple,total_break_groups_subject_to_range_at_most_2,bg_d2,full,-,-,-,-,4.8 4,-
tic-13crafc.prec25,pairwise,direct,pairwise+direct,direct,incremental,total_break_groups_subject_to_range_at_most_2,bg_d2,reduced,-,-,-,-,4.2 4,-
tic-13crafc.prec25,pairwise,direct,pairwise+direct,direct,maxsat,total_break_groups_subject_to_range_at_most_2,bg_d2,reduced,-,-,-,-,5.1 4,-
tic-13crafc.prec25,pairwise,direct,pairwise+direct,direct,multiple,total_break_groups_subject_to_range_at_most_2,bg_d2,reduced,-,-,-,-,5.5 4,-
tic-13crafc.prec25,pairwise,distance_closure,pairwise+distance_closure,direct,incremental,total_break_groups_subject_to_range_at_most_2,bg_d2,reduced,-,-,-,-,3.3 4,-
tic-13crafc.prec25,pairwise,distance_closure,pairwise+distance_closure,direct,maxsat,total_break_groups_subject_to_range_at_most_2,bg_d2,reduced,-,-,-,-,4.2 4,-
tic-13crafc.prec25,pairwise,distance_closure,pairwise+distance_closure,direct,multiple,total_break_groups_subject_to_range_at_most_2,bg_d2,reduced,-,-,-,-,4.6 4,-
tic-13crafc.prec25,sparse_suffix,direct,sparse_suffix+direct,direct,incremental,total_break_groups_subject_to_range_at_most_2,bg_d2,reduced,-,-,-,-,3.1 4,-
tic-13crafc.prec25,sparse_suffix,direct,sparse_suffix+direct,direct,maxsat,total_break_groups_subject_to_range_at_most_2,bg_d2,reduced,-,-,-,-,5.2 4,-
tic-13crafc.prec25,sparse_suffix,direct,sparse_suffix+direct,direct,multiple,total_break_groups_subject_to_range_at_most_2,bg_d2,reduced,-,-,-,-,4.6 4,-
tic-13crafc.prec25,sparse_suffix,distance_closure,sparse_suffix+distance_closure,direct,incremental,total_break_groups_subject_to_range_at_most_2,bg_d2,reduced,-,-,-,-,3.7 4,-
tic-13crafc.prec25,sparse_suffix,distance_closure,sparse_suffix+distance_closure,direct,maxsat,total_break_groups_subject_to_range_at_most_2,bg_d2,reduced,-,-,-,-,4.9 4,-
tic-13crafc.prec25,sparse_suffix,distance_closure,sparse_suffix+distance_closure,direct,multiple,total_break_groups_subject_to_range_at_most_2,bg_d2,reduced,-,-,-,-,3.8 4,-
tic-13crafc.prec25,pairwise,direct,pairwise+direct,distance_closure,incremental,total_break_groups_subject_to_range_at_most_2,bg_d2,reduced,-,-,-,-,4.0 4,-
tic-13crafc.prec25,pairwise,direct,pairwise+direct,distance_closure,maxsat,total_break_groups_subject_to_range_at_most_2,bg_d2,reduced,-,-,-,-,5.0 4,-
tic-13crafc.prec25,pairwise,direct,pairwise+direct,distance_closure,multiple,total_break_groups_subject_to_range_at_most_2,bg_d2,reduced,-,-,-,-,5.3 4,-
tic-13crafc.prec25,pairwise,distance_closure,pairwise+distance_closure,distance_closure,incremental,total_break_groups_subject_to_range_at_most_2,bg_d2,reduced,-,-,-,-,3.1 4,-
tic-13crafc.prec25,pairwise,distance_closure,pairwise+distance_closure,distance_closure,maxsat,total_break_groups_subject_to_range_at_most_2,bg_d2,reduced,-,-,-,-,4.0 4,-
tic-13crafc.prec25,pairwise,distance_closure,pairwise+distance_closure,distance_closure,multiple,total_break_groups_subject_to_range_at_most_2,bg_d2,reduced,-,-,-,-,4.5 4,-
tic-13crafc.prec25,sparse_suffix,direct,sparse_suffix+direct,distance_closure,incremental,total_break_groups_subject_to_range_at_most_2,bg_d2,reduced,-,-,-,-,2.9 4,-
tic-13crafc.prec25,sparse_suffix,direct,sparse_suffix+direct,distance_closure,maxsat,total_break_groups_subject_to_range_at_most_2,bg_d2,reduced,-,-,-,-,5.0 4,-
tic-13crafc.prec25,sparse_suffix,direct,sparse_suffix+direct,distance_closure,multiple,total_break_groups_subject_to_range_at_most_2,bg_d2,reduced,-,-,-,-,4.4 4,-
tic-13crafc.prec25,sparse_suffix,distance_closure,sparse_suffix+distance_closure,distance_closure,incremental,total_break_groups_subject_to_range_at_most_2,bg_d2,reduced,-,-,-,-,3.5 4,-
tic-13crafc.prec25,sparse_suffix,distance_closure,sparse_suffix+distance_closure,distance_closure,maxsat,total_break_groups_subject_to_range_at_most_2,bg_d2,reduced,-,-,-,-,4.7 4,-
tic-13crafc.prec25,sparse_suffix,distance_closure,sparse_suffix+distance_closure,distance_closure,multiple,total_break_groups_subject_to_range_at_most_2,bg_d2,reduced,-,-,-,-,3.6 4,-
tic-14crafa.prec15,pairwise,direct,pairwise+direct,distance_closure,incremental,total_break_groups_subject_to_range_at_most_2,bg_d2,full,-,-,-,-,1.8 0,-
tic-14crafa.prec15,pairwise,direct,pairwise+direct,distance_closure,maxsat,total_break_groups_subject_to_range_at_most_2,bg_d2,full,-,-,-,-,0.7 0,-
tic-14crafa.prec15,pairwise,direct,pairwise+direct,distance_closure,multiple,total_break_groups_subject_to_range_at_most_2,bg_d2,full,-,-,-,-,1.4 0,-
tic-14crafa.prec15,pairwise,distance_closure,pairwise+distance_closure,distance_closure,incremental,total_break_groups_subject_to_range_at_most_2,bg_d2,full,-,-,-,-,1.3 0,-
tic-14crafa.prec15,pairwise,distance_closure,pairwise+distance_closure,distance_closure,maxsat,total_break_groups_subject_to_range_at_most_2,bg_d2,full,-,-,-,-,1.4 0,-
tic-14crafa.prec15,pairwise,distance_closure,pairwise+distance_closure,distance_closure,multiple,total_break_groups_subject_to_range_at_most_2,bg_d2,full,-,-,-,-,1.9 0,-
tic-14crafa.prec15,sparse_suffix,direct,sparse_suffix+direct,distance_closure,incremental,total_break_groups_subject_to_range_at_most_2,bg_d2,full,-,-,-,-,1.5 0,-
tic-14crafa.prec15,sparse_suffix,direct,sparse_suffix+direct,distance_closure,maxsat,total_break_groups_subject_to_range_at_most_2,bg_d2,full,-,-,-,-,0.7 0,-
tic-14crafa.prec15,sparse_suffix,direct,sparse_suffix+direct,distance_closure,multiple,total_break_groups_subject_to_range_at_most_2,bg_d2,full,-,-,-,-,1.5 0,-
tic-14crafa.prec15,sparse_suffix,distance_closure,sparse_suffix+distance_closure,distance_closure,incremental,total_break_groups_subject_to_range_at_most_2,bg_d2,full,-,-,-,-,1.6 0,-
tic-14crafa.prec15,sparse_suffix,distance_closure,sparse_suffix+distance_closure,distance_closure,maxsat,total_break_groups_subject_to_range_at_most_2,bg_d2,full,-,-,-,-,0.6 0,-
tic-14crafa.prec15,sparse_suffix,distance_closure,sparse_suffix+distance_closure,distance_closure,multiple,total_break_groups_subject_to_range_at_most_2,bg_d2,full,-,-,-,-,1.2 0,-
tic-14crafa.prec15,pairwise,direct,pairwise+direct,direct,incremental,total_break_groups_subject_to_range_at_most_2,bg_d2,reduced,-,-,-,-,1.9 0,-
tic-14crafa.prec15,pairwise,direct,pairwise+direct,direct,maxsat,total_break_groups_subject_to_range_at_most_2,bg_d2,reduced,-,-,-,-,0.9 0,-
tic-14crafa.prec15,pairwise,direct,pairwise+direct,direct,multiple,total_break_groups_subject_to_range_at_most_2,bg_d2,reduced,-,-,-,-,1.7 0,-
tic-14crafa.prec15,pairwise,distance_closure,pairwise+distance_closure,direct,incremental,total_break_groups_subject_to_range_at_most_2,bg_d2,reduced,-,-,-,-,1.8 0,-
tic-14crafa.prec15,pairwise,distance_closure,pairwise+distance_closure,direct,maxsat,total_break_groups_subject_to_range_at_most_2,bg_d2,reduced,-,-,-,-,0.9 0,-
tic-14crafa.prec15,pairwise,distance_closure,pairwise+distance_closure,direct,multiple,total_break_groups_subject_to_range_at_most_2,bg_d2,reduced,-,-,-,-,1.9 0,-
tic-14crafa.prec15,sparse_suffix,direct,sparse_suffix+direct,direct,incremental,total_break_groups_subject_to_range_at_most_2,bg_d2,reduced,-,-,-,-,1.6 0,-
tic-14crafa.prec15,sparse_suffix,direct,sparse_suffix+direct,direct,maxsat,total_break_groups_subject_to_range_at_most_2,bg_d2,reduced,-,-,-,-,1.0 0,-
tic-14crafa.prec15,sparse_suffix,direct,sparse_suffix+direct,direct,multiple,total_break_groups_subject_to_range_at_most_2,bg_d2,reduced,-,-,-,-,1.4 0,-
tic-14crafa.prec15,sparse_suffix,distance_closure,sparse_suffix+distance_closure,direct,incremental,total_break_groups_subject_to_range_at_most_2,bg_d2,reduced,-,-,-,-,1.4 0,-
tic-14crafa.prec15,sparse_suffix,distance_closure,sparse_suffix+distance_closure,direct,maxsat,total_break_groups_subject_to_range_at_most_2,bg_d2,reduced,-,-,-,-,1.7 0,-
tic-14crafa.prec15,sparse_suffix,distance_closure,sparse_suffix+distance_closure,direct,multiple,total_break_groups_subject_to_range_at_most_2,bg_d2,reduced,-,-,-,-,1.9 0,-
tic-14crafa.prec15,pairwise,direct,pairwise+direct,distance_closure,incremental,total_break_groups_subject_to_range_at_most_2,bg_d2,reduced,-,-,-,-,1.6 0,-
tic-14crafa.prec15,pairwise,direct,pairwise+direct,distance_closure,maxsat,total_break_groups_subject_to_range_at_most_2,bg_d2,reduced,-,-,-,-,0.6 0,-
tic-14crafa.prec15,pairwise,direct,pairwise+direct,distance_closure,multiple,total_break_groups_subject_to_range_at_most_2,bg_d2,reduced,-,-,-,-,1.4 0,-
tic-14crafa.prec15,pairwise,distance_closure,pairwise+distance_closure,distance_closure,incremental,total_break_groups_subject_to_range_at_most_2,bg_d2,reduced,-,-,-,-,1.5 0,-
tic-14crafa.prec15,pairwise,distance_closure,pairwise+distance_closure,distance_closure,maxsat,total_break_groups_subject_to_range_at_most_2,bg_d2,reduced,-,-,-,-,0.7 0,-
tic-14crafa.prec15,pairwise,distance_closure,pairwise+distance_closure,distance_closure,multiple,total_break_groups_subject_to_range_at_most_2,bg_d2,reduced,-,-,-,-,1.6 0,-
tic-14crafa.prec15,sparse_suffix,direct,sparse_suffix+direct,distance_closure,incremental,total_break_groups_subject_to_range_at_most_2,bg_d2,reduced,-,-,-,-,1.3 0,-
tic-14crafa.prec15,sparse_suffix,direct,sparse_suffix+direct,distance_closure,maxsat,total_break_groups_subject_to_range_at_most_2,bg_d2,reduced,-,-,-,-,0.7 0,-
tic-14crafa.prec15,sparse_suffix,direct,sparse_suffix+direct,distance_closure,multiple,total_break_groups_subject_to_range_at_most_2,bg_d2,reduced,-,-,-,-,1.2 0,-
tic-14crafa.prec15,sparse_suffix,distance_closure,sparse_suffix+distance_closure,distance_closure,incremental,total_break_groups_subject_to_range_at_most_2,bg_d2,reduced,-,-,-,-,1.2 0,-
tic-14crafa.prec15,sparse_suffix,distance_closure,sparse_suffix+distance_closure,distance_closure,maxsat,total_break_groups_subject_to_range_at_most_2,bg_d2,reduced,-,-,-,-,1.5 0,-
tic-14crafa.prec15,sparse_suffix,distance_closure,sparse_suffix+distance_closure,distance_closure,multiple,total_break_groups_subject_to_range_at_most_2,bg_d2,reduced,-,-,-,-,1.7 0,-
tic-14crafa.prec25,pairwise,direct,pairwise+direct,distance_closure,incremental,total_break_groups_subject_to_range_at_most_2,bg_d2,full,-,-,-,-,3.0 0,-
tic-14crafa.prec25,pairwise,direct,pairwise+direct,distance_closure,maxsat,total_break_groups_subject_to_range_at_most_2,bg_d2,full,-,-,-,-,1.4 0,-
tic-14crafa.prec25,pairwise,direct,pairwise+direct,distance_closure,multiple,total_break_groups_subject_to_range_at_most_2,bg_d2,full,-,-,-,-,5.3 0,-
tic-14crafa.prec25,pairwise,distance_closure,pairwise+distance_closure,distance_closure,incremental,total_break_groups_subject_to_range_at_most_2,bg_d2,full,-,-,-,-,2.9 0,-
tic-14crafa.prec25,pairwise,distance_closure,pairwise+distance_closure,distance_closure,maxsat,total_break_groups_subject_to_range_at_most_2,bg_d2,full,-,-,-,-,1.6 0,-
tic-14crafa.prec25,pairwise,distance_closure,pairwise+distance_closure,distance_closure,multiple,total_break_groups_subject_to_range_at_most_2,bg_d2,full,-,-,-,-,4.7 0,-
tic-14crafa.prec25,sparse_suffix,direct,sparse_suffix+direct,distance_closure,incremental,total_break_groups_subject_to_range_at_most_2,bg_d2,full,-,-,-,-,1.8 0,-
tic-14crafa.prec25,sparse_suffix,direct,sparse_suffix+direct,distance_closure,maxsat,total_break_groups_subject_to_range_at_most_2,bg_d2,full,-,-,-,-,2.8 0,-
tic-14crafa.prec25,sparse_suffix,direct,sparse_suffix+direct,distance_closure,multiple,total_break_groups_subject_to_range_at_most_2,bg_d2,full,-,-,-,-,3.4 0,-
tic-14crafa.prec25,sparse_suffix,distance_closure,sparse_suffix+distance_closure,distance_closure,incremental,total_break_groups_subject_to_range_at_most_2,bg_d2,full,-,-,-,-,2.5 0,-
tic-14crafa.prec25,sparse_suffix,distance_closure,sparse_suffix+distance_closure,distance_closure,maxsat,total_break_groups_subject_to_range_at_most_2,bg_d2,full,-,-,-,-,0.7 0,-
tic-14crafa.prec25,sparse_suffix,distance_closure,sparse_suffix+distance_closure,distance_closure,multiple,total_break_groups_subject_to_range_at_most_2,bg_d2,full,-,-,-,-,6.9 0,-
tic-14crafa.prec25,pairwise,direct,pairwise+direct,direct,incremental,total_break_groups_subject_to_range_at_most_2,bg_d2,reduced,-,-,-,-,2.4 0,-
tic-14crafa.prec25,pairwise,direct,pairwise+direct,direct,maxsat,total_break_groups_subject_to_range_at_most_2,bg_d2,reduced,-,-,-,-,1.7 0,-
tic-14crafa.prec25,pairwise,direct,pairwise+direct,direct,multiple,total_break_groups_subject_to_range_at_most_2,bg_d2,reduced,-,-,-,-,2.9 0,-
tic-14crafa.prec25,pairwise,distance_closure,pairwise+distance_closure,direct,incremental,total_break_groups_subject_to_range_at_most_2,bg_d2,reduced,-,-,-,-,3.1 0,-
tic-14crafa.prec25,pairwise,distance_closure,pairwise+distance_closure,direct,maxsat,total_break_groups_subject_to_range_at_most_2,bg_d2,reduced,-,-,-,-,2.4 0,-
tic-14crafa.prec25,pairwise,distance_closure,pairwise+distance_closure,direct,multiple,total_break_groups_subject_to_range_at_most_2,bg_d2,reduced,-,-,-,-,5.4 0,-
tic-14crafa.prec25,sparse_suffix,direct,sparse_suffix+direct,direct,incremental,total_break_groups_subject_to_range_at_most_2,bg_d2,reduced,-,-,-,-,2.5 0,-
tic-14crafa.prec25,sparse_suffix,direct,sparse_suffix+direct,direct,maxsat,total_break_groups_subject_to_range_at_most_2,bg_d2,reduced,-,-,-,-,1.7 0,-
tic-14crafa.prec25,sparse_suffix,direct,sparse_suffix+direct,direct,multiple,total_break_groups_subject_to_range_at_most_2,bg_d2,reduced,-,-,-,-,3.8 0,-
tic-14crafa.prec25,sparse_suffix,distance_closure,sparse_suffix+distance_closure,direct,incremental,total_break_groups_subject_to_range_at_most_2,bg_d2,reduced,-,-,-,-,3.8 0,-
tic-14crafa.prec25,sparse_suffix,distance_closure,sparse_suffix+distance_closure,direct,maxsat,total_break_groups_subject_to_range_at_most_2,bg_d2,reduced,-,-,-,-,0.8 0,-
tic-14crafa.prec25,sparse_suffix,distance_closure,sparse_suffix+distance_closure,direct,multiple,total_break_groups_subject_to_range_at_most_2,bg_d2,reduced,-,-,-,-,4.2 0,-
tic-14crafa.prec25,pairwise,direct,pairwise+direct,distance_closure,incremental,total_break_groups_subject_to_range_at_most_2,bg_d2,reduced,-,-,-,-,2.2 0,-
tic-14crafa.prec25,pairwise,direct,pairwise+direct,distance_closure,maxsat,total_break_groups_subject_to_range_at_most_2,bg_d2,reduced,-,-,-,-,1.5 0,-
tic-14crafa.prec25,pairwise,direct,pairwise+direct,distance_closure,multiple,total_break_groups_subject_to_range_at_most_2,bg_d2,reduced,-,-,-,-,2.6 0,-
tic-14crafa.prec25,pairwise,distance_closure,pairwise+distance_closure,distance_closure,incremental,total_break_groups_subject_to_range_at_most_2,bg_d2,reduced,-,-,-,-,3.0 0,-
tic-14crafa.prec25,pairwise,distance_closure,pairwise+distance_closure,distance_closure,maxsat,total_break_groups_subject_to_range_at_most_2,bg_d2,reduced,-,-,-,-,2.2 0,-
tic-14crafa.prec25,pairwise,distance_closure,pairwise+distance_closure,distance_closure,multiple,total_break_groups_subject_to_range_at_most_2,bg_d2,reduced,-,-,-,-,5.2 0,-
tic-14crafa.prec25,sparse_suffix,direct,sparse_suffix+direct,distance_closure,incremental,total_break_groups_subject_to_range_at_most_2,bg_d2,reduced,-,-,-,-,2.3 0,-
tic-14crafa.prec25,sparse_suffix,direct,sparse_suffix+direct,distance_closure,maxsat,total_break_groups_subject_to_range_at_most_2,bg_d2,reduced,-,-,-,-,1.5 0,-
tic-14crafa.prec25,sparse_suffix,direct,sparse_suffix+direct,distance_closure,multiple,total_break_groups_subject_to_range_at_most_2,bg_d2,reduced,-,-,-,-,3.6 0,-
tic-14crafa.prec25,sparse_suffix,distance_closure,sparse_suffix+distance_closure,distance_closure,incremental,total_break_groups_subject_to_range_at_most_2,bg_d2,reduced,-,-,-,-,3.6 0,-
tic-14crafa.prec25,sparse_suffix,distance_closure,sparse_suffix+distance_closure,distance_closure,maxsat,total_break_groups_subject_to_range_at_most_2,bg_d2,reduced,-,-,-,-,0.7 0,-
tic-14crafa.prec25,sparse_suffix,distance_closure,sparse_suffix+distance_closure,distance_closure,multiple,total_break_groups_subject_to_range_at_most_2,bg_d2,reduced,-,-,-,-,4.0 0,-
tic-14crafc.prec15,pairwise,direct,pairwise+direct,distance_closure,incremental,total_break_groups_subject_to_range_at_most_2,bg_d2,full,-,-,-,-,1.5 0,-
tic-14crafc.prec15,pairwise,direct,pairwise+direct,distance_closure,maxsat,total_break_groups_subject_to_range_at_most_2,bg_d2,full,-,-,-,-,0.7 0,-
tic-14crafc.prec15,pairwise,direct,pairwise+direct,distance_closure,multiple,total_break_groups_subject_to_range_at_most_2,bg_d2,full,-,-,-,-,2.2 0,-
tic-14crafc.prec15,pairwise,distance_closure,pairwise+distance_closure,distance_closure,incremental,total_break_groups_subject_to_range_at_most_2,bg_d2,full,-,-,-,-,1.7 0,-
tic-14crafc.prec15,pairwise,distance_closure,pairwise+distance_closure,distance_closure,maxsat,total_break_groups_subject_to_range_at_most_2,bg_d2,full,-,-,-,-,0.7 0,-
tic-14crafc.prec15,pairwise,distance_closure,pairwise+distance_closure,distance_closure,multiple,total_break_groups_subject_to_range_at_most_2,bg_d2,full,-,-,-,-,1.3 0,-
tic-14crafc.prec15,sparse_suffix,direct,sparse_suffix+direct,distance_closure,incremental,total_break_groups_subject_to_range_at_most_2,bg_d2,full,-,-,-,-,1.7 0,-
tic-14crafc.prec15,sparse_suffix,direct,sparse_suffix+direct,distance_closure,maxsat,total_break_groups_subject_to_range_at_most_2,bg_d2,full,-,-,-,-,0.7 0,-
tic-14crafc.prec15,sparse_suffix,direct,sparse_suffix+direct,distance_closure,multiple,total_break_groups_subject_to_range_at_most_2,bg_d2,full,-,-,-,-,2.1 0,-
tic-14crafc.prec15,sparse_suffix,distance_closure,sparse_suffix+distance_closure,distance_closure,incremental,total_break_groups_subject_to_range_at_most_2,bg_d2,full,-,-,-,-,1.6 0,-
tic-14crafc.prec15,sparse_suffix,distance_closure,sparse_suffix+distance_closure,distance_closure,maxsat,total_break_groups_subject_to_range_at_most_2,bg_d2,full,-,-,-,-,0.7 0,-
tic-14crafc.prec15,sparse_suffix,distance_closure,sparse_suffix+distance_closure,distance_closure,multiple,total_break_groups_subject_to_range_at_most_2,bg_d2,full,-,-,-,-,1.5 0,-
tic-14crafc.prec15,pairwise,direct,pairwise+direct,direct,incremental,total_break_groups_subject_to_range_at_most_2,bg_d2,reduced,-,-,-,-,2.2 0,-
tic-14crafc.prec15,pairwise,direct,pairwise+direct,direct,maxsat,total_break_groups_subject_to_range_at_most_2,bg_d2,reduced,-,-,-,-,0.9 0,-
tic-14crafc.prec15,pairwise,direct,pairwise+direct,direct,multiple,total_break_groups_subject_to_range_at_most_2,bg_d2,reduced,-,-,-,-,2.6 0,-
tic-14crafc.prec15,pairwise,distance_closure,pairwise+distance_closure,direct,incremental,total_break_groups_subject_to_range_at_most_2,bg_d2,reduced,-,-,-,-,1.7 0,-
tic-14crafc.prec15,pairwise,distance_closure,pairwise+distance_closure,direct,maxsat,total_break_groups_subject_to_range_at_most_2,bg_d2,reduced,-,-,-,-,0.9 0,-
tic-14crafc.prec15,pairwise,distance_closure,pairwise+distance_closure,direct,multiple,total_break_groups_subject_to_range_at_most_2,bg_d2,reduced,-,-,-,-,1.8 0,-
tic-14crafc.prec15,sparse_suffix,direct,sparse_suffix+direct,direct,incremental,total_break_groups_subject_to_range_at_most_2,bg_d2,reduced,-,-,-,-,1.3 0,-
tic-14crafc.prec15,sparse_suffix,direct,sparse_suffix+direct,direct,maxsat,total_break_groups_subject_to_range_at_most_2,bg_d2,reduced,-,-,-,-,1.0 0,-
tic-14crafc.prec15,sparse_suffix,direct,sparse_suffix+direct,direct,multiple,total_break_groups_subject_to_range_at_most_2,bg_d2,reduced,-,-,-,-,1.5 0,-
tic-14crafc.prec15,sparse_suffix,distance_closure,sparse_suffix+distance_closure,direct,incremental,total_break_groups_subject_to_range_at_most_2,bg_d2,reduced,-,-,-,-,1.6 0,-
tic-14crafc.prec15,sparse_suffix,distance_closure,sparse_suffix+distance_closure,direct,maxsat,total_break_groups_subject_to_range_at_most_2,bg_d2,reduced,-,-,-,-,1.0 0,-
tic-14crafc.prec15,sparse_suffix,distance_closure,sparse_suffix+distance_closure,direct,multiple,total_break_groups_subject_to_range_at_most_2,bg_d2,reduced,-,-,-,-,2.2 0,-
tic-14crafc.prec15,pairwise,direct,pairwise+direct,distance_closure,incremental,total_break_groups_subject_to_range_at_most_2,bg_d2,reduced,-,-,-,-,1.9 0,-
tic-14crafc.prec15,pairwise,direct,pairwise+direct,distance_closure,maxsat,total_break_groups_subject_to_range_at_most_2,bg_d2,reduced,-,-,-,-,0.7 0,-
tic-14crafc.prec15,pairwise,direct,pairwise+direct,distance_closure,multiple,total_break_groups_subject_to_range_at_most_2,bg_d2,reduced,-,-,-,-,2.2 0,-
tic-14crafc.prec15,pairwise,distance_closure,pairwise+distance_closure,distance_closure,incremental,total_break_groups_subject_to_range_at_most_2,bg_d2,reduced,-,-,-,-,1.4 0,-
tic-14crafc.prec15,pairwise,distance_closure,pairwise+distance_closure,distance_closure,maxsat,total_break_groups_subject_to_range_at_most_2,bg_d2,reduced,-,-,-,-,0.7 0,-
tic-14crafc.prec15,pairwise,distance_closure,pairwise+distance_closure,distance_closure,multiple,total_break_groups_subject_to_range_at_most_2,bg_d2,reduced,-,-,-,-,1.6 0,-
tic-14crafc.prec15,sparse_suffix,direct,sparse_suffix+direct,distance_closure,incremental,total_break_groups_subject_to_range_at_most_2,bg_d2,reduced,-,-,-,-,1.0 0,-
tic-14crafc.prec15,sparse_suffix,direct,sparse_suffix+direct,distance_closure,maxsat,total_break_groups_subject_to_range_at_most_2,bg_d2,reduced,-,-,-,-,0.7 0,-
tic-14crafc.prec15,sparse_suffix,direct,sparse_suffix+direct,distance_closure,multiple,total_break_groups_subject_to_range_at_most_2,bg_d2,reduced,-,-,-,-,1.3 0,-
tic-14crafc.prec15,sparse_suffix,distance_closure,sparse_suffix+distance_closure,distance_closure,incremental,total_break_groups_subject_to_range_at_most_2,bg_d2,reduced,-,-,-,-,1.3 0,-
tic-14crafc.prec15,sparse_suffix,distance_closure,sparse_suffix+distance_closure,distance_closure,maxsat,total_break_groups_subject_to_range_at_most_2,bg_d2,reduced,-,-,-,-,0.7 0,-
tic-14crafc.prec15,sparse_suffix,distance_closure,sparse_suffix+distance_closure,distance_closure,multiple,total_break_groups_subject_to_range_at_most_2,bg_d2,reduced,-,-,-,-,2.0 0,-
tic-14crafc.prec25,pairwise,direct,pairwise+direct,distance_closure,incremental,total_break_groups_subject_to_range_at_most_2,bg_d2,full,-,-,-,-,2.7 0,-
tic-14crafc.prec25,pairwise,direct,pairwise+direct,distance_closure,maxsat,total_break_groups_subject_to_range_at_most_2,bg_d2,full,-,-,-,-,1.2 0,-
tic-14crafc.prec25,pairwise,direct,pairwise+direct,distance_closure,multiple,total_break_groups_subject_to_range_at_most_2,bg_d2,full,-,-,-,-,9.8 0,-
tic-14crafc.prec25,pairwise,distance_closure,pairwise+distance_closure,distance_closure,incremental,total_break_groups_subject_to_range_at_most_2,bg_d2,full,-,-,-,-,6.8 0,-
tic-14crafc.prec25,pairwise,distance_closure,pairwise+distance_closure,distance_closure,maxsat,total_break_groups_subject_to_range_at_most_2,bg_d2,full,-,-,-,-,1.5 0,-
tic-14crafc.prec25,pairwise,distance_closure,pairwise+distance_closure,distance_closure,multiple,total_break_groups_subject_to_range_at_most_2,bg_d2,full,-,-,-,-,6.3 0,-
tic-14crafc.prec25,sparse_suffix,direct,sparse_suffix+direct,distance_closure,incremental,total_break_groups_subject_to_range_at_most_2,bg_d2,full,-,-,-,-,3.3 0,-
tic-14crafc.prec25,sparse_suffix,direct,sparse_suffix+direct,distance_closure,maxsat,total_break_groups_subject_to_range_at_most_2,bg_d2,full,-,-,-,-,1.9 0,-
tic-14crafc.prec25,sparse_suffix,direct,sparse_suffix+direct,distance_closure,multiple,total_break_groups_subject_to_range_at_most_2,bg_d2,full,-,-,-,-,3.8 0,-
tic-14crafc.prec25,sparse_suffix,distance_closure,sparse_suffix+distance_closure,distance_closure,incremental,total_break_groups_subject_to_range_at_most_2,bg_d2,full,-,-,-,-,2.0 0,-
tic-14crafc.prec25,sparse_suffix,distance_closure,sparse_suffix+distance_closure,distance_closure,maxsat,total_break_groups_subject_to_range_at_most_2,bg_d2,full,-,-,-,-,3.2 0,-
tic-14crafc.prec25,sparse_suffix,distance_closure,sparse_suffix+distance_closure,distance_closure,multiple,total_break_groups_subject_to_range_at_most_2,bg_d2,full,-,-,-,-,4.3 0,-
tic-14crafc.prec25,pairwise,direct,pairwise+direct,direct,incremental,total_break_groups_subject_to_range_at_most_2,bg_d2,reduced,-,-,-,-,3.0 0,-
tic-14crafc.prec25,pairwise,direct,pairwise+direct,direct,maxsat,total_break_groups_subject_to_range_at_most_2,bg_d2,reduced,-,-,-,-,1.5 0,-
tic-14crafc.prec25,pairwise,direct,pairwise+direct,direct,multiple,total_break_groups_subject_to_range_at_most_2,bg_d2,reduced,-,-,-,-,4.8 0,-
tic-14crafc.prec25,pairwise,distance_closure,pairwise+distance_closure,direct,incremental,total_break_groups_subject_to_range_at_most_2,bg_d2,reduced,-,-,-,-,3.0 0,-
tic-14crafc.prec25,pairwise,distance_closure,pairwise+distance_closure,direct,maxsat,total_break_groups_subject_to_range_at_most_2,bg_d2,reduced,-,-,-,-,1.8 0,-
tic-14crafc.prec25,pairwise,distance_closure,pairwise+distance_closure,direct,multiple,total_break_groups_subject_to_range_at_most_2,bg_d2,reduced,-,-,-,-,4.5 0,-
tic-14crafc.prec25,sparse_suffix,direct,sparse_suffix+direct,direct,incremental,total_break_groups_subject_to_range_at_most_2,bg_d2,reduced,-,-,-,-,2.8 0,-
tic-14crafc.prec25,sparse_suffix,direct,sparse_suffix+direct,direct,maxsat,total_break_groups_subject_to_range_at_most_2,bg_d2,reduced,-,-,-,-,1.9 0,-
tic-14crafc.prec25,sparse_suffix,direct,sparse_suffix+direct,direct,multiple,total_break_groups_subject_to_range_at_most_2,bg_d2,reduced,-,-,-,-,8.5 0,-
tic-14crafc.prec25,sparse_suffix,distance_closure,sparse_suffix+distance_closure,direct,incremental,total_break_groups_subject_to_range_at_most_2,bg_d2,reduced,-,-,-,-,2.4 0,-
tic-14crafc.prec25,sparse_suffix,distance_closure,sparse_suffix+distance_closure,direct,maxsat,total_break_groups_subject_to_range_at_most_2,bg_d2,reduced,-,-,-,-,0.9 0,-
tic-14crafc.prec25,sparse_suffix,distance_closure,sparse_suffix+distance_closure,direct,multiple,total_break_groups_subject_to_range_at_most_2,bg_d2,reduced,-,-,-,-,4.5 0,-
tic-14crafc.prec25,pairwise,direct,pairwise+direct,distance_closure,incremental,total_break_groups_subject_to_range_at_most_2,bg_d2,reduced,-,-,-,-,2.8 0,-
tic-14crafc.prec25,pairwise,direct,pairwise+direct,distance_closure,maxsat,total_break_groups_subject_to_range_at_most_2,bg_d2,reduced,-,-,-,-,1.3 0,-
tic-14crafc.prec25,pairwise,direct,pairwise+direct,distance_closure,multiple,total_break_groups_subject_to_range_at_most_2,bg_d2,reduced,-,-,-,-,4.6 0,-
tic-14crafc.prec25,pairwise,distance_closure,pairwise+distance_closure,distance_closure,incremental,total_break_groups_subject_to_range_at_most_2,bg_d2,reduced,-,-,-,-,2.9 0,-
tic-14crafc.prec25,pairwise,distance_closure,pairwise+distance_closure,distance_closure,maxsat,total_break_groups_subject_to_range_at_most_2,bg_d2,reduced,-,-,-,-,1.7 0,-
tic-14crafc.prec25,pairwise,distance_closure,pairwise+distance_closure,distance_closure,multiple,total_break_groups_subject_to_range_at_most_2,bg_d2,reduced,-,-,-,-,4.3 0,-
tic-14crafc.prec25,sparse_suffix,direct,sparse_suffix+direct,distance_closure,incremental,total_break_groups_subject_to_range_at_most_2,bg_d2,reduced,-,-,-,-,2.6 0,-
tic-14crafc.prec25,sparse_suffix,direct,sparse_suffix+direct,distance_closure,maxsat,total_break_groups_subject_to_range_at_most_2,bg_d2,reduced,-,-,-,-,1.7 0,-
tic-14crafc.prec25,sparse_suffix,direct,sparse_suffix+direct,distance_closure,multiple,total_break_groups_subject_to_range_at_most_2,bg_d2,reduced,-,-,-,-,8.4 0,-
tic-14crafc.prec25,sparse_suffix,distance_closure,sparse_suffix+distance_closure,distance_closure,incremental,total_break_groups_subject_to_range_at_most_2,bg_d2,reduced,-,-,-,-,2.2 0,-
tic-14crafc.prec25,sparse_suffix,distance_closure,sparse_suffix+distance_closure,distance_closure,maxsat,total_break_groups_subject_to_range_at_most_2,bg_d2,reduced,-,-,-,-,0.7 0,-
tic-14crafc.prec25,sparse_suffix,distance_closure,sparse_suffix+distance_closure,distance_closure,multiple,total_break_groups_subject_to_range_at_most_2,bg_d2,reduced,-,-,-,-,4.3 0,-
tic-14crafd.prec15,pairwise,direct,pairwise+direct,distance_closure,incremental,total_break_groups_subject_to_range_at_most_2,bg_d2,full,-,-,-,-,1.4 0,-
tic-14crafd.prec15,pairwise,direct,pairwise+direct,distance_closure,maxsat,total_break_groups_subject_to_range_at_most_2,bg_d2,full,-,-,-,-,0.6 0,-
tic-14crafd.prec15,pairwise,direct,pairwise+direct,distance_closure,multiple,total_break_groups_subject_to_range_at_most_2,bg_d2,full,-,-,-,-,1.4 0,-
tic-14crafd.prec15,pairwise,distance_closure,pairwise+distance_closure,distance_closure,incremental,total_break_groups_subject_to_range_at_most_2,bg_d2,full,-,-,-,-,1.4 0,-
tic-14crafd.prec15,pairwise,distance_closure,pairwise+distance_closure,distance_closure,maxsat,total_break_groups_subject_to_range_at_most_2,bg_d2,full,-,-,-,-,0.7 0,-
tic-14crafd.prec15,pairwise,distance_closure,pairwise+distance_closure,distance_closure,multiple,total_break_groups_subject_to_range_at_most_2,bg_d2,full,-,-,-,-,1.4 0,-
tic-14crafd.prec15,sparse_suffix,direct,sparse_suffix+direct,distance_closure,incremental,total_break_groups_subject_to_range_at_most_2,bg_d2,full,-,-,-,-,1.3 0,-
tic-14crafd.prec15,sparse_suffix,direct,sparse_suffix+direct,distance_closure,maxsat,total_break_groups_subject_to_range_at_most_2,bg_d2,full,-,-,-,-,0.7 0,-
tic-14crafd.prec15,sparse_suffix,direct,sparse_suffix+direct,distance_closure,multiple,total_break_groups_subject_to_range_at_most_2,bg_d2,full,-,-,-,-,1.4 0,-
tic-14crafd.prec15,sparse_suffix,distance_closure,sparse_suffix+distance_closure,distance_closure,incremental,total_break_groups_subject_to_range_at_most_2,bg_d2,full,-,-,-,-,1.2 0,-
tic-14crafd.prec15,sparse_suffix,distance_closure,sparse_suffix+distance_closure,distance_closure,maxsat,total_break_groups_subject_to_range_at_most_2,bg_d2,full,-,-,-,-,0.7 0,-
tic-14crafd.prec15,sparse_suffix,distance_closure,sparse_suffix+distance_closure,distance_closure,multiple,total_break_groups_subject_to_range_at_most_2,bg_d2,full,-,-,-,-,2.4 0,-
tic-14crafd.prec15,pairwise,direct,pairwise+direct,direct,incremental,total_break_groups_subject_to_range_at_most_2,bg_d2,reduced,-,-,-,-,1.2 0,-
tic-14crafd.prec15,pairwise,direct,pairwise+direct,direct,maxsat,total_break_groups_subject_to_range_at_most_2,bg_d2,reduced,-,-,-,-,0.8 0,-
tic-14crafd.prec15,pairwise,direct,pairwise+direct,direct,multiple,total_break_groups_subject_to_range_at_most_2,bg_d2,reduced,-,-,-,-,1.3 0,-
tic-14crafd.prec15,pairwise,distance_closure,pairwise+distance_closure,direct,incremental,total_break_groups_subject_to_range_at_most_2,bg_d2,reduced,-,-,-,-,1.1 0,-
tic-14crafd.prec15,pairwise,distance_closure,pairwise+distance_closure,direct,maxsat,total_break_groups_subject_to_range_at_most_2,bg_d2,reduced,-,-,-,-,0.7 0,-
tic-14crafd.prec15,pairwise,distance_closure,pairwise+distance_closure,direct,multiple,total_break_groups_subject_to_range_at_most_2,bg_d2,reduced,-,-,-,-,1.4 0,-
tic-14crafd.prec15,sparse_suffix,direct,sparse_suffix+direct,direct,incremental,total_break_groups_subject_to_range_at_most_2,bg_d2,reduced,-,-,-,-,1.0 0,-
tic-14crafd.prec15,sparse_suffix,direct,sparse_suffix+direct,direct,maxsat,total_break_groups_subject_to_range_at_most_2,bg_d2,reduced,-,-,-,-,0.7 0,-
tic-14crafd.prec15,sparse_suffix,direct,sparse_suffix+direct,direct,multiple,total_break_groups_subject_to_range_at_most_2,bg_d2,reduced,-,-,-,-,1.4 0,-
tic-14crafd.prec15,sparse_suffix,distance_closure,sparse_suffix+distance_closure,direct,incremental,total_break_groups_subject_to_range_at_most_2,bg_d2,reduced,-,-,-,-,1.2 0,-
tic-14crafd.prec15,sparse_suffix,distance_closure,sparse_suffix+distance_closure,direct,maxsat,total_break_groups_subject_to_range_at_most_2,bg_d2,reduced,-,-,-,-,0.7 0,-
tic-14crafd.prec15,sparse_suffix,distance_closure,sparse_suffix+distance_closure,direct,multiple,total_break_groups_subject_to_range_at_most_2,bg_d2,reduced,-,-,-,-,1.4 0,-
tic-14crafd.prec15,pairwise,direct,pairwise+direct,distance_closure,incremental,total_break_groups_subject_to_range_at_most_2,bg_d2,reduced,-,-,-,-,1.1 0,-
tic-14crafd.prec15,pairwise,direct,pairwise+direct,distance_closure,maxsat,total_break_groups_subject_to_range_at_most_2,bg_d2,reduced,-,-,-,-,0.7 0,-
tic-14crafd.prec15,pairwise,direct,pairwise+direct,distance_closure,multiple,total_break_groups_subject_to_range_at_most_2,bg_d2,reduced,-,-,-,-,1.3 0,-
tic-14crafd.prec15,pairwise,distance_closure,pairwise+distance_closure,distance_closure,incremental,total_break_groups_subject_to_range_at_most_2,bg_d2,reduced,-,-,-,-,1.0 0,-
tic-14crafd.prec15,pairwise,distance_closure,pairwise+distance_closure,distance_closure,maxsat,total_break_groups_subject_to_range_at_most_2,bg_d2,reduced,-,-,-,-,0.6 0,-
tic-14crafd.prec15,pairwise,distance_closure,pairwise+distance_closure,distance_closure,multiple,total_break_groups_subject_to_range_at_most_2,bg_d2,reduced,-,-,-,-,1.3 0,-
tic-14crafd.prec15,sparse_suffix,direct,sparse_suffix+direct,distance_closure,incremental,total_break_groups_subject_to_range_at_most_2,bg_d2,reduced,-,-,-,-,0.9 0,-
tic-14crafd.prec15,sparse_suffix,direct,sparse_suffix+direct,distance_closure,maxsat,total_break_groups_subject_to_range_at_most_2,bg_d2,reduced,-,-,-,-,0.6 0,-
tic-14crafd.prec15,sparse_suffix,direct,sparse_suffix+direct,distance_closure,multiple,total_break_groups_subject_to_range_at_most_2,bg_d2,reduced,-,-,-,-,1.3 0,-
tic-14crafd.prec15,sparse_suffix,distance_closure,sparse_suffix+distance_closure,distance_closure,incremental,total_break_groups_subject_to_range_at_most_2,bg_d2,reduced,-,-,-,-,1.1 0,-
tic-14crafd.prec15,sparse_suffix,distance_closure,sparse_suffix+distance_closure,distance_closure,maxsat,total_break_groups_subject_to_range_at_most_2,bg_d2,reduced,-,-,-,-,0.6 0,-
tic-14crafd.prec15,sparse_suffix,distance_closure,sparse_suffix+distance_closure,distance_closure,multiple,total_break_groups_subject_to_range_at_most_2,bg_d2,reduced,-,-,-,-,1.3 0,-
tic-14crafd.prec25,pairwise,direct,pairwise+direct,distance_closure,incremental,total_break_groups_subject_to_range_at_most_2,bg_d2,full,-,-,-,-,3.3 0,-
tic-14crafd.prec25,pairwise,direct,pairwise+direct,distance_closure,maxsat,total_break_groups_subject_to_range_at_most_2,bg_d2,full,-,-,-,-,1.2 0,-
tic-14crafd.prec25,pairwise,direct,pairwise+direct,distance_closure,multiple,total_break_groups_subject_to_range_at_most_2,bg_d2,full,-,-,-,-,3.5 0,-
tic-14crafd.prec25,pairwise,distance_closure,pairwise+distance_closure,distance_closure,incremental,total_break_groups_subject_to_range_at_most_2,bg_d2,full,-,-,-,-,3.9 0,-
tic-14crafd.prec25,pairwise,distance_closure,pairwise+distance_closure,distance_closure,maxsat,total_break_groups_subject_to_range_at_most_2,bg_d2,full,-,-,-,-,0.7 0,-
tic-14crafd.prec25,pairwise,distance_closure,pairwise+distance_closure,distance_closure,multiple,total_break_groups_subject_to_range_at_most_2,bg_d2,full,-,-,-,-,3.0 0,-
tic-14crafd.prec25,sparse_suffix,direct,sparse_suffix+direct,distance_closure,incremental,total_break_groups_subject_to_range_at_most_2,bg_d2,full,-,-,-,-,2.7 0,-
tic-14crafd.prec25,sparse_suffix,direct,sparse_suffix+direct,distance_closure,maxsat,total_break_groups_subject_to_range_at_most_2,bg_d2,full,-,-,-,-,1.4 0,-
tic-14crafd.prec25,sparse_suffix,direct,sparse_suffix+direct,distance_closure,multiple,total_break_groups_subject_to_range_at_most_2,bg_d2,full,-,-,-,-,3.5 0,-
tic-14crafd.prec25,sparse_suffix,distance_closure,sparse_suffix+distance_closure,distance_closure,incremental,total_break_groups_subject_to_range_at_most_2,bg_d2,full,-,-,-,-,3.3 0,-
tic-14crafd.prec25,sparse_suffix,distance_closure,sparse_suffix+distance_closure,distance_closure,maxsat,total_break_groups_subject_to_range_at_most_2,bg_d2,full,-,-,-,-,0.7 0,-
tic-14crafd.prec25,sparse_suffix,distance_closure,sparse_suffix+distance_closure,distance_closure,multiple,total_break_groups_subject_to_range_at_most_2,bg_d2,full,-,-,-,-,4.1 0,-
tic-14crafd.prec25,pairwise,direct,pairwise+direct,direct,incremental,total_break_groups_subject_to_range_at_most_2,bg_d2,reduced,-,-,-,-,3.7 0,-
tic-14crafd.prec25,pairwise,direct,pairwise+direct,direct,maxsat,total_break_groups_subject_to_range_at_most_2,bg_d2,reduced,-,-,-,-,1.4 0,-
tic-14crafd.prec25,pairwise,direct,pairwise+direct,direct,multiple,total_break_groups_subject_to_range_at_most_2,bg_d2,reduced,-,-,-,-,4.3 0,-
tic-14crafd.prec25,pairwise,distance_closure,pairwise+distance_closure,direct,incremental,total_break_groups_subject_to_range_at_most_2,bg_d2,reduced,-,-,-,-,2.6 0,-
tic-14crafd.prec25,pairwise,distance_closure,pairwise+distance_closure,direct,maxsat,total_break_groups_subject_to_range_at_most_2,bg_d2,reduced,-,-,-,-,1.5 0,-
tic-14crafd.prec25,pairwise,distance_closure,pairwise+distance_closure,direct,multiple,total_break_groups_subject_to_range_at_most_2,bg_d2,reduced,-,-,-,-,3.7 0,-
tic-14crafd.prec25,sparse_suffix,direct,sparse_suffix+direct,direct,incremental,total_break_groups_subject_to_range_at_most_2,bg_d2,reduced,-,-,-,-,2.9 0,-
tic-14crafd.prec25,sparse_suffix,direct,sparse_suffix+direct,direct,maxsat,total_break_groups_subject_to_range_at_most_2,bg_d2,reduced,-,-,-,-,1.5 0,-
tic-14crafd.prec25,sparse_suffix,direct,sparse_suffix+direct,direct,multiple,total_break_groups_subject_to_range_at_most_2,bg_d2,reduced,-,-,-,-,3.8 0,-
tic-14crafd.prec25,sparse_suffix,distance_closure,sparse_suffix+distance_closure,direct,incremental,total_break_groups_subject_to_range_at_most_2,bg_d2,reduced,-,-,-,-,2.7 0,-
tic-14crafd.prec25,sparse_suffix,distance_closure,sparse_suffix+distance_closure,direct,maxsat,total_break_groups_subject_to_range_at_most_2,bg_d2,reduced,-,-,-,-,1.4 0,-
tic-14crafd.prec25,sparse_suffix,distance_closure,sparse_suffix+distance_closure,direct,multiple,total_break_groups_subject_to_range_at_most_2,bg_d2,reduced,-,-,-,-,2.7 0,-
tic-14crafd.prec25,pairwise,direct,pairwise+direct,distance_closure,incremental,total_break_groups_subject_to_range_at_most_2,bg_d2,reduced,-,-,-,-,3.5 0,-
tic-14crafd.prec25,pairwise,direct,pairwise+direct,distance_closure,maxsat,total_break_groups_subject_to_range_at_most_2,bg_d2,reduced,-,-,-,-,1.2 0,-
tic-14crafd.prec25,pairwise,direct,pairwise+direct,distance_closure,multiple,total_break_groups_subject_to_range_at_most_2,bg_d2,reduced,-,-,-,-,4.1 0,-
tic-14crafd.prec25,pairwise,distance_closure,pairwise+distance_closure,distance_closure,incremental,total_break_groups_subject_to_range_at_most_2,bg_d2,reduced,-,-,-,-,2.5 0,-
tic-14crafd.prec25,pairwise,distance_closure,pairwise+distance_closure,distance_closure,maxsat,total_break_groups_subject_to_range_at_most_2,bg_d2,reduced,-,-,-,-,1.3 0,-
tic-14crafd.prec25,pairwise,distance_closure,pairwise+distance_closure,distance_closure,multiple,total_break_groups_subject_to_range_at_most_2,bg_d2,reduced,-,-,-,-,3.6 0,-
tic-14crafd.prec25,sparse_suffix,direct,sparse_suffix+direct,distance_closure,incremental,total_break_groups_subject_to_range_at_most_2,bg_d2,reduced,-,-,-,-,2.7 0,-
tic-14crafd.prec25,sparse_suffix,direct,sparse_suffix+direct,distance_closure,maxsat,total_break_groups_subject_to_range_at_most_2,bg_d2,reduced,-,-,-,-,1.3 0,-
tic-14crafd.prec25,sparse_suffix,direct,sparse_suffix+direct,distance_closure,multiple,total_break_groups_subject_to_range_at_most_2,bg_d2,reduced,-,-,-,-,3.6 0,-
tic-14crafd.prec25,sparse_suffix,distance_closure,sparse_suffix+distance_closure,distance_closure,incremental,total_break_groups_subject_to_range_at_most_2,bg_d2,reduced,-,-,-,-,2.4 0,-
tic-14crafd.prec25,sparse_suffix,distance_closure,sparse_suffix+distance_closure,distance_closure,maxsat,total_break_groups_subject_to_range_at_most_2,bg_d2,reduced,-,-,-,-,1.3 0,-
tic-14crafd.prec25,sparse_suffix,distance_closure,sparse_suffix+distance_closure,distance_closure,multiple,total_break_groups_subject_to_range_at_most_2,bg_d2,reduced,-,-,-,-,2.7 0,-
ticf-13crafa.prec15,pairwise,direct,pairwise+direct,distance_closure,incremental,total_break_groups_subject_to_range_at_most_2,bg_d2,full,-,-,-,-,4.7 0,-
ticf-13crafa.prec15,pairwise,direct,pairwise+direct,distance_closure,maxsat,total_break_groups_subject_to_range_at_most_2,bg_d2,full,-,-,-,-,5.2 0,-
ticf-13crafa.prec15,pairwise,direct,pairwise+direct,distance_closure,multiple,total_break_groups_subject_to_range_at_most_2,bg_d2,full,-,-,-,-,9.8 0,-
ticf-13crafa.prec15,pairwise,distance_closure,pairwise+distance_closure,distance_closure,incremental,total_break_groups_subject_to_range_at_most_2,bg_d2,full,-,-,-,-,4.8 0,-
ticf-13crafa.prec15,pairwise,distance_closure,pairwise+distance_closure,distance_closure,maxsat,total_break_groups_subject_to_range_at_most_2,bg_d2,full,-,-,-,-,5.1 0,-
ticf-13crafa.prec15,pairwise,distance_closure,pairwise+distance_closure,distance_closure,multiple,total_break_groups_subject_to_range_at_most_2,bg_d2,full,-,-,-,-,9.9 0,-
ticf-13crafa.prec15,sparse_suffix,direct,sparse_suffix+direct,distance_closure,incremental,total_break_groups_subject_to_range_at_most_2,bg_d2,full,-,-,-,-,9.8 0,-
ticf-13crafa.prec15,sparse_suffix,direct,sparse_suffix+direct,distance_closure,maxsat,total_break_groups_subject_to_range_at_most_2,bg_d2,full,-,-,-,-,6.8 0,-
ticf-13crafa.prec15,sparse_suffix,direct,sparse_suffix+direct,distance_closure,multiple,total_break_groups_subject_to_range_at_most_2,bg_d2,full,-,-,-,-,11.4 0,-
ticf-13crafa.prec15,sparse_suffix,distance_closure,sparse_suffix+distance_closure,distance_closure,incremental,total_break_groups_subject_to_range_at_most_2,bg_d2,full,-,-,-,-,9.7 0,-
ticf-13crafa.prec15,sparse_suffix,distance_closure,sparse_suffix+distance_closure,distance_closure,maxsat,total_break_groups_subject_to_range_at_most_2,bg_d2,full,-,-,-,-,6.9 0,-
ticf-13crafa.prec15,sparse_suffix,distance_closure,sparse_suffix+distance_closure,distance_closure,multiple,total_break_groups_subject_to_range_at_most_2,bg_d2,full,-,-,-,-,11.3 0,-
ticf-13crafa.prec15,pairwise,direct,pairwise+direct,direct,incremental,total_break_groups_subject_to_range_at_most_2,bg_d2,reduced,-,-,-,-,7.7 0,-
ticf-13crafa.prec15,pairwise,direct,pairwise+direct,direct,maxsat,total_break_groups_subject_to_range_at_most_2,bg_d2,reduced,-,-,-,-,3.9 0,-
ticf-13crafa.prec15,pairwise,direct,pairwise+direct,direct,multiple,total_break_groups_subject_to_range_at_most_2,bg_d2,reduced,-,-,-,-,5.9 0,-
ticf-13crafa.prec15,pairwise,distance_closure,pairwise+distance_closure,direct,incremental,total_break_groups_subject_to_range_at_most_2,bg_d2,reduced,-,-,-,-,7.9 0,-
ticf-13crafa.prec15,pairwise,distance_closure,pairwise+distance_closure,direct,maxsat,total_break_groups_subject_to_range_at_most_2,bg_d2,reduced,-,-,-,-,3.9 0,-
ticf-13crafa.prec15,pairwise,distance_closure,pairwise+distance_closure,direct,multiple,total_break_groups_subject_to_range_at_most_2,bg_d2,reduced,-,-,-,-,6.0 0,-
ticf-13crafa.prec15,sparse_suffix,direct,sparse_suffix+direct,direct,incremental,total_break_groups_subject_to_range_at_most_2,bg_d2,reduced,-,-,-,-,6.0 0,-
ticf-13crafa.prec15,sparse_suffix,direct,sparse_suffix+direct,direct,maxsat,total_break_groups_subject_to_range_at_most_2,bg_d2,reduced,-,-,-,-,6.4 0,-
ticf-13crafa.prec15,sparse_suffix,direct,sparse_suffix+direct,direct,multiple,total_break_groups_subject_to_range_at_most_2,bg_d2,reduced,-,-,-,-,13.5 0,-
ticf-13crafa.prec15,sparse_suffix,distance_closure,sparse_suffix+distance_closure,direct,incremental,total_break_groups_subject_to_range_at_most_2,bg_d2,reduced,-,-,-,-,6.0 0,-
ticf-13crafa.prec15,sparse_suffix,distance_closure,sparse_suffix+distance_closure,direct,maxsat,total_break_groups_subject_to_range_at_most_2,bg_d2,reduced,-,-,-,-,6.3 0,-
ticf-13crafa.prec15,sparse_suffix,distance_closure,sparse_suffix+distance_closure,direct,multiple,total_break_groups_subject_to_range_at_most_2,bg_d2,reduced,-,-,-,-,13.6 0,-
ticf-13crafa.prec15,pairwise,direct,pairwise+direct,distance_closure,incremental,total_break_groups_subject_to_range_at_most_2,bg_d2,reduced,-,-,-,-,7.8 0,-
ticf-13crafa.prec15,pairwise,direct,pairwise+direct,distance_closure,maxsat,total_break_groups_subject_to_range_at_most_2,bg_d2,reduced,-,-,-,-,3.9 0,-
ticf-13crafa.prec15,pairwise,direct,pairwise+direct,distance_closure,multiple,total_break_groups_subject_to_range_at_most_2,bg_d2,reduced,-,-,-,-,6.0 0,-
ticf-13crafa.prec15,pairwise,distance_closure,pairwise+distance_closure,distance_closure,incremental,total_break_groups_subject_to_range_at_most_2,bg_d2,reduced,-,-,-,-,7.8 0,-
ticf-13crafa.prec15,pairwise,distance_closure,pairwise+distance_closure,distance_closure,maxsat,total_break_groups_subject_to_range_at_most_2,bg_d2,reduced,-,-,-,-,3.9 0,-
ticf-13crafa.prec15,pairwise,distance_closure,pairwise+distance_closure,distance_closure,multiple,total_break_groups_subject_to_range_at_most_2,bg_d2,reduced,-,-,-,-,6.0 0,-
ticf-13crafa.prec15,sparse_suffix,direct,sparse_suffix+direct,distance_closure,incremental,total_break_groups_subject_to_range_at_most_2,bg_d2,reduced,-,-,-,-,5.9 0,-
ticf-13crafa.prec15,sparse_suffix,direct,sparse_suffix+direct,distance_closure,maxsat,total_break_groups_subject_to_range_at_most_2,bg_d2,reduced,-,-,-,-,6.3 0,-
ticf-13crafa.prec15,sparse_suffix,direct,sparse_suffix+direct,distance_closure,multiple,total_break_groups_subject_to_range_at_most_2,bg_d2,reduced,-,-,-,-,13.3 0,-
ticf-13crafa.prec15,sparse_suffix,distance_closure,sparse_suffix+distance_closure,distance_closure,incremental,total_break_groups_subject_to_range_at_most_2,bg_d2,reduced,-,-,-,-,5.9 0,-
ticf-13crafa.prec15,sparse_suffix,distance_closure,sparse_suffix+distance_closure,distance_closure,maxsat,total_break_groups_subject_to_range_at_most_2,bg_d2,reduced,-,-,-,-,6.2 0,-
ticf-13crafa.prec15,sparse_suffix,distance_closure,sparse_suffix+distance_closure,distance_closure,multiple,total_break_groups_subject_to_range_at_most_2,bg_d2,reduced,-,-,-,-,13.2 0,-
ticf-13crafa.prec25,pairwise,direct,pairwise+direct,distance_closure,incremental,total_break_groups_subject_to_range_at_most_2,bg_d2,full,-,-,-,-,UNSAT,-
ticf-13crafa.prec25,pairwise,direct,pairwise+direct,distance_closure,maxsat,total_break_groups_subject_to_range_at_most_2,bg_d2,full,-,-,-,-,UNSAT,-
ticf-13crafa.prec25,pairwise,direct,pairwise+direct,distance_closure,multiple,total_break_groups_subject_to_range_at_most_2,bg_d2,full,-,-,-,-,UNSAT,-
ticf-13crafa.prec25,pairwise,distance_closure,pairwise+distance_closure,distance_closure,incremental,total_break_groups_subject_to_range_at_most_2,bg_d2,full,-,-,-,-,UNSAT,-
ticf-13crafa.prec25,pairwise,distance_closure,pairwise+distance_closure,distance_closure,maxsat,total_break_groups_subject_to_range_at_most_2,bg_d2,full,-,-,-,-,UNSAT,-
ticf-13crafa.prec25,pairwise,distance_closure,pairwise+distance_closure,distance_closure,multiple,total_break_groups_subject_to_range_at_most_2,bg_d2,full,-,-,-,-,UNSAT,-
ticf-13crafa.prec25,sparse_suffix,direct,sparse_suffix+direct,distance_closure,incremental,total_break_groups_subject_to_range_at_most_2,bg_d2,full,-,-,-,-,UNSAT,-
ticf-13crafa.prec25,sparse_suffix,direct,sparse_suffix+direct,distance_closure,maxsat,total_break_groups_subject_to_range_at_most_2,bg_d2,full,-,-,-,-,UNSAT,-
ticf-13crafa.prec25,sparse_suffix,direct,sparse_suffix+direct,distance_closure,multiple,total_break_groups_subject_to_range_at_most_2,bg_d2,full,-,-,-,-,UNSAT,-
ticf-13crafa.prec25,sparse_suffix,distance_closure,sparse_suffix+distance_closure,distance_closure,incremental,total_break_groups_subject_to_range_at_most_2,bg_d2,full,-,-,-,-,UNSAT,-
ticf-13crafa.prec25,sparse_suffix,distance_closure,sparse_suffix+distance_closure,distance_closure,maxsat,total_break_groups_subject_to_range_at_most_2,bg_d2,full,-,-,-,-,UNSAT,-
ticf-13crafa.prec25,sparse_suffix,distance_closure,sparse_suffix+distance_closure,distance_closure,multiple,total_break_groups_subject_to_range_at_most_2,bg_d2,full,-,-,-,-,UNSAT,-
ticf-13crafa.prec25,pairwise,direct,pairwise+direct,direct,incremental,total_break_groups_subject_to_range_at_most_2,bg_d2,reduced,-,-,-,-,UNSAT,-
ticf-13crafa.prec25,pairwise,direct,pairwise+direct,direct,maxsat,total_break_groups_subject_to_range_at_most_2,bg_d2,reduced,-,-,-,-,UNSAT,-
ticf-13crafa.prec25,pairwise,direct,pairwise+direct,direct,multiple,total_break_groups_subject_to_range_at_most_2,bg_d2,reduced,-,-,-,-,UNSAT,-
ticf-13crafa.prec25,pairwise,distance_closure,pairwise+distance_closure,direct,incremental,total_break_groups_subject_to_range_at_most_2,bg_d2,reduced,-,-,-,-,UNSAT,-
ticf-13crafa.prec25,pairwise,distance_closure,pairwise+distance_closure,direct,maxsat,total_break_groups_subject_to_range_at_most_2,bg_d2,reduced,-,-,-,-,UNSAT,-
ticf-13crafa.prec25,pairwise,distance_closure,pairwise+distance_closure,direct,multiple,total_break_groups_subject_to_range_at_most_2,bg_d2,reduced,-,-,-,-,UNSAT,-
ticf-13crafa.prec25,sparse_suffix,direct,sparse_suffix+direct,direct,incremental,total_break_groups_subject_to_range_at_most_2,bg_d2,reduced,-,-,-,-,UNSAT,-
ticf-13crafa.prec25,sparse_suffix,direct,sparse_suffix+direct,direct,maxsat,total_break_groups_subject_to_range_at_most_2,bg_d2,reduced,-,-,-,-,UNSAT,-
ticf-13crafa.prec25,sparse_suffix,direct,sparse_suffix+direct,direct,multiple,total_break_groups_subject_to_range_at_most_2,bg_d2,reduced,-,-,-,-,UNSAT,-
ticf-13crafa.prec25,sparse_suffix,distance_closure,sparse_suffix+distance_closure,direct,incremental,total_break_groups_subject_to_range_at_most_2,bg_d2,reduced,-,-,-,-,UNSAT,-
ticf-13crafa.prec25,sparse_suffix,distance_closure,sparse_suffix+distance_closure,direct,maxsat,total_break_groups_subject_to_range_at_most_2,bg_d2,reduced,-,-,-,-,UNSAT,-
ticf-13crafa.prec25,sparse_suffix,distance_closure,sparse_suffix+distance_closure,direct,multiple,total_break_groups_subject_to_range_at_most_2,bg_d2,reduced,-,-,-,-,UNSAT,-
ticf-13crafa.prec25,pairwise,direct,pairwise+direct,distance_closure,incremental,total_break_groups_subject_to_range_at_most_2,bg_d2,reduced,-,-,-,-,UNSAT,-
ticf-13crafa.prec25,pairwise,direct,pairwise+direct,distance_closure,maxsat,total_break_groups_subject_to_range_at_most_2,bg_d2,reduced,-,-,-,-,UNSAT,-
ticf-13crafa.prec25,pairwise,direct,pairwise+direct,distance_closure,multiple,total_break_groups_subject_to_range_at_most_2,bg_d2,reduced,-,-,-,-,UNSAT,-
ticf-13crafa.prec25,pairwise,distance_closure,pairwise+distance_closure,distance_closure,incremental,total_break_groups_subject_to_range_at_most_2,bg_d2,reduced,-,-,-,-,UNSAT,-
ticf-13crafa.prec25,pairwise,distance_closure,pairwise+distance_closure,distance_closure,maxsat,total_break_groups_subject_to_range_at_most_2,bg_d2,reduced,-,-,-,-,UNSAT,-
ticf-13crafa.prec25,pairwise,distance_closure,pairwise+distance_closure,distance_closure,multiple,total_break_groups_subject_to_range_at_most_2,bg_d2,reduced,-,-,-,-,UNSAT,-
ticf-13crafa.prec25,sparse_suffix,direct,sparse_suffix+direct,distance_closure,incremental,total_break_groups_subject_to_range_at_most_2,bg_d2,reduced,-,-,-,-,UNSAT,-
ticf-13crafa.prec25,sparse_suffix,direct,sparse_suffix+direct,distance_closure,maxsat,total_break_groups_subject_to_range_at_most_2,bg_d2,reduced,-,-,-,-,UNSAT,-
ticf-13crafa.prec25,sparse_suffix,direct,sparse_suffix+direct,distance_closure,multiple,total_break_groups_subject_to_range_at_most_2,bg_d2,reduced,-,-,-,-,UNSAT,-
ticf-13crafa.prec25,sparse_suffix,distance_closure,sparse_suffix+distance_closure,distance_closure,incremental,total_break_groups_subject_to_range_at_most_2,bg_d2,reduced,-,-,-,-,UNSAT,-
ticf-13crafa.prec25,sparse_suffix,distance_closure,sparse_suffix+distance_closure,distance_closure,maxsat,total_break_groups_subject_to_range_at_most_2,bg_d2,reduced,-,-,-,-,UNSAT,-
ticf-13crafa.prec25,sparse_suffix,distance_closure,sparse_suffix+distance_closure,distance_closure,multiple,total_break_groups_subject_to_range_at_most_2,bg_d2,reduced,-,-,-,-,UNSAT,-
ticf-13crafb.prec15,pairwise,direct,pairwise+direct,distance_closure,incremental,total_break_groups_subject_to_range_at_most_2,bg_d2,full,-,-,-,-,UNSAT,-
ticf-13crafb.prec15,pairwise,direct,pairwise+direct,distance_closure,maxsat,total_break_groups_subject_to_range_at_most_2,bg_d2,full,-,-,-,-,UNSAT,-
ticf-13crafb.prec15,pairwise,direct,pairwise+direct,distance_closure,multiple,total_break_groups_subject_to_range_at_most_2,bg_d2,full,-,-,-,-,UNSAT,-
ticf-13crafb.prec15,pairwise,distance_closure,pairwise+distance_closure,distance_closure,incremental,total_break_groups_subject_to_range_at_most_2,bg_d2,full,-,-,-,-,UNSAT,-
ticf-13crafb.prec15,pairwise,distance_closure,pairwise+distance_closure,distance_closure,maxsat,total_break_groups_subject_to_range_at_most_2,bg_d2,full,-,-,-,-,UNSAT,-
ticf-13crafb.prec15,pairwise,distance_closure,pairwise+distance_closure,distance_closure,multiple,total_break_groups_subject_to_range_at_most_2,bg_d2,full,-,-,-,-,UNSAT,-
ticf-13crafb.prec15,sparse_suffix,direct,sparse_suffix+direct,distance_closure,incremental,total_break_groups_subject_to_range_at_most_2,bg_d2,full,-,-,-,-,UNSAT,-
ticf-13crafb.prec15,sparse_suffix,direct,sparse_suffix+direct,distance_closure,maxsat,total_break_groups_subject_to_range_at_most_2,bg_d2,full,-,-,-,-,UNSAT,-
ticf-13crafb.prec15,sparse_suffix,direct,sparse_suffix+direct,distance_closure,multiple,total_break_groups_subject_to_range_at_most_2,bg_d2,full,-,-,-,-,UNSAT,-
ticf-13crafb.prec15,sparse_suffix,distance_closure,sparse_suffix+distance_closure,distance_closure,incremental,total_break_groups_subject_to_range_at_most_2,bg_d2,full,-,-,-,-,UNSAT,-
ticf-13crafb.prec15,sparse_suffix,distance_closure,sparse_suffix+distance_closure,distance_closure,maxsat,total_break_groups_subject_to_range_at_most_2,bg_d2,full,-,-,-,-,UNSAT,-
ticf-13crafb.prec15,sparse_suffix,distance_closure,sparse_suffix+distance_closure,distance_closure,multiple,total_break_groups_subject_to_range_at_most_2,bg_d2,full,-,-,-,-,UNSAT,-
ticf-13crafb.prec15,pairwise,direct,pairwise+direct,direct,incremental,total_break_groups_subject_to_range_at_most_2,bg_d2,reduced,-,-,-,-,UNSAT,-
ticf-13crafb.prec15,pairwise,direct,pairwise+direct,direct,maxsat,total_break_groups_subject_to_range_at_most_2,bg_d2,reduced,-,-,-,-,UNSAT,-
ticf-13crafb.prec15,pairwise,direct,pairwise+direct,direct,multiple,total_break_groups_subject_to_range_at_most_2,bg_d2,reduced,-,-,-,-,UNSAT,-
ticf-13crafb.prec15,pairwise,distance_closure,pairwise+distance_closure,direct,incremental,total_break_groups_subject_to_range_at_most_2,bg_d2,reduced,-,-,-,-,UNSAT,-
ticf-13crafb.prec15,pairwise,distance_closure,pairwise+distance_closure,direct,maxsat,total_break_groups_subject_to_range_at_most_2,bg_d2,reduced,-,-,-,-,UNSAT,-
ticf-13crafb.prec15,pairwise,distance_closure,pairwise+distance_closure,direct,multiple,total_break_groups_subject_to_range_at_most_2,bg_d2,reduced,-,-,-,-,UNSAT,-
ticf-13crafb.prec15,sparse_suffix,direct,sparse_suffix+direct,direct,incremental,total_break_groups_subject_to_range_at_most_2,bg_d2,reduced,-,-,-,-,UNSAT,-
ticf-13crafb.prec15,sparse_suffix,direct,sparse_suffix+direct,direct,maxsat,total_break_groups_subject_to_range_at_most_2,bg_d2,reduced,-,-,-,-,UNSAT,-
ticf-13crafb.prec15,sparse_suffix,direct,sparse_suffix+direct,direct,multiple,total_break_groups_subject_to_range_at_most_2,bg_d2,reduced,-,-,-,-,UNSAT,-
ticf-13crafb.prec15,sparse_suffix,distance_closure,sparse_suffix+distance_closure,direct,incremental,total_break_groups_subject_to_range_at_most_2,bg_d2,reduced,-,-,-,-,UNSAT,-
ticf-13crafb.prec15,sparse_suffix,distance_closure,sparse_suffix+distance_closure,direct,maxsat,total_break_groups_subject_to_range_at_most_2,bg_d2,reduced,-,-,-,-,UNSAT,-
ticf-13crafb.prec15,sparse_suffix,distance_closure,sparse_suffix+distance_closure,direct,multiple,total_break_groups_subject_to_range_at_most_2,bg_d2,reduced,-,-,-,-,UNSAT,-
ticf-13crafb.prec15,pairwise,direct,pairwise+direct,distance_closure,incremental,total_break_groups_subject_to_range_at_most_2,bg_d2,reduced,-,-,-,-,UNSAT,-
ticf-13crafb.prec15,pairwise,direct,pairwise+direct,distance_closure,maxsat,total_break_groups_subject_to_range_at_most_2,bg_d2,reduced,-,-,-,-,UNSAT,-
ticf-13crafb.prec15,pairwise,direct,pairwise+direct,distance_closure,multiple,total_break_groups_subject_to_range_at_most_2,bg_d2,reduced,-,-,-,-,UNSAT,-
ticf-13crafb.prec15,pairwise,distance_closure,pairwise+distance_closure,distance_closure,incremental,total_break_groups_subject_to_range_at_most_2,bg_d2,reduced,-,-,-,-,UNSAT,-
ticf-13crafb.prec15,pairwise,distance_closure,pairwise+distance_closure,distance_closure,maxsat,total_break_groups_subject_to_range_at_most_2,bg_d2,reduced,-,-,-,-,UNSAT,-
ticf-13crafb.prec15,pairwise,distance_closure,pairwise+distance_closure,distance_closure,multiple,total_break_groups_subject_to_range_at_most_2,bg_d2,reduced,-,-,-,-,UNSAT,-
ticf-13crafb.prec15,sparse_suffix,direct,sparse_suffix+direct,distance_closure,incremental,total_break_groups_subject_to_range_at_most_2,bg_d2,reduced,-,-,-,-,UNSAT,-
ticf-13crafb.prec15,sparse_suffix,direct,sparse_suffix+direct,distance_closure,maxsat,total_break_groups_subject_to_range_at_most_2,bg_d2,reduced,-,-,-,-,UNSAT,-
ticf-13crafb.prec15,sparse_suffix,direct,sparse_suffix+direct,distance_closure,multiple,total_break_groups_subject_to_range_at_most_2,bg_d2,reduced,-,-,-,-,UNSAT,-
ticf-13crafb.prec15,sparse_suffix,distance_closure,sparse_suffix+distance_closure,distance_closure,incremental,total_break_groups_subject_to_range_at_most_2,bg_d2,reduced,-,-,-,-,UNSAT,-
ticf-13crafb.prec15,sparse_suffix,distance_closure,sparse_suffix+distance_closure,distance_closure,maxsat,total_break_groups_subject_to_range_at_most_2,bg_d2,reduced,-,-,-,-,UNSAT,-
ticf-13crafb.prec15,sparse_suffix,distance_closure,sparse_suffix+distance_closure,distance_closure,multiple,total_break_groups_subject_to_range_at_most_2,bg_d2,reduced,-,-,-,-,UNSAT,-
ticf-13crafb.prec25,pairwise,direct,pairwise+direct,distance_closure,incremental,total_break_groups_subject_to_range_at_most_2,bg_d2,full,-,-,-,-,UNSAT,-
ticf-13crafb.prec25,pairwise,direct,pairwise+direct,distance_closure,maxsat,total_break_groups_subject_to_range_at_most_2,bg_d2,full,-,-,-,-,UNSAT,-
ticf-13crafb.prec25,pairwise,direct,pairwise+direct,distance_closure,multiple,total_break_groups_subject_to_range_at_most_2,bg_d2,full,-,-,-,-,UNSAT,-
ticf-13crafb.prec25,pairwise,distance_closure,pairwise+distance_closure,distance_closure,incremental,total_break_groups_subject_to_range_at_most_2,bg_d2,full,-,-,-,-,UNSAT,-
ticf-13crafb.prec25,pairwise,distance_closure,pairwise+distance_closure,distance_closure,maxsat,total_break_groups_subject_to_range_at_most_2,bg_d2,full,-,-,-,-,UNSAT,-
ticf-13crafb.prec25,pairwise,distance_closure,pairwise+distance_closure,distance_closure,multiple,total_break_groups_subject_to_range_at_most_2,bg_d2,full,-,-,-,-,UNSAT,-
ticf-13crafb.prec25,sparse_suffix,direct,sparse_suffix+direct,distance_closure,incremental,total_break_groups_subject_to_range_at_most_2,bg_d2,full,-,-,-,-,UNSAT,-
ticf-13crafb.prec25,sparse_suffix,direct,sparse_suffix+direct,distance_closure,maxsat,total_break_groups_subject_to_range_at_most_2,bg_d2,full,-,-,-,-,UNSAT,-
ticf-13crafb.prec25,sparse_suffix,direct,sparse_suffix+direct,distance_closure,multiple,total_break_groups_subject_to_range_at_most_2,bg_d2,full,-,-,-,-,UNSAT,-
ticf-13crafb.prec25,sparse_suffix,distance_closure,sparse_suffix+distance_closure,distance_closure,incremental,total_break_groups_subject_to_range_at_most_2,bg_d2,full,-,-,-,-,UNSAT,-
ticf-13crafb.prec25,sparse_suffix,distance_closure,sparse_suffix+distance_closure,distance_closure,maxsat,total_break_groups_subject_to_range_at_most_2,bg_d2,full,-,-,-,-,UNSAT,-
ticf-13crafb.prec25,sparse_suffix,distance_closure,sparse_suffix+distance_closure,distance_closure,multiple,total_break_groups_subject_to_range_at_most_2,bg_d2,full,-,-,-,-,UNSAT,-
ticf-13crafb.prec25,pairwise,direct,pairwise+direct,direct,incremental,total_break_groups_subject_to_range_at_most_2,bg_d2,reduced,-,-,-,-,UNSAT,-
ticf-13crafb.prec25,pairwise,direct,pairwise+direct,direct,maxsat,total_break_groups_subject_to_range_at_most_2,bg_d2,reduced,-,-,-,-,UNSAT,-
ticf-13crafb.prec25,pairwise,direct,pairwise+direct,direct,multiple,total_break_groups_subject_to_range_at_most_2,bg_d2,reduced,-,-,-,-,UNSAT,-
ticf-13crafb.prec25,pairwise,distance_closure,pairwise+distance_closure,direct,incremental,total_break_groups_subject_to_range_at_most_2,bg_d2,reduced,-,-,-,-,UNSAT,-
ticf-13crafb.prec25,pairwise,distance_closure,pairwise+distance_closure,direct,maxsat,total_break_groups_subject_to_range_at_most_2,bg_d2,reduced,-,-,-,-,UNSAT,-
ticf-13crafb.prec25,pairwise,distance_closure,pairwise+distance_closure,direct,multiple,total_break_groups_subject_to_range_at_most_2,bg_d2,reduced,-,-,-,-,UNSAT,-
ticf-13crafb.prec25,sparse_suffix,direct,sparse_suffix+direct,direct,incremental,total_break_groups_subject_to_range_at_most_2,bg_d2,reduced,-,-,-,-,UNSAT,-
ticf-13crafb.prec25,sparse_suffix,direct,sparse_suffix+direct,direct,maxsat,total_break_groups_subject_to_range_at_most_2,bg_d2,reduced,-,-,-,-,UNSAT,-
ticf-13crafb.prec25,sparse_suffix,direct,sparse_suffix+direct,direct,multiple,total_break_groups_subject_to_range_at_most_2,bg_d2,reduced,-,-,-,-,UNSAT,-
ticf-13crafb.prec25,sparse_suffix,distance_closure,sparse_suffix+distance_closure,direct,incremental,total_break_groups_subject_to_range_at_most_2,bg_d2,reduced,-,-,-,-,UNSAT,-
ticf-13crafb.prec25,sparse_suffix,distance_closure,sparse_suffix+distance_closure,direct,maxsat,total_break_groups_subject_to_range_at_most_2,bg_d2,reduced,-,-,-,-,UNSAT,-
ticf-13crafb.prec25,sparse_suffix,distance_closure,sparse_suffix+distance_closure,direct,multiple,total_break_groups_subject_to_range_at_most_2,bg_d2,reduced,-,-,-,-,UNSAT,-
ticf-13crafb.prec25,pairwise,direct,pairwise+direct,distance_closure,incremental,total_break_groups_subject_to_range_at_most_2,bg_d2,reduced,-,-,-,-,UNSAT,-
ticf-13crafb.prec25,pairwise,direct,pairwise+direct,distance_closure,maxsat,total_break_groups_subject_to_range_at_most_2,bg_d2,reduced,-,-,-,-,UNSAT,-
ticf-13crafb.prec25,pairwise,direct,pairwise+direct,distance_closure,multiple,total_break_groups_subject_to_range_at_most_2,bg_d2,reduced,-,-,-,-,UNSAT,-
ticf-13crafb.prec25,pairwise,distance_closure,pairwise+distance_closure,distance_closure,incremental,total_break_groups_subject_to_range_at_most_2,bg_d2,reduced,-,-,-,-,UNSAT,-
ticf-13crafb.prec25,pairwise,distance_closure,pairwise+distance_closure,distance_closure,maxsat,total_break_groups_subject_to_range_at_most_2,bg_d2,reduced,-,-,-,-,UNSAT,-
ticf-13crafb.prec25,pairwise,distance_closure,pairwise+distance_closure,distance_closure,multiple,total_break_groups_subject_to_range_at_most_2,bg_d2,reduced,-,-,-,-,UNSAT,-
ticf-13crafb.prec25,sparse_suffix,direct,sparse_suffix+direct,distance_closure,incremental,total_break_groups_subject_to_range_at_most_2,bg_d2,reduced,-,-,-,-,UNSAT,-
ticf-13crafb.prec25,sparse_suffix,direct,sparse_suffix+direct,distance_closure,maxsat,total_break_groups_subject_to_range_at_most_2,bg_d2,reduced,-,-,-,-,UNSAT,-
ticf-13crafb.prec25,sparse_suffix,direct,sparse_suffix+direct,distance_closure,multiple,total_break_groups_subject_to_range_at_most_2,bg_d2,reduced,-,-,-,-,UNSAT,-
ticf-13crafb.prec25,sparse_suffix,distance_closure,sparse_suffix+distance_closure,distance_closure,incremental,total_break_groups_subject_to_range_at_most_2,bg_d2,reduced,-,-,-,-,UNSAT,-
ticf-13crafb.prec25,sparse_suffix,distance_closure,sparse_suffix+distance_closure,distance_closure,maxsat,total_break_groups_subject_to_range_at_most_2,bg_d2,reduced,-,-,-,-,UNSAT,-
ticf-13crafb.prec25,sparse_suffix,distance_closure,sparse_suffix+distance_closure,distance_closure,multiple,total_break_groups_subject_to_range_at_most_2,bg_d2,reduced,-,-,-,-,UNSAT,-
ticf-13crafc.prec15,pairwise,direct,pairwise+direct,distance_closure,incremental,total_break_groups_subject_to_range_at_most_2,bg_d2,full,-,-,-,-,17.9 1,-
ticf-13crafc.prec15,pairwise,direct,pairwise+direct,distance_closure,maxsat,total_break_groups_subject_to_range_at_most_2,bg_d2,full,-,-,-,-,20.5 1,-
ticf-13crafc.prec15,pairwise,direct,pairwise+direct,distance_closure,multiple,total_break_groups_subject_to_range_at_most_2,bg_d2,full,-,-,-,-,45.7 1,-
ticf-13crafc.prec15,pairwise,distance_closure,pairwise+distance_closure,distance_closure,incremental,total_break_groups_subject_to_range_at_most_2,bg_d2,full,-,-,-,-,18.0 1,-
ticf-13crafc.prec15,pairwise,distance_closure,pairwise+distance_closure,distance_closure,maxsat,total_break_groups_subject_to_range_at_most_2,bg_d2,full,-,-,-,-,20.5 1,-
ticf-13crafc.prec15,pairwise,distance_closure,pairwise+distance_closure,distance_closure,multiple,total_break_groups_subject_to_range_at_most_2,bg_d2,full,-,-,-,-,45.3 1,-
ticf-13crafc.prec15,sparse_suffix,direct,sparse_suffix+direct,distance_closure,incremental,total_break_groups_subject_to_range_at_most_2,bg_d2,full,-,-,-,-,15.0 1,-
ticf-13crafc.prec15,sparse_suffix,direct,sparse_suffix+direct,distance_closure,maxsat,total_break_groups_subject_to_range_at_most_2,bg_d2,full,-,-,-,-,25.2 1,-
ticf-13crafc.prec15,sparse_suffix,direct,sparse_suffix+direct,distance_closure,multiple,total_break_groups_subject_to_range_at_most_2,bg_d2,full,-,-,-,-,42.7 1,-
ticf-13crafc.prec15,sparse_suffix,distance_closure,sparse_suffix+distance_closure,distance_closure,incremental,total_break_groups_subject_to_range_at_most_2,bg_d2,full,-,-,-,-,15.2 1,-
ticf-13crafc.prec15,sparse_suffix,distance_closure,sparse_suffix+distance_closure,distance_closure,maxsat,total_break_groups_subject_to_range_at_most_2,bg_d2,full,-,-,-,-,25.2 1,-
ticf-13crafc.prec15,sparse_suffix,distance_closure,sparse_suffix+distance_closure,distance_closure,multiple,total_break_groups_subject_to_range_at_most_2,bg_d2,full,-,-,-,-,42.6 1,-
ticf-13crafc.prec15,pairwise,direct,pairwise+direct,direct,incremental,total_break_groups_subject_to_range_at_most_2,bg_d2,reduced,-,-,-,-,13.9 1,-
ticf-13crafc.prec15,pairwise,direct,pairwise+direct,direct,maxsat,total_break_groups_subject_to_range_at_most_2,bg_d2,reduced,-,-,-,-,12.7 1,-
ticf-13crafc.prec15,pairwise,direct,pairwise+direct,direct,multiple,total_break_groups_subject_to_range_at_most_2,bg_d2,reduced,-,-,-,-,37.4 1,-
ticf-13crafc.prec15,pairwise,distance_closure,pairwise+distance_closure,direct,incremental,total_break_groups_subject_to_range_at_most_2,bg_d2,reduced,-,-,-,-,13.8 1,-
ticf-13crafc.prec15,pairwise,distance_closure,pairwise+distance_closure,direct,maxsat,total_break_groups_subject_to_range_at_most_2,bg_d2,reduced,-,-,-,-,12.8 1,-
ticf-13crafc.prec15,pairwise,distance_closure,pairwise+distance_closure,direct,multiple,total_break_groups_subject_to_range_at_most_2,bg_d2,reduced,-,-,-,-,37.3 1,-
ticf-13crafc.prec15,sparse_suffix,direct,sparse_suffix+direct,direct,incremental,total_break_groups_subject_to_range_at_most_2,bg_d2,reduced,-,-,-,-,23.0 1,-
ticf-13crafc.prec15,sparse_suffix,direct,sparse_suffix+direct,direct,maxsat,total_break_groups_subject_to_range_at_most_2,bg_d2,reduced,-,-,-,-,10.7 1,-
ticf-13crafc.prec15,sparse_suffix,direct,sparse_suffix+direct,direct,multiple,total_break_groups_subject_to_range_at_most_2,bg_d2,reduced,-,-,-,-,35.4 1,-
ticf-13crafc.prec15,sparse_suffix,distance_closure,sparse_suffix+distance_closure,direct,incremental,total_break_groups_subject_to_range_at_most_2,bg_d2,reduced,-,-,-,-,21.9 1,-
ticf-13crafc.prec15,sparse_suffix,distance_closure,sparse_suffix+distance_closure,direct,maxsat,total_break_groups_subject_to_range_at_most_2,bg_d2,reduced,-,-,-,-,10.7 1,-
ticf-13crafc.prec15,sparse_suffix,distance_closure,sparse_suffix+distance_closure,direct,multiple,total_break_groups_subject_to_range_at_most_2,bg_d2,reduced,-,-,-,-,34.8 1,-
ticf-13crafc.prec15,pairwise,direct,pairwise+direct,distance_closure,incremental,total_break_groups_subject_to_range_at_most_2,bg_d2,reduced,-,-,-,-,13.5 1,-
ticf-13crafc.prec15,pairwise,direct,pairwise+direct,distance_closure,maxsat,total_break_groups_subject_to_range_at_most_2,bg_d2,reduced,-,-,-,-,12.4 1,-
ticf-13crafc.prec15,pairwise,direct,pairwise+direct,distance_closure,multiple,total_break_groups_subject_to_range_at_most_2,bg_d2,reduced,-,-,-,-,36.3 1,-
ticf-13crafc.prec15,pairwise,distance_closure,pairwise+distance_closure,distance_closure,incremental,total_break_groups_subject_to_range_at_most_2,bg_d2,reduced,-,-,-,-,13.4 1,-
ticf-13crafc.prec15,pairwise,distance_closure,pairwise+distance_closure,distance_closure,maxsat,total_break_groups_subject_to_range_at_most_2,bg_d2,reduced,-,-,-,-,12.4 1,-
ticf-13crafc.prec15,pairwise,distance_closure,pairwise+distance_closure,distance_closure,multiple,total_break_groups_subject_to_range_at_most_2,bg_d2,reduced,-,-,-,-,36.7 1,-
ticf-13crafc.prec15,sparse_suffix,direct,sparse_suffix+direct,distance_closure,incremental,total_break_groups_subject_to_range_at_most_2,bg_d2,reduced,-,-,-,-,22.1 1,-
ticf-13crafc.prec15,sparse_suffix,direct,sparse_suffix+direct,distance_closure,maxsat,total_break_groups_subject_to_range_at_most_2,bg_d2,reduced,-,-,-,-,10.8 1,-
ticf-13crafc.prec15,sparse_suffix,direct,sparse_suffix+direct,distance_closure,multiple,total_break_groups_subject_to_range_at_most_2,bg_d2,reduced,-,-,-,-,35.3 1,-
ticf-13crafc.prec15,sparse_suffix,distance_closure,sparse_suffix+distance_closure,distance_closure,incremental,total_break_groups_subject_to_range_at_most_2,bg_d2,reduced,-,-,-,-,22.0 1,-
ticf-13crafc.prec15,sparse_suffix,distance_closure,sparse_suffix+distance_closure,distance_closure,maxsat,total_break_groups_subject_to_range_at_most_2,bg_d2,reduced,-,-,-,-,10.8 1,-
ticf-13crafc.prec15,sparse_suffix,distance_closure,sparse_suffix+distance_closure,distance_closure,multiple,total_break_groups_subject_to_range_at_most_2,bg_d2,reduced,-,-,-,-,34.7 1,-
ticf-13crafc.prec25,pairwise,direct,pairwise+direct,distance_closure,incremental,total_break_groups_subject_to_range_at_most_2,bg_d2,full,-,-,-,-,UNSAT,-
ticf-13crafc.prec25,pairwise,direct,pairwise+direct,distance_closure,maxsat,total_break_groups_subject_to_range_at_most_2,bg_d2,full,-,-,-,-,UNSAT,-
ticf-13crafc.prec25,pairwise,direct,pairwise+direct,distance_closure,multiple,total_break_groups_subject_to_range_at_most_2,bg_d2,full,-,-,-,-,UNSAT,-
ticf-13crafc.prec25,pairwise,distance_closure,pairwise+distance_closure,distance_closure,incremental,total_break_groups_subject_to_range_at_most_2,bg_d2,full,-,-,-,-,UNSAT,-
ticf-13crafc.prec25,pairwise,distance_closure,pairwise+distance_closure,distance_closure,maxsat,total_break_groups_subject_to_range_at_most_2,bg_d2,full,-,-,-,-,UNSAT,-
ticf-13crafc.prec25,pairwise,distance_closure,pairwise+distance_closure,distance_closure,multiple,total_break_groups_subject_to_range_at_most_2,bg_d2,full,-,-,-,-,UNSAT,-
ticf-13crafc.prec25,sparse_suffix,direct,sparse_suffix+direct,distance_closure,incremental,total_break_groups_subject_to_range_at_most_2,bg_d2,full,-,-,-,-,UNSAT,-
ticf-13crafc.prec25,sparse_suffix,direct,sparse_suffix+direct,distance_closure,maxsat,total_break_groups_subject_to_range_at_most_2,bg_d2,full,-,-,-,-,UNSAT,-
ticf-13crafc.prec25,sparse_suffix,direct,sparse_suffix+direct,distance_closure,multiple,total_break_groups_subject_to_range_at_most_2,bg_d2,full,-,-,-,-,UNSAT,-
ticf-13crafc.prec25,sparse_suffix,distance_closure,sparse_suffix+distance_closure,distance_closure,incremental,total_break_groups_subject_to_range_at_most_2,bg_d2,full,-,-,-,-,UNSAT,-
ticf-13crafc.prec25,sparse_suffix,distance_closure,sparse_suffix+distance_closure,distance_closure,maxsat,total_break_groups_subject_to_range_at_most_2,bg_d2,full,-,-,-,-,UNSAT,-
ticf-13crafc.prec25,sparse_suffix,distance_closure,sparse_suffix+distance_closure,distance_closure,multiple,total_break_groups_subject_to_range_at_most_2,bg_d2,full,-,-,-,-,UNSAT,-
ticf-13crafc.prec25,pairwise,direct,pairwise+direct,direct,incremental,total_break_groups_subject_to_range_at_most_2,bg_d2,reduced,-,-,-,-,UNSAT,-
ticf-13crafc.prec25,pairwise,direct,pairwise+direct,direct,maxsat,total_break_groups_subject_to_range_at_most_2,bg_d2,reduced,-,-,-,-,UNSAT,-
ticf-13crafc.prec25,pairwise,direct,pairwise+direct,direct,multiple,total_break_groups_subject_to_range_at_most_2,bg_d2,reduced,-,-,-,-,UNSAT,-
ticf-13crafc.prec25,pairwise,distance_closure,pairwise+distance_closure,direct,incremental,total_break_groups_subject_to_range_at_most_2,bg_d2,reduced,-,-,-,-,UNSAT,-
ticf-13crafc.prec25,pairwise,distance_closure,pairwise+distance_closure,direct,maxsat,total_break_groups_subject_to_range_at_most_2,bg_d2,reduced,-,-,-,-,UNSAT,-
ticf-13crafc.prec25,pairwise,distance_closure,pairwise+distance_closure,direct,multiple,total_break_groups_subject_to_range_at_most_2,bg_d2,reduced,-,-,-,-,UNSAT,-
ticf-13crafc.prec25,sparse_suffix,direct,sparse_suffix+direct,direct,incremental,total_break_groups_subject_to_range_at_most_2,bg_d2,reduced,-,-,-,-,UNSAT,-
ticf-13crafc.prec25,sparse_suffix,direct,sparse_suffix+direct,direct,maxsat,total_break_groups_subject_to_range_at_most_2,bg_d2,reduced,-,-,-,-,UNSAT,-
ticf-13crafc.prec25,sparse_suffix,direct,sparse_suffix+direct,direct,multiple,total_break_groups_subject_to_range_at_most_2,bg_d2,reduced,-,-,-,-,UNSAT,-
ticf-13crafc.prec25,sparse_suffix,distance_closure,sparse_suffix+distance_closure,direct,incremental,total_break_groups_subject_to_range_at_most_2,bg_d2,reduced,-,-,-,-,UNSAT,-
ticf-13crafc.prec25,sparse_suffix,distance_closure,sparse_suffix+distance_closure,direct,maxsat,total_break_groups_subject_to_range_at_most_2,bg_d2,reduced,-,-,-,-,UNSAT,-
ticf-13crafc.prec25,sparse_suffix,distance_closure,sparse_suffix+distance_closure,direct,multiple,total_break_groups_subject_to_range_at_most_2,bg_d2,reduced,-,-,-,-,UNSAT,-
ticf-13crafc.prec25,pairwise,direct,pairwise+direct,distance_closure,incremental,total_break_groups_subject_to_range_at_most_2,bg_d2,reduced,-,-,-,-,UNSAT,-
ticf-13crafc.prec25,pairwise,direct,pairwise+direct,distance_closure,maxsat,total_break_groups_subject_to_range_at_most_2,bg_d2,reduced,-,-,-,-,UNSAT,-
ticf-13crafc.prec25,pairwise,direct,pairwise+direct,distance_closure,multiple,total_break_groups_subject_to_range_at_most_2,bg_d2,reduced,-,-,-,-,UNSAT,-
ticf-13crafc.prec25,pairwise,distance_closure,pairwise+distance_closure,distance_closure,incremental,total_break_groups_subject_to_range_at_most_2,bg_d2,reduced,-,-,-,-,UNSAT,-
ticf-13crafc.prec25,pairwise,distance_closure,pairwise+distance_closure,distance_closure,maxsat,total_break_groups_subject_to_range_at_most_2,bg_d2,reduced,-,-,-,-,UNSAT,-
ticf-13crafc.prec25,pairwise,distance_closure,pairwise+distance_closure,distance_closure,multiple,total_break_groups_subject_to_range_at_most_2,bg_d2,reduced,-,-,-,-,UNSAT,-
ticf-13crafc.prec25,sparse_suffix,direct,sparse_suffix+direct,distance_closure,incremental,total_break_groups_subject_to_range_at_most_2,bg_d2,reduced,-,-,-,-,UNSAT,-
ticf-13crafc.prec25,sparse_suffix,direct,sparse_suffix+direct,distance_closure,maxsat,total_break_groups_subject_to_range_at_most_2,bg_d2,reduced,-,-,-,-,UNSAT,-
ticf-13crafc.prec25,sparse_suffix,direct,sparse_suffix+direct,distance_closure,multiple,total_break_groups_subject_to_range_at_most_2,bg_d2,reduced,-,-,-,-,UNSAT,-
ticf-13crafc.prec25,sparse_suffix,distance_closure,sparse_suffix+distance_closure,distance_closure,incremental,total_break_groups_subject_to_range_at_most_2,bg_d2,reduced,-,-,-,-,UNSAT,-
ticf-13crafc.prec25,sparse_suffix,distance_closure,sparse_suffix+distance_closure,distance_closure,maxsat,total_break_groups_subject_to_range_at_most_2,bg_d2,reduced,-,-,-,-,UNSAT,-
ticf-13crafc.prec25,sparse_suffix,distance_closure,sparse_suffix+distance_closure,distance_closure,multiple,total_break_groups_subject_to_range_at_most_2,bg_d2,reduced,-,-,-,-,UNSAT,-
ticf-14crafa.prec15,pairwise,direct,pairwise+direct,distance_closure,incremental,total_break_groups_subject_to_range_at_most_2,bg_d2,full,-,-,-,-,30.5 0,-
ticf-14crafa.prec15,pairwise,direct,pairwise+direct,distance_closure,maxsat,total_break_groups_subject_to_range_at_most_2,bg_d2,full,-,-,-,-,29.0 0,-
ticf-14crafa.prec15,pairwise,direct,pairwise+direct,distance_closure,multiple,total_break_groups_subject_to_range_at_most_2,bg_d2,full,-,-,-,-,63.3 0,-
ticf-14crafa.prec15,pairwise,distance_closure,pairwise+distance_closure,distance_closure,incremental,total_break_groups_subject_to_range_at_most_2,bg_d2,full,-,-,-,-,31.7 0,-
ticf-14crafa.prec15,pairwise,distance_closure,pairwise+distance_closure,distance_closure,maxsat,total_break_groups_subject_to_range_at_most_2,bg_d2,full,-,-,-,-,14.0 0,-
ticf-14crafa.prec15,pairwise,distance_closure,pairwise+distance_closure,distance_closure,multiple,total_break_groups_subject_to_range_at_most_2,bg_d2,full,-,-,-,-,109.0 0,-
ticf-14crafa.prec15,sparse_suffix,direct,sparse_suffix+direct,distance_closure,incremental,total_break_groups_subject_to_range_at_most_2,bg_d2,full,-,-,-,-,62.8 0,-
ticf-14crafa.prec15,sparse_suffix,direct,sparse_suffix+direct,distance_closure,maxsat,total_break_groups_subject_to_range_at_most_2,bg_d2,full,-,-,-,-,22.8 0,-
ticf-14crafa.prec15,sparse_suffix,direct,sparse_suffix+direct,distance_closure,multiple,total_break_groups_subject_to_range_at_most_2,bg_d2,full,-,-,-,-,66.0 0,-
ticf-14crafa.prec15,sparse_suffix,distance_closure,sparse_suffix+distance_closure,distance_closure,incremental,total_break_groups_subject_to_range_at_most_2,bg_d2,full,-,-,-,-,22.7 0,-
ticf-14crafa.prec15,sparse_suffix,distance_closure,sparse_suffix+distance_closure,distance_closure,maxsat,total_break_groups_subject_to_range_at_most_2,bg_d2,full,-,-,-,-,20.0 0,-
ticf-14crafa.prec15,sparse_suffix,distance_closure,sparse_suffix+distance_closure,distance_closure,multiple,total_break_groups_subject_to_range_at_most_2,bg_d2,full,-,-,-,-,66.5 0,-
ticf-14crafa.prec15,pairwise,direct,pairwise+direct,direct,incremental,total_break_groups_subject_to_range_at_most_2,bg_d2,reduced,-,-,-,-,33.4 0,-
ticf-14crafa.prec15,pairwise,direct,pairwise+direct,direct,maxsat,total_break_groups_subject_to_range_at_most_2,bg_d2,reduced,-,-,-,-,24.9 0,-
ticf-14crafa.prec15,pairwise,direct,pairwise+direct,direct,multiple,total_break_groups_subject_to_range_at_most_2,bg_d2,reduced,-,-,-,-,57.9 0,-
ticf-14crafa.prec15,pairwise,distance_closure,pairwise+distance_closure,direct,incremental,total_break_groups_subject_to_range_at_most_2,bg_d2,reduced,-,-,-,-,60.7 0,-
ticf-14crafa.prec15,pairwise,distance_closure,pairwise+distance_closure,direct,maxsat,total_break_groups_subject_to_range_at_most_2,bg_d2,reduced,-,-,-,-,37.0 0,-
ticf-14crafa.prec15,pairwise,distance_closure,pairwise+distance_closure,direct,multiple,total_break_groups_subject_to_range_at_most_2,bg_d2,reduced,-,-,-,-,63.9 0,-
ticf-14crafa.prec15,sparse_suffix,direct,sparse_suffix+direct,direct,incremental,total_break_groups_subject_to_range_at_most_2,bg_d2,reduced,-,-,-,-,28.6 0,-
ticf-14crafa.prec15,sparse_suffix,direct,sparse_suffix+direct,direct,maxsat,total_break_groups_subject_to_range_at_most_2,bg_d2,reduced,-,-,-,-,26.6 0,-
ticf-14crafa.prec15,sparse_suffix,direct,sparse_suffix+direct,direct,multiple,total_break_groups_subject_to_range_at_most_2,bg_d2,reduced,-,-,-,-,54.5 0,-
ticf-14crafa.prec15,sparse_suffix,distance_closure,sparse_suffix+distance_closure,direct,incremental,total_break_groups_subject_to_range_at_most_2,bg_d2,reduced,-,-,-,-,22.6 0,-
ticf-14crafa.prec15,sparse_suffix,distance_closure,sparse_suffix+distance_closure,direct,maxsat,total_break_groups_subject_to_range_at_most_2,bg_d2,reduced,-,-,-,-,18.7 0,-
ticf-14crafa.prec15,sparse_suffix,distance_closure,sparse_suffix+distance_closure,direct,multiple,total_break_groups_subject_to_range_at_most_2,bg_d2,reduced,-,-,-,-,71.9 0,-
ticf-14crafa.prec15,pairwise,direct,pairwise+direct,distance_closure,incremental,total_break_groups_subject_to_range_at_most_2,bg_d2,reduced,-,-,-,-,35.1 0,-
ticf-14crafa.prec15,pairwise,direct,pairwise+direct,distance_closure,maxsat,total_break_groups_subject_to_range_at_most_2,bg_d2,reduced,-,-,-,-,25.8 0,-
ticf-14crafa.prec15,pairwise,direct,pairwise+direct,distance_closure,multiple,total_break_groups_subject_to_range_at_most_2,bg_d2,reduced,-,-,-,-,59.8 0,-
ticf-14crafa.prec15,pairwise,distance_closure,pairwise+distance_closure,distance_closure,incremental,total_break_groups_subject_to_range_at_most_2,bg_d2,reduced,-,-,-,-,62.3 0,-
ticf-14crafa.prec15,pairwise,distance_closure,pairwise+distance_closure,distance_closure,maxsat,total_break_groups_subject_to_range_at_most_2,bg_d2,reduced,-,-,-,-,37.1 0,-
ticf-14crafa.prec15,pairwise,distance_closure,pairwise+distance_closure,distance_closure,multiple,total_break_groups_subject_to_range_at_most_2,bg_d2,reduced,-,-,-,-,64.5 0,-
ticf-14crafa.prec15,sparse_suffix,direct,sparse_suffix+direct,distance_closure,incremental,total_break_groups_subject_to_range_at_most_2,bg_d2,reduced,-,-,-,-,28.3 0,-
ticf-14crafa.prec15,sparse_suffix,direct,sparse_suffix+direct,distance_closure,maxsat,total_break_groups_subject_to_range_at_most_2,bg_d2,reduced,-,-,-,-,26.7 0,-
ticf-14crafa.prec15,sparse_suffix,direct,sparse_suffix+direct,distance_closure,multiple,total_break_groups_subject_to_range_at_most_2,bg_d2,reduced,-,-,-,-,54.7 0,-
ticf-14crafa.prec15,sparse_suffix,distance_closure,sparse_suffix+distance_closure,distance_closure,incremental,total_break_groups_subject_to_range_at_most_2,bg_d2,reduced,-,-,-,-,22.9 0,-
ticf-14crafa.prec15,sparse_suffix,distance_closure,sparse_suffix+distance_closure,distance_closure,maxsat,total_break_groups_subject_to_range_at_most_2,bg_d2,reduced,-,-,-,-,18.6 0,-
ticf-14crafa.prec15,sparse_suffix,distance_closure,sparse_suffix+distance_closure,distance_closure,multiple,total_break_groups_subject_to_range_at_most_2,bg_d2,reduced,-,-,-,-,71.3 0,-
ticf-14crafa.prec25,pairwise,direct,pairwise+direct,distance_closure,incremental,total_break_groups_subject_to_range_at_most_2,bg_d2,full,-,-,-,-,UNSAT,-
ticf-14crafa.prec25,pairwise,direct,pairwise+direct,distance_closure,maxsat,total_break_groups_subject_to_range_at_most_2,bg_d2,full,-,-,-,-,UNSAT,-
ticf-14crafa.prec25,pairwise,direct,pairwise+direct,distance_closure,multiple,total_break_groups_subject_to_range_at_most_2,bg_d2,full,-,-,-,-,UNSAT,-
ticf-14crafa.prec25,pairwise,distance_closure,pairwise+distance_closure,distance_closure,incremental,total_break_groups_subject_to_range_at_most_2,bg_d2,full,-,-,-,-,UNSAT,-
ticf-14crafa.prec25,pairwise,distance_closure,pairwise+distance_closure,distance_closure,maxsat,total_break_groups_subject_to_range_at_most_2,bg_d2,full,-,-,-,-,UNSAT,-
ticf-14crafa.prec25,pairwise,distance_closure,pairwise+distance_closure,distance_closure,multiple,total_break_groups_subject_to_range_at_most_2,bg_d2,full,-,-,-,-,UNSAT,-
ticf-14crafa.prec25,sparse_suffix,direct,sparse_suffix+direct,distance_closure,incremental,total_break_groups_subject_to_range_at_most_2,bg_d2,full,-,-,-,-,UNSAT,-
ticf-14crafa.prec25,sparse_suffix,direct,sparse_suffix+direct,distance_closure,maxsat,total_break_groups_subject_to_range_at_most_2,bg_d2,full,-,-,-,-,UNSAT,-
ticf-14crafa.prec25,sparse_suffix,direct,sparse_suffix+direct,distance_closure,multiple,total_break_groups_subject_to_range_at_most_2,bg_d2,full,-,-,-,-,UNSAT,-
ticf-14crafa.prec25,sparse_suffix,distance_closure,sparse_suffix+distance_closure,distance_closure,incremental,total_break_groups_subject_to_range_at_most_2,bg_d2,full,-,-,-,-,UNSAT,-
ticf-14crafa.prec25,sparse_suffix,distance_closure,sparse_suffix+distance_closure,distance_closure,maxsat,total_break_groups_subject_to_range_at_most_2,bg_d2,full,-,-,-,-,UNSAT,-
ticf-14crafa.prec25,sparse_suffix,distance_closure,sparse_suffix+distance_closure,distance_closure,multiple,total_break_groups_subject_to_range_at_most_2,bg_d2,full,-,-,-,-,UNSAT,-
ticf-14crafa.prec25,pairwise,direct,pairwise+direct,direct,incremental,total_break_groups_subject_to_range_at_most_2,bg_d2,reduced,-,-,-,-,UNSAT,-
ticf-14crafa.prec25,pairwise,direct,pairwise+direct,direct,maxsat,total_break_groups_subject_to_range_at_most_2,bg_d2,reduced,-,-,-,-,UNSAT,-
ticf-14crafa.prec25,pairwise,direct,pairwise+direct,direct,multiple,total_break_groups_subject_to_range_at_most_2,bg_d2,reduced,-,-,-,-,UNSAT,-
ticf-14crafa.prec25,pairwise,distance_closure,pairwise+distance_closure,direct,incremental,total_break_groups_subject_to_range_at_most_2,bg_d2,reduced,-,-,-,-,UNSAT,-
ticf-14crafa.prec25,pairwise,distance_closure,pairwise+distance_closure,direct,maxsat,total_break_groups_subject_to_range_at_most_2,bg_d2,reduced,-,-,-,-,UNSAT,-
ticf-14crafa.prec25,pairwise,distance_closure,pairwise+distance_closure,direct,multiple,total_break_groups_subject_to_range_at_most_2,bg_d2,reduced,-,-,-,-,UNSAT,-
ticf-14crafa.prec25,sparse_suffix,direct,sparse_suffix+direct,direct,incremental,total_break_groups_subject_to_range_at_most_2,bg_d2,reduced,-,-,-,-,UNSAT,-
ticf-14crafa.prec25,sparse_suffix,direct,sparse_suffix+direct,direct,maxsat,total_break_groups_subject_to_range_at_most_2,bg_d2,reduced,-,-,-,-,UNSAT,-
ticf-14crafa.prec25,sparse_suffix,direct,sparse_suffix+direct,direct,multiple,total_break_groups_subject_to_range_at_most_2,bg_d2,reduced,-,-,-,-,UNSAT,-
ticf-14crafa.prec25,sparse_suffix,distance_closure,sparse_suffix+distance_closure,direct,incremental,total_break_groups_subject_to_range_at_most_2,bg_d2,reduced,-,-,-,-,UNSAT,-
ticf-14crafa.prec25,sparse_suffix,distance_closure,sparse_suffix+distance_closure,direct,maxsat,total_break_groups_subject_to_range_at_most_2,bg_d2,reduced,-,-,-,-,UNSAT,-
ticf-14crafa.prec25,sparse_suffix,distance_closure,sparse_suffix+distance_closure,direct,multiple,total_break_groups_subject_to_range_at_most_2,bg_d2,reduced,-,-,-,-,UNSAT,-
ticf-14crafa.prec25,pairwise,direct,pairwise+direct,distance_closure,incremental,total_break_groups_subject_to_range_at_most_2,bg_d2,reduced,-,-,-,-,UNSAT,-
ticf-14crafa.prec25,pairwise,direct,pairwise+direct,distance_closure,maxsat,total_break_groups_subject_to_range_at_most_2,bg_d2,reduced,-,-,-,-,UNSAT,-
ticf-14crafa.prec25,pairwise,direct,pairwise+direct,distance_closure,multiple,total_break_groups_subject_to_range_at_most_2,bg_d2,reduced,-,-,-,-,UNSAT,-
ticf-14crafa.prec25,pairwise,distance_closure,pairwise+distance_closure,distance_closure,incremental,total_break_groups_subject_to_range_at_most_2,bg_d2,reduced,-,-,-,-,UNSAT,-
ticf-14crafa.prec25,pairwise,distance_closure,pairwise+distance_closure,distance_closure,maxsat,total_break_groups_subject_to_range_at_most_2,bg_d2,reduced,-,-,-,-,UNSAT,-
ticf-14crafa.prec25,pairwise,distance_closure,pairwise+distance_closure,distance_closure,multiple,total_break_groups_subject_to_range_at_most_2,bg_d2,reduced,-,-,-,-,UNSAT,-
ticf-14crafa.prec25,sparse_suffix,direct,sparse_suffix+direct,distance_closure,incremental,total_break_groups_subject_to_range_at_most_2,bg_d2,reduced,-,-,-,-,UNSAT,-
ticf-14crafa.prec25,sparse_suffix,direct,sparse_suffix+direct,distance_closure,maxsat,total_break_groups_subject_to_range_at_most_2,bg_d2,reduced,-,-,-,-,UNSAT,-
ticf-14crafa.prec25,sparse_suffix,direct,sparse_suffix+direct,distance_closure,multiple,total_break_groups_subject_to_range_at_most_2,bg_d2,reduced,-,-,-,-,UNSAT,-
ticf-14crafa.prec25,sparse_suffix,distance_closure,sparse_suffix+distance_closure,distance_closure,incremental,total_break_groups_subject_to_range_at_most_2,bg_d2,reduced,-,-,-,-,UNSAT,-
ticf-14crafa.prec25,sparse_suffix,distance_closure,sparse_suffix+distance_closure,distance_closure,maxsat,total_break_groups_subject_to_range_at_most_2,bg_d2,reduced,-,-,-,-,UNSAT,-
ticf-14crafa.prec25,sparse_suffix,distance_closure,sparse_suffix+distance_closure,distance_closure,multiple,total_break_groups_subject_to_range_at_most_2,bg_d2,reduced,-,-,-,-,UNSAT,-
