table,instance,instance,sat_result,status,runtime_s,n_vars,n_hard_clauses,n_soft_clauses,n_optimization_clauses,n_total_clauses,peak_memory_mb,memory_metric,solver,precedence_mode,precedence_edge_mode,staircase,encoding_variant,objective,objective_mode,secondary_objective_value,secondary_proven_optimum,tertiary_objective_value,tertiary_proven_optimum,objective_participant_count,objective_participants,total_breaks,fairness_gap,idle_range,all_participant_idle_range,precedence_direct_edges,precedence_source_added_edges,precedence_encoded_edges,precedence_full_closure_edges,n_primary_objective_lits,n_secondary_objective_lits,participant_breaks,busy_participants_per_slot,assignment,schedule_by_slot,validation_errors,enabled_constraints,error_type,error_message,message_type,n_clauses,n_soft,objective_value,total_clauses
table03,forum-13.original,forum-13.original,SAT,OPTIMAL,1.87472,86327,205674,1188,0,206862,,peak_process_tree_rss_mb,maxsat,traditional,direct,no,imp12+,lexicographic_internal_idle_range_pstar_then_idle_sum,lex-idlesum,,,0,0,58,"1,2,3,4,5,6,7,8,9,10,11,12,13,14,15,16,18,19,23,24,25,26,27,28,29,30,31,32,33,34,35,36,37,38,39,40,41,42,44,45,46,47,48,49,50,52,53,54,56,57,59,60,62,63,64,65,66,70",0,0,0,0,0,0,0,0,19,19,"0,0,0,0,0,0,0,0,0,0,0,0,0,0,0,0,0,0,0,0,0,0,0,0,0,0,0,0,0,0,0,0,0,0,0,0,0,0,0,0,0,0,0,0,0,0,0,0,0,0,0,0,0,0,0,0,0,0,0,0,0,0,0,0,0,0,0,0,0,0","6,6,18,24,28,28,28,28,26,26,26,28,22,8,4,2,0,0,0,0,0","7,9,12,5,11,13,10,8,6,14,6,7,5,8,1,4,3,2,8,7,4,3,6,5,4,6,11,10,6,9,12,8,7,10,7,12,11,9,13,8,12,13,14,16,15,4,5,3,10,12,8,7,5,4,11,9,6,11,13,12,10,5,6,3,5,7,4,13,7,10,5,11,4,6,9,8,12,10,9,12,11,13,7,5,8,3,4,6,10,12,9,4,3,8,11,6,5,7,12,8,13,9,11,10,9,7,6,1,3,2,4,8,5,7,9,6,11,10,13,12,5,3,5,13,14,7,4,9,11,6,10,12,8,9,13,11,6,3,2,15,7,12,1,5,10,8,14,4,13,11,9,12,10,8",1:M15 M108 M143 | 2:M18 M110 M139 | 3:M17 M22 M48 M64 M86 M93 M109 M122 M138 | 4:M16 M21 M25 M46 M54 M67 M73 M87 M92 M111 M127 M148 | 5:M4 M13 M24 M47 M53 M62 M65 M71 M84 M97 M113 M121 M123 M144 | 6:M9 M11 M23 M26 M29 M57 M63 M74 M88 M96 M107 M116 M130 M137 | 7:M1 M12 M20 M33 M35 M52 M66 M69 M83 M98 M106 M114 M126 M141 | 8:M8 M14 M19 M32 M40 M51 M76 M85 M94 M100 M112 M133 M146 M154 | 9:M2 M30 M38 M56 M75 M79 M91 M102 M105 M115 M128 M134 M151 | 10:M7 M28 M34 M49 M61 M70 M78 M89 M104 M118 M131 M145 M153 | 11:M5 M27 M37 M55 M58 M72 M81 M95 M103 M117 M129 M136 M150 | 12:M3 M31 M36 M41 M50 M60 M77 M80 M90 M99 M120 M132 M142 M152 | 13:M6 M39 M42 M59 M68 M82 M101 M119 M124 M135 M149 | 14:M10 M43 M125 M147 | 15:M45 M140 | 16:M44 | 17: | 18: | 19: | 20: | 21:,,"domain reduction: sessions, fixed meetings, forbidden slots | precedence domain propagation: fixed point over direct edges | full precedence closure: cycle detection and graph statistics only | (20),(22)-(27) exactly once over reduced domains | (19) participant atMost-one per slot | (46),(47) clustered table capacity with full channeling | (28) traditional pairwise precedence over direct E | usedSlot channeling + exact per-idle-slot break cost | (43) exactly |Mp| reduced usedSlot variables | (44) atMost 2|L| busy participants per slot | (45) exact even number of busy participants | exact unary internal-idle counts and range objective over P*",,,result,205674,1188,0,206862
table03,forum-13.original,forum-13.original,SAT,OPTIMAL,1.843642,86327,205674,1188,0,206862,,peak_process_tree_rss_mb,maxsat,staircase,direct,yes,imp12+,lexicographic_internal_idle_range_pstar_then_idle_sum,lex-idlesum,,,0,0,58,"1,2,3,4,5,6,7,8,9,10,11,12,13,14,15,16,18,19,23,24,25,26,27,28,29,30,31,32,33,34,35,36,37,38,39,40,41,42,44,45,46,47,48,49,50,52,53,54,56,57,59,60,62,63,64,65,66,70",0,0,0,0,0,0,0,0,19,19,"0,0,0,0,0,0,0,0,0,0,0,0,0,0,0,0,0,0,0,0,0,0,0,0,0,0,0,0,0,0,0,0,0,0,0,0,0,0,0,0,0,0,0,0,0,0,0,0,0,0,0,0,0,0,0,0,0,0,0,0,0,0,0,0,0,0,0,0,0,0","6,6,18,24,28,28,28,28,26,26,26,28,22,8,4,2,0,0,0,0,0","7,9,12,5,11,13,10,8,6,14,6,7,5,8,1,4,3,2,8,7,4,3,6,5,4,6,11,10,6,9,12,8,7,10,7,12,11,9,13,8,12,13,14,16,15,4,5,3,10,12,8,7,5,4,11,9,6,11,13,12,10,5,6,3,5,7,4,13,7,10,5,11,4,6,9,8,12,10,9,12,11,13,7,5,8,3,4,6,10,12,9,4,3,8,11,6,5,7,12,8,13,9,11,10,9,7,6,1,3,2,4,8,5,7,9,6,11,10,13,12,5,3,5,13,14,7,4,9,11,6,10,12,8,9,13,11,6,3,2,15,7,12,1,5,10,8,14,4,13,11,9,12,10,8",1:M15 M108 M143 | 2:M18 M110 M139 | 3:M17 M22 M48 M64 M86 M93 M109 M122 M138 | 4:M16 M21 M25 M46 M54 M67 M73 M87 M92 M111 M127 M148 | 5:M4 M13 M24 M47 M53 M62 M65 M71 M84 M97 M113 M121 M123 M144 | 6:M9 M11 M23 M26 M29 M57 M63 M74 M88 M96 M107 M116 M130 M137 | 7:M1 M12 M20 M33 M35 M52 M66 M69 M83 M98 M106 M114 M126 M141 | 8:M8 M14 M19 M32 M40 M51 M76 M85 M94 M100 M112 M133 M146 M154 | 9:M2 M30 M38 M56 M75 M79 M91 M102 M105 M115 M128 M134 M151 | 10:M7 M28 M34 M49 M61 M70 M78 M89 M104 M118 M131 M145 M153 | 11:M5 M27 M37 M55 M58 M72 M81 M95 M103 M117 M129 M136 M150 | 12:M3 M31 M36 M41 M50 M60 M77 M80 M90 M99 M120 M132 M142 M152 | 13:M6 M39 M42 M59 M68 M82 M101 M119 M124 M135 M149 | 14:M10 M43 M125 M147 | 15:M45 M140 | 16:M44 | 17: | 18: | 19: | 20: | 21:,,"domain reduction: sessions, fixed meetings, forbidden slots | precedence domain propagation: fixed point over direct edges | full precedence closure: cycle detection and graph statistics only | (20),(22)-(27) exactly once over reduced domains | (19) participant atMost-one per slot | (46),(47) clustered table capacity with full channeling | (28) staircase/support precedence over reduced domains and direct E | usedSlot channeling + exact per-idle-slot break cost | (43) exactly |Mp| reduced usedSlot variables | (44) atMost 2|L| busy participants per slot | (45) exact even number of busy participants | exact unary internal-idle counts and range objective over P*",,,result,205674,1188,0,206862
table03,forum-13crafb.original,forum-13crafb.original,TIMEOUT,TIMEOUT,3600.032793,101860,252515,20,0,252535,,peak_process_tree_rss_mb,maxsat,traditional,direct,no,imp12+,lexicographic_internal_idle_range_pstar_then_idle_sum,lex-idlesum,,,,,56,"1,2,3,4,7,8,9,10,12,13,14,15,16,17,18,19,20,21,22,23,24,25,26,28,29,30,31,32,33,36,37,38,39,40,41,42,43,44,45,47,48,51,53,54,56,57,58,59,60,61,62,63,64,65,66,76",,,,,0,0,0,0,20,1333,,,,,,,,,,,,,252535
table03,forum-13crafb.original,forum-13crafb.original,TIMEOUT,TIMEOUT,3600.036899,101860,252515,20,0,252535,,peak_process_tree_rss_mb,maxsat,staircase,direct,yes,imp12+,lexicographic_internal_idle_range_pstar_then_idle_sum,lex-idlesum,,,,,56,"1,2,3,4,7,8,9,10,12,13,14,15,16,17,18,19,20,21,22,23,24,25,26,28,29,30,31,32,33,36,37,38,39,40,41,42,43,44,45,47,48,51,53,54,56,57,58,59,60,61,62,63,64,65,66,76",,,,,0,0,0,0,20,1333,,,,,,,,,,,,,252535
table03,forum-13crafc.original,forum-13crafc.original,SAT,OPTIMAL,22.632646,86461,205994,1188,0,207182,,peak_process_tree_rss_mb,maxsat,traditional,direct,no,imp12+,lexicographic_internal_idle_range_pstar_then_idle_sum,lex-idlesum,,,58,58,58,"1,2,3,4,5,6,7,8,9,10,11,12,13,14,15,16,18,19,23,24,25,26,27,28,29,30,31,32,33,34,35,36,37,38,39,40,41,42,44,45,46,47,48,49,50,52,53,54,56,57,59,60,62,63,64,65,66,70",58,0,0,1,0,0,0,0,19,19,"1,1,1,1,1,1,1,1,1,1,1,1,1,1,1,1,0,1,1,0,0,0,1,1,1,1,1,1,1,1,1,1,1,1,1,1,1,1,1,1,1,1,0,1,1,1,1,1,1,1,0,1,1,1,0,1,1,0,1,1,0,1,1,1,1,1,0,0,0,1","6,10,14,20,22,24,24,24,24,22,24,24,24,12,12,8,4,4,4,2,0","5,7,1,2,8,4,3,6,10,14,14,13,18,12,20,17,19,15,3,5,4,2,8,7,10,9,9,6,4,10,3,5,7,6,5,11,4,8,10,9,12,13,15,15,16,10,6,5,1,2,7,5,10,3,6,8,4,11,12,8,10,13,9,14,13,11,10,5,4,6,12,8,11,9,3,7,13,9,2,11,13,12,6,5,7,8,4,3,7,11,9,16,6,14,13,12,8,15,13,8,7,11,12,9,4,11,10,13,8,9,6,12,5,11,13,10,4,12,7,5,6,19,12,18,13,11,17,16,15,7,14,8,9,4,10,2,3,9,11,16,14,6,7,15,1,13,5,12,12,6,7,11,9,8",1:M3 M49 M145 | 2:M4 M22 M50 M79 M136 | 3:M7 M19 M31 M54 M75 M88 M137 | 4:M6 M21 M29 M37 M57 M69 M87 M105 M117 M134 | 5:M1 M20 M32 M35 M48 M52 M68 M84 M113 M120 M147 | 6:M8 M28 M34 M47 M55 M70 M83 M93 M111 M121 M142 M150 | 7:M2 M24 M33 M51 M76 M85 M89 M101 M119 M130 M143 M151 | 8:M5 M23 M38 M56 M60 M72 M86 M97 M100 M109 M132 M154 | 9:M26 M27 M40 M63 M74 M78 M91 M104 M110 M133 M138 M153 | 10:M9 M25 M30 M39 M46 M53 M61 M67 M107 M116 M135 | 11:M36 M58 M66 M73 M80 M90 M102 M106 M114 M126 M139 M152 | 12:M14 M41 M59 M71 M82 M96 M103 M112 M118 M123 M148 M149 | 13:M12 M42 M62 M65 M77 M81 M95 M99 M108 M115 M125 M146 | 14:M10 M11 M64 M94 M131 M141 | 15:M18 M43 M44 M98 M129 M144 | 16:M45 M92 M128 M140 | 17:M16 M127 | 18:M13 M124 | 19:M17 M122 | 20:M15 | 21:,,"domain reduction: sessions, fixed meetings, forbidden slots | precedence domain propagation: fixed point over direct edges | full precedence closure: cycle detection and graph statistics only | (20),(22)-(27) exactly once over reduced domains | (19) participant atMost-one per slot | (46),(47) clustered table capacity with full channeling | (28) traditional pairwise precedence over direct E | usedSlot channeling + exact per-idle-slot break cost | (43) exactly |Mp| reduced usedSlot variables | (44) atMost 2|L| busy participants per slot | (45) exact even number of busy participants | exact unary internal-idle counts and range objective over P*",,,result,205994,1188,0,207182
table03,forum-13crafc.original,forum-13crafc.original,SAT,OPTIMAL,23.018077,86461,205994,1188,0,207182,,peak_process_tree_rss_mb,maxsat,staircase,direct,yes,imp12+,lexicographic_internal_idle_range_pstar_then_idle_sum,lex-idlesum,,,58,58,58,"1,2,3,4,5,6,7,8,9,10,11,12,13,14,15,16,18,19,23,24,25,26,27,28,29,30,31,32,33,34,35,36,37,38,39,40,41,42,44,45,46,47,48,49,50,52,53,54,56,57,59,60,62,63,64,65,66,70",58,0,0,1,0,0,0,0,19,19,"1,1,1,1,1,1,1,1,1,1,1,1,1,1,1,1,0,1,1,0,0,0,1,1,1,1,1,1,1,1,1,1,1,1,1,1,1,1,1,1,1,1,0,1,1,1,1,1,1,1,0,1,1,1,0,1,1,0,1,1,0,1,1,1,1,1,0,0,0,1","6,10,14,20,22,24,24,24,24,22,24,24,24,12,12,8,4,4,4,2,0","5,7,1,2,8,4,3,6,10,14,14,13,18,12,20,17,19,15,3,5,4,2,8,7,10,9,9,6,4,10,3,5,7,6,5,11,4,8,10,9,12,13,15,15,16,10,6,5,1,2,7,5,10,3,6,8,4,11,12,8,10,13,9,14,13,11,10,5,4,6,12,8,11,9,3,7,13,9,2,11,13,12,6,5,7,8,4,3,7,11,9,16,6,14,13,12,8,15,13,8,7,11,12,9,4,11,10,13,8,9,6,12,5,11,13,10,4,12,7,5,6,19,12,18,13,11,17,16,15,7,14,8,9,4,10,2,3,9,11,16,14,6,7,15,1,13,5,12,12,6,7,11,9,8",1:M3 M49 M145 | 2:M4 M22 M50 M79 M136 | 3:M7 M19 M31 M54 M75 M88 M137 | 4:M6 M21 M29 M37 M57 M69 M87 M105 M117 M134 | 5:M1 M20 M32 M35 M48 M52 M68 M84 M113 M120 M147 | 6:M8 M28 M34 M47 M55 M70 M83 M93 M111 M121 M142 M150 | 7:M2 M24 M33 M51 M76 M85 M89 M101 M119 M130 M143 M151 | 8:M5 M23 M38 M56 M60 M72 M86 M97 M100 M109 M132 M154 | 9:M26 M27 M40 M63 M74 M78 M91 M104 M110 M133 M138 M153 | 10:M9 M25 M30 M39 M46 M53 M61 M67 M107 M116 M135 | 11:M36 M58 M66 M73 M80 M90 M102 M106 M114 M126 M139 M152 | 12:M14 M41 M59 M71 M82 M96 M103 M112 M118 M123 M148 M149 | 13:M12 M42 M62 M65 M77 M81 M95 M99 M108 M115 M125 M146 | 14:M10 M11 M64 M94 M131 M141 | 15:M18 M43 M44 M98 M129 M144 | 16:M45 M92 M128 M140 | 17:M16 M127 | 18:M13 M124 | 19:M17 M122 | 20:M15 | 21:,,"domain reduction: sessions, fixed meetings, forbidden slots | precedence domain propagation: fixed point over direct edges | full precedence closure: cycle detection and graph statistics only | (20),(22)-(27) exactly once over reduced domains | (19) participant atMost-one per slot | (46),(47) clustered table capacity with full channeling | (28) staircase/support precedence over reduced domains and direct E | usedSlot channeling + exact per-idle-slot break cost | (43) exactly |Mp| reduced usedSlot variables | (44) atMost 2|L| busy participants per slot | (45) exact even number of busy participants | exact unary internal-idle counts and range objective over P*",,,result,205994,1188,0,207182
table03,forum-14.original,forum-14.original,SAT,OPTIMAL,12.69214,144247,364008,1466,0,365474,,peak_process_tree_rss_mb,maxsat,traditional,direct,no,imp12+,lexicographic_internal_idle_range_pstar_then_idle_sum,lex-idlesum,,,5,5,72,"1,2,3,4,5,6,8,9,11,12,14,17,19,20,21,22,23,24,25,26,27,28,29,30,31,32,33,34,35,36,37,38,39,40,41,42,43,44,45,46,47,48,49,50,51,52,53,54,55,56,57,58,59,60,61,62,63,64,65,66,67,68,69,70,71,72,73,74,75,76,77,78",5,4,4,4,0,0,0,0,20,20,"0,0,0,0,0,0,0,0,0,0,0,0,0,0,0,0,0,0,0,0,0,0,0,0,0,0,0,0,0,0,0,0,0,4,0,0,0,0,0,0,0,0,0,0,0,0,0,0,0,0,0,0,0,0,0,0,0,0,0,0,0,0,1,0,0,0,0,0,0,0,0,0,0,0,0,0,0,0","12,14,24,32,38,42,42,40,44,44,44,42,38,36,30,26,20,14,10,6,4,2","18,16,12,13,10,12,14,15,14,13,13,9,11,10,5,2,1,7,6,3,6,4,11,16,9,13,15,7,3,4,9,17,16,15,7,21,10,6,11,12,8,9,13,13,11,19,4,8,10,5,7,10,12,4,5,8,11,8,12,19,18,15,16,15,6,14,5,15,12,10,13,18,11,14,17,9,6,20,17,18,5,14,13,8,16,19,7,14,7,6,13,17,16,10,11,12,17,16,11,14,12,8,6,4,9,12,7,10,9,5,7,3,2,6,3,10,6,9,12,7,11,3,8,5,11,6,9,8,12,4,10,7,8,5,13,15,4,14,16,9,12,14,11,15,14,13,10,18,17,9,11,15,6,17,10,13,8,9,4,8,5,17,16,9,13,11,19,14,20,15,6,7,5,3,11,8,18,4,13,1,7,6,14,2,5,9,11,8,10,4,3,7,5,12,11,7,12,10,11,8,5,4,9,6,7,10,7,10,2,1,5,6,3,9,11,8,4,22,18,8,6,14,17,5,20,7,19,21,3,12,9,10,2,15,11,1,4,16,13,6,12,14,13,13,14,17,9,11,15,12,10,16,6,10,7,5,8,9,12,7,8,4,6,5,2,11,3,10,9,1,16,15,12,13,14,6,3,10,5,4,9,8,7,13,14,12,15,14,15,16,12,4,3,11,1,8,10,9,5,7,2,6",1:M17 M180 M210 M236 M270 M295 | 2:M16 M113 M184 M209 M233 M265 M301 | 3:M20 M29 M112 M115 M122 M174 M191 M213 M229 M267 M277 M293 | 4:M22 M30 M47 M54 M104 M130 M137 M159 M178 M190 M202 M217 M237 M262 M280 M292 | 5:M15 M50 M55 M67 M81 M110 M124 M134 M161 M173 M185 M193 M201 M211 M224 M256 M264 M279 M299 | 6:M19 M21 M38 M65 M77 M90 M103 M114 M117 M126 M153 M171 M182 M204 M212 M221 M240 M253 M263 M276 M302 | 7:M18 M28 M35 M51 M87 M89 M107 M111 M120 M132 M172 M181 M192 M196 M205 M207 M226 M255 M260 M283 M300 | 8:M41 M48 M56 M58 M84 M102 M123 M128 M133 M157 M160 M176 M188 M200 M216 M220 M257 M261 M282 M296 | 9:M12 M25 M31 M42 M76 M105 M109 M118 M127 M140 M150 M158 M164 M186 M203 M214 M231 M247 M258 M269 M281 M298 | 10:M5 M14 M37 M49 M52 M70 M94 M108 M116 M131 M147 M155 M189 M198 M206 M208 M232 M251 M254 M268 M278 M297 | 11:M13 M23 M39 M45 M57 M73 M95 M99 M121 M125 M143 M151 M166 M175 M187 M195 M199 M215 M235 M248 M266 M294 | 12:M3 M6 M40 M53 M59 M69 M96 M101 M106 M119 M129 M141 M194 M197 M230 M241 M250 M259 M273 M286 M291 | 13:M4 M10 M11 M26 M43 M44 M71 M83 M91 M135 M146 M156 M165 M179 M239 M243 M244 M274 M284 | 14:M7 M9 M66 M74 M82 M88 M100 M138 M142 M145 M168 M183 M222 M242 M245 M275 M285 M288 | 15:M8 M27 M34 M62 M64 M68 M136 M144 M152 M170 M234 M249 M272 M287 M289 | 16:M2 M24 M33 M63 M85 M93 M98 M139 M163 M238 M252 M271 M290 | 17:M32 M75 M79 M92 M97 M149 M154 M162 M223 M246 | 18:M1 M61 M72 M80 M148 M177 M219 | 19:M46 M60 M86 M167 M227 | 20:M78 M169 M225 | 21:M36 M228 | 22:M218,,"domain reduction: sessions, fixed meetings, forbidden slots | precedence domain propagation: fixed point over direct edges | full precedence closure: cycle detection and graph statistics only | (20),(22)-(27) exactly once over reduced domains | (19) participant atMost-one per slot | (46),(47) clustered table capacity with full channeling | (28) traditional pairwise precedence over direct E | usedSlot channeling + exact per-idle-slot break cost | (43) exactly |Mp| reduced usedSlot variables | (44) atMost 2|L| busy participants per slot | (45) exact even number of busy participants | exact unary internal-idle counts and range objective over P*",,,result,364008,1466,4,365474
table03,forum-14.original,forum-14.original,SAT,OPTIMAL,12.609783,144247,364008,1466,0,365474,,peak_process_tree_rss_mb,maxsat,staircase,direct,yes,imp12+,lexicographic_internal_idle_range_pstar_then_idle_sum,lex-idlesum,,,5,5,72,"1,2,3,4,5,6,8,9,11,12,14,17,19,20,21,22,23,24,25,26,27,28,29,30,31,32,33,34,35,36,37,38,39,40,41,42,43,44,45,46,47,48,49,50,51,52,53,54,55,56,57,58,59,60,61,62,63,64,65,66,67,68,69,70,71,72,73,74,75,76,77,78",5,4,4,4,0,0,0,0,20,20,"0,0,0,0,0,0,0,0,0,0,0,0,0,0,0,0,0,0,0,0,0,0,0,0,0,0,0,0,0,0,0,0,0,4,0,0,0,0,0,0,0,0,0,0,0,0,0,0,0,0,0,0,0,0,0,0,0,0,0,0,0,0,1,0,0,0,0,0,0,0,0,0,0,0,0,0,0,0","12,14,24,32,38,42,42,40,44,44,44,42,38,36,30,26,20,14,10,6,4,2","18,16,12,13,10,12,14,15,14,13,13,9,11,10,5,2,1,7,6,3,6,4,11,16,9,13,15,7,3,4,9,17,16,15,7,21,10,6,11,12,8,9,13,13,11,19,4,8,10,5,7,10,12,4,5,8,11,8,12,19,18,15,16,15,6,14,5,15,12,10,13,18,11,14,17,9,6,20,17,18,5,14,13,8,16,19,7,14,7,6,13,17,16,10,11,12,17,16,11,14,12,8,6,4,9,12,7,10,9,5,7,3,2,6,3,10,6,9,12,7,11,3,8,5,11,6,9,8,12,4,10,7,8,5,13,15,4,14,16,9,12,14,11,15,14,13,10,18,17,9,11,15,6,17,10,13,8,9,4,8,5,17,16,9,13,11,19,14,20,15,6,7,5,3,11,8,18,4,13,1,7,6,14,2,5,9,11,8,10,4,3,7,5,12,11,7,12,10,11,8,5,4,9,6,7,10,7,10,2,1,5,6,3,9,11,8,4,22,18,8,6,14,17,5,20,7,19,21,3,12,9,10,2,15,11,1,4,16,13,6,12,14,13,13,14,17,9,11,15,12,10,16,6,10,7,5,8,9,12,7,8,4,6,5,2,11,3,10,9,1,16,15,12,13,14,6,3,10,5,4,9,8,7,13,14,12,15,14,15,16,12,4,3,11,1,8,10,9,5,7,2,6",1:M17 M180 M210 M236 M270 M295 | 2:M16 M113 M184 M209 M233 M265 M301 | 3:M20 M29 M112 M115 M122 M174 M191 M213 M229 M267 M277 M293 | 4:M22 M30 M47 M54 M104 M130 M137 M159 M178 M190 M202 M217 M237 M262 M280 M292 | 5:M15 M50 M55 M67 M81 M110 M124 M134 M161 M173 M185 M193 M201 M211 M224 M256 M264 M279 M299 | 6:M19 M21 M38 M65 M77 M90 M103 M114 M117 M126 M153 M171 M182 M204 M212 M221 M240 M253 M263 M276 M302 | 7:M18 M28 M35 M51 M87 M89 M107 M111 M120 M132 M172 M181 M192 M196 M205 M207 M226 M255 M260 M283 M300 | 8:M41 M48 M56 M58 M84 M102 M123 M128 M133 M157 M160 M176 M188 M200 M216 M220 M257 M261 M282 M296 | 9:M12 M25 M31 M42 M76 M105 M109 M118 M127 M140 M150 M158 M164 M186 M203 M214 M231 M247 M258 M269 M281 M298 | 10:M5 M14 M37 M49 M52 M70 M94 M108 M116 M131 M147 M155 M189 M198 M206 M208 M232 M251 M254 M268 M278 M297 | 11:M13 M23 M39 M45 M57 M73 M95 M99 M121 M125 M143 M151 M166 M175 M187 M195 M199 M215 M235 M248 M266 M294 | 12:M3 M6 M40 M53 M59 M69 M96 M101 M106 M119 M129 M141 M194 M197 M230 M241 M250 M259 M273 M286 M291 | 13:M4 M10 M11 M26 M43 M44 M71 M83 M91 M135 M146 M156 M165 M179 M239 M243 M244 M274 M284 | 14:M7 M9 M66 M74 M82 M88 M100 M138 M142 M145 M168 M183 M222 M242 M245 M275 M285 M288 | 15:M8 M27 M34 M62 M64 M68 M136 M144 M152 M170 M234 M249 M272 M287 M289 | 16:M2 M24 M33 M63 M85 M93 M98 M139 M163 M238 M252 M271 M290 | 17:M32 M75 M79 M92 M97 M149 M154 M162 M223 M246 | 18:M1 M61 M72 M80 M148 M177 M219 | 19:M46 M60 M86 M167 M227 | 20:M78 M169 M225 | 21:M36 M228 | 22:M218,,"domain reduction: sessions, fixed meetings, forbidden slots | precedence domain propagation: fixed point over direct edges | full precedence closure: cycle detection and graph statistics only | (20),(22)-(27) exactly once over reduced domains | (19) participant atMost-one per slot | (46),(47) clustered table capacity with full channeling | (28) staircase/support precedence over reduced domains and direct E | usedSlot channeling + exact per-idle-slot break cost | (43) exactly |Mp| reduced usedSlot variables | (44) atMost 2|L| busy participants per slot | (45) exact even number of busy participants | exact unary internal-idle counts and range objective over P*",,,result,364008,1466,4,365474
table03,forumt-14.original,forumt-14.original,SAT,OPTIMAL,0.363853,26599,76985,485,0,77470,,peak_process_tree_rss_mb,maxsat,traditional,direct,no,imp12+,lexicographic_internal_idle_range_pstar_then_idle_sum,lex-idlesum,,,10,10,59,"1,2,3,4,5,6,7,8,9,10,11,12,13,14,15,16,17,18,20,21,22,23,24,25,26,27,28,29,30,31,32,33,34,35,36,37,38,39,40,41,42,43,44,45,46,47,48,49,50,51,52,53,54,55,56,57,58,59,60",10,2,2,2,0,0,0,0,7,7,"0,0,0,0,2,0,0,0,0,0,0,0,0,0,0,0,2,2,0,0,0,0,0,0,0,0,0,0,0,0,0,0,0,0,0,0,0,0,0,0,0,0,0,0,0,0,0,0,0,0,0,0,0,0,2,0,2,0,0,0","38,46,50,54,54,52,50,48,44,38","3,4,9,2,5,10,7,1,7,6,9,6,4,5,7,3,2,1,6,10,7,6,4,2,1,6,4,5,2,8,2,6,10,9,9,2,7,3,4,9,5,7,2,10,9,3,1,2,5,1,6,7,4,3,9,2,10,4,7,1,8,10,4,3,5,7,2,6,9,8,4,10,5,1,7,6,5,7,2,1,6,4,10,9,3,8,5,8,9,4,7,6,7,4,6,8,3,9,3,4,1,9,8,6,5,9,8,6,7,9,6,10,3,2,6,3,10,1,8,7,9,9,6,5,5,3,8,6,7,4,5,10,7,4,6,5,8,10,9,1,3,2,8,1,7,4,4,3,8,2,5,7,2,10,3,8,9,1,4,6,5,4,1,7,2,9,8,10,3,2,10,8,5,8,5,1,4,6,3,4,5,2,5,4,8,3,5,4,3,7,6,2,8,9,1,8,2,6,10,5,3,5,1,3,2,10,7,8,9,6,5,4,8,7,10,5,2,3,10,2,7,3,9,8,4,5,6,1,7,8,3,6,4,1,5,3,4",1:M8 M18 M25 M47 M50 M60 M74 M80 M101 M118 M140 M144 M158 M163 M176 M195 M203 M228 M234 | 2:M4 M17 M24 M29 M31 M36 M43 M48 M56 M67 M79 M114 M142 M150 M153 M165 M170 M182 M192 M197 M205 M217 M220 | 3:M1 M16 M38 M46 M54 M64 M85 M97 M99 M113 M116 M126 M141 M148 M155 M169 M179 M186 M189 M201 M204 M218 M222 M231 M236 | 4:M2 M13 M23 M27 M39 M53 M58 M63 M71 M82 M90 M94 M100 M130 M134 M146 M147 M159 M162 M177 M180 M184 M188 M212 M225 M233 M237 | 5:M5 M14 M28 M41 M49 M65 M73 M77 M87 M105 M124 M125 M131 M136 M151 M161 M173 M175 M181 M183 M187 M200 M202 M211 M216 M226 M235 | 6:M10 M12 M19 M22 M26 M32 M51 M68 M76 M81 M92 M95 M104 M108 M111 M115 M123 M128 M135 M160 M178 M191 M198 M210 M227 M232 | 7:M7 M9 M15 M21 M37 M42 M52 M59 M66 M75 M78 M91 M93 M109 M120 M129 M133 M145 M152 M164 M190 M207 M214 M221 M229 | 8:M30 M61 M70 M86 M88 M96 M103 M107 M119 M127 M137 M143 M149 M156 M167 M172 M174 M185 M193 M196 M208 M213 M224 M230 | 9:M3 M11 M34 M35 M40 M45 M55 M69 M84 M89 M98 M102 M106 M110 M121 M122 M139 M157 M166 M194 M209 M223 | 10:M6 M20 M33 M44 M57 M62 M72 M83 M112 M117 M132 M138 M154 M168 M171 M199 M206 M215 M219,,"domain reduction: sessions, fixed meetings, forbidden slots | precedence domain propagation: fixed point over direct edges | full precedence closure: cycle detection and graph statistics only | (20),(22)-(27) exactly once over reduced domains | (19) participant atMost-one per slot | (46),(47) clustered table capacity with full channeling | (28) traditional pairwise precedence over direct E | usedSlot channeling + exact per-idle-slot break cost | (43) exactly |Mp| reduced usedSlot variables | (44) atMost 2|L| busy participants per slot | (45) exact even number of busy participants | exact unary internal-idle counts and range objective over P*",,,result,76985,485,2,77470
table03,forumt-14.original,forumt-14.original,SAT,OPTIMAL,0.362813,26599,76985,485,0,77470,,peak_process_tree_rss_mb,maxsat,staircase,direct,yes,imp12+,lexicographic_internal_idle_range_pstar_then_idle_sum,lex-idlesum,,,10,10,59,"1,2,3,4,5,6,7,8,9,10,11,12,13,14,15,16,17,18,20,21,22,23,24,25,26,27,28,29,30,31,32,33,34,35,36,37,38,39,40,41,42,43,44,45,46,47,48,49,50,51,52,53,54,55,56,57,58,59,60",10,2,2,2,0,0,0,0,7,7,"0,0,0,0,2,0,0,0,0,0,0,0,0,0,0,0,2,2,0,0,0,0,0,0,0,0,0,0,0,0,0,0,0,0,0,0,0,0,0,0,0,0,0,0,0,0,0,0,0,0,0,0,0,0,2,0,2,0,0,0","38,46,50,54,54,52,50,48,44,38","3,4,9,2,5,10,7,1,7,6,9,6,4,5,7,3,2,1,6,10,7,6,4,2,1,6,4,5,2,8,2,6,10,9,9,2,7,3,4,9,5,7,2,10,9,3,1,2,5,1,6,7,4,3,9,2,10,4,7,1,8,10,4,3,5,7,2,6,9,8,4,10,5,1,7,6,5,7,2,1,6,4,10,9,3,8,5,8,9,4,7,6,7,4,6,8,3,9,3,4,1,9,8,6,5,9,8,6,7,9,6,10,3,2,6,3,10,1,8,7,9,9,6,5,5,3,8,6,7,4,5,10,7,4,6,5,8,10,9,1,3,2,8,1,7,4,4,3,8,2,5,7,2,10,3,8,9,1,4,6,5,4,1,7,2,9,8,10,3,2,10,8,5,8,5,1,4,6,3,4,5,2,5,4,8,3,5,4,3,7,6,2,8,9,1,8,2,6,10,5,3,5,1,3,2,10,7,8,9,6,5,4,8,7,10,5,2,3,10,2,7,3,9,8,4,5,6,1,7,8,3,6,4,1,5,3,4",1:M8 M18 M25 M47 M50 M60 M74 M80 M101 M118 M140 M144 M158 M163 M176 M195 M203 M228 M234 | 2:M4 M17 M24 M29 M31 M36 M43 M48 M56 M67 M79 M114 M142 M150 M153 M165 M170 M182 M192 M197 M205 M217 M220 | 3:M1 M16 M38 M46 M54 M64 M85 M97 M99 M113 M116 M126 M141 M148 M155 M169 M179 M186 M189 M201 M204 M218 M222 M231 M236 | 4:M2 M13 M23 M27 M39 M53 M58 M63 M71 M82 M90 M94 M100 M130 M134 M146 M147 M159 M162 M177 M180 M184 M188 M212 M225 M233 M237 | 5:M5 M14 M28 M41 M49 M65 M73 M77 M87 M105 M124 M125 M131 M136 M151 M161 M173 M175 M181 M183 M187 M200 M202 M211 M216 M226 M235 | 6:M10 M12 M19 M22 M26 M32 M51 M68 M76 M81 M92 M95 M104 M108 M111 M115 M123 M128 M135 M160 M178 M191 M198 M210 M227 M232 | 7:M7 M9 M15 M21 M37 M42 M52 M59 M66 M75 M78 M91 M93 M109 M120 M129 M133 M145 M152 M164 M190 M207 M214 M221 M229 | 8:M30 M61 M70 M86 M88 M96 M103 M107 M119 M127 M137 M143 M149 M156 M167 M172 M174 M185 M193 M196 M208 M213 M224 M230 | 9:M3 M11 M34 M35 M40 M45 M55 M69 M84 M89 M98 M102 M106 M110 M121 M122 M139 M157 M166 M194 M209 M223 | 10:M6 M20 M33 M44 M57 M62 M72 M83 M112 M117 M132 M138 M154 M168 M171 M199 M206 M215 M219,,"domain reduction: sessions, fixed meetings, forbidden slots | precedence domain propagation: fixed point over direct edges | full precedence closure: cycle detection and graph statistics only | (20),(22)-(27) exactly once over reduced domains | (19) participant atMost-one per slot | (46),(47) clustered table capacity with full channeling | (28) staircase/support precedence over reduced domains and direct E | usedSlot channeling + exact per-idle-slot break cost | (43) exactly |Mp| reduced usedSlot variables | (44) atMost 2|L| busy participants per slot | (45) exact even number of busy participants | exact unary internal-idle counts and range objective over P*",,,result,76985,485,2,77470
table03,forumt-14crafc.original,forumt-14crafc.original,SAT,OPTIMAL,0.391996,26843,77513,485,0,77998,,peak_process_tree_rss_mb,maxsat,traditional,direct,no,imp12+,lexicographic_internal_idle_range_pstar_then_idle_sum,lex-idlesum,,,10,10,59,"1,2,3,4,5,6,7,8,9,10,11,12,13,14,15,16,17,18,20,21,22,23,24,25,26,27,28,29,30,31,32,33,34,35,36,37,38,39,40,41,42,43,44,45,46,47,48,49,50,51,52,53,54,55,56,57,58,59,60",10,2,2,2,0,0,0,0,7,7,"0,0,0,0,2,0,0,0,0,0,0,0,0,0,0,0,2,2,0,0,0,0,0,0,0,0,0,0,0,0,0,0,0,0,0,0,0,0,0,0,0,0,0,0,0,0,0,0,0,0,0,0,0,0,2,0,2,0,0,0","42,48,48,50,50,50,50,48,46,42","7,10,5,2,3,4,8,6,1,4,9,6,8,4,2,5,3,10,7,5,8,10,2,1,3,2,4,8,7,2,9,8,1,6,4,1,9,3,4,5,6,2,10,5,3,8,9,5,3,10,1,6,7,3,10,6,5,4,9,7,8,3,6,7,1,8,10,5,4,2,9,1,6,7,2,4,2,3,6,7,4,8,1,5,9,10,3,6,4,1,2,5,10,4,7,8,5,9,3,6,5,4,7,9,8,5,2,4,4,5,3,10,6,10,6,8,2,7,3,9,4,10,6,7,3,5,1,6,4,7,7,2,3,4,1,2,7,8,5,9,10,8,9,7,2,4,10,8,6,9,2,9,5,3,8,4,1,10,6,7,9,8,3,5,1,10,2,7,4,10,7,1,9,8,9,10,6,7,1,3,2,8,6,9,4,3,1,5,2,4,6,3,9,2,9,7,6,5,10,8,10,2,8,7,10,5,3,9,6,1,8,5,1,7,6,9,1,3,8,9,2,1,3,8,5,4,6,7,2,6,7,1,5,3,5,2,4",1:M9 M24 M33 M36 M51 M65 M72 M83 M90 M127 M135 M157 M165 M172 M179 M187 M210 M213 M217 M222 M232 | 2:M4 M15 M23 M26 M30 M42 M70 M75 M77 M91 M107 M117 M132 M136 M145 M151 M167 M181 M189 M194 M202 M221 M229 M236 | 3:M5 M17 M25 M38 M45 M49 M54 M62 M78 M87 M99 M111 M119 M125 M133 M154 M163 M180 M186 M192 M207 M218 M223 M234 | 4:M6 M10 M14 M27 M35 M39 M58 M69 M76 M81 M89 M94 M102 M108 M109 M121 M129 M134 M146 M156 M169 M185 M190 M226 M237 | 5:M3 M16 M20 M40 M44 M48 M57 M68 M84 M92 M97 M101 M106 M110 M126 M139 M153 M164 M188 M198 M206 M212 M225 M233 M235 | 6:M8 M12 M34 M41 M52 M56 M63 M73 M79 M88 M100 M113 M115 M123 M128 M149 M159 M177 M183 M191 M197 M209 M215 M227 M230 | 7:M1 M19 M29 M53 M60 M64 M74 M80 M95 M103 M118 M124 M130 M131 M137 M144 M160 M168 M171 M178 M196 M204 M214 M228 M231 | 8:M7 M13 M21 M28 M32 M46 M61 M66 M82 M96 M105 M116 M138 M142 M148 M155 M162 M174 M182 M200 M203 M211 M219 M224 | 9:M11 M31 M37 M47 M59 M71 M85 M98 M104 M120 M140 M143 M150 M152 M161 M173 M175 M184 M193 M195 M208 M216 M220 | 10:M2 M18 M22 M43 M50 M55 M67 M86 M93 M112 M114 M122 M141 M147 M158 M166 M170 M176 M199 M201 M205,,"domain reduction: sessions, fixed meetings, forbidden slots | precedence domain propagation: fixed point over direct edges | full precedence closure: cycle detection and graph statistics only | (20),(22)-(27) exactly once over reduced domains | (19) participant atMost-one per slot | (46),(47) clustered table capacity with full channeling | (28) traditional pairwise precedence over direct E | usedSlot channeling + exact per-idle-slot break cost | (43) exactly |Mp| reduced usedSlot variables | (44) atMost 2|L| busy participants per slot | (45) exact even number of busy participants | exact unary internal-idle counts and range objective over P*",,,result,77513,485,2,77998
table03,forumt-14crafc.original,forumt-14crafc.original,SAT,OPTIMAL,0.392013,26843,77513,485,0,77998,,peak_process_tree_rss_mb,maxsat,staircase,direct,yes,imp12+,lexicographic_internal_idle_range_pstar_then_idle_sum,lex-idlesum,,,10,10,59,"1,2,3,4,5,6,7,8,9,10,11,12,13,14,15,16,17,18,20,21,22,23,24,25,26,27,28,29,30,31,32,33,34,35,36,37,38,39,40,41,42,43,44,45,46,47,48,49,50,51,52,53,54,55,56,57,58,59,60",10,2,2,2,0,0,0,0,7,7,"0,0,0,0,2,0,0,0,0,0,0,0,0,0,0,0,2,2,0,0,0,0,0,0,0,0,0,0,0,0,0,0,0,0,0,0,0,0,0,0,0,0,0,0,0,0,0,0,0,0,0,0,0,0,2,0,2,0,0,0","42,48,48,50,50,50,50,48,46,42","7,10,5,2,3,4,8,6,1,4,9,6,8,4,2,5,3,10,7,5,8,10,2,1,3,2,4,8,7,2,9,8,1,6,4,1,9,3,4,5,6,2,10,5,3,8,9,5,3,10,1,6,7,3,10,6,5,4,9,7,8,3,6,7,1,8,10,5,4,2,9,1,6,7,2,4,2,3,6,7,4,8,1,5,9,10,3,6,4,1,2,5,10,4,7,8,5,9,3,6,5,4,7,9,8,5,2,4,4,5,3,10,6,10,6,8,2,7,3,9,4,10,6,7,3,5,1,6,4,7,7,2,3,4,1,2,7,8,5,9,10,8,9,7,2,4,10,8,6,9,2,9,5,3,8,4,1,10,6,7,9,8,3,5,1,10,2,7,4,10,7,1,9,8,9,10,6,7,1,3,2,8,6,9,4,3,1,5,2,4,6,3,9,2,9,7,6,5,10,8,10,2,8,7,10,5,3,9,6,1,8,5,1,7,6,9,1,3,8,9,2,1,3,8,5,4,6,7,2,6,7,1,5,3,5,2,4",1:M9 M24 M33 M36 M51 M65 M72 M83 M90 M127 M135 M157 M165 M172 M179 M187 M210 M213 M217 M222 M232 | 2:M4 M15 M23 M26 M30 M42 M70 M75 M77 M91 M107 M117 M132 M136 M145 M151 M167 M181 M189 M194 M202 M221 M229 M236 | 3:M5 M17 M25 M38 M45 M49 M54 M62 M78 M87 M99 M111 M119 M125 M133 M154 M163 M180 M186 M192 M207 M218 M223 M234 | 4:M6 M10 M14 M27 M35 M39 M58 M69 M76 M81 M89 M94 M102 M108 M109 M121 M129 M134 M146 M156 M169 M185 M190 M226 M237 | 5:M3 M16 M20 M40 M44 M48 M57 M68 M84 M92 M97 M101 M106 M110 M126 M139 M153 M164 M188 M198 M206 M212 M225 M233 M235 | 6:M8 M12 M34 M41 M52 M56 M63 M73 M79 M88 M100 M113 M115 M123 M128 M149 M159 M177 M183 M191 M197 M209 M215 M227 M230 | 7:M1 M19 M29 M53 M60 M64 M74 M80 M95 M103 M118 M124 M130 M131 M137 M144 M160 M168 M171 M178 M196 M204 M214 M228 M231 | 8:M7 M13 M21 M28 M32 M46 M61 M66 M82 M96 M105 M116 M138 M142 M148 M155 M162 M174 M182 M200 M203 M211 M219 M224 | 9:M11 M31 M37 M47 M59 M71 M85 M98 M104 M120 M140 M143 M150 M152 M161 M173 M175 M184 M193 M195 M208 M216 M220 | 10:M2 M18 M22 M43 M50 M55 M67 M86 M93 M112 M114 M122 M141 M147 M158 M166 M170 M176 M199 M201 M205,,"domain reduction: sessions, fixed meetings, forbidden slots | precedence domain propagation: fixed point over direct edges | full precedence closure: cycle detection and graph statistics only | (20),(22)-(27) exactly once over reduced domains | (19) participant atMost-one per slot | (46),(47) clustered table capacity with full channeling | (28) staircase/support precedence over reduced domains and direct E | usedSlot channeling + exact per-idle-slot break cost | (43) exactly |Mp| reduced usedSlot variables | (44) atMost 2|L| busy participants per slot | (45) exact even number of busy participants | exact unary internal-idle counts and range objective over P*",,,result,77513,485,2,77998
table03,forumt-14crafd.original,forumt-14crafd.original,SAT,OPTIMAL,0.387183,26575,77022,486,0,77508,,peak_process_tree_rss_mb,maxsat,traditional,direct,no,imp12+,lexicographic_internal_idle_range_pstar_then_idle_sum,lex-idlesum,,,8,8,59,"1,2,3,4,5,6,7,8,9,10,11,12,13,14,15,16,17,18,20,21,22,23,24,25,26,27,28,29,30,31,32,33,34,35,36,37,38,39,40,41,42,43,44,45,46,47,48,49,50,51,52,53,54,55,56,57,58,59,60",8,2,2,2,0,0,0,0,8,8,"0,0,0,0,0,0,0,0,0,0,0,0,0,0,0,0,2,2,0,0,0,0,0,0,0,0,0,0,0,0,0,0,0,0,0,0,0,0,0,0,0,0,0,0,0,0,0,0,0,0,0,0,0,0,0,0,2,0,0,2","40,46,48,50,50,46,50,50,48,44","2,8,5,1,3,6,10,9,5,7,10,2,2,3,1,5,7,4,10,8,9,5,6,2,3,7,8,6,5,10,7,10,4,8,7,10,2,3,1,9,3,1,9,10,2,6,7,4,6,10,8,1,9,3,7,1,6,4,8,3,5,2,2,8,6,5,7,4,9,3,10,1,7,6,3,5,9,9,4,6,5,2,7,10,1,8,3,5,3,6,7,2,9,8,4,1,7,10,3,4,2,8,4,1,3,9,4,5,3,6,7,1,8,6,9,10,4,2,5,1,3,5,9,7,4,2,8,6,3,5,10,9,8,5,10,7,3,6,4,9,8,2,4,8,6,1,2,3,10,8,10,5,8,7,3,6,9,4,2,1,5,9,4,6,2,8,10,10,6,4,8,5,7,3,5,7,1,2,4,9,4,5,3,4,10,6,10,7,5,6,9,8,2,1,5,7,8,3,4,9,9,7,10,3,1,5,9,4,8,2,6,7,9,5,7,6,1,10,7,9,5,4,8,2,3,1,9,2,7,6,4,8,2,1,8,4",1:M4 M15 M39 M42 M52 M56 M72 M85 M96 M104 M112 M120 M146 M160 M177 M194 M205 M217 M226 M234 | 2:M1 M12 M13 M24 M37 M45 M62 M63 M82 M92 M101 M118 M126 M142 M147 M159 M165 M178 M193 M210 M224 M228 M233 | 3:M5 M14 M25 M38 M41 M54 M60 M70 M75 M87 M89 M99 M105 M109 M121 M129 M137 M148 M155 M174 M183 M198 M204 M225 | 4:M18 M33 M48 M58 M68 M79 M95 M100 M103 M107 M117 M125 M139 M143 M158 M163 M170 M179 M181 M184 M199 M208 M222 M231 M236 | 5:M3 M9 M16 M22 M29 M61 M66 M76 M81 M88 M108 M119 M122 M130 M134 M152 M161 M172 M175 M182 M189 M195 M206 M214 M221 | 6:M6 M23 M28 M46 M49 M57 M65 M74 M80 M90 M110 M114 M128 M138 M145 M156 M164 M169 M186 M190 M211 M216 M230 | 7:M10 M17 M26 M31 M35 M47 M55 M67 M73 M83 M91 M97 M111 M124 M136 M154 M173 M176 M188 M196 M202 M212 M215 M219 M229 | 8:M2 M20 M27 M34 M51 M59 M64 M86 M94 M102 M113 M127 M133 M141 M144 M150 M153 M166 M171 M192 M197 M209 M223 M232 M235 | 9:M8 M21 M40 M43 M53 M69 M77 M78 M93 M106 M115 M123 M132 M140 M157 M162 M180 M191 M200 M201 M207 M213 M220 M227 | 10:M7 M11 M19 M30 M32 M36 M44 M50 M71 M84 M98 M116 M131 M135 M149 M151 M167 M168 M185 M187 M203 M218,,"domain reduction: sessions, fixed meetings, forbidden slots | precedence domain propagation: fixed point over direct edges | full precedence closure: cycle detection and graph statistics only | (20),(22)-(27) exactly once over reduced domains | (19) participant atMost-one per slot | (46),(47) clustered table capacity with full channeling | (28) traditional pairwise precedence over direct E | usedSlot channeling + exact per-idle-slot break cost | (43) exactly |Mp| reduced usedSlot variables | (44) atMost 2|L| busy participants per slot | (45) exact even number of busy participants | exact unary internal-idle counts and range objective over P*",,,result,77022,486,2,77508
table03,forumt-14crafd.original,forumt-14crafd.original,SAT,OPTIMAL,0.388263,26575,77022,486,0,77508,,peak_process_tree_rss_mb,maxsat,staircase,direct,yes,imp12+,lexicographic_internal_idle_range_pstar_then_idle_sum,lex-idlesum,,,8,8,59,"1,2,3,4,5,6,7,8,9,10,11,12,13,14,15,16,17,18,20,21,22,23,24,25,26,27,28,29,30,31,32,33,34,35,36,37,38,39,40,41,42,43,44,45,46,47,48,49,50,51,52,53,54,55,56,57,58,59,60",8,2,2,2,0,0,0,0,8,8,"0,0,0,0,0,0,0,0,0,0,0,0,0,0,0,0,2,2,0,0,0,0,0,0,0,0,0,0,0,0,0,0,0,0,0,0,0,0,0,0,0,0,0,0,0,0,0,0,0,0,0,0,0,0,0,0,2,0,0,2","40,46,48,50,50,46,50,50,48,44","2,8,5,1,3,6,10,9,5,7,10,2,2,3,1,5,7,4,10,8,9,5,6,2,3,7,8,6,5,10,7,10,4,8,7,10,2,3,1,9,3,1,9,10,2,6,7,4,6,10,8,1,9,3,7,1,6,4,8,3,5,2,2,8,6,5,7,4,9,3,10,1,7,6,3,5,9,9,4,6,5,2,7,10,1,8,3,5,3,6,7,2,9,8,4,1,7,10,3,4,2,8,4,1,3,9,4,5,3,6,7,1,8,6,9,10,4,2,5,1,3,5,9,7,4,2,8,6,3,5,10,9,8,5,10,7,3,6,4,9,8,2,4,8,6,1,2,3,10,8,10,5,8,7,3,6,9,4,2,1,5,9,4,6,2,8,10,10,6,4,8,5,7,3,5,7,1,2,4,9,4,5,3,4,10,6,10,7,5,6,9,8,2,1,5,7,8,3,4,9,9,7,10,3,1,5,9,4,8,2,6,7,9,5,7,6,1,10,7,9,5,4,8,2,3,1,9,2,7,6,4,8,2,1,8,4",1:M4 M15 M39 M42 M52 M56 M72 M85 M96 M104 M112 M120 M146 M160 M177 M194 M205 M217 M226 M234 | 2:M1 M12 M13 M24 M37 M45 M62 M63 M82 M92 M101 M118 M126 M142 M147 M159 M165 M178 M193 M210 M224 M228 M233 | 3:M5 M14 M25 M38 M41 M54 M60 M70 M75 M87 M89 M99 M105 M109 M121 M129 M137 M148 M155 M174 M183 M198 M204 M225 | 4:M18 M33 M48 M58 M68 M79 M95 M100 M103 M107 M117 M125 M139 M143 M158 M163 M170 M179 M181 M184 M199 M208 M222 M231 M236 | 5:M3 M9 M16 M22 M29 M61 M66 M76 M81 M88 M108 M119 M122 M130 M134 M152 M161 M172 M175 M182 M189 M195 M206 M214 M221 | 6:M6 M23 M28 M46 M49 M57 M65 M74 M80 M90 M110 M114 M128 M138 M145 M156 M164 M169 M186 M190 M211 M216 M230 | 7:M10 M17 M26 M31 M35 M47 M55 M67 M73 M83 M91 M97 M111 M124 M136 M154 M173 M176 M188 M196 M202 M212 M215 M219 M229 | 8:M2 M20 M27 M34 M51 M59 M64 M86 M94 M102 M113 M127 M133 M141 M144 M150 M153 M166 M171 M192 M197 M209 M223 M232 M235 | 9:M8 M21 M40 M43 M53 M69 M77 M78 M93 M106 M115 M123 M132 M140 M157 M162 M180 M191 M200 M201 M207 M213 M220 M227 | 10:M7 M11 M19 M30 M32 M36 M44 M50 M71 M84 M98 M116 M131 M135 M149 M151 M167 M168 M185 M187 M203 M218,,"domain reduction: sessions, fixed meetings, forbidden slots | precedence domain propagation: fixed point over direct edges | full precedence closure: cycle detection and graph statistics only | (20),(22)-(27) exactly once over reduced domains | (19) participant atMost-one per slot | (46),(47) clustered table capacity with full channeling | (28) staircase/support precedence over reduced domains and direct E | usedSlot channeling + exact per-idle-slot break cost | (43) exactly |Mp| reduced usedSlot variables | (44) atMost 2|L| busy participants per slot | (45) exact even number of busy participants | exact unary internal-idle counts and range objective over P*",,,result,77022,486,2,77508
table03,forumt-14crafe.original,forumt-14crafe.original,SAT,OPTIMAL,0.630148,26665,77222,486,0,77708,,peak_process_tree_rss_mb,maxsat,traditional,direct,no,imp12+,lexicographic_internal_idle_range_pstar_then_idle_sum,lex-idlesum,,,9,9,59,"1,2,3,4,5,6,7,8,9,10,11,12,13,14,15,16,17,18,20,21,22,23,24,25,26,27,28,29,30,31,32,33,34,35,36,37,38,39,40,41,42,43,44,45,46,47,48,49,50,51,52,53,54,55,56,57,58,59,60",9,2,2,2,0,0,0,0,8,8,"0,0,0,0,0,0,0,0,1,0,0,0,0,0,0,0,2,2,0,0,0,0,0,0,0,0,0,0,0,0,0,0,0,0,0,0,0,0,0,0,0,0,0,0,0,0,0,0,0,0,0,0,0,0,0,0,2,0,0,2","42,48,48,48,48,48,48,48,48,46","7,6,1,8,4,2,9,3,8,2,9,2,5,8,2,10,6,4,1,7,9,6,7,9,5,7,3,6,10,2,3,5,6,1,8,10,9,8,2,10,4,10,5,9,2,7,8,3,4,1,9,5,7,10,2,7,3,10,5,6,2,1,1,8,6,4,9,10,2,3,7,5,5,3,8,1,2,4,9,3,7,6,10,8,5,2,1,3,5,2,1,7,4,6,8,4,3,9,10,8,9,2,10,5,6,3,6,9,8,7,10,7,9,2,8,4,10,1,6,8,4,3,5,7,10,6,8,4,9,3,1,9,6,9,3,6,7,2,5,4,1,8,5,6,7,10,4,8,3,3,6,7,10,1,3,9,4,8,5,2,7,3,4,1,2,10,8,4,7,2,9,10,6,4,2,6,1,10,5,8,3,2,8,10,4,7,6,5,1,4,2,3,5,9,6,4,7,3,5,1,10,6,8,9,3,4,10,1,7,5,6,8,9,7,5,1,4,10,8,3,6,9,7,5,2,4,1,9,2,7,3,5,1,4,5,9",1:M3 M19 M34 M50 M62 M63 M76 M87 M91 M118 M131 M141 M154 M164 M177 M189 M200 M208 M216 M227 M233 | 2:M6 M10 M12 M15 M30 M39 M45 M55 M61 M69 M77 M86 M90 M102 M114 M138 M160 M165 M170 M175 M182 M191 M225 M229 | 3:M8 M27 M31 M48 M57 M70 M74 M80 M88 M97 M106 M122 M130 M135 M149 M150 M155 M162 M181 M192 M198 M205 M220 M231 | 4:M5 M18 M41 M49 M66 M78 M93 M96 M116 M121 M128 M140 M147 M157 M163 M168 M174 M185 M190 M196 M206 M217 M226 M234 | 5:M13 M25 M32 M43 M52 M59 M72 M73 M85 M89 M104 M123 M139 M143 M159 M179 M188 M193 M199 M210 M215 M224 M232 M235 | 6:M2 M17 M22 M28 M33 M60 M65 M82 M94 M105 M107 M119 M126 M133 M136 M144 M151 M173 M176 M187 M195 M202 M211 M221 | 7:M1 M20 M23 M26 M46 M53 M56 M71 M81 M92 M110 M112 M124 M137 M145 M152 M161 M169 M186 M197 M209 M214 M223 M230 | 8:M4 M9 M14 M35 M38 M47 M64 M75 M84 M95 M100 M109 M115 M120 M127 M142 M148 M158 M167 M180 M183 M203 M212 M219 | 9:M7 M11 M21 M24 M37 M44 M51 M67 M79 M98 M101 M108 M113 M129 M132 M134 M156 M171 M194 M204 M213 M222 M228 M236 | 10:M16 M29 M36 M40 M42 M54 M58 M68 M83 M99 M103 M111 M117 M125 M146 M153 M166 M172 M178 M184 M201 M207 M218,,"domain reduction: sessions, fixed meetings, forbidden slots | precedence domain propagation: fixed point over direct edges | full precedence closure: cycle detection and graph statistics only | (20),(22)-(27) exactly once over reduced domains | (19) participant atMost-one per slot | (46),(47) clustered table capacity with full channeling | (28) traditional pairwise precedence over direct E | usedSlot channeling + exact per-idle-slot break cost | (43) exactly |Mp| reduced usedSlot variables | (44) atMost 2|L| busy participants per slot | (45) exact even number of busy participants | exact unary internal-idle counts and range objective over P*",,,result,77222,486,2,77708
table03,forumt-14crafe.original,forumt-14crafe.original,SAT,OPTIMAL,0.63499,26665,77222,486,0,77708,,peak_process_tree_rss_mb,maxsat,staircase,direct,yes,imp12+,lexicographic_internal_idle_range_pstar_then_idle_sum,lex-idlesum,,,9,9,59,"1,2,3,4,5,6,7,8,9,10,11,12,13,14,15,16,17,18,20,21,22,23,24,25,26,27,28,29,30,31,32,33,34,35,36,37,38,39,40,41,42,43,44,45,46,47,48,49,50,51,52,53,54,55,56,57,58,59,60",9,2,2,2,0,0,0,0,8,8,"0,0,0,0,0,0,0,0,1,0,0,0,0,0,0,0,2,2,0,0,0,0,0,0,0,0,0,0,0,0,0,0,0,0,0,0,0,0,0,0,0,0,0,0,0,0,0,0,0,0,0,0,0,0,0,0,2,0,0,2","42,48,48,48,48,48,48,48,48,46","7,6,1,8,4,2,9,3,8,2,9,2,5,8,2,10,6,4,1,7,9,6,7,9,5,7,3,6,10,2,3,5,6,1,8,10,9,8,2,10,4,10,5,9,2,7,8,3,4,1,9,5,7,10,2,7,3,10,5,6,2,1,1,8,6,4,9,10,2,3,7,5,5,3,8,1,2,4,9,3,7,6,10,8,5,2,1,3,5,2,1,7,4,6,8,4,3,9,10,8,9,2,10,5,6,3,6,9,8,7,10,7,9,2,8,4,10,1,6,8,4,3,5,7,10,6,8,4,9,3,1,9,6,9,3,6,7,2,5,4,1,8,5,6,7,10,4,8,3,3,6,7,10,1,3,9,4,8,5,2,7,3,4,1,2,10,8,4,7,2,9,10,6,4,2,6,1,10,5,8,3,2,8,10,4,7,6,5,1,4,2,3,5,9,6,4,7,3,5,1,10,6,8,9,3,4,10,1,7,5,6,8,9,7,5,1,4,10,8,3,6,9,7,5,2,4,1,9,2,7,3,5,1,4,5,9",1:M3 M19 M34 M50 M62 M63 M76 M87 M91 M118 M131 M141 M154 M164 M177 M189 M200 M208 M216 M227 M233 | 2:M6 M10 M12 M15 M30 M39 M45 M55 M61 M69 M77 M86 M90 M102 M114 M138 M160 M165 M170 M175 M182 M191 M225 M229 | 3:M8 M27 M31 M48 M57 M70 M74 M80 M88 M97 M106 M122 M130 M135 M149 M150 M155 M162 M181 M192 M198 M205 M220 M231 | 4:M5 M18 M41 M49 M66 M78 M93 M96 M116 M121 M128 M140 M147 M157 M163 M168 M174 M185 M190 M196 M206 M217 M226 M234 | 5:M13 M25 M32 M43 M52 M59 M72 M73 M85 M89 M104 M123 M139 M143 M159 M179 M188 M193 M199 M210 M215 M224 M232 M235 | 6:M2 M17 M22 M28 M33 M60 M65 M82 M94 M105 M107 M119 M126 M133 M136 M144 M151 M173 M176 M187 M195 M202 M211 M221 | 7:M1 M20 M23 M26 M46 M53 M56 M71 M81 M92 M110 M112 M124 M137 M145 M152 M161 M169 M186 M197 M209 M214 M223 M230 | 8:M4 M9 M14 M35 M38 M47 M64 M75 M84 M95 M100 M109 M115 M120 M127 M142 M148 M158 M167 M180 M183 M203 M212 M219 | 9:M7 M11 M21 M24 M37 M44 M51 M67 M79 M98 M101 M108 M113 M129 M132 M134 M156 M171 M194 M204 M213 M222 M228 M236 | 10:M16 M29 M36 M40 M42 M54 M58 M68 M83 M99 M103 M111 M117 M125 M146 M153 M166 M172 M178 M184 M201 M207 M218,,"domain reduction: sessions, fixed meetings, forbidden slots | precedence domain propagation: fixed point over direct edges | full precedence closure: cycle detection and graph statistics only | (20),(22)-(27) exactly once over reduced domains | (19) participant atMost-one per slot | (46),(47) clustered table capacity with full channeling | (28) staircase/support precedence over reduced domains and direct E | usedSlot channeling + exact per-idle-slot break cost | (43) exactly |Mp| reduced usedSlot variables | (44) atMost 2|L| busy participants per slot | (45) exact even number of busy participants | exact unary internal-idle counts and range objective over P*",,,result,77222,486,2,77708
table03,tic-12.original,tic-12.original,SAT,OPTIMAL,0.09427,5457,22376,246,0,22622,,peak_process_tree_rss_mb,maxsat,traditional,direct,no,imp12+,lexicographic_internal_idle_range_pstar_then_idle_sum,lex-idlesum,,,0,0,39,"1,2,3,4,5,6,7,8,9,10,11,12,13,14,15,16,17,18,19,20,21,22,23,24,25,26,27,28,29,30,31,32,33,34,35,36,39,41,42",0,0,0,0,0,0,0,0,6,6,"0,0,0,0,0,0,0,0,0,0,0,0,0,0,0,0,0,0,0,0,0,0,0,0,0,0,0,0,0,0,0,0,0,0,0,0,0,0,0,0,0,0","26,30,32,34,34,36,32,26","5,1,8,4,3,4,3,4,6,4,8,2,5,7,1,8,3,6,8,3,2,1,5,6,1,6,3,8,7,4,5,2,3,6,2,4,5,7,2,4,7,5,6,1,8,3,6,4,7,5,8,6,7,5,2,4,3,6,7,7,1,4,6,3,5,7,5,2,8,1,6,2,7,1,5,8,5,2,7,5,1,3,6,4,8,2,2,6,4,3,1,2,5,1,8,7,3,4,6,3,6,8,7,4,2,2,5,7,6,4,3,6,3,4,1,7,5,1,3,4,5,7,6,2,8",1:M2 M15 M22 M25 M44 M61 M70 M74 M81 M91 M94 M115 M118 | 2:M12 M21 M32 M35 M39 M55 M68 M72 M78 M86 M87 M92 M105 M106 M124 | 3:M5 M7 M17 M20 M27 M33 M46 M57 M64 M82 M90 M97 M100 M111 M113 M119 | 4:M4 M6 M8 M10 M30 M36 M40 M48 M56 M62 M84 M89 M98 M104 M110 M114 M120 | 5:M1 M13 M23 M31 M37 M42 M50 M54 M65 M67 M75 M77 M80 M93 M107 M117 M121 | 6:M9 M18 M24 M26 M34 M43 M47 M52 M58 M63 M71 M83 M88 M99 M101 M109 M112 M123 | 7:M14 M29 M38 M41 M49 M53 M59 M60 M66 M73 M79 M96 M103 M108 M116 M122 | 8:M3 M11 M16 M19 M28 M45 M51 M69 M76 M85 M95 M102 M125,,"domain reduction: sessions, fixed meetings, forbidden slots | precedence domain propagation: fixed point over direct edges | full precedence closure: cycle detection and graph statistics only | (20),(22)-(27) exactly once over reduced domains | (19) participant atMost-one per slot | (46),(47) clustered table capacity with full channeling | (28) traditional pairwise precedence over direct E | usedSlot channeling + exact per-idle-slot break cost | (43) exactly |Mp| reduced usedSlot variables | (44) atMost 2|L| busy participants per slot | (45) exact even number of busy participants | exact unary internal-idle counts and range objective over P*",,,result,22376,246,0,22622
table03,tic-12.original,tic-12.original,SAT,OPTIMAL,0.093406,5457,22376,246,0,22622,,peak_process_tree_rss_mb,maxsat,staircase,direct,yes,imp12+,lexicographic_internal_idle_range_pstar_then_idle_sum,lex-idlesum,,,0,0,39,"1,2,3,4,5,6,7,8,9,10,11,12,13,14,15,16,17,18,19,20,21,22,23,24,25,26,27,28,29,30,31,32,33,34,35,36,39,41,42",0,0,0,0,0,0,0,0,6,6,"0,0,0,0,0,0,0,0,0,0,0,0,0,0,0,0,0,0,0,0,0,0,0,0,0,0,0,0,0,0,0,0,0,0,0,0,0,0,0,0,0,0","26,30,32,34,34,36,32,26","5,1,8,4,3,4,3,4,6,4,8,2,5,7,1,8,3,6,8,3,2,1,5,6,1,6,3,8,7,4,5,2,3,6,2,4,5,7,2,4,7,5,6,1,8,3,6,4,7,5,8,6,7,5,2,4,3,6,7,7,1,4,6,3,5,7,5,2,8,1,6,2,7,1,5,8,5,2,7,5,1,3,6,4,8,2,2,6,4,3,1,2,5,1,8,7,3,4,6,3,6,8,7,4,2,2,5,7,6,4,3,6,3,4,1,7,5,1,3,4,5,7,6,2,8",1:M2 M15 M22 M25 M44 M61 M70 M74 M81 M91 M94 M115 M118 | 2:M12 M21 M32 M35 M39 M55 M68 M72 M78 M86 M87 M92 M105 M106 M124 | 3:M5 M7 M17 M20 M27 M33 M46 M57 M64 M82 M90 M97 M100 M111 M113 M119 | 4:M4 M6 M8 M10 M30 M36 M40 M48 M56 M62 M84 M89 M98 M104 M110 M114 M120 | 5:M1 M13 M23 M31 M37 M42 M50 M54 M65 M67 M75 M77 M80 M93 M107 M117 M121 | 6:M9 M18 M24 M26 M34 M43 M47 M52 M58 M63 M71 M83 M88 M99 M101 M109 M112 M123 | 7:M14 M29 M38 M41 M49 M53 M59 M60 M66 M73 M79 M96 M103 M108 M116 M122 | 8:M3 M11 M16 M19 M28 M45 M51 M69 M76 M85 M95 M102 M125,,"domain reduction: sessions, fixed meetings, forbidden slots | precedence domain propagation: fixed point over direct edges | full precedence closure: cycle detection and graph statistics only | (20),(22)-(27) exactly once over reduced domains | (19) participant atMost-one per slot | (46),(47) clustered table capacity with full channeling | (28) staircase/support precedence over reduced domains and direct E | usedSlot channeling + exact per-idle-slot break cost | (43) exactly |Mp| reduced usedSlot variables | (44) atMost 2|L| busy participants per slot | (45) exact even number of busy participants | exact unary internal-idle counts and range objective over P*",,,result,22376,246,0,22622
table03,tic-12crafc.original,tic-12crafc.original,SAT,OPTIMAL,0.165396,14593,36384,246,0,36630,,peak_process_tree_rss_mb,maxsat,traditional,direct,no,imp12+,lexicographic_internal_idle_range_pstar_then_idle_sum,lex-idlesum,,,0,0,39,"1,2,3,4,5,6,7,8,9,10,11,12,13,14,15,16,17,18,19,20,21,22,23,24,25,26,27,28,29,30,31,32,33,34,35,36,39,41,42",0,0,0,0,0,0,0,0,6,6,"0,0,0,0,0,0,0,0,0,0,0,0,0,0,0,0,0,0,0,0,0,0,0,0,0,0,0,0,0,0,0,0,0,0,0,0,0,0,0,0,0,0","28,32,32,32,32,32,32,30","6,8,4,5,1,5,1,5,3,8,7,3,5,1,8,2,7,4,2,6,3,7,7,8,7,3,6,4,1,2,5,8,5,8,4,6,3,2,7,6,5,2,1,8,4,2,7,4,5,6,2,3,4,6,7,8,5,2,8,8,6,1,5,7,2,2,6,7,1,3,3,7,4,1,6,2,3,4,4,3,6,7,5,2,1,8,2,4,1,5,3,4,6,1,5,2,3,8,7,8,1,3,2,6,4,7,8,4,5,3,6,4,3,1,7,6,5,8,6,4,2,5,1,3,7",1:M5 M7 M14 M29 M43 M62 M69 M74 M85 M89 M94 M101 M114 M123 | 2:M16 M19 M30 M38 M42 M46 M51 M58 M65 M66 M76 M84 M87 M96 M103 M121 | 3:M9 M12 M21 M26 M37 M52 M70 M71 M77 M80 M91 M97 M102 M110 M113 M124 | 4:M3 M18 M28 M35 M45 M48 M53 M73 M78 M79 M88 M92 M105 M108 M112 M120 | 5:M4 M6 M8 M13 M31 M33 M41 M49 M57 M63 M83 M90 M95 M109 M117 M122 | 6:M1 M20 M27 M36 M40 M50 M54 M61 M67 M75 M81 M93 M104 M111 M116 M119 | 7:M11 M17 M22 M23 M25 M39 M47 M55 M64 M68 M72 M82 M99 M106 M115 M125 | 8:M2 M10 M15 M24 M32 M34 M44 M56 M59 M60 M86 M98 M100 M107 M118,,"domain reduction: sessions, fixed meetings, forbidden slots | precedence domain propagation: fixed point over direct edges | full precedence closure: cycle detection and graph statistics only | (20),(22)-(27) exactly once over reduced domains | (19) participant atMost-one per slot | (46),(47) clustered table capacity with full channeling | (28) traditional pairwise precedence over direct E | usedSlot channeling + exact per-idle-slot break cost | (43) exactly |Mp| reduced usedSlot variables | (44) atMost 2|L| busy participants per slot | (45) exact even number of busy participants | exact unary internal-idle counts and range objective over P*",,,result,36384,246,0,36630
table03,tic-12crafc.original,tic-12crafc.original,SAT,OPTIMAL,0.165887,14593,36384,246,0,36630,,peak_process_tree_rss_mb,maxsat,staircase,direct,yes,imp12+,lexicographic_internal_idle_range_pstar_then_idle_sum,lex-idlesum,,,0,0,39,"1,2,3,4,5,6,7,8,9,10,11,12,13,14,15,16,17,18,19,20,21,22,23,24,25,26,27,28,29,30,31,32,33,34,35,36,39,41,42",0,0,0,0,0,0,0,0,6,6,"0,0,0,0,0,0,0,0,0,0,0,0,0,0,0,0,0,0,0,0,0,0,0,0,0,0,0,0,0,0,0,0,0,0,0,0,0,0,0,0,0,0","28,32,32,32,32,32,32,30","6,8,4,5,1,5,1,5,3,8,7,3,5,1,8,2,7,4,2,6,3,7,7,8,7,3,6,4,1,2,5,8,5,8,4,6,3,2,7,6,5,2,1,8,4,2,7,4,5,6,2,3,4,6,7,8,5,2,8,8,6,1,5,7,2,2,6,7,1,3,3,7,4,1,6,2,3,4,4,3,6,7,5,2,1,8,2,4,1,5,3,4,6,1,5,2,3,8,7,8,1,3,2,6,4,7,8,4,5,3,6,4,3,1,7,6,5,8,6,4,2,5,1,3,7",1:M5 M7 M14 M29 M43 M62 M69 M74 M85 M89 M94 M101 M114 M123 | 2:M16 M19 M30 M38 M42 M46 M51 M58 M65 M66 M76 M84 M87 M96 M103 M121 | 3:M9 M12 M21 M26 M37 M52 M70 M71 M77 M80 M91 M97 M102 M110 M113 M124 | 4:M3 M18 M28 M35 M45 M48 M53 M73 M78 M79 M88 M92 M105 M108 M112 M120 | 5:M4 M6 M8 M13 M31 M33 M41 M49 M57 M63 M83 M90 M95 M109 M117 M122 | 6:M1 M20 M27 M36 M40 M50 M54 M61 M67 M75 M81 M93 M104 M111 M116 M119 | 7:M11 M17 M22 M23 M25 M39 M47 M55 M64 M68 M72 M82 M99 M106 M115 M125 | 8:M2 M10 M15 M24 M32 M34 M44 M56 M59 M60 M86 M98 M100 M107 M118,,"domain reduction: sessions, fixed meetings, forbidden slots | precedence domain propagation: fixed point over direct edges | full precedence closure: cycle detection and graph statistics only | (20),(22)-(27) exactly once over reduced domains | (19) participant atMost-one per slot | (46),(47) clustered table capacity with full channeling | (28) staircase/support precedence over reduced domains and direct E | usedSlot channeling + exact per-idle-slot break cost | (43) exactly |Mp| reduced usedSlot variables | (44) atMost 2|L| busy participants per slot | (45) exact even number of busy participants | exact unary internal-idle counts and range objective over P*",,,result,36384,246,0,36630
table03,tic-13.original,tic-13.original,SAT,OPTIMAL,0.309712,24812,66388,366,0,66754,,peak_process_tree_rss_mb,maxsat,traditional,direct,no,imp12+,lexicographic_internal_idle_range_pstar_then_idle_sum,lex-idlesum,,,0,0,45,"1,3,4,5,6,7,8,9,10,11,12,13,14,15,16,17,18,19,20,21,22,23,24,25,26,27,28,29,30,31,32,33,34,35,36,37,38,40,41,42,43,44,45,46,47",0,0,0,0,0,0,0,0,6,6,"0,0,0,0,0,0,0,0,0,0,0,0,0,0,0,0,0,0,0,0,0,0,0,0,0,0,0,0,0,0,0,0,0,0,0,0,0,0,0,0,0,0,0,0,0,0,0","22,32,38,40,42,42,42,40,34,28","6,8,7,2,10,9,1,5,4,3,8,9,7,5,6,4,3,5,10,6,7,9,4,5,3,2,6,7,8,3,1,2,7,5,6,8,4,3,2,5,1,2,7,8,3,6,1,5,4,8,9,6,7,10,7,8,5,3,2,5,1,6,8,2,10,4,9,6,8,10,3,1,2,9,6,4,7,10,8,6,4,5,10,9,1,7,3,4,2,7,8,4,5,6,9,2,10,4,8,9,7,5,6,3,2,9,4,5,4,10,5,2,7,6,3,7,8,9,3,7,5,4,2,9,7,6,3,4,10,5,9,7,10,4,1,2,8,6,5,3,1,5,4,8,10,8,3,5,2,6,5,4,6,9,4,1,3,7,6,9,8,3,4,2,8,10,3,7,6,5,1,9,8,9,3,10,7,8,6,7",1:M7 M31 M41 M47 M61 M72 M85 M135 M141 M156 M171 | 2:M4 M26 M32 M39 M42 M59 M64 M73 M89 M96 M105 M112 M123 M136 M149 M164 | 3:M10 M17 M25 M30 M38 M45 M58 M71 M87 M104 M115 M119 M127 M140 M147 M157 M162 M167 M175 | 4:M9 M16 M23 M37 M49 M66 M76 M81 M88 M92 M98 M107 M109 M122 M128 M134 M143 M152 M155 M163 | 5:M8 M14 M18 M24 M34 M40 M48 M57 M60 M82 M93 M102 M108 M111 M121 M130 M139 M142 M148 M151 M170 | 6:M1 M15 M20 M27 M35 M46 M52 M62 M68 M75 M80 M94 M103 M114 M126 M138 M150 M153 M159 M169 M179 | 7:M3 M13 M21 M28 M33 M43 M53 M55 M77 M86 M90 M101 M113 M116 M120 M125 M132 M158 M168 M177 M180 | 8:M2 M11 M29 M36 M44 M50 M56 M63 M69 M79 M91 M99 M117 M137 M144 M146 M161 M165 M173 M178 | 9:M6 M12 M22 M51 M67 M74 M84 M95 M100 M106 M118 M124 M131 M154 M160 M172 M174 | 10:M5 M19 M54 M65 M70 M78 M83 M97 M110 M129 M133 M145 M166 M176,,"domain reduction: sessions, fixed meetings, forbidden slots | precedence domain propagation: fixed point over direct edges | full precedence closure: cycle detection and graph statistics only | (20),(22)-(27) exactly once over reduced domains | (19) participant atMost-one per slot | (46),(47) clustered table capacity with full channeling | (28) traditional pairwise precedence over direct E | usedSlot channeling + exact per-idle-slot break cost | (43) exactly |Mp| reduced usedSlot variables | (44) atMost 2|L| busy participants per slot | (45) exact even number of busy participants | exact unary internal-idle counts and range objective over P*",,,result,66388,366,0,66754
table03,tic-13.original,tic-13.original,SAT,OPTIMAL,0.309567,24812,66388,366,0,66754,,peak_process_tree_rss_mb,maxsat,staircase,direct,yes,imp12+,lexicographic_internal_idle_range_pstar_then_idle_sum,lex-idlesum,,,0,0,45,"1,3,4,5,6,7,8,9,10,11,12,13,14,15,16,17,18,19,20,21,22,23,24,25,26,27,28,29,30,31,32,33,34,35,36,37,38,40,41,42,43,44,45,46,47",0,0,0,0,0,0,0,0,6,6,"0,0,0,0,0,0,0,0,0,0,0,0,0,0,0,0,0,0,0,0,0,0,0,0,0,0,0,0,0,0,0,0,0,0,0,0,0,0,0,0,0,0,0,0,0,0,0","22,32,38,40,42,42,42,40,34,28","6,8,7,2,10,9,1,5,4,3,8,9,7,5,6,4,3,5,10,6,7,9,4,5,3,2,6,7,8,3,1,2,7,5,6,8,4,3,2,5,1,2,7,8,3,6,1,5,4,8,9,6,7,10,7,8,5,3,2,5,1,6,8,2,10,4,9,6,8,10,3,1,2,9,6,4,7,10,8,6,4,5,10,9,1,7,3,4,2,7,8,4,5,6,9,2,10,4,8,9,7,5,6,3,2,9,4,5,4,10,5,2,7,6,3,7,8,9,3,7,5,4,2,9,7,6,3,4,10,5,9,7,10,4,1,2,8,6,5,3,1,5,4,8,10,8,3,5,2,6,5,4,6,9,4,1,3,7,6,9,8,3,4,2,8,10,3,7,6,5,1,9,8,9,3,10,7,8,6,7",1:M7 M31 M41 M47 M61 M72 M85 M135 M141 M156 M171 | 2:M4 M26 M32 M39 M42 M59 M64 M73 M89 M96 M105 M112 M123 M136 M149 M164 | 3:M10 M17 M25 M30 M38 M45 M58 M71 M87 M104 M115 M119 M127 M140 M147 M157 M162 M167 M175 | 4:M9 M16 M23 M37 M49 M66 M76 M81 M88 M92 M98 M107 M109 M122 M128 M134 M143 M152 M155 M163 | 5:M8 M14 M18 M24 M34 M40 M48 M57 M60 M82 M93 M102 M108 M111 M121 M130 M139 M142 M148 M151 M170 | 6:M1 M15 M20 M27 M35 M46 M52 M62 M68 M75 M80 M94 M103 M114 M126 M138 M150 M153 M159 M169 M179 | 7:M3 M13 M21 M28 M33 M43 M53 M55 M77 M86 M90 M101 M113 M116 M120 M125 M132 M158 M168 M177 M180 | 8:M2 M11 M29 M36 M44 M50 M56 M63 M69 M79 M91 M99 M117 M137 M144 M146 M161 M165 M173 M178 | 9:M6 M12 M22 M51 M67 M74 M84 M95 M100 M106 M118 M124 M131 M154 M160 M172 M174 | 10:M5 M19 M54 M65 M70 M78 M83 M97 M110 M129 M133 M145 M166 M176,,"domain reduction: sessions, fixed meetings, forbidden slots | precedence domain propagation: fixed point over direct edges | full precedence closure: cycle detection and graph statistics only | (20),(22)-(27) exactly once over reduced domains | (19) participant atMost-one per slot | (46),(47) clustered table capacity with full channeling | (28) staircase/support precedence over reduced domains and direct E | usedSlot channeling + exact per-idle-slot break cost | (43) exactly |Mp| reduced usedSlot variables | (44) atMost 2|L| busy participants per slot | (45) exact even number of busy participants | exact unary internal-idle counts and range objective over P*",,,result,66388,366,0,66754
table03,tic-13crafb.original,tic-13crafb.original,SAT,OPTIMAL,0.27596,23197,64493,368,0,64861,,peak_process_tree_rss_mb,maxsat,traditional,direct,no,imp12+,lexicographic_internal_idle_range_pstar_then_idle_sum,lex-idlesum,,,0,0,44,"1,2,3,4,5,6,7,8,9,10,11,12,13,14,15,16,17,18,19,20,21,22,24,25,26,27,28,29,30,31,32,33,34,35,36,37,38,40,41,42,43,44,45,46",0,0,0,0,0,0,0,0,8,8,"0,0,0,0,0,0,0,0,0,0,0,0,0,0,0,0,0,0,0,0,0,0,0,0,0,0,0,0,0,0,0,0,0,0,0,0,0,0,0,0,0,0,0,0,0,0","26,34,38,40,40,42,42,38,36,32","4,5,2,7,8,9,6,7,5,9,5,9,10,1,5,9,8,8,3,6,2,5,4,5,10,4,7,9,6,3,3,6,8,1,10,5,2,7,4,4,5,2,10,8,7,6,4,1,9,3,4,7,1,8,6,10,7,1,2,3,10,4,5,7,9,10,5,8,4,6,8,6,1,9,10,8,7,4,5,3,2,5,4,6,2,10,6,7,4,3,9,8,6,3,4,3,2,8,7,5,1,4,7,2,5,3,6,9,10,9,6,7,1,3,8,4,9,8,10,9,2,4,3,8,5,6,7,1,7,3,6,10,2,8,3,7,9,5,2,1,6,4,10,9,8,5,7,6,9,10,3,2,7,8,2,3,1,1,3,6,4,5,2,6,10,2,5,9,4,8,3,1,7,4,6,2,3,7,5,8,9,10,7,6",1:M14 M34 M48 M53 M58 M73 M101 M113 M128 M140 M157 M158 M172 | 2:M3 M21 M37 M42 M59 M81 M85 M97 M104 M121 M133 M139 M152 M155 M163 M166 M176 | 3:M19 M30 M31 M50 M60 M80 M90 M94 M96 M106 M114 M123 M130 M135 M151 M156 M159 M171 M177 | 4:M1 M23 M26 M39 M40 M47 M51 M62 M69 M78 M83 M89 M95 M102 M116 M122 M142 M161 M169 M174 | 5:M2 M9 M11 M15 M22 M24 M36 M41 M63 M67 M79 M82 M100 M105 M125 M138 M146 M162 M167 M179 | 6:M7 M20 M29 M32 M46 M55 M70 M72 M84 M87 M93 M107 M111 M126 M131 M141 M148 M160 M164 M175 M184 | 7:M4 M8 M27 M38 M45 M52 M57 M64 M77 M88 M99 M103 M112 M127 M129 M136 M147 M153 M173 M178 M183 | 8:M5 M17 M18 M33 M44 M54 M68 M71 M76 M92 M98 M115 M118 M124 M134 M145 M154 M170 M180 | 9:M6 M10 M12 M16 M28 M49 M65 M74 M91 M108 M110 M117 M120 M137 M144 M149 M168 M181 | 10:M13 M25 M35 M43 M56 M61 M66 M75 M86 M109 M119 M132 M143 M150 M165 M182,,"domain reduction: sessions, fixed meetings, forbidden slots | precedence domain propagation: fixed point over direct edges | full precedence closure: cycle detection and graph statistics only | (20),(22)-(27) exactly once over reduced domains | (19) participant atMost-one per slot | (46),(47) clustered table capacity with full channeling | (28) traditional pairwise precedence over direct E | usedSlot channeling + exact per-idle-slot break cost | (43) exactly |Mp| reduced usedSlot variables | (44) atMost 2|L| busy participants per slot | (45) exact even number of busy participants | exact unary internal-idle counts and range objective over P*",,,result,64493,368,0,64861
table03,tic-13crafb.original,tic-13crafb.original,SAT,OPTIMAL,0.276169,23197,64493,368,0,64861,,peak_process_tree_rss_mb,maxsat,staircase,direct,yes,imp12+,lexicographic_internal_idle_range_pstar_then_idle_sum,lex-idlesum,,,0,0,44,"1,2,3,4,5,6,7,8,9,10,11,12,13,14,15,16,17,18,19,20,21,22,24,25,26,27,28,29,30,31,32,33,34,35,36,37,38,40,41,42,43,44,45,46",0,0,0,0,0,0,0,0,8,8,"0,0,0,0,0,0,0,0,0,0,0,0,0,0,0,0,0,0,0,0,0,0,0,0,0,0,0,0,0,0,0,0,0,0,0,0,0,0,0,0,0,0,0,0,0,0","26,34,38,40,40,42,42,38,36,32","4,5,2,7,8,9,6,7,5,9,5,9,10,1,5,9,8,8,3,6,2,5,4,5,10,4,7,9,6,3,3,6,8,1,10,5,2,7,4,4,5,2,10,8,7,6,4,1,9,3,4,7,1,8,6,10,7,1,2,3,10,4,5,7,9,10,5,8,4,6,8,6,1,9,10,8,7,4,5,3,2,5,4,6,2,10,6,7,4,3,9,8,6,3,4,3,2,8,7,5,1,4,7,2,5,3,6,9,10,9,6,7,1,3,8,4,9,8,10,9,2,4,3,8,5,6,7,1,7,3,6,10,2,8,3,7,9,5,2,1,6,4,10,9,8,5,7,6,9,10,3,2,7,8,2,3,1,1,3,6,4,5,2,6,10,2,5,9,4,8,3,1,7,4,6,2,3,7,5,8,9,10,7,6",1:M14 M34 M48 M53 M58 M73 M101 M113 M128 M140 M157 M158 M172 | 2:M3 M21 M37 M42 M59 M81 M85 M97 M104 M121 M133 M139 M152 M155 M163 M166 M176 | 3:M19 M30 M31 M50 M60 M80 M90 M94 M96 M106 M114 M123 M130 M135 M151 M156 M159 M171 M177 | 4:M1 M23 M26 M39 M40 M47 M51 M62 M69 M78 M83 M89 M95 M102 M116 M122 M142 M161 M169 M174 | 5:M2 M9 M11 M15 M22 M24 M36 M41 M63 M67 M79 M82 M100 M105 M125 M138 M146 M162 M167 M179 | 6:M7 M20 M29 M32 M46 M55 M70 M72 M84 M87 M93 M107 M111 M126 M131 M141 M148 M160 M164 M175 M184 | 7:M4 M8 M27 M38 M45 M52 M57 M64 M77 M88 M99 M103 M112 M127 M129 M136 M147 M153 M173 M178 M183 | 8:M5 M17 M18 M33 M44 M54 M68 M71 M76 M92 M98 M115 M118 M124 M134 M145 M154 M170 M180 | 9:M6 M10 M12 M16 M28 M49 M65 M74 M91 M108 M110 M117 M120 M137 M144 M149 M168 M181 | 10:M13 M25 M35 M43 M56 M61 M66 M75 M86 M109 M119 M132 M143 M150 M165 M182,,"domain reduction: sessions, fixed meetings, forbidden slots | precedence domain propagation: fixed point over direct edges | full precedence closure: cycle detection and graph statistics only | (20),(22)-(27) exactly once over reduced domains | (19) participant atMost-one per slot | (46),(47) clustered table capacity with full channeling | (28) staircase/support precedence over reduced domains and direct E | usedSlot channeling + exact per-idle-slot break cost | (43) exactly |Mp| reduced usedSlot variables | (44) atMost 2|L| busy participants per slot | (45) exact even number of busy participants | exact unary internal-idle counts and range objective over P*",,,result,64493,368,0,64861
table03,tic-13crafc.original,tic-13crafc.original,TIMEOUT,TIMEOUT,3600.012257,24972,66748,6,0,66754,,peak_process_tree_rss_mb,maxsat,traditional,direct,no,imp12+,lexicographic_internal_idle_range_pstar_then_idle_sum,lex-idlesum,,,,,45,"1,3,4,5,6,7,8,9,10,11,12,13,14,15,16,17,18,19,20,21,22,23,24,25,26,27,28,29,30,31,32,33,34,35,36,37,38,40,41,42,43,44,45,46,47",,,,,0,0,0,0,6,360,,,,,,,,,,,,,66754
table03,tic-13crafc.original,tic-13crafc.original,TIMEOUT,TIMEOUT,3600.022662,24972,66748,6,0,66754,,peak_process_tree_rss_mb,maxsat,staircase,direct,yes,imp12+,lexicographic_internal_idle_range_pstar_then_idle_sum,lex-idlesum,,,,,45,"1,3,4,5,6,7,8,9,10,11,12,13,14,15,16,17,18,19,20,21,22,23,24,25,26,27,28,29,30,31,32,33,34,35,36,37,38,40,41,42,43,44,45,46,47",,,,,0,0,0,0,6,360,,,,,,,,,,,,,66754
table03,tic-14crafa.original,tic-14crafa.original,SAT,OPTIMAL,0.406181,28369,81278,487,0,81765,,peak_process_tree_rss_mb,maxsat,traditional,direct,no,imp12+,lexicographic_internal_idle_range_pstar_then_idle_sum,lex-idlesum,,,0,0,59,"1,2,3,4,5,6,7,8,9,10,11,12,13,14,15,16,17,18,20,21,22,23,24,25,26,27,28,29,30,31,32,33,34,35,36,37,38,39,40,41,42,43,44,45,46,47,48,49,50,51,52,53,54,55,56,57,58,59,60",0,0,0,0,0,0,0,0,7,7,"0,0,0,0,0,0,0,0,0,0,0,0,0,0,0,0,0,0,0,0,0,0,0,0,0,0,0,0,0,0,0,0,0,0,0,0,0,0,0,0,0,0,0,0,0,0,0,0,0,0,0,0,0,0,0,0,0,0,0,0","34,42,48,52,54,52,54,52,48,38","4,5,3,9,6,1,2,7,3,7,4,7,3,2,9,5,10,6,7,5,4,8,2,3,4,10,2,5,6,10,3,7,8,9,7,6,5,4,8,3,3,10,5,8,9,4,1,9,1,7,2,4,3,6,9,3,10,7,8,1,5,5,6,2,3,9,7,4,10,8,1,2,8,6,9,10,10,3,2,4,7,1,6,9,8,5,4,8,9,6,7,5,5,3,6,8,4,9,5,2,6,7,9,4,3,1,4,2,7,6,2,8,4,1,2,5,8,10,4,7,9,7,5,6,10,8,5,4,6,7,10,4,5,3,8,4,7,10,1,6,9,3,10,2,8,7,6,9,5,7,8,4,2,10,7,5,9,6,3,1,2,5,8,4,6,9,10,1,3,3,2,6,1,10,2,5,6,4,3,8,6,5,7,2,1,3,4,6,9,8,5,7,10,6,1,8,4,2,9,5,1,4,9,6,1,8,10,5,7,2,9,3,8,5,7,3,10,3,8,6,2,9,3,8,4,5,7,1,6,7,9,8,4,8,5,9,7",1:M6 M47 M49 M60 M71 M82 M106 M114 M139 M160 M168 M173 M185 M195 M201 M205 M228 | 2:M7 M14 M23 M27 M51 M64 M72 M79 M100 M108 M111 M115 M144 M153 M161 M171 M175 M184 M198 M210 M221 | 3:M3 M9 M13 M24 M31 M40 M41 M53 M56 M65 M78 M94 M105 M134 M142 M159 M169 M170 M179 M186 M212 M216 M218 M223 | 4:M1 M11 M21 M25 M38 M46 M52 M68 M80 M87 M97 M104 M107 M113 M119 M128 M132 M136 M152 M164 M178 M187 M197 M202 M225 M233 | 5:M2 M16 M20 M28 M37 M43 M61 M62 M86 M92 M93 M99 M116 M123 M127 M133 M149 M156 M162 M176 M182 M191 M200 M208 M214 M226 M235 | 6:M5 M18 M29 M36 M54 M63 M74 M83 M90 M95 M101 M110 M124 M129 M140 M147 M158 M165 M172 M177 M181 M188 M194 M204 M220 M229 | 7:M8 M10 M12 M19 M32 M35 M50 M58 M67 M81 M91 M102 M109 M120 M122 M130 M137 M146 M150 M155 M183 M192 M209 M215 M227 M230 M237 | 8:M22 M33 M39 M44 M59 M70 M73 M85 M88 M96 M112 M117 M126 M135 M145 M151 M163 M180 M190 M196 M206 M213 M219 M224 M232 M234 | 9:M4 M15 M34 M45 M48 M55 M66 M75 M84 M89 M98 M103 M121 M141 M148 M157 M166 M189 M199 M203 M211 M222 M231 M236 | 10:M17 M26 M30 M42 M57 M69 M76 M77 M118 M125 M131 M138 M143 M154 M167 M174 M193 M207 M217,,"domain reduction: sessions, fixed meetings, forbidden slots | precedence domain propagation: fixed point over direct edges | full precedence closure: cycle detection and graph statistics only | (20),(22)-(27) exactly once over reduced domains | (19) participant atMost-one per slot | (46),(47) clustered table capacity with full channeling | (28) traditional pairwise precedence over direct E | usedSlot channeling + exact per-idle-slot break cost | (43) exactly |Mp| reduced usedSlot variables | (44) atMost 2|L| busy participants per slot | (45) exact even number of busy participants | exact unary internal-idle counts and range objective over P*",,,result,81278,487,0,81765
table03,tic-14crafa.original,tic-14crafa.original,SAT,OPTIMAL,0.400093,28369,81278,487,0,81765,,peak_process_tree_rss_mb,maxsat,staircase,direct,yes,imp12+,lexicographic_internal_idle_range_pstar_then_idle_sum,lex-idlesum,,,0,0,59,"1,2,3,4,5,6,7,8,9,10,11,12,13,14,15,16,17,18,20,21,22,23,24,25,26,27,28,29,30,31,32,33,34,35,36,37,38,39,40,41,42,43,44,45,46,47,48,49,50,51,52,53,54,55,56,57,58,59,60",0,0,0,0,0,0,0,0,7,7,"0,0,0,0,0,0,0,0,0,0,0,0,0,0,0,0,0,0,0,0,0,0,0,0,0,0,0,0,0,0,0,0,0,0,0,0,0,0,0,0,0,0,0,0,0,0,0,0,0,0,0,0,0,0,0,0,0,0,0,0","34,42,48,52,54,52,54,52,48,38","4,5,3,9,6,1,2,7,3,7,4,7,3,2,9,5,10,6,7,5,4,8,2,3,4,10,2,5,6,10,3,7,8,9,7,6,5,4,8,3,3,10,5,8,9,4,1,9,1,7,2,4,3,6,9,3,10,7,8,1,5,5,6,2,3,9,7,4,10,8,1,2,8,6,9,10,10,3,2,4,7,1,6,9,8,5,4,8,9,6,7,5,5,3,6,8,4,9,5,2,6,7,9,4,3,1,4,2,7,6,2,8,4,1,2,5,8,10,4,7,9,7,5,6,10,8,5,4,6,7,10,4,5,3,8,4,7,10,1,6,9,3,10,2,8,7,6,9,5,7,8,4,2,10,7,5,9,6,3,1,2,5,8,4,6,9,10,1,3,3,2,6,1,10,2,5,6,4,3,8,6,5,7,2,1,3,4,6,9,8,5,7,10,6,1,8,4,2,9,5,1,4,9,6,1,8,10,5,7,2,9,3,8,5,7,3,10,3,8,6,2,9,3,8,4,5,7,1,6,7,9,8,4,8,5,9,7",1:M6 M47 M49 M60 M71 M82 M106 M114 M139 M160 M168 M173 M185 M195 M201 M205 M228 | 2:M7 M14 M23 M27 M51 M64 M72 M79 M100 M108 M111 M115 M144 M153 M161 M171 M175 M184 M198 M210 M221 | 3:M3 M9 M13 M24 M31 M40 M41 M53 M56 M65 M78 M94 M105 M134 M142 M159 M169 M170 M179 M186 M212 M216 M218 M223 | 4:M1 M11 M21 M25 M38 M46 M52 M68 M80 M87 M97 M104 M107 M113 M119 M128 M132 M136 M152 M164 M178 M187 M197 M202 M225 M233 | 5:M2 M16 M20 M28 M37 M43 M61 M62 M86 M92 M93 M99 M116 M123 M127 M133 M149 M156 M162 M176 M182 M191 M200 M208 M214 M226 M235 | 6:M5 M18 M29 M36 M54 M63 M74 M83 M90 M95 M101 M110 M124 M129 M140 M147 M158 M165 M172 M177 M181 M188 M194 M204 M220 M229 | 7:M8 M10 M12 M19 M32 M35 M50 M58 M67 M81 M91 M102 M109 M120 M122 M130 M137 M146 M150 M155 M183 M192 M209 M215 M227 M230 M237 | 8:M22 M33 M39 M44 M59 M70 M73 M85 M88 M96 M112 M117 M126 M135 M145 M151 M163 M180 M190 M196 M206 M213 M219 M224 M232 M234 | 9:M4 M15 M34 M45 M48 M55 M66 M75 M84 M89 M98 M103 M121 M141 M148 M157 M166 M189 M199 M203 M211 M222 M231 M236 | 10:M17 M26 M30 M42 M57 M69 M76 M77 M118 M125 M131 M138 M143 M154 M167 M174 M193 M207 M217,,"domain reduction: sessions, fixed meetings, forbidden slots | precedence domain propagation: fixed point over direct edges | full precedence closure: cycle detection and graph statistics only | (20),(22)-(27) exactly once over reduced domains | (19) participant atMost-one per slot | (46),(47) clustered table capacity with full channeling | (28) staircase/support precedence over reduced domains and direct E | usedSlot channeling + exact per-idle-slot break cost | (43) exactly |Mp| reduced usedSlot variables | (44) atMost 2|L| busy participants per slot | (45) exact even number of busy participants | exact unary internal-idle counts and range objective over P*",,,result,81278,487,0,81765
table03,tic-14crafc.original,tic-14crafc.original,SAT,OPTIMAL,0.426768,28589,81758,487,0,82245,,peak_process_tree_rss_mb,maxsat,traditional,direct,no,imp12+,lexicographic_internal_idle_range_pstar_then_idle_sum,lex-idlesum,,,0,0,59,"1,2,3,4,5,6,7,8,9,10,11,12,13,14,15,16,17,18,20,21,22,23,24,25,26,27,28,29,30,31,32,33,34,35,36,37,38,39,40,41,42,43,44,45,46,47,48,49,50,51,52,53,54,55,56,57,58,59,60",0,0,0,0,0,0,0,0,7,7,"0,0,0,0,0,0,0,0,0,0,0,0,0,0,0,0,0,0,0,0,0,0,0,0,0,0,0,0,0,0,0,0,0,0,0,0,0,0,0,0,0,0,0,0,0,0,0,0,0,0,0,0,0,0,0,0,0,0,0,0","42,48,50,50,50,50,50,48,46,40","7,2,8,3,4,6,10,5,3,4,6,2,9,10,4,5,7,8,7,3,4,2,8,2,7,9,8,3,6,2,6,5,7,10,10,7,5,8,3,7,4,3,1,5,2,9,10,10,8,1,2,3,4,5,3,10,9,8,6,7,1,9,1,2,6,7,8,5,3,4,4,6,9,2,10,7,1,8,6,2,3,4,10,7,9,5,5,4,3,6,2,1,8,5,4,7,10,9,8,10,5,4,6,9,1,9,10,7,6,3,1,7,5,2,9,8,4,3,5,1,10,4,3,6,1,5,2,7,4,6,7,3,1,10,9,2,8,7,5,4,3,4,1,7,2,8,8,6,1,5,1,8,5,9,3,6,10,4,7,2,3,9,4,5,10,7,1,8,6,3,9,1,6,8,3,9,10,1,4,2,1,8,6,3,4,5,9,7,8,10,6,5,2,5,6,3,2,1,10,9,2,3,5,6,2,9,7,8,1,4,2,5,7,6,8,9,9,4,7,9,7,3,1,2,5,8,6,4,2,6,4,5,3,10,8,9,6",1:M43 M50 M61 M63 M77 M92 M105 M111 M120 M125 M133 M143 M149 M151 M167 M172 M178 M181 M198 M209 M223 | 2:M2 M12 M22 M24 M30 M45 M51 M64 M74 M80 M91 M114 M127 M136 M145 M160 M180 M193 M197 M201 M205 M211 M224 M229 | 3:M4 M9 M20 M28 M39 M42 M52 M55 M69 M81 M89 M110 M118 M123 M132 M141 M155 M161 M170 M175 M184 M196 M202 M222 M233 | 4:M5 M10 M15 M21 M41 M53 M70 M71 M82 M88 M95 M102 M117 M122 M129 M140 M142 M158 M163 M179 M185 M210 M218 M228 M231 | 5:M8 M16 M32 M37 M44 M54 M68 M86 M87 M94 M101 M113 M119 M126 M139 M150 M153 M164 M186 M192 M194 M203 M212 M225 M232 | 6:M6 M11 M29 M31 M59 M65 M72 M79 M90 M103 M109 M124 M130 M148 M156 M169 M173 M183 M191 M195 M204 M214 M227 M230 M237 | 7:M1 M17 M19 M25 M33 M36 M40 M60 M66 M76 M84 M96 M108 M112 M128 M131 M138 M144 M159 M166 M188 M207 M213 M219 M221 | 8:M3 M18 M23 M27 M38 M49 M58 M67 M78 M93 M99 M116 M137 M146 M147 M152 M168 M174 M182 M189 M208 M215 M226 M235 | 9:M13 M26 M46 M57 M62 M73 M85 M98 M104 M106 M115 M135 M154 M162 M171 M176 M187 M200 M206 M216 M217 M220 M236 | 10:M7 M14 M34 M35 M47 M48 M56 M75 M83 M97 M100 M107 M121 M134 M157 M165 M177 M190 M199 M234,,"domain reduction: sessions, fixed meetings, forbidden slots | precedence domain propagation: fixed point over direct edges | full precedence closure: cycle detection and graph statistics only | (20),(22)-(27) exactly once over reduced domains | (19) participant atMost-one per slot | (46),(47) clustered table capacity with full channeling | (28) traditional pairwise precedence over direct E | usedSlot channeling + exact per-idle-slot break cost | (43) exactly |Mp| reduced usedSlot variables | (44) atMost 2|L| busy participants per slot | (45) exact even number of busy participants | exact unary internal-idle counts and range objective over P*",,,result,81758,487,0,82245
table03,tic-14crafc.original,tic-14crafc.original,SAT,OPTIMAL,0.427556,28589,81758,487,0,82245,,peak_process_tree_rss_mb,maxsat,staircase,direct,yes,imp12+,lexicographic_internal_idle_range_pstar_then_idle_sum,lex-idlesum,,,0,0,59,"1,2,3,4,5,6,7,8,9,10,11,12,13,14,15,16,17,18,20,21,22,23,24,25,26,27,28,29,30,31,32,33,34,35,36,37,38,39,40,41,42,43,44,45,46,47,48,49,50,51,52,53,54,55,56,57,58,59,60",0,0,0,0,0,0,0,0,7,7,"0,0,0,0,0,0,0,0,0,0,0,0,0,0,0,0,0,0,0,0,0,0,0,0,0,0,0,0,0,0,0,0,0,0,0,0,0,0,0,0,0,0,0,0,0,0,0,0,0,0,0,0,0,0,0,0,0,0,0,0","42,48,50,50,50,50,50,48,46,40","7,2,8,3,4,6,10,5,3,4,6,2,9,10,4,5,7,8,7,3,4,2,8,2,7,9,8,3,6,2,6,5,7,10,10,7,5,8,3,7,4,3,1,5,2,9,10,10,8,1,2,3,4,5,3,10,9,8,6,7,1,9,1,2,6,7,8,5,3,4,4,6,9,2,10,7,1,8,6,2,3,4,10,7,9,5,5,4,3,6,2,1,8,5,4,7,10,9,8,10,5,4,6,9,1,9,10,7,6,3,1,7,5,2,9,8,4,3,5,1,10,4,3,6,1,5,2,7,4,6,7,3,1,10,9,2,8,7,5,4,3,4,1,7,2,8,8,6,1,5,1,8,5,9,3,6,10,4,7,2,3,9,4,5,10,7,1,8,6,3,9,1,6,8,3,9,10,1,4,2,1,8,6,3,4,5,9,7,8,10,6,5,2,5,6,3,2,1,10,9,2,3,5,6,2,9,7,8,1,4,2,5,7,6,8,9,9,4,7,9,7,3,1,2,5,8,6,4,2,6,4,5,3,10,8,9,6",1:M43 M50 M61 M63 M77 M92 M105 M111 M120 M125 M133 M143 M149 M151 M167 M172 M178 M181 M198 M209 M223 | 2:M2 M12 M22 M24 M30 M45 M51 M64 M74 M80 M91 M114 M127 M136 M145 M160 M180 M193 M197 M201 M205 M211 M224 M229 | 3:M4 M9 M20 M28 M39 M42 M52 M55 M69 M81 M89 M110 M118 M123 M132 M141 M155 M161 M170 M175 M184 M196 M202 M222 M233 | 4:M5 M10 M15 M21 M41 M53 M70 M71 M82 M88 M95 M102 M117 M122 M129 M140 M142 M158 M163 M179 M185 M210 M218 M228 M231 | 5:M8 M16 M32 M37 M44 M54 M68 M86 M87 M94 M101 M113 M119 M126 M139 M150 M153 M164 M186 M192 M194 M203 M212 M225 M232 | 6:M6 M11 M29 M31 M59 M65 M72 M79 M90 M103 M109 M124 M130 M148 M156 M169 M173 M183 M191 M195 M204 M214 M227 M230 M237 | 7:M1 M17 M19 M25 M33 M36 M40 M60 M66 M76 M84 M96 M108 M112 M128 M131 M138 M144 M159 M166 M188 M207 M213 M219 M221 | 8:M3 M18 M23 M27 M38 M49 M58 M67 M78 M93 M99 M116 M137 M146 M147 M152 M168 M174 M182 M189 M208 M215 M226 M235 | 9:M13 M26 M46 M57 M62 M73 M85 M98 M104 M106 M115 M135 M154 M162 M171 M176 M187 M200 M206 M216 M217 M220 M236 | 10:M7 M14 M34 M35 M47 M48 M56 M75 M83 M97 M100 M107 M121 M134 M157 M165 M177 M190 M199 M234,,"domain reduction: sessions, fixed meetings, forbidden slots | precedence domain propagation: fixed point over direct edges | full precedence closure: cycle detection and graph statistics only | (20),(22)-(27) exactly once over reduced domains | (19) participant atMost-one per slot | (46),(47) clustered table capacity with full channeling | (28) staircase/support precedence over reduced domains and direct E | usedSlot channeling + exact per-idle-slot break cost | (43) exactly |Mp| reduced usedSlot variables | (44) atMost 2|L| busy participants per slot | (45) exact even number of busy participants | exact unary internal-idle counts and range objective over P*",,,result,81758,487,0,82245
table03,tic-14crafd.original,tic-14crafd.original,SAT,OPTIMAL,0.399573,28267,81105,488,0,81593,,peak_process_tree_rss_mb,maxsat,traditional,direct,no,imp12+,lexicographic_internal_idle_range_pstar_then_idle_sum,lex-idlesum,,,0,0,59,"1,2,3,4,5,6,7,8,9,10,11,12,13,14,15,16,17,18,20,21,22,23,24,25,26,27,28,29,30,31,32,33,34,35,36,37,38,39,40,41,42,43,44,45,46,47,48,49,50,51,52,53,54,55,56,57,58,59,60",0,0,0,0,0,0,0,0,8,8,"0,0,0,0,0,0,0,0,0,0,0,0,0,0,0,0,0,0,0,0,0,0,0,0,0,0,0,0,0,0,0,0,0,0,0,0,0,0,0,0,0,0,0,0,0,0,0,0,0,0,0,0,0,0,0,0,0,0,0,0","42,44,50,48,50,50,50,50,46,42","9,5,7,10,1,4,6,3,3,7,2,3,2,6,7,10,9,8,3,4,1,6,8,9,7,4,3,9,2,1,3,9,5,6,4,4,2,7,1,7,6,9,3,5,7,8,10,7,8,10,6,1,4,3,5,5,1,6,9,7,3,10,10,3,8,5,2,4,9,7,6,1,1,3,8,10,5,6,8,5,9,1,2,7,10,3,4,4,2,8,5,6,3,1,7,4,3,5,7,8,5,2,4,9,8,3,2,3,5,6,4,9,5,8,2,6,4,1,3,8,9,5,7,9,8,10,3,5,4,6,7,2,6,10,6,7,5,3,8,4,1,2,4,6,1,9,2,7,8,6,7,2,3,5,9,4,8,6,1,10,6,7,8,4,10,3,2,8,4,3,5,9,7,5,2,10,8,3,1,7,6,10,9,10,1,2,8,7,6,5,10,9,10,2,9,5,6,10,8,1,7,2,8,5,10,1,7,4,9,6,4,5,1,2,4,10,5,1,8,6,7,4,3,9,2,5,2,1,4,9,8,3,8,10,9,6",1:M5 M21 M30 M39 M52 M57 M72 M73 M82 M94 M118 M141 M145 M159 M179 M185 M200 M206 M213 M218 M228 | 2:M11 M13 M29 M37 M67 M83 M89 M102 M107 M115 M132 M142 M147 M152 M167 M175 M186 M194 M202 M214 M225 M227 | 3:M8 M9 M12 M19 M27 M31 M43 M54 M61 M64 M74 M86 M93 M97 M106 M108 M119 M127 M138 M153 M166 M170 M178 M223 M232 | 4:M6 M20 M26 M35 M36 M53 M68 M87 M88 M96 M103 M111 M117 M129 M140 M143 M156 M164 M169 M208 M211 M215 M222 M229 | 5:M2 M33 M44 M55 M56 M66 M77 M80 M91 M98 M101 M109 M113 M122 M128 M137 M154 M171 M174 M190 M196 M204 M212 M217 M226 | 6:M7 M14 M22 M34 M41 M51 M58 M71 M78 M92 M110 M116 M130 M133 M135 M144 M150 M158 M161 M181 M189 M197 M210 M220 M236 | 7:M3 M10 M15 M25 M38 M40 M45 M48 M60 M70 M84 M95 M99 M123 M131 M136 M148 M151 M162 M173 M180 M188 M201 M207 M221 | 8:M18 M23 M46 M49 M65 M75 M79 M90 M100 M105 M114 M120 M125 M139 M149 M157 M163 M168 M177 M187 M199 M203 M219 M231 M233 | 9:M1 M17 M24 M28 M32 M42 M59 M69 M81 M104 M112 M121 M124 M146 M155 M172 M183 M192 M195 M209 M224 M230 M235 | 10:M4 M16 M47 M50 M62 M63 M76 M85 M126 M134 M160 M165 M176 M182 M184 M191 M193 M198 M205 M216 M234,,"domain reduction: sessions, fixed meetings, forbidden slots | precedence domain propagation: fixed point over direct edges | full precedence closure: cycle detection and graph statistics only | (20),(22)-(27) exactly once over reduced domains | (19) participant atMost-one per slot | (46),(47) clustered table capacity with full channeling | (28) traditional pairwise precedence over direct E | usedSlot channeling + exact per-idle-slot break cost | (43) exactly |Mp| reduced usedSlot variables | (44) atMost 2|L| busy participants per slot | (45) exact even number of busy participants | exact unary internal-idle counts and range objective over P*",,,result,81105,488,0,81593
table03,tic-14crafd.original,tic-14crafd.original,SAT,OPTIMAL,0.405022,28267,81105,488,0,81593,,peak_process_tree_rss_mb,maxsat,staircase,direct,yes,imp12+,lexicographic_internal_idle_range_pstar_then_idle_sum,lex-idlesum,,,0,0,59,"1,2,3,4,5,6,7,8,9,10,11,12,13,14,15,16,17,18,20,21,22,23,24,25,26,27,28,29,30,31,32,33,34,35,36,37,38,39,40,41,42,43,44,45,46,47,48,49,50,51,52,53,54,55,56,57,58,59,60",0,0,0,0,0,0,0,0,8,8,"0,0,0,0,0,0,0,0,0,0,0,0,0,0,0,0,0,0,0,0,0,0,0,0,0,0,0,0,0,0,0,0,0,0,0,0,0,0,0,0,0,0,0,0,0,0,0,0,0,0,0,0,0,0,0,0,0,0,0,0","42,44,50,48,50,50,50,50,46,42","9,5,7,10,1,4,6,3,3,7,2,3,2,6,7,10,9,8,3,4,1,6,8,9,7,4,3,9,2,1,3,9,5,6,4,4,2,7,1,7,6,9,3,5,7,8,10,7,8,10,6,1,4,3,5,5,1,6,9,7,3,10,10,3,8,5,2,4,9,7,6,1,1,3,8,10,5,6,8,5,9,1,2,7,10,3,4,4,2,8,5,6,3,1,7,4,3,5,7,8,5,2,4,9,8,3,2,3,5,6,4,9,5,8,2,6,4,1,3,8,9,5,7,9,8,10,3,5,4,6,7,2,6,10,6,7,5,3,8,4,1,2,4,6,1,9,2,7,8,6,7,2,3,5,9,4,8,6,1,10,6,7,8,4,10,3,2,8,4,3,5,9,7,5,2,10,8,3,1,7,6,10,9,10,1,2,8,7,6,5,10,9,10,2,9,5,6,10,8,1,7,2,8,5,10,1,7,4,9,6,4,5,1,2,4,10,5,1,8,6,7,4,3,9,2,5,2,1,4,9,8,3,8,10,9,6",1:M5 M21 M30 M39 M52 M57 M72 M73 M82 M94 M118 M141 M145 M159 M179 M185 M200 M206 M213 M218 M228 | 2:M11 M13 M29 M37 M67 M83 M89 M102 M107 M115 M132 M142 M147 M152 M167 M175 M186 M194 M202 M214 M225 M227 | 3:M8 M9 M12 M19 M27 M31 M43 M54 M61 M64 M74 M86 M93 M97 M106 M108 M119 M127 M138 M153 M166 M170 M178 M223 M232 | 4:M6 M20 M26 M35 M36 M53 M68 M87 M88 M96 M103 M111 M117 M129 M140 M143 M156 M164 M169 M208 M211 M215 M222 M229 | 5:M2 M33 M44 M55 M56 M66 M77 M80 M91 M98 M101 M109 M113 M122 M128 M137 M154 M171 M174 M190 M196 M204 M212 M217 M226 | 6:M7 M14 M22 M34 M41 M51 M58 M71 M78 M92 M110 M116 M130 M133 M135 M144 M150 M158 M161 M181 M189 M197 M210 M220 M236 | 7:M3 M10 M15 M25 M38 M40 M45 M48 M60 M70 M84 M95 M99 M123 M131 M136 M148 M151 M162 M173 M180 M188 M201 M207 M221 | 8:M18 M23 M46 M49 M65 M75 M79 M90 M100 M105 M114 M120 M125 M139 M149 M157 M163 M168 M177 M187 M199 M203 M219 M231 M233 | 9:M1 M17 M24 M28 M32 M42 M59 M69 M81 M104 M112 M121 M124 M146 M155 M172 M183 M192 M195 M209 M224 M230 M235 | 10:M4 M16 M47 M50 M62 M63 M76 M85 M126 M134 M160 M165 M176 M182 M184 M191 M193 M198 M205 M216 M234,,"domain reduction: sessions, fixed meetings, forbidden slots | precedence domain propagation: fixed point over direct edges | full precedence closure: cycle detection and graph statistics only | (20),(22)-(27) exactly once over reduced domains | (19) participant atMost-one per slot | (46),(47) clustered table capacity with full channeling | (28) staircase/support precedence over reduced domains and direct E | usedSlot channeling + exact per-idle-slot break cost | (43) exactly |Mp| reduced usedSlot variables | (44) atMost 2|L| busy participants per slot | (45) exact even number of busy participants | exact unary internal-idle counts and range objective over P*",,,result,81105,488,0,81593
table03,ticf-13crafa.original,ticf-13crafa.original,SAT,OPTIMAL,2.176754,87052,208120,1189,0,209309,,peak_process_tree_rss_mb,maxsat,traditional,direct,no,imp12+,lexicographic_internal_idle_range_pstar_then_idle_sum,lex-idlesum,,,0,0,58,"1,2,3,4,5,6,7,8,9,10,11,12,13,14,15,16,18,19,23,24,25,26,27,28,29,30,31,32,33,34,35,36,37,38,39,40,41,42,44,45,46,47,48,49,50,52,53,54,56,57,59,60,62,63,64,65,66,70",0,0,0,0,0,0,0,0,19,19,"0,0,0,0,0,0,0,0,0,0,0,0,0,0,0,0,0,0,0,0,0,0,0,0,0,0,0,0,0,0,0,0,0,0,0,0,0,0,0,0,0,0,0,0,0,0,0,0,0,0,0,0,0,0,0,0,0,0,0,0,0,0,0,0,0,0,0,0,0,0","6,12,20,26,24,26,28,28,28,26,26,26,18,8,4,2,0,0,0,0,0","7,10,11,8,12,13,9,5,6,14,1,6,8,4,5,7,2,3,5,8,7,6,4,3,2,6,8,10,9,11,12,13,7,9,10,13,12,7,11,8,12,13,14,16,15,2,3,4,10,11,7,5,9,4,12,8,6,10,12,11,9,4,6,5,3,7,4,8,4,9,7,11,5,6,3,12,10,10,9,12,11,13,7,5,6,3,4,8,6,11,5,9,8,4,10,7,3,2,12,8,9,13,10,11,9,3,8,4,1,7,2,6,5,5,6,7,4,12,10,9,11,10,5,13,14,7,3,4,11,6,9,12,8,8,12,7,6,1,3,15,10,13,5,4,2,14,11,9,9,11,10,13,12,8",1:M11 M109 M138 | 2:M17 M25 M46 M98 M111 M145 | 3:M18 M24 M47 M65 M75 M86 M97 M106 M127 M139 | 4:M14 M23 M48 M54 M62 M67 M69 M87 M94 M108 M117 M128 M144 | 5:M8 M15 M19 M52 M64 M73 M84 M91 M113 M114 M123 M143 | 6:M9 M12 M22 M26 M57 M63 M74 M85 M89 M112 M115 M130 M137 | 7:M1 M16 M21 M33 M38 M51 M66 M71 M83 M96 M110 M116 M126 M136 | 8:M4 M13 M20 M27 M40 M56 M68 M88 M93 M100 M107 M133 M134 M154 | 9:M7 M29 M34 M53 M61 M70 M79 M92 M101 M105 M120 M131 M148 M149 | 10:M2 M28 M35 M49 M58 M77 M78 M95 M103 M119 M122 M141 M151 | 11:M3 M30 M39 M50 M60 M72 M81 M90 M104 M121 M129 M147 M150 | 12:M5 M31 M37 M41 M55 M59 M76 M80 M99 M118 M132 M135 M153 | 13:M6 M32 M36 M42 M82 M102 M124 M142 M152 | 14:M10 M43 M125 M146 | 15:M45 M140 | 16:M44 | 17: | 18: | 19: | 20: | 21:,,"domain reduction: sessions, fixed meetings, forbidden slots | precedence domain propagation: fixed point over direct edges | full precedence closure: cycle detection and graph statistics only | (20),(22)-(27) exactly once over reduced domains | (19) participant atMost-one per slot | (46),(47) clustered table capacity with full channeling | (28) traditional pairwise precedence over direct E | usedSlot channeling + exact per-idle-slot break cost | (43) exactly |Mp| reduced usedSlot variables | (44) atMost 2|L| busy participants per slot | (45) exact even number of busy participants | exact unary internal-idle counts and range objective over P*",,,result,208120,1189,0,209309
table03,ticf-13crafa.original,ticf-13crafa.original,SAT,OPTIMAL,2.168482,87052,208120,1189,0,209309,,peak_process_tree_rss_mb,maxsat,staircase,direct,yes,imp12+,lexicographic_internal_idle_range_pstar_then_idle_sum,lex-idlesum,,,0,0,58,"1,2,3,4,5,6,7,8,9,10,11,12,13,14,15,16,18,19,23,24,25,26,27,28,29,30,31,32,33,34,35,36,37,38,39,40,41,42,44,45,46,47,48,49,50,52,53,54,56,57,59,60,62,63,64,65,66,70",0,0,0,0,0,0,0,0,19,19,"0,0,0,0,0,0,0,0,0,0,0,0,0,0,0,0,0,0,0,0,0,0,0,0,0,0,0,0,0,0,0,0,0,0,0,0,0,0,0,0,0,0,0,0,0,0,0,0,0,0,0,0,0,0,0,0,0,0,0,0,0,0,0,0,0,0,0,0,0,0","6,12,20,26,24,26,28,28,28,26,26,26,18,8,4,2,0,0,0,0,0","7,10,11,8,12,13,9,5,6,14,1,6,8,4,5,7,2,3,5,8,7,6,4,3,2,6,8,10,9,11,12,13,7,9,10,13,12,7,11,8,12,13,14,16,15,2,3,4,10,11,7,5,9,4,12,8,6,10,12,11,9,4,6,5,3,7,4,8,4,9,7,11,5,6,3,12,10,10,9,12,11,13,7,5,6,3,4,8,6,11,5,9,8,4,10,7,3,2,12,8,9,13,10,11,9,3,8,4,1,7,2,6,5,5,6,7,4,12,10,9,11,10,5,13,14,7,3,4,11,6,9,12,8,8,12,7,6,1,3,15,10,13,5,4,2,14,11,9,9,11,10,13,12,8",1:M11 M109 M138 | 2:M17 M25 M46 M98 M111 M145 | 3:M18 M24 M47 M65 M75 M86 M97 M106 M127 M139 | 4:M14 M23 M48 M54 M62 M67 M69 M87 M94 M108 M117 M128 M144 | 5:M8 M15 M19 M52 M64 M73 M84 M91 M113 M114 M123 M143 | 6:M9 M12 M22 M26 M57 M63 M74 M85 M89 M112 M115 M130 M137 | 7:M1 M16 M21 M33 M38 M51 M66 M71 M83 M96 M110 M116 M126 M136 | 8:M4 M13 M20 M27 M40 M56 M68 M88 M93 M100 M107 M133 M134 M154 | 9:M7 M29 M34 M53 M61 M70 M79 M92 M101 M105 M120 M131 M148 M149 | 10:M2 M28 M35 M49 M58 M77 M78 M95 M103 M119 M122 M141 M151 | 11:M3 M30 M39 M50 M60 M72 M81 M90 M104 M121 M129 M147 M150 | 12:M5 M31 M37 M41 M55 M59 M76 M80 M99 M118 M132 M135 M153 | 13:M6 M32 M36 M42 M82 M102 M124 M142 M152 | 14:M10 M43 M125 M146 | 15:M45 M140 | 16:M44 | 17: | 18: | 19: | 20: | 21:,,"domain reduction: sessions, fixed meetings, forbidden slots | precedence domain propagation: fixed point over direct edges | full precedence closure: cycle detection and graph statistics only | (20),(22)-(27) exactly once over reduced domains | (19) participant atMost-one per slot | (46),(47) clustered table capacity with full channeling | (28) staircase/support precedence over reduced domains and direct E | usedSlot channeling + exact per-idle-slot break cost | (43) exactly |Mp| reduced usedSlot variables | (44) atMost 2|L| busy participants per slot | (45) exact even number of busy participants | exact unary internal-idle counts and range objective over P*",,,result,208120,1189,0,209309
table03,ticf-13crafb.original,ticf-13crafb.original,TIMEOUT,TIMEOUT,3600.035203,104066,257521,20,0,257541,,peak_process_tree_rss_mb,maxsat,traditional,direct,no,imp12+,lexicographic_internal_idle_range_pstar_then_idle_sum,lex-idlesum,,,,,56,"1,2,3,4,7,8,9,10,12,13,14,15,16,17,18,19,20,21,22,23,24,25,26,28,29,30,31,32,33,36,37,38,39,40,41,42,43,44,45,47,48,51,53,54,56,57,58,59,60,61,62,63,64,65,66,76",,,,,0,0,0,0,20,1334,,,,,,,,,,,,,257541
table03,ticf-13crafb.original,ticf-13crafb.original,TIMEOUT,TIMEOUT,3600.01907,104066,257521,20,0,257541,,peak_process_tree_rss_mb,maxsat,staircase,direct,yes,imp12+,lexicographic_internal_idle_range_pstar_then_idle_sum,lex-idlesum,,,,,56,"1,2,3,4,7,8,9,10,12,13,14,15,16,17,18,19,20,21,22,23,24,25,26,28,29,30,31,32,33,36,37,38,39,40,41,42,43,44,45,47,48,51,53,54,56,57,58,59,60,61,62,63,64,65,66,76",,,,,0,0,0,0,20,1334,,,,,,,,,,,,,257541
table03,ticf-13crafc.original,ticf-13crafc.original,SAT,OPTIMAL,17.943646,87182,208432,1189,0,209621,,peak_process_tree_rss_mb,maxsat,traditional,direct,no,imp12+,lexicographic_internal_idle_range_pstar_then_idle_sum,lex-idlesum,,,58,58,58,"1,2,3,4,5,6,7,8,9,10,11,12,13,14,15,16,18,19,23,24,25,26,27,28,29,30,31,32,33,34,35,36,37,38,39,40,41,42,44,45,46,47,48,49,50,52,53,54,56,57,59,60,62,63,64,65,66,70",58,0,0,1,0,0,0,0,19,19,"1,1,1,1,1,1,1,1,1,1,1,1,1,1,1,1,0,1,1,0,0,0,1,1,1,1,1,1,1,1,1,1,1,1,1,1,1,1,1,1,1,1,0,1,1,1,1,1,1,1,0,1,1,1,0,1,1,0,1,1,0,1,1,1,1,1,0,0,0,1","8,14,18,22,24,24,24,24,24,24,24,24,22,12,10,8,2,0,0,0,0","11,8,6,2,9,4,3,5,7,14,8,9,15,11,14,12,16,13,13,10,8,11,12,7,13,12,7,3,5,10,6,4,9,5,3,8,6,9,10,4,13,12,15,17,16,6,8,5,3,5,6,10,1,2,8,7,4,12,13,10,9,4,10,12,11,14,9,5,4,8,6,7,10,11,3,1,2,11,2,10,12,13,9,4,5,7,6,3,14,9,11,13,10,15,12,6,7,5,12,13,7,10,11,9,2,5,7,11,8,9,4,6,3,8,3,7,4,1,6,2,5,12,14,16,15,6,11,8,4,5,13,9,10,15,4,1,2,9,11,13,5,8,3,14,6,12,7,16,13,7,8,11,10,12",1:M53 M76 M118 M136 | 2:M4 M54 M77 M79 M105 M120 M137 | 3:M7 M28 M35 M49 M75 M88 M113 M115 M143 | 4:M6 M32 M40 M57 M62 M69 M84 M111 M117 M129 M135 | 5:M8 M29 M34 M48 M50 M68 M85 M98 M106 M121 M130 M141 | 6:M3 M31 M37 M46 M51 M71 M87 M96 M112 M119 M126 M145 | 7:M9 M24 M27 M56 M72 M86 M97 M101 M107 M116 M147 M150 | 8:M2 M11 M21 M36 M47 M55 M70 M109 M114 M128 M142 M151 | 9:M5 M12 M33 M38 M61 M67 M83 M90 M104 M110 M132 M138 | 10:M20 M30 M39 M52 M60 M63 M73 M80 M93 M102 M133 M153 | 11:M1 M14 M22 M65 M74 M78 M91 M103 M108 M127 M139 M152 | 12:M16 M23 M26 M42 M58 M64 M81 M95 M99 M122 M146 M154 | 13:M18 M19 M25 M41 M59 M82 M92 M100 M131 M140 M149 | 14:M10 M15 M66 M89 M123 M144 | 15:M13 M43 M94 M125 M134 | 16:M17 M45 M124 M148 | 17:M44 | 18: | 19: | 20: | 21:,,"domain reduction: sessions, fixed meetings, forbidden slots | precedence domain propagation: fixed point over direct edges | full precedence closure: cycle detection and graph statistics only | (20),(22)-(27) exactly once over reduced domains | (19) participant atMost-one per slot | (46),(47) clustered table capacity with full channeling | (28) traditional pairwise precedence over direct E | usedSlot channeling + exact per-idle-slot break cost | (43) exactly |Mp| reduced usedSlot variables | (44) atMost 2|L| busy participants per slot | (45) exact even number of busy participants | exact unary internal-idle counts and range objective over P*",,,result,208432,1189,0,209621
table03,ticf-13crafc.original,ticf-13crafc.original,SAT,OPTIMAL,17.930986,87182,208432,1189,0,209621,,peak_process_tree_rss_mb,maxsat,staircase,direct,yes,imp12+,lexicographic_internal_idle_range_pstar_then_idle_sum,lex-idlesum,,,58,58,58,"1,2,3,4,5,6,7,8,9,10,11,12,13,14,15,16,18,19,23,24,25,26,27,28,29,30,31,32,33,34,35,36,37,38,39,40,41,42,44,45,46,47,48,49,50,52,53,54,56,57,59,60,62,63,64,65,66,70",58,0,0,1,0,0,0,0,19,19,"1,1,1,1,1,1,1,1,1,1,1,1,1,1,1,1,0,1,1,0,0,0,1,1,1,1,1,1,1,1,1,1,1,1,1,1,1,1,1,1,1,1,0,1,1,1,1,1,1,1,0,1,1,1,0,1,1,0,1,1,0,1,1,1,1,1,0,0,0,1","8,14,18,22,24,24,24,24,24,24,24,24,22,12,10,8,2,0,0,0,0","11,8,6,2,9,4,3,5,7,14,8,9,15,11,14,12,16,13,13,10,8,11,12,7,13,12,7,3,5,10,6,4,9,5,3,8,6,9,10,4,13,12,15,17,16,6,8,5,3,5,6,10,1,2,8,7,4,12,13,10,9,4,10,12,11,14,9,5,4,8,6,7,10,11,3,1,2,11,2,10,12,13,9,4,5,7,6,3,14,9,11,13,10,15,12,6,7,5,12,13,7,10,11,9,2,5,7,11,8,9,4,6,3,8,3,7,4,1,6,2,5,12,14,16,15,6,11,8,4,5,13,9,10,15,4,1,2,9,11,13,5,8,3,14,6,12,7,16,13,7,8,11,10,12",1:M53 M76 M118 M136 | 2:M4 M54 M77 M79 M105 M120 M137 | 3:M7 M28 M35 M49 M75 M88 M113 M115 M143 | 4:M6 M32 M40 M57 M62 M69 M84 M111 M117 M129 M135 | 5:M8 M29 M34 M48 M50 M68 M85 M98 M106 M121 M130 M141 | 6:M3 M31 M37 M46 M51 M71 M87 M96 M112 M119 M126 M145 | 7:M9 M24 M27 M56 M72 M86 M97 M101 M107 M116 M147 M150 | 8:M2 M11 M21 M36 M47 M55 M70 M109 M114 M128 M142 M151 | 9:M5 M12 M33 M38 M61 M67 M83 M90 M104 M110 M132 M138 | 10:M20 M30 M39 M52 M60 M63 M73 M80 M93 M102 M133 M153 | 11:M1 M14 M22 M65 M74 M78 M91 M103 M108 M127 M139 M152 | 12:M16 M23 M26 M42 M58 M64 M81 M95 M99 M122 M146 M154 | 13:M18 M19 M25 M41 M59 M82 M92 M100 M131 M140 M149 | 14:M10 M15 M66 M89 M123 M144 | 15:M13 M43 M94 M125 M134 | 16:M17 M45 M124 M148 | 17:M44 | 18: | 19: | 20: | 21:,,"domain reduction: sessions, fixed meetings, forbidden slots | precedence domain propagation: fixed point over direct edges | full precedence closure: cycle detection and graph statistics only | (20),(22)-(27) exactly once over reduced domains | (19) participant atMost-one per slot | (46),(47) clustered table capacity with full channeling | (28) staircase/support precedence over reduced domains and direct E | usedSlot channeling + exact per-idle-slot break cost | (43) exactly |Mp| reduced usedSlot variables | (44) atMost 2|L| busy participants per slot | (45) exact even number of busy participants | exact unary internal-idle counts and range objective over P*",,,result,208432,1189,0,209621
table03,ticf-14crafa.original,ticf-14crafa.original,SAT,OPTIMAL,32.386069,154663,394419,1498,0,395917,,peak_process_tree_rss_mb,maxsat,traditional,direct,no,imp12+,lexicographic_internal_idle_range_pstar_then_idle_sum,lex-idlesum,,,0,0,72,"1,2,3,4,5,6,8,9,11,12,14,17,19,20,21,22,23,24,25,26,27,28,29,30,31,32,33,34,35,36,37,38,39,40,41,42,43,44,45,46,47,48,49,50,51,52,53,54,55,56,57,58,59,60,61,62,63,64,65,66,67,68,69,70,71,72,73,74,75,76,77,78",0,0,0,0,0,0,0,0,20,20,"0,0,0,0,0,0,0,0,0,0,0,0,0,0,0,0,0,0,0,0,0,0,0,0,0,0,0,0,0,0,0,0,0,0,0,0,0,0,0,0,0,0,0,0,0,0,0,0,0,0,0,0,0,0,0,0,0,0,0,0,0,0,0,0,0,0,0,0,0,0,0,0,0,0,0,0,0,0","10,12,16,22,24,32,40,44,44,44,44,44,44,40,36,32,22,20,16,10,6,2","14,7,8,13,15,14,13,17,16,18,13,5,11,10,9,6,4,7,12,3,13,18,16,7,9,10,3,10,13,15,12,10,17,13,5,11,6,8,12,18,19,21,15,14,17,9,5,19,15,10,11,12,7,6,11,8,10,9,9,8,13,16,17,11,14,16,15,18,16,11,14,17,15,19,13,17,4,12,5,14,6,16,15,13,20,18,7,16,9,8,19,15,13,20,9,8,13,14,12,15,18,10,12,13,7,9,11,14,16,21,15,18,13,20,7,10,8,9,3,7,11,6,5,6,4,10,11,9,7,8,12,20,8,7,19,17,14,12,18,11,16,5,3,4,3,6,8,2,1,7,9,10,11,14,17,15,12,9,8,10,13,9,16,19,15,8,13,6,4,12,11,7,14,17,7,8,5,12,6,4,13,11,16,2,10,15,14,12,8,10,9,16,13,11,12,10,11,14,13,16,12,19,15,17,18,14,11,12,13,6,7,8,10,4,5,14,9,20,18,3,13,2,15,9,11,17,12,19,10,21,6,7,1,16,8,22,4,14,5,6,16,14,15,11,14,6,8,12,9,13,10,7,11,12,15,10,14,13,6,4,10,12,3,5,2,9,7,11,8,1,9,8,12,11,10,8,5,4,2,1,6,9,7,7,10,9,8,15,16,14,11,9,7,10,1,12,2,4,5,6,3,8",1:M149 M233 M270 M280 M295 | 2:M148 M184 M222 M265 M279 M297 | 3:M20 M27 M119 M143 M145 M220 M263 M301 | 4:M17 M77 M125 M144 M169 M180 M214 M237 M260 M278 M298 | 5:M12 M35 M47 M79 M123 M142 M177 M215 M239 M264 M277 M299 | 6:M16 M37 M54 M81 M122 M124 M146 M168 M179 M210 M231 M240 M246 M259 M281 M300 | 7:M2 M18 M24 M53 M87 M105 M115 M120 M129 M134 M150 M172 M175 M211 M232 M252 M267 M283 M284 M293 | 8:M3 M38 M56 M60 M90 M96 M117 M130 M133 M147 M159 M166 M176 M189 M212 M235 M247 M269 M272 M276 M287 M302 | 9:M15 M25 M46 M58 M59 M89 M95 M106 M118 M128 M151 M158 M162 M191 M217 M224 M249 M266 M271 M282 M286 M292 | 10:M14 M26 M28 M32 M50 M57 M102 M116 M126 M152 M160 M185 M190 M196 M213 M229 M251 M256 M261 M275 M285 M294 | 11:M13 M36 M51 M55 M64 M70 M107 M121 M127 M140 M153 M171 M182 M194 M197 M207 M225 M244 M253 M268 M274 M291 | 12:M19 M31 M39 M52 M78 M99 M103 M131 M138 M157 M170 M178 M188 M195 M201 M208 M227 M248 M254 M262 M273 M296 | 13:M4 M7 M11 M21 M29 M34 M61 M75 M84 M93 M97 M104 M113 M161 M167 M181 M193 M199 M209 M221 M250 M258 | 14:M1 M6 M44 M65 M71 M80 M98 M108 M137 M154 M173 M187 M198 M206 M216 M238 M242 M245 M257 M290 | 15:M5 M30 M43 M49 M67 M73 M83 M92 M100 M111 M156 M165 M186 M203 M223 M243 M255 M288 | 16:M9 M23 M62 M66 M69 M82 M88 M109 M141 M163 M183 M192 M200 M234 M241 M289 | 17:M8 M33 M45 M63 M72 M76 M136 M155 M174 M204 M226 | 18:M10 M22 M40 M68 M86 M101 M112 M139 M205 M219 | 19:M41 M48 M74 M91 M135 M164 M202 M228 | 20:M85 M94 M114 M132 M218 | 21:M42 M110 M230 | 22:M236,,"domain reduction: sessions, fixed meetings, forbidden slots | precedence domain propagation: fixed point over direct edges | full precedence closure: cycle detection and graph statistics only | (20),(22)-(27) exactly once over reduced domains | (19) participant atMost-one per slot | (46),(47) clustered table capacity with full channeling | (28) traditional pairwise precedence over direct E | usedSlot channeling + exact per-idle-slot break cost | (43) exactly |Mp| reduced usedSlot variables | (44) atMost 2|L| busy participants per slot | (45) exact even number of busy participants | exact unary internal-idle counts and range objective over P*",,,result,394419,1498,0,395917
table03,ticf-14crafa.original,ticf-14crafa.original,SAT,OPTIMAL,32.265567,154663,394419,1498,0,395917,,peak_process_tree_rss_mb,maxsat,staircase,direct,yes,imp12+,lexicographic_internal_idle_range_pstar_then_idle_sum,lex-idlesum,,,0,0,72,"1,2,3,4,5,6,8,9,11,12,14,17,19,20,21,22,23,24,25,26,27,28,29,30,31,32,33,34,35,36,37,38,39,40,41,42,43,44,45,46,47,48,49,50,51,52,53,54,55,56,57,58,59,60,61,62,63,64,65,66,67,68,69,70,71,72,73,74,75,76,77,78",0,0,0,0,0,0,0,0,20,20,"0,0,0,0,0,0,0,0,0,0,0,0,0,0,0,0,0,0,0,0,0,0,0,0,0,0,0,0,0,0,0,0,0,0,0,0,0,0,0,0,0,0,0,0,0,0,0,0,0,0,0,0,0,0,0,0,0,0,0,0,0,0,0,0,0,0,0,0,0,0,0,0,0,0,0,0,0,0","10,12,16,22,24,32,40,44,44,44,44,44,44,40,36,32,22,20,16,10,6,2","14,7,8,13,15,14,13,17,16,18,13,5,11,10,9,6,4,7,12,3,13,18,16,7,9,10,3,10,13,15,12,10,17,13,5,11,6,8,12,18,19,21,15,14,17,9,5,19,15,10,11,12,7,6,11,8,10,9,9,8,13,16,17,11,14,16,15,18,16,11,14,17,15,19,13,17,4,12,5,14,6,16,15,13,20,18,7,16,9,8,19,15,13,20,9,8,13,14,12,15,18,10,12,13,7,9,11,14,16,21,15,18,13,20,7,10,8,9,3,7,11,6,5,6,4,10,11,9,7,8,12,20,8,7,19,17,14,12,18,11,16,5,3,4,3,6,8,2,1,7,9,10,11,14,17,15,12,9,8,10,13,9,16,19,15,8,13,6,4,12,11,7,14,17,7,8,5,12,6,4,13,11,16,2,10,15,14,12,8,10,9,16,13,11,12,10,11,14,13,16,12,19,15,17,18,14,11,12,13,6,7,8,10,4,5,14,9,20,18,3,13,2,15,9,11,17,12,19,10,21,6,7,1,16,8,22,4,14,5,6,16,14,15,11,14,6,8,12,9,13,10,7,11,12,15,10,14,13,6,4,10,12,3,5,2,9,7,11,8,1,9,8,12,11,10,8,5,4,2,1,6,9,7,7,10,9,8,15,16,14,11,9,7,10,1,12,2,4,5,6,3,8",1:M149 M233 M270 M280 M295 | 2:M148 M184 M222 M265 M279 M297 | 3:M20 M27 M119 M143 M145 M220 M263 M301 | 4:M17 M77 M125 M144 M169 M180 M214 M237 M260 M278 M298 | 5:M12 M35 M47 M79 M123 M142 M177 M215 M239 M264 M277 M299 | 6:M16 M37 M54 M81 M122 M124 M146 M168 M179 M210 M231 M240 M246 M259 M281 M300 | 7:M2 M18 M24 M53 M87 M105 M115 M120 M129 M134 M150 M172 M175 M211 M232 M252 M267 M283 M284 M293 | 8:M3 M38 M56 M60 M90 M96 M117 M130 M133 M147 M159 M166 M176 M189 M212 M235 M247 M269 M272 M276 M287 M302 | 9:M15 M25 M46 M58 M59 M89 M95 M106 M118 M128 M151 M158 M162 M191 M217 M224 M249 M266 M271 M282 M286 M292 | 10:M14 M26 M28 M32 M50 M57 M102 M116 M126 M152 M160 M185 M190 M196 M213 M229 M251 M256 M261 M275 M285 M294 | 11:M13 M36 M51 M55 M64 M70 M107 M121 M127 M140 M153 M171 M182 M194 M197 M207 M225 M244 M253 M268 M274 M291 | 12:M19 M31 M39 M52 M78 M99 M103 M131 M138 M157 M170 M178 M188 M195 M201 M208 M227 M248 M254 M262 M273 M296 | 13:M4 M7 M11 M21 M29 M34 M61 M75 M84 M93 M97 M104 M113 M161 M167 M181 M193 M199 M209 M221 M250 M258 | 14:M1 M6 M44 M65 M71 M80 M98 M108 M137 M154 M173 M187 M198 M206 M216 M238 M242 M245 M257 M290 | 15:M5 M30 M43 M49 M67 M73 M83 M92 M100 M111 M156 M165 M186 M203 M223 M243 M255 M288 | 16:M9 M23 M62 M66 M69 M82 M88 M109 M141 M163 M183 M192 M200 M234 M241 M289 | 17:M8 M33 M45 M63 M72 M76 M136 M155 M174 M204 M226 | 18:M10 M22 M40 M68 M86 M101 M112 M139 M205 M219 | 19:M41 M48 M74 M91 M135 M164 M202 M228 | 20:M85 M94 M114 M132 M218 | 21:M42 M110 M230 | 22:M236,,"domain reduction: sessions, fixed meetings, forbidden slots | precedence domain propagation: fixed point over direct edges | full precedence closure: cycle detection and graph statistics only | (20),(22)-(27) exactly once over reduced domains | (19) participant atMost-one per slot | (46),(47) clustered table capacity with full channeling | (28) staircase/support precedence over reduced domains and direct E | usedSlot channeling + exact per-idle-slot break cost | (43) exactly |Mp| reduced usedSlot variables | (44) atMost 2|L| busy participants per slot | (45) exact even number of busy participants | exact unary internal-idle counts and range objective over P*",,,result,394419,1498,0,395917
table06,forum-13.forb0003,forum-13.forb0003,SAT,OPTIMAL,4.866205,87032,207942,1189,0,209131,,peak_process_tree_rss_mb,maxsat,traditional,direct,no,imp12+,lexicographic_internal_idle_range_pstar_then_idle_sum,lex-idlesum,,,0,0,58,"1,2,3,4,5,6,7,8,9,10,11,12,13,14,15,16,18,19,23,24,25,26,27,28,29,30,31,32,33,34,35,36,37,38,39,40,41,42,44,45,46,47,48,49,50,52,53,54,56,57,59,60,62,63,64,65,66,70",0,0,0,0,0,0,0,0,19,19,"0,0,0,0,0,0,0,0,0,0,0,0,0,0,0,0,0,0,0,0,0,0,0,0,0,0,0,0,0,0,0,0,0,0,0,0,0,0,0,0,0,0,0,0,0,0,0,0,0,0,0,0,0,0,0,0,0,0,0,0,0,0,0,0,0,0,0,0,0,0","4,10,18,22,26,28,28,26,28,28,28,22,18,10,8,4,0,0,0,0,0","7,12,4,8,11,9,5,10,6,14,10,12,14,9,16,15,13,11,5,7,2,3,4,6,6,5,13,7,9,12,11,8,10,11,10,13,9,7,12,8,13,12,14,16,15,7,5,6,10,6,5,8,7,3,11,9,4,10,13,12,11,9,4,5,3,6,2,6,9,8,10,11,2,7,3,4,5,9,7,11,12,13,5,4,10,3,8,6,6,10,9,12,3,7,11,5,8,4,13,8,11,12,10,9,5,8,11,10,4,3,7,6,9,8,4,7,2,6,3,5,1,13,8,15,14,12,6,5,7,10,11,4,9,8,14,3,11,7,9,12,6,10,2,4,1,13,5,15,10,8,7,11,9,6",1:M121 M145 | 2:M21 M67 M73 M117 M143 | 3:M22 M54 M65 M75 M86 M93 M110 M119 M136 | 4:M3 M23 M57 M63 M76 M84 M98 M109 M115 M132 M144 | 5:M7 M19 M26 M47 M51 M64 M77 M83 M96 M105 M120 M128 M147 | 6:M9 M24 M25 M48 M50 M66 M68 M88 M89 M112 M118 M127 M141 M154 | 7:M1 M20 M28 M38 M46 M53 M74 M79 M94 M111 M116 M129 M138 M151 | 8:M4 M32 M40 M52 M70 M87 M97 M100 M106 M114 M123 M134 M150 | 9:M6 M14 M29 M37 M56 M62 M69 M78 M91 M104 M113 M133 M139 M153 | 10:M8 M11 M33 M35 M49 M58 M71 M85 M90 M103 M108 M130 M142 M149 | 11:M5 M18 M31 M34 M55 M61 M72 M80 M95 M101 M107 M131 M137 M152 | 12:M2 M12 M30 M39 M42 M60 M81 M92 M102 M126 M140 | 13:M17 M27 M36 M41 M59 M82 M99 M122 M146 | 14:M10 M13 M43 M125 M135 | 15:M16 M45 M124 M148 | 16:M15 M44 | 17: | 18: | 19: | 20: | 21:,,"domain reduction: sessions, fixed meetings, forbidden slots | precedence domain propagation: fixed point over direct edges | full precedence closure: cycle detection and graph statistics only | (20),(22)-(27) exactly once over reduced domains | (19) participant atMost-one per slot | (46),(47) clustered table capacity with full channeling | (28) traditional pairwise precedence over direct E | usedSlot channeling + exact per-idle-slot break cost | (43) exactly |Mp| reduced usedSlot variables | (44) atMost 2|L| busy participants per slot | (45) exact even number of busy participants | exact unary internal-idle counts and range objective over P*",,,result,207942,1189,0,209131
table06,forum-13.forb0003,forum-13.forb0003,SAT,OPTIMAL,4.905131,87032,207942,1189,0,209131,,peak_process_tree_rss_mb,maxsat,staircase,direct,yes,imp12+,lexicographic_internal_idle_range_pstar_then_idle_sum,lex-idlesum,,,0,0,58,"1,2,3,4,5,6,7,8,9,10,11,12,13,14,15,16,18,19,23,24,25,26,27,28,29,30,31,32,33,34,35,36,37,38,39,40,41,42,44,45,46,47,48,49,50,52,53,54,56,57,59,60,62,63,64,65,66,70",0,0,0,0,0,0,0,0,19,19,"0,0,0,0,0,0,0,0,0,0,0,0,0,0,0,0,0,0,0,0,0,0,0,0,0,0,0,0,0,0,0,0,0,0,0,0,0,0,0,0,0,0,0,0,0,0,0,0,0,0,0,0,0,0,0,0,0,0,0,0,0,0,0,0,0,0,0,0,0,0","4,10,18,22,26,28,28,26,28,28,28,22,18,10,8,4,0,0,0,0,0","7,12,4,8,11,9,5,10,6,14,10,12,14,9,16,15,13,11,5,7,2,3,4,6,6,5,13,7,9,12,11,8,10,11,10,13,9,7,12,8,13,12,14,16,15,7,5,6,10,6,5,8,7,3,11,9,4,10,13,12,11,9,4,5,3,6,2,6,9,8,10,11,2,7,3,4,5,9,7,11,12,13,5,4,10,3,8,6,6,10,9,12,3,7,11,5,8,4,13,8,11,12,10,9,5,8,11,10,4,3,7,6,9,8,4,7,2,6,3,5,1,13,8,15,14,12,6,5,7,10,11,4,9,8,14,3,11,7,9,12,6,10,2,4,1,13,5,15,10,8,7,11,9,6",1:M121 M145 | 2:M21 M67 M73 M117 M143 | 3:M22 M54 M65 M75 M86 M93 M110 M119 M136 | 4:M3 M23 M57 M63 M76 M84 M98 M109 M115 M132 M144 | 5:M7 M19 M26 M47 M51 M64 M77 M83 M96 M105 M120 M128 M147 | 6:M9 M24 M25 M48 M50 M66 M68 M88 M89 M112 M118 M127 M141 M154 | 7:M1 M20 M28 M38 M46 M53 M74 M79 M94 M111 M116 M129 M138 M151 | 8:M4 M32 M40 M52 M70 M87 M97 M100 M106 M114 M123 M134 M150 | 9:M6 M14 M29 M37 M56 M62 M69 M78 M91 M104 M113 M133 M139 M153 | 10:M8 M11 M33 M35 M49 M58 M71 M85 M90 M103 M108 M130 M142 M149 | 11:M5 M18 M31 M34 M55 M61 M72 M80 M95 M101 M107 M131 M137 M152 | 12:M2 M12 M30 M39 M42 M60 M81 M92 M102 M126 M140 | 13:M17 M27 M36 M41 M59 M82 M99 M122 M146 | 14:M10 M13 M43 M125 M135 | 15:M16 M45 M124 M148 | 16:M15 M44 | 17: | 18: | 19: | 20: | 21:,,"domain reduction: sessions, fixed meetings, forbidden slots | precedence domain propagation: fixed point over direct edges | full precedence closure: cycle detection and graph statistics only | (20),(22)-(27) exactly once over reduced domains | (19) participant atMost-one per slot | (46),(47) clustered table capacity with full channeling | (28) staircase/support precedence over reduced domains and direct E | usedSlot channeling + exact per-idle-slot break cost | (43) exactly |Mp| reduced usedSlot variables | (44) atMost 2|L| busy participants per slot | (45) exact even number of busy participants | exact unary internal-idle counts and range objective over P*",,,result,207942,1189,0,209131
table06,forum-13.forb0007,forum-13.forb0007,SAT,OPTIMAL,2.881048,86892,207412,1188,0,208600,,peak_process_tree_rss_mb,maxsat,traditional,direct,no,imp12+,lexicographic_internal_idle_range_pstar_then_idle_sum,lex-idlesum,,,0,0,58,"1,2,3,4,5,6,7,8,9,10,11,12,13,14,15,16,18,19,23,24,25,26,27,28,29,30,31,32,33,34,35,36,37,38,39,40,41,42,44,45,46,47,48,49,50,52,53,54,56,57,59,60,62,63,64,65,66,70",0,0,0,0,0,0,0,0,19,19,"0,0,0,0,0,0,0,0,0,0,0,0,0,0,0,0,0,0,0,0,0,0,0,0,0,0,0,0,0,0,0,0,0,0,0,0,0,0,0,0,0,0,0,0,0,0,0,0,0,0,0,0,0,0,0,0,0,0,0,0,0,0,0,0,0,0,0,0,0,0","4,8,16,18,22,26,28,28,28,28,28,28,26,10,6,4,0,0,0,0,0","8,10,11,12,13,9,6,5,7,14,12,13,11,9,16,15,14,10,7,6,4,2,3,5,7,6,9,12,13,11,8,7,10,12,11,10,9,8,13,7,12,13,14,16,15,11,6,8,6,5,8,4,3,2,9,7,10,11,12,10,9,13,7,5,3,6,4,10,4,9,11,12,5,7,3,8,6,9,7,12,11,13,8,3,10,5,4,6,9,13,10,12,5,8,11,6,7,4,13,8,11,9,12,10,13,10,12,11,9,7,6,8,5,7,5,6,2,4,3,1,8,10,11,12,14,8,6,7,5,3,13,4,9,10,11,14,6,5,12,15,4,13,9,7,1,8,2,3,12,10,8,13,11,9",1:M120 M145 | 2:M22 M54 M117 M147 | 3:M23 M53 M65 M75 M84 M119 M130 M148 | 4:M21 M52 M67 M69 M87 M98 M118 M132 M141 | 5:M8 M24 M50 M64 M73 M86 M93 M113 M115 M129 M138 | 6:M7 M20 M26 M47 M49 M66 M77 M88 M96 M111 M116 M127 M137 | 7:M9 M19 M25 M32 M40 M56 M63 M74 M79 M97 M110 M114 M128 M144 | 8:M1 M31 M38 M48 M51 M76 M83 M94 M100 M112 M121 M126 M146 M151 | 9:M6 M14 M27 M37 M55 M61 M70 M78 M89 M102 M109 M133 M143 M154 | 10:M2 M18 M33 M36 M57 M60 M68 M85 M91 M104 M106 M122 M134 M150 | 11:M3 M13 M30 M35 M46 M58 M71 M81 M95 M101 M108 M123 M135 M153 | 12:M4 M11 M28 M34 M41 M59 M72 M80 M92 M103 M107 M124 M139 M149 | 13:M5 M12 M29 M39 M42 M62 M82 M90 M99 M105 M131 M142 M152 | 14:M10 M17 M43 M125 M136 | 15:M16 M45 M140 | 16:M15 M44 | 17: | 18: | 19: | 20: | 21:,,"domain reduction: sessions, fixed meetings, forbidden slots | precedence domain propagation: fixed point over direct edges | full precedence closure: cycle detection and graph statistics only | (20),(22)-(27) exactly once over reduced domains | (19) participant atMost-one per slot | (46),(47) clustered table capacity with full channeling | (28) traditional pairwise precedence over direct E | usedSlot channeling + exact per-idle-slot break cost | (43) exactly |Mp| reduced usedSlot variables | (44) atMost 2|L| busy participants per slot | (45) exact even number of busy participants | exact unary internal-idle counts and range objective over P*",,,result,207412,1188,0,208600
table06,forum-13.forb0007,forum-13.forb0007,SAT,OPTIMAL,2.869985,86892,207412,1188,0,208600,,peak_process_tree_rss_mb,maxsat,staircase,direct,yes,imp12+,lexicographic_internal_idle_range_pstar_then_idle_sum,lex-idlesum,,,0,0,58,"1,2,3,4,5,6,7,8,9,10,11,12,13,14,15,16,18,19,23,24,25,26,27,28,29,30,31,32,33,34,35,36,37,38,39,40,41,42,44,45,46,47,48,49,50,52,53,54,56,57,59,60,62,63,64,65,66,70",0,0,0,0,0,0,0,0,19,19,"0,0,0,0,0,0,0,0,0,0,0,0,0,0,0,0,0,0,0,0,0,0,0,0,0,0,0,0,0,0,0,0,0,0,0,0,0,0,0,0,0,0,0,0,0,0,0,0,0,0,0,0,0,0,0,0,0,0,0,0,0,0,0,0,0,0,0,0,0,0","4,8,16,18,22,26,28,28,28,28,28,28,26,10,6,4,0,0,0,0,0","8,10,11,12,13,9,6,5,7,14,12,13,11,9,16,15,14,10,7,6,4,2,3,5,7,6,9,12,13,11,8,7,10,12,11,10,9,8,13,7,12,13,14,16,15,11,6,8,6,5,8,4,3,2,9,7,10,11,12,10,9,13,7,5,3,6,4,10,4,9,11,12,5,7,3,8,6,9,7,12,11,13,8,3,10,5,4,6,9,13,10,12,5,8,11,6,7,4,13,8,11,9,12,10,13,10,12,11,9,7,6,8,5,7,5,6,2,4,3,1,8,10,11,12,14,8,6,7,5,3,13,4,9,10,11,14,6,5,12,15,4,13,9,7,1,8,2,3,12,10,8,13,11,9",1:M120 M145 | 2:M22 M54 M117 M147 | 3:M23 M53 M65 M75 M84 M119 M130 M148 | 4:M21 M52 M67 M69 M87 M98 M118 M132 M141 | 5:M8 M24 M50 M64 M73 M86 M93 M113 M115 M129 M138 | 6:M7 M20 M26 M47 M49 M66 M77 M88 M96 M111 M116 M127 M137 | 7:M9 M19 M25 M32 M40 M56 M63 M74 M79 M97 M110 M114 M128 M144 | 8:M1 M31 M38 M48 M51 M76 M83 M94 M100 M112 M121 M126 M146 M151 | 9:M6 M14 M27 M37 M55 M61 M70 M78 M89 M102 M109 M133 M143 M154 | 10:M2 M18 M33 M36 M57 M60 M68 M85 M91 M104 M106 M122 M134 M150 | 11:M3 M13 M30 M35 M46 M58 M71 M81 M95 M101 M108 M123 M135 M153 | 12:M4 M11 M28 M34 M41 M59 M72 M80 M92 M103 M107 M124 M139 M149 | 13:M5 M12 M29 M39 M42 M62 M82 M90 M99 M105 M131 M142 M152 | 14:M10 M17 M43 M125 M136 | 15:M16 M45 M140 | 16:M15 M44 | 17: | 18: | 19: | 20: | 21:,,"domain reduction: sessions, fixed meetings, forbidden slots | precedence domain propagation: fixed point over direct edges | full precedence closure: cycle detection and graph statistics only | (20),(22)-(27) exactly once over reduced domains | (19) participant atMost-one per slot | (46),(47) clustered table capacity with full channeling | (28) staircase/support precedence over reduced domains and direct E | usedSlot channeling + exact per-idle-slot break cost | (43) exactly |Mp| reduced usedSlot variables | (44) atMost 2|L| busy participants per slot | (45) exact even number of busy participants | exact unary internal-idle counts and range objective over P*",,,result,207412,1188,0,208600
table06,forum-13crafb.forb0003,forum-13crafb.forb0003,TIMEOUT,TIMEOUT,3600.0239,103339,255852,20,0,255872,,peak_process_tree_rss_mb,maxsat,traditional,direct,no,imp12+,lexicographic_internal_idle_range_pstar_then_idle_sum,lex-idlesum,,,,,56,"1,2,3,4,7,8,9,10,12,13,14,15,16,17,18,19,20,21,22,23,24,25,26,28,29,30,31,32,33,36,37,38,39,40,41,42,43,44,45,47,48,51,53,54,56,57,58,59,60,61,62,63,64,65,66,76",,,,,0,0,0,0,20,1334,,,,,,,,,,,,,255872
table06,forum-13crafb.forb0003,forum-13crafb.forb0003,TIMEOUT,TIMEOUT,3600.031346,103339,255852,20,0,255872,,peak_process_tree_rss_mb,maxsat,staircase,direct,yes,imp12+,lexicographic_internal_idle_range_pstar_then_idle_sum,lex-idlesum,,,,,56,"1,2,3,4,7,8,9,10,12,13,14,15,16,17,18,19,20,21,22,23,24,25,26,28,29,30,31,32,33,36,37,38,39,40,41,42,43,44,45,47,48,51,53,54,56,57,58,59,60,61,62,63,64,65,66,76",,,,,0,0,0,0,20,1334,,,,,,,,,,,,,255872
table06,forum-13crafb.forb0007,forum-13crafb.forb0007,TIMEOUT,TIMEOUT,3600.02933,103208,255073,20,0,255093,,peak_process_tree_rss_mb,maxsat,traditional,direct,no,imp12+,lexicographic_internal_idle_range_pstar_then_idle_sum,lex-idlesum,,,,,56,"1,2,3,4,7,8,9,10,12,13,14,15,16,17,18,19,20,21,22,23,24,25,26,28,29,30,31,32,33,36,37,38,39,40,41,42,43,44,45,47,48,51,53,54,56,57,58,59,60,61,62,63,64,65,66,76",,,,,0,0,0,0,20,1332,,,,,,,,,,,,,255093
table06,forum-13crafb.forb0007,forum-13crafb.forb0007,TIMEOUT,TIMEOUT,3600.01844,103208,255073,20,0,255093,,peak_process_tree_rss_mb,maxsat,staircase,direct,yes,imp12+,lexicographic_internal_idle_range_pstar_then_idle_sum,lex-idlesum,,,,,56,"1,2,3,4,7,8,9,10,12,13,14,15,16,17,18,19,20,21,22,23,24,25,26,28,29,30,31,32,33,36,37,38,39,40,41,42,43,44,45,47,48,51,53,54,56,57,58,59,60,61,62,63,64,65,66,76",,,,,0,0,0,0,20,1332,,,,,,,,,,,,,255093
table06,forum-13crafc.forb0003,forum-13crafc.forb0003,SAT,OPTIMAL,7.931782,87162,208254,1189,0,209443,,peak_process_tree_rss_mb,maxsat,traditional,direct,no,imp12+,lexicographic_internal_idle_range_pstar_then_idle_sum,lex-idlesum,,,58,58,58,"1,2,3,4,5,6,7,8,9,10,11,12,13,14,15,16,18,19,23,24,25,26,27,28,29,30,31,32,33,34,35,36,37,38,39,40,41,42,44,45,46,47,48,49,50,52,53,54,56,57,59,60,62,63,64,65,66,70",58,0,0,1,0,0,0,0,19,19,"1,1,1,1,1,1,1,1,1,1,1,1,1,1,1,1,0,1,1,0,0,0,1,1,1,1,1,1,1,1,1,1,1,1,1,1,1,1,1,1,1,1,0,1,1,1,1,1,1,1,0,1,1,1,0,1,1,0,1,1,0,1,1,1,1,1,0,0,0,1","4,16,22,22,24,24,24,24,24,24,24,24,24,14,6,6,2,0,0,0,0","4,5,7,3,11,2,9,6,10,14,11,10,15,9,17,16,14,13,2,5,3,4,6,8,5,12,8,3,5,9,4,6,10,9,6,12,7,13,11,10,12,13,14,15,16,7,3,1,3,5,6,8,11,4,10,7,2,11,13,12,9,9,12,14,9,13,10,5,9,7,8,6,13,10,4,12,3,8,6,11,10,13,9,2,5,12,3,4,6,7,9,12,5,8,14,13,4,11,10,12,8,13,7,11,2,8,7,11,6,4,3,10,5,11,8,7,3,6,5,2,4,14,7,11,12,6,13,8,4,2,5,3,9,3,10,4,8,7,9,13,12,5,6,16,1,15,2,14,13,7,10,12,8,11",1:M48 M145 | 2:M6 M19 M57 M84 M105 M120 M130 M147 | 3:M4 M21 M28 M47 M49 M77 M87 M111 M117 M132 M134 | 4:M1 M22 M31 M54 M75 M88 M97 M110 M121 M129 M136 | 5:M2 M20 M25 M29 M50 M68 M85 M93 M113 M119 M131 M142 | 6:M8 M23 M32 M35 M51 M72 M79 M89 M109 M118 M126 M143 | 7:M3 M37 M46 M56 M70 M90 M103 M107 M116 M123 M138 M150 | 8:M24 M27 M52 M71 M78 M94 M101 M106 M115 M128 M137 M153 | 9:M7 M14 M30 M34 M61 M62 M65 M69 M83 M91 M133 M139 | 10:M9 M12 M33 M40 M55 M67 M74 M81 M99 M112 M135 M151 | 11:M5 M11 M39 M53 M58 M80 M98 M104 M108 M114 M124 M154 | 12:M26 M36 M41 M60 M63 M76 M86 M92 M100 M125 M141 M152 | 13:M18 M38 M42 M59 M66 M73 M82 M96 M102 M127 M140 M149 | 14:M10 M17 M43 M64 M95 M122 M148 | 15:M13 M44 M146 | 16:M16 M45 M144 | 17:M15 | 18: | 19: | 20: | 21:,,"domain reduction: sessions, fixed meetings, forbidden slots | precedence domain propagation: fixed point over direct edges | full precedence closure: cycle detection and graph statistics only | (20),(22)-(27) exactly once over reduced domains | (19) participant atMost-one per slot | (46),(47) clustered table capacity with full channeling | (28) traditional pairwise precedence over direct E | usedSlot channeling + exact per-idle-slot break cost | (43) exactly |Mp| reduced usedSlot variables | (44) atMost 2|L| busy participants per slot | (45) exact even number of busy participants | exact unary internal-idle counts and range objective over P*",,,result,208254,1189,0,209443
table06,forum-13crafc.forb0003,forum-13crafc.forb0003,SAT,OPTIMAL,8.130645,87162,208254,1189,0,209443,,peak_process_tree_rss_mb,maxsat,staircase,direct,yes,imp12+,lexicographic_internal_idle_range_pstar_then_idle_sum,lex-idlesum,,,58,58,58,"1,2,3,4,5,6,7,8,9,10,11,12,13,14,15,16,18,19,23,24,25,26,27,28,29,30,31,32,33,34,35,36,37,38,39,40,41,42,44,45,46,47,48,49,50,52,53,54,56,57,59,60,62,63,64,65,66,70",58,0,0,1,0,0,0,0,19,19,"1,1,1,1,1,1,1,1,1,1,1,1,1,1,1,1,0,1,1,0,0,0,1,1,1,1,1,1,1,1,1,1,1,1,1,1,1,1,1,1,1,1,0,1,1,1,1,1,1,1,0,1,1,1,0,1,1,0,1,1,0,1,1,1,1,1,0,0,0,1","4,16,22,22,24,24,24,24,24,24,24,24,24,14,6,6,2,0,0,0,0","4,5,7,3,11,2,9,6,10,14,11,10,15,9,17,16,14,13,2,5,3,4,6,8,5,12,8,3,5,9,4,6,10,9,6,12,7,13,11,10,12,13,14,15,16,7,3,1,3,5,6,8,11,4,10,7,2,11,13,12,9,9,12,14,9,13,10,5,9,7,8,6,13,10,4,12,3,8,6,11,10,13,9,2,5,12,3,4,6,7,9,12,5,8,14,13,4,11,10,12,8,13,7,11,2,8,7,11,6,4,3,10,5,11,8,7,3,6,5,2,4,14,7,11,12,6,13,8,4,2,5,3,9,3,10,4,8,7,9,13,12,5,6,16,1,15,2,14,13,7,10,12,8,11",1:M48 M145 | 2:M6 M19 M57 M84 M105 M120 M130 M147 | 3:M4 M21 M28 M47 M49 M77 M87 M111 M117 M132 M134 | 4:M1 M22 M31 M54 M75 M88 M97 M110 M121 M129 M136 | 5:M2 M20 M25 M29 M50 M68 M85 M93 M113 M119 M131 M142 | 6:M8 M23 M32 M35 M51 M72 M79 M89 M109 M118 M126 M143 | 7:M3 M37 M46 M56 M70 M90 M103 M107 M116 M123 M138 M150 | 8:M24 M27 M52 M71 M78 M94 M101 M106 M115 M128 M137 M153 | 9:M7 M14 M30 M34 M61 M62 M65 M69 M83 M91 M133 M139 | 10:M9 M12 M33 M40 M55 M67 M74 M81 M99 M112 M135 M151 | 11:M5 M11 M39 M53 M58 M80 M98 M104 M108 M114 M124 M154 | 12:M26 M36 M41 M60 M63 M76 M86 M92 M100 M125 M141 M152 | 13:M18 M38 M42 M59 M66 M73 M82 M96 M102 M127 M140 M149 | 14:M10 M17 M43 M64 M95 M122 M148 | 15:M13 M44 M146 | 16:M16 M45 M144 | 17:M15 | 18: | 19: | 20: | 21:,,"domain reduction: sessions, fixed meetings, forbidden slots | precedence domain propagation: fixed point over direct edges | full precedence closure: cycle detection and graph statistics only | (20),(22)-(27) exactly once over reduced domains | (19) participant atMost-one per slot | (46),(47) clustered table capacity with full channeling | (28) staircase/support precedence over reduced domains and direct E | usedSlot channeling + exact per-idle-slot break cost | (43) exactly |Mp| reduced usedSlot variables | (44) atMost 2|L| busy participants per slot | (45) exact even number of busy participants | exact unary internal-idle counts and range objective over P*",,,result,208254,1189,0,209443
table06,forum-13crafc.forb0007,forum-13crafc.forb0007,SAT,OPTIMAL,37.19805,87024,207728,1188,0,208916,,peak_process_tree_rss_mb,maxsat,traditional,direct,no,imp12+,lexicographic_internal_idle_range_pstar_then_idle_sum,lex-idlesum,,,58,58,58,"1,2,3,4,5,6,7,8,9,10,11,12,13,14,15,16,18,19,23,24,25,26,27,28,29,30,31,32,33,34,35,36,37,38,39,40,41,42,44,45,46,47,48,49,50,52,53,54,56,57,59,60,62,63,64,65,66,70",58,0,0,1,0,0,0,0,19,19,"1,1,1,1,1,1,1,1,1,1,1,1,1,1,1,1,0,1,1,0,0,0,1,1,1,1,1,1,1,1,1,1,1,1,1,1,1,1,1,1,1,1,0,1,1,1,1,1,1,1,0,1,1,1,0,1,1,0,1,1,0,1,1,1,1,1,0,0,0,1","4,8,18,20,24,24,24,24,24,24,24,24,24,14,12,10,2,2,2,0,0","9,1,3,2,10,7,6,5,4,14,14,13,18,11,19,17,16,15,11,8,13,7,12,9,13,10,4,7,3,8,10,5,6,3,5,9,4,6,10,7,13,12,14,15,16,12,11,13,8,9,10,16,12,11,15,7,14,9,12,13,11,13,8,4,6,3,5,2,7,5,10,6,9,4,3,12,8,13,5,10,11,12,6,9,8,3,2,4,13,6,7,16,15,9,12,8,14,10,11,6,9,5,7,8,4,10,12,13,8,9,11,7,5,7,10,11,4,5,12,6,3,15,11,13,14,9,3,12,6,4,5,10,8,12,2,5,8,14,7,16,11,4,15,6,1,3,9,13,11,6,8,10,7,5",1:M2 M145 | 2:M4 M68 M87 M135 | 3:M3 M29 M34 M66 M75 M86 M121 M127 M146 | 4:M9 M27 M37 M64 M74 M88 M105 M117 M130 M142 | 5:M8 M32 M35 M67 M70 M79 M102 M113 M118 M131 M136 M154 | 6:M7 M33 M38 M65 M72 M83 M90 M100 M120 M129 M144 M150 | 7:M6 M22 M28 M40 M56 M69 M91 M103 M112 M114 M139 M153 | 8:M20 M30 M49 M63 M77 M85 M96 M104 M109 M133 M137 M151 | 9:M1 M24 M36 M50 M58 M73 M84 M94 M101 M110 M126 M147 | 10:M5 M26 M31 M39 M51 M71 M80 M98 M106 M115 M132 M152 | 11:M14 M19 M47 M54 M61 M81 M99 M111 M116 M123 M141 M149 | 12:M23 M42 M46 M53 M59 M76 M82 M95 M107 M119 M128 M134 | 13:M12 M21 M25 M41 M48 M60 M62 M78 M89 M108 M124 M148 | 14:M10 M11 M43 M57 M97 M125 M138 | 15:M18 M44 M55 M93 M122 M143 | 16:M17 M45 M52 M92 M140 | 17:M16 | 18:M13 | 19:M15 | 20: | 21:,,"domain reduction: sessions, fixed meetings, forbidden slots | precedence domain propagation: fixed point over direct edges | full precedence closure: cycle detection and graph statistics only | (20),(22)-(27) exactly once over reduced domains | (19) participant atMost-one per slot | (46),(47) clustered table capacity with full channeling | (28) traditional pairwise precedence over direct E | usedSlot channeling + exact per-idle-slot break cost | (43) exactly |Mp| reduced usedSlot variables | (44) atMost 2|L| busy participants per slot | (45) exact even number of busy participants | exact unary internal-idle counts and range objective over P*",,,result,207728,1188,0,208916
table06,forum-13crafc.forb0007,forum-13crafc.forb0007,SAT,OPTIMAL,36.722492,87024,207728,1188,0,208916,,peak_process_tree_rss_mb,maxsat,staircase,direct,yes,imp12+,lexicographic_internal_idle_range_pstar_then_idle_sum,lex-idlesum,,,58,58,58,"1,2,3,4,5,6,7,8,9,10,11,12,13,14,15,16,18,19,23,24,25,26,27,28,29,30,31,32,33,34,35,36,37,38,39,40,41,42,44,45,46,47,48,49,50,52,53,54,56,57,59,60,62,63,64,65,66,70",58,0,0,1,0,0,0,0,19,19,"1,1,1,1,1,1,1,1,1,1,1,1,1,1,1,1,0,1,1,0,0,0,1,1,1,1,1,1,1,1,1,1,1,1,1,1,1,1,1,1,1,1,0,1,1,1,1,1,1,1,0,1,1,1,0,1,1,0,1,1,0,1,1,1,1,1,0,0,0,1","4,8,18,20,24,24,24,24,24,24,24,24,24,14,12,10,2,2,2,0,0","9,1,3,2,10,7,6,5,4,14,14,13,18,11,19,17,16,15,11,8,13,7,12,9,13,10,4,7,3,8,10,5,6,3,5,9,4,6,10,7,13,12,14,15,16,12,11,13,8,9,10,16,12,11,15,7,14,9,12,13,11,13,8,4,6,3,5,2,7,5,10,6,9,4,3,12,8,13,5,10,11,12,6,9,8,3,2,4,13,6,7,16,15,9,12,8,14,10,11,6,9,5,7,8,4,10,12,13,8,9,11,7,5,7,10,11,4,5,12,6,3,15,11,13,14,9,3,12,6,4,5,10,8,12,2,5,8,14,7,16,11,4,15,6,1,3,9,13,11,6,8,10,7,5",1:M2 M145 | 2:M4 M68 M87 M135 | 3:M3 M29 M34 M66 M75 M86 M121 M127 M146 | 4:M9 M27 M37 M64 M74 M88 M105 M117 M130 M142 | 5:M8 M32 M35 M67 M70 M79 M102 M113 M118 M131 M136 M154 | 6:M7 M33 M38 M65 M72 M83 M90 M100 M120 M129 M144 M150 | 7:M6 M22 M28 M40 M56 M69 M91 M103 M112 M114 M139 M153 | 8:M20 M30 M49 M63 M77 M85 M96 M104 M109 M133 M137 M151 | 9:M1 M24 M36 M50 M58 M73 M84 M94 M101 M110 M126 M147 | 10:M5 M26 M31 M39 M51 M71 M80 M98 M106 M115 M132 M152 | 11:M14 M19 M47 M54 M61 M81 M99 M111 M116 M123 M141 M149 | 12:M23 M42 M46 M53 M59 M76 M82 M95 M107 M119 M128 M134 | 13:M12 M21 M25 M41 M48 M60 M62 M78 M89 M108 M124 M148 | 14:M10 M11 M43 M57 M97 M125 M138 | 15:M18 M44 M55 M93 M122 M143 | 16:M17 M45 M52 M92 M140 | 17:M16 | 18:M13 | 19:M15 | 20: | 21:,,"domain reduction: sessions, fixed meetings, forbidden slots | precedence domain propagation: fixed point over direct edges | full precedence closure: cycle detection and graph statistics only | (20),(22)-(27) exactly once over reduced domains | (19) participant atMost-one per slot | (46),(47) clustered table capacity with full channeling | (28) staircase/support precedence over reduced domains and direct E | usedSlot channeling + exact per-idle-slot break cost | (43) exactly |Mp| reduced usedSlot variables | (44) atMost 2|L| busy participants per slot | (45) exact even number of busy participants | exact unary internal-idle counts and range objective over P*",,,result,207728,1188,0,208916
table06,forum-14.forb0003,forum-14.forb0003,SAT,OPTIMAL,26.409977,154546,393367,1498,0,394865,,peak_process_tree_rss_mb,maxsat,traditional,direct,no,imp12+,lexicographic_internal_idle_range_pstar_then_idle_sum,lex-idlesum,,,0,0,72,"1,2,3,4,5,6,8,9,11,12,14,17,19,20,21,22,23,24,25,26,27,28,29,30,31,32,33,34,35,36,37,38,39,40,41,42,43,44,45,46,47,48,49,50,51,52,53,54,55,56,57,58,59,60,61,62,63,64,65,66,67,68,69,70,71,72,73,74,75,76,77,78",0,0,0,0,0,0,0,0,20,20,"0,0,0,0,0,0,0,0,0,0,0,0,0,0,0,0,0,0,0,0,0,0,0,0,0,0,0,0,0,0,0,0,0,0,0,0,0,0,0,0,0,0,0,0,0,0,0,0,0,0,0,0,0,0,0,0,0,0,0,0,0,0,0,0,0,0,0,0,0,0,0,0,0,0,0,0,0,0","6,10,18,22,28,32,34,36,42,44,42,44,44,44,40,32,28,22,16,12,6,2","8,7,10,13,12,11,14,14,13,15,13,10,12,7,8,3,2,11,5,4,9,14,13,15,9,12,14,8,12,10,14,16,17,8,9,7,14,6,15,12,20,13,11,10,13,19,6,12,16,11,8,11,7,5,10,9,12,10,13,15,18,16,19,9,7,3,10,18,14,13,15,21,16,20,17,15,10,9,8,18,4,16,17,5,19,13,6,17,6,5,15,18,14,16,12,10,14,19,20,17,18,15,17,13,9,12,14,16,5,10,8,4,9,11,5,9,12,4,10,8,11,3,6,8,11,3,7,2,10,5,9,18,6,11,8,10,7,15,14,13,17,11,12,14,6,13,8,10,9,7,15,16,9,12,6,13,7,10,6,9,7,4,14,9,15,12,8,13,5,20,7,11,21,19,17,5,18,6,11,7,4,8,10,3,13,12,13,11,14,17,15,19,16,18,9,14,11,12,14,16,13,15,20,17,18,19,3,10,6,8,4,7,5,9,11,13,12,10,18,15,13,19,17,7,21,6,22,20,5,12,4,9,8,16,11,3,2,14,1,6,16,14,15,13,9,14,10,11,16,17,15,12,15,12,11,16,14,13,7,11,6,2,5,4,1,12,10,9,8,3,17,14,18,15,16,9,6,11,4,5,8,10,7,13,14,12,15,15,16,17,9,12,4,10,1,8,7,5,3,6,2,11",1:M239 M265 M295 | 2:M17 M128 M237 M262 M301 | 3:M16 M66 M122 M126 M184 M207 M236 M270 M299 | 4:M20 M81 M112 M118 M162 M181 M211 M231 M264 M279 M293 | 5:M19 M54 M84 M90 M109 M115 M130 M169 M176 M213 M229 M263 M280 M298 | 6:M38 M47 M87 M89 M123 M133 M145 M155 M159 M178 M209 M226 M240 M261 M277 M300 | 7:M2 M14 M36 M53 M65 M127 M137 M150 M157 M161 M171 M180 M212 M224 M259 M283 M297 | 8:M1 M15 M28 M34 M51 M79 M111 M120 M124 M135 M147 M167 M182 M210 M233 M269 M281 M296 | 9:M21 M25 M35 M56 M64 M78 M105 M113 M116 M131 M149 M153 M160 M164 M195 M214 M232 M245 M268 M276 M291 | 10:M3 M12 M30 M44 M55 M58 M67 M77 M96 M110 M119 M129 M136 M148 M158 M183 M208 M218 M247 M267 M282 M294 | 11:M6 M18 M43 M50 M52 M114 M121 M125 M134 M142 M172 M179 M188 M197 M215 M235 M248 M255 M260 M278 M302 | 12:M5 M13 M26 M29 M40 M48 M57 M95 M106 M117 M143 M154 M166 M186 M198 M217 M230 M252 M254 M266 M286 M292 | 13:M4 M9 M11 M23 M42 M45 M59 M70 M86 M104 M140 M146 M156 M168 M185 M187 M201 M216 M221 M244 M258 M284 | 14:M7 M8 M22 M27 M31 M37 M69 M93 M97 M107 M139 M144 M163 M189 M196 M199 M238 M242 M246 M257 M272 M285 | 15:M10 M24 M39 M60 M71 M76 M91 M102 M138 M151 M165 M191 M202 M220 M243 M251 M253 M274 M287 M288 | 16:M32 M49 M62 M73 M82 M94 M108 M152 M193 M200 M234 M241 M249 M256 M275 M289 | 17:M33 M75 M83 M88 M100 M103 M141 M175 M190 M204 M223 M250 M271 M290 | 18:M61 M68 M80 M92 M101 M132 M177 M194 M205 M219 M273 | 19:M46 M63 M85 M98 M174 M192 M206 M222 | 20:M41 M74 M99 M170 M203 M228 | 21:M72 M173 M225 | 22:M227,,"domain reduction: sessions, fixed meetings, forbidden slots | precedence domain propagation: fixed point over direct edges | full precedence closure: cycle detection and graph statistics only | (20),(22)-(27) exactly once over reduced domains | (19) participant atMost-one per slot | (46),(47) clustered table capacity with full channeling | (28) traditional pairwise precedence over direct E | usedSlot channeling + exact per-idle-slot break cost | (43) exactly |Mp| reduced usedSlot variables | (44) atMost 2|L| busy participants per slot | (45) exact even number of busy participants | exact unary internal-idle counts and range objective over P*",,,result,393367,1498,0,394865
table06,forum-14.forb0003,forum-14.forb0003,SAT,OPTIMAL,19.818512,154546,393367,1498,0,394865,,peak_process_tree_rss_mb,maxsat,staircase,direct,yes,imp12+,lexicographic_internal_idle_range_pstar_then_idle_sum,lex-idlesum,,,0,0,72,"1,2,3,4,5,6,8,9,11,12,14,17,19,20,21,22,23,24,25,26,27,28,29,30,31,32,33,34,35,36,37,38,39,40,41,42,43,44,45,46,47,48,49,50,51,52,53,54,55,56,57,58,59,60,61,62,63,64,65,66,67,68,69,70,71,72,73,74,75,76,77,78",0,0,0,0,0,0,0,0,20,20,"0,0,0,0,0,0,0,0,0,0,0,0,0,0,0,0,0,0,0,0,0,0,0,0,0,0,0,0,0,0,0,0,0,0,0,0,0,0,0,0,0,0,0,0,0,0,0,0,0,0,0,0,0,0,0,0,0,0,0,0,0,0,0,0,0,0,0,0,0,0,0,0,0,0,0,0,0,0","6,10,18,22,28,32,34,36,42,44,42,44,44,44,40,32,28,22,16,12,6,2","8,7,10,13,12,11,14,14,13,15,13,10,12,7,8,3,2,11,5,4,9,14,13,15,9,12,14,8,12,10,14,16,17,8,9,7,14,6,15,12,20,13,11,10,13,19,6,12,16,11,8,11,7,5,10,9,12,10,13,15,18,16,19,9,7,3,10,18,14,13,15,21,16,20,17,15,10,9,8,18,4,16,17,5,19,13,6,17,6,5,15,18,14,16,12,10,14,19,20,17,18,15,17,13,9,12,14,16,5,10,8,4,9,11,5,9,12,4,10,8,11,3,6,8,11,3,7,2,10,5,9,18,6,11,8,10,7,15,14,13,17,11,12,14,6,13,8,10,9,7,15,16,9,12,6,13,7,10,6,9,7,4,14,9,15,12,8,13,5,20,7,11,21,19,17,5,18,6,11,7,4,8,10,3,13,12,13,11,14,17,15,19,16,18,9,14,11,12,14,16,13,15,20,17,18,19,3,10,6,8,4,7,5,9,11,13,12,10,18,15,13,19,17,7,21,6,22,20,5,12,4,9,8,16,11,3,2,14,1,6,16,14,15,13,9,14,10,11,16,17,15,12,15,12,11,16,14,13,7,11,6,2,5,4,1,12,10,9,8,3,17,14,18,15,16,9,6,11,4,5,8,10,7,13,14,12,15,15,16,17,9,12,4,10,1,8,7,5,3,6,2,11",1:M239 M265 M295 | 2:M17 M128 M237 M262 M301 | 3:M16 M66 M122 M126 M184 M207 M236 M270 M299 | 4:M20 M81 M112 M118 M162 M181 M211 M231 M264 M279 M293 | 5:M19 M54 M84 M90 M109 M115 M130 M169 M176 M213 M229 M263 M280 M298 | 6:M38 M47 M87 M89 M123 M133 M145 M155 M159 M178 M209 M226 M240 M261 M277 M300 | 7:M2 M14 M36 M53 M65 M127 M137 M150 M157 M161 M171 M180 M212 M224 M259 M283 M297 | 8:M1 M15 M28 M34 M51 M79 M111 M120 M124 M135 M147 M167 M182 M210 M233 M269 M281 M296 | 9:M21 M25 M35 M56 M64 M78 M105 M113 M116 M131 M149 M153 M160 M164 M195 M214 M232 M245 M268 M276 M291 | 10:M3 M12 M30 M44 M55 M58 M67 M77 M96 M110 M119 M129 M136 M148 M158 M183 M208 M218 M247 M267 M282 M294 | 11:M6 M18 M43 M50 M52 M114 M121 M125 M134 M142 M172 M179 M188 M197 M215 M235 M248 M255 M260 M278 M302 | 12:M5 M13 M26 M29 M40 M48 M57 M95 M106 M117 M143 M154 M166 M186 M198 M217 M230 M252 M254 M266 M286 M292 | 13:M4 M9 M11 M23 M42 M45 M59 M70 M86 M104 M140 M146 M156 M168 M185 M187 M201 M216 M221 M244 M258 M284 | 14:M7 M8 M22 M27 M31 M37 M69 M93 M97 M107 M139 M144 M163 M189 M196 M199 M238 M242 M246 M257 M272 M285 | 15:M10 M24 M39 M60 M71 M76 M91 M102 M138 M151 M165 M191 M202 M220 M243 M251 M253 M274 M287 M288 | 16:M32 M49 M62 M73 M82 M94 M108 M152 M193 M200 M234 M241 M249 M256 M275 M289 | 17:M33 M75 M83 M88 M100 M103 M141 M175 M190 M204 M223 M250 M271 M290 | 18:M61 M68 M80 M92 M101 M132 M177 M194 M205 M219 M273 | 19:M46 M63 M85 M98 M174 M192 M206 M222 | 20:M41 M74 M99 M170 M203 M228 | 21:M72 M173 M225 | 22:M227,,"domain reduction: sessions, fixed meetings, forbidden slots | precedence domain propagation: fixed point over direct edges | full precedence closure: cycle detection and graph statistics only | (20),(22)-(27) exactly once over reduced domains | (19) participant atMost-one per slot | (46),(47) clustered table capacity with full channeling | (28) staircase/support precedence over reduced domains and direct E | usedSlot channeling + exact per-idle-slot break cost | (43) exactly |Mp| reduced usedSlot variables | (44) atMost 2|L| busy participants per slot | (45) exact even number of busy participants | exact unary internal-idle counts and range objective over P*",,,result,393367,1498,0,394865
table06,forumt-14.forb0003,forumt-14.forb0003,SAT,OPTIMAL,0.220408,28204,80900,487,0,81387,,peak_process_tree_rss_mb,maxsat,traditional,direct,no,imp12+,lexicographic_internal_idle_range_pstar_then_idle_sum,lex-idlesum,,,0,0,59,"1,2,3,4,5,6,7,8,9,10,11,12,13,14,15,16,17,18,20,21,22,23,24,25,26,27,28,29,30,31,32,33,34,35,36,37,38,39,40,41,42,43,44,45,46,47,48,49,50,51,52,53,54,55,56,57,58,59,60",0,0,0,0,0,0,0,0,7,7,"0,0,0,0,0,0,0,0,0,0,0,0,0,0,0,0,0,0,0,0,0,0,0,0,0,0,0,0,0,0,0,0,0,0,0,0,0,0,0,0,0,0,0,0,0,0,0,0,0,0,0,0,0,0,0,0,0,0,0,0","38,42,48,52,54,54,54,50,46,36","1,5,8,2,6,10,4,7,1,6,4,6,10,3,7,5,2,9,8,7,2,5,9,9,8,4,2,1,5,2,4,6,5,3,4,7,8,9,5,1,3,1,9,6,10,7,2,2,8,7,9,6,5,3,8,6,9,7,5,1,4,6,4,10,3,1,9,8,5,7,5,1,3,10,7,4,9,3,6,4,7,10,2,5,1,8,6,7,5,8,9,4,5,8,4,3,7,6,2,3,4,10,6,7,8,5,6,4,7,3,4,8,10,9,8,10,5,1,2,6,4,5,2,3,3,5,6,7,1,4,10,7,1,7,9,2,5,4,10,3,8,9,3,10,1,7,8,6,3,2,8,9,1,7,6,10,2,4,3,5,4,1,2,8,10,5,9,7,3,7,6,1,5,4,7,2,9,3,6,8,6,4,9,7,6,8,6,7,9,5,4,8,4,3,9,8,4,2,5,10,9,4,6,3,8,2,1,9,5,10,6,1,8,3,2,2,7,3,10,3,9,7,5,6,8,4,2,10,1,6,3,5,7,8,6,9,5",1:M1 M9 M28 M40 M42 M60 M66 M72 M85 M118 M129 M133 M145 M153 M162 M172 M207 M212 M229 | 2:M4 M17 M21 M27 M30 M47 M48 M83 M99 M119 M123 M136 M150 M157 M163 M176 M198 M206 M215 M216 M227 | 3:M14 M34 M41 M54 M65 M73 M78 M96 M100 M110 M124 M125 M140 M143 M149 M159 M169 M178 M194 M204 M214 M218 M220 M231 | 4:M7 M11 M26 M31 M35 M61 M63 M76 M80 M92 M95 M101 M108 M111 M121 M130 M138 M158 M161 M174 M182 M191 M193 M197 M202 M226 | 5:M2 M16 M22 M29 M33 M39 M53 M59 M69 M71 M84 M89 M93 M106 M117 M122 M126 M137 M160 M166 M173 M190 M199 M209 M223 M232 M237 | 6:M5 M10 M12 M32 M44 M52 M56 M62 M79 M87 M98 M103 M107 M120 M127 M148 M155 M171 M179 M181 M185 M187 M203 M211 M224 M230 M235 | 7:M8 M15 M20 M36 M46 M50 M58 M70 M75 M81 M88 M97 M104 M109 M128 M132 M134 M146 M154 M168 M170 M175 M184 M188 M217 M222 M233 | 8:M3 M19 M25 M37 M49 M55 M68 M86 M90 M94 M105 M112 M115 M141 M147 M151 M164 M180 M186 M192 M196 M205 M213 M225 M234 | 9:M18 M23 M24 M38 M43 M51 M57 M67 M77 M91 M114 M135 M142 M152 M167 M177 M183 M189 M195 M201 M208 M221 M236 | 10:M6 M13 M45 M64 M74 M82 M102 M113 M116 M131 M139 M144 M156 M165 M200 M210 M219 M228,,"domain reduction: sessions, fixed meetings, forbidden slots | precedence domain propagation: fixed point over direct edges | full precedence closure: cycle detection and graph statistics only | (20),(22)-(27) exactly once over reduced domains | (19) participant atMost-one per slot | (46),(47) clustered table capacity with full channeling | (28) traditional pairwise precedence over direct E | usedSlot channeling + exact per-idle-slot break cost | (43) exactly |Mp| reduced usedSlot variables | (44) atMost 2|L| busy participants per slot | (45) exact even number of busy participants | exact unary internal-idle counts and range objective over P*",,,result,80900,487,0,81387
table06,forumt-14.forb0003,forumt-14.forb0003,SAT,OPTIMAL,0.219717,28204,80900,487,0,81387,,peak_process_tree_rss_mb,maxsat,staircase,direct,yes,imp12+,lexicographic_internal_idle_range_pstar_then_idle_sum,lex-idlesum,,,0,0,59,"1,2,3,4,5,6,7,8,9,10,11,12,13,14,15,16,17,18,20,21,22,23,24,25,26,27,28,29,30,31,32,33,34,35,36,37,38,39,40,41,42,43,44,45,46,47,48,49,50,51,52,53,54,55,56,57,58,59,60",0,0,0,0,0,0,0,0,7,7,"0,0,0,0,0,0,0,0,0,0,0,0,0,0,0,0,0,0,0,0,0,0,0,0,0,0,0,0,0,0,0,0,0,0,0,0,0,0,0,0,0,0,0,0,0,0,0,0,0,0,0,0,0,0,0,0,0,0,0,0","38,42,48,52,54,54,54,50,46,36","1,5,8,2,6,10,4,7,1,6,4,6,10,3,7,5,2,9,8,7,2,5,9,9,8,4,2,1,5,2,4,6,5,3,4,7,8,9,5,1,3,1,9,6,10,7,2,2,8,7,9,6,5,3,8,6,9,7,5,1,4,6,4,10,3,1,9,8,5,7,5,1,3,10,7,4,9,3,6,4,7,10,2,5,1,8,6,7,5,8,9,4,5,8,4,3,7,6,2,3,4,10,6,7,8,5,6,4,7,3,4,8,10,9,8,10,5,1,2,6,4,5,2,3,3,5,6,7,1,4,10,7,1,7,9,2,5,4,10,3,8,9,3,10,1,7,8,6,3,2,8,9,1,7,6,10,2,4,3,5,4,1,2,8,10,5,9,7,3,7,6,1,5,4,7,2,9,3,6,8,6,4,9,7,6,8,6,7,9,5,4,8,4,3,9,8,4,2,5,10,9,4,6,3,8,2,1,9,5,10,6,1,8,3,2,2,7,3,10,3,9,7,5,6,8,4,2,10,1,6,3,5,7,8,6,9,5",1:M1 M9 M28 M40 M42 M60 M66 M72 M85 M118 M129 M133 M145 M153 M162 M172 M207 M212 M229 | 2:M4 M17 M21 M27 M30 M47 M48 M83 M99 M119 M123 M136 M150 M157 M163 M176 M198 M206 M215 M216 M227 | 3:M14 M34 M41 M54 M65 M73 M78 M96 M100 M110 M124 M125 M140 M143 M149 M159 M169 M178 M194 M204 M214 M218 M220 M231 | 4:M7 M11 M26 M31 M35 M61 M63 M76 M80 M92 M95 M101 M108 M111 M121 M130 M138 M158 M161 M174 M182 M191 M193 M197 M202 M226 | 5:M2 M16 M22 M29 M33 M39 M53 M59 M69 M71 M84 M89 M93 M106 M117 M122 M126 M137 M160 M166 M173 M190 M199 M209 M223 M232 M237 | 6:M5 M10 M12 M32 M44 M52 M56 M62 M79 M87 M98 M103 M107 M120 M127 M148 M155 M171 M179 M181 M185 M187 M203 M211 M224 M230 M235 | 7:M8 M15 M20 M36 M46 M50 M58 M70 M75 M81 M88 M97 M104 M109 M128 M132 M134 M146 M154 M168 M170 M175 M184 M188 M217 M222 M233 | 8:M3 M19 M25 M37 M49 M55 M68 M86 M90 M94 M105 M112 M115 M141 M147 M151 M164 M180 M186 M192 M196 M205 M213 M225 M234 | 9:M18 M23 M24 M38 M43 M51 M57 M67 M77 M91 M114 M135 M142 M152 M167 M177 M183 M189 M195 M201 M208 M221 M236 | 10:M6 M13 M45 M64 M74 M82 M102 M113 M116 M131 M139 M144 M156 M165 M200 M210 M219 M228,,"domain reduction: sessions, fixed meetings, forbidden slots | precedence domain propagation: fixed point over direct edges | full precedence closure: cycle detection and graph statistics only | (20),(22)-(27) exactly once over reduced domains | (19) participant atMost-one per slot | (46),(47) clustered table capacity with full channeling | (28) staircase/support precedence over reduced domains and direct E | usedSlot channeling + exact per-idle-slot break cost | (43) exactly |Mp| reduced usedSlot variables | (44) atMost 2|L| busy participants per slot | (45) exact even number of busy participants | exact unary internal-idle counts and range objective over P*",,,result,80900,487,0,81387
table06,forumt-14crafc.forb0003,forumt-14crafc.forb0003,SAT,OPTIMAL,0.23808,28424,81380,487,0,81867,,peak_process_tree_rss_mb,maxsat,traditional,direct,no,imp12+,lexicographic_internal_idle_range_pstar_then_idle_sum,lex-idlesum,,,0,0,59,"1,2,3,4,5,6,7,8,9,10,11,12,13,14,15,16,17,18,20,21,22,23,24,25,26,27,28,29,30,31,32,33,34,35,36,37,38,39,40,41,42,43,44,45,46,47,48,49,50,51,52,53,54,55,56,57,58,59,60",0,0,0,0,0,0,0,0,7,7,"0,0,0,0,0,0,0,0,0,0,0,0,0,0,0,0,0,0,0,0,0,0,0,0,0,0,0,0,0,0,0,0,0,0,0,0,0,0,0,0,0,0,0,0,0,0,0,0,0,0,0,0,0,0,0,0,0,0,0,0","42,46,48,50,50,50,50,50,46,42","1,3,6,7,10,4,5,9,7,7,2,9,10,6,7,5,4,3,7,8,1,3,2,6,3,2,4,5,5,4,10,4,7,8,5,7,9,8,1,8,7,8,9,6,3,10,2,8,5,3,2,1,10,9,7,5,8,4,6,3,2,10,4,1,6,5,9,7,3,8,4,1,5,8,3,10,9,3,2,5,8,1,7,10,4,6,3,1,5,4,6,2,5,6,7,4,9,10,9,3,1,5,6,4,2,4,2,1,4,6,9,3,8,10,3,9,4,1,2,7,5,10,8,7,5,6,8,10,9,4,6,10,7,4,8,10,5,6,9,3,1,8,2,10,9,6,9,7,4,1,6,1,10,5,7,9,2,8,4,3,5,4,1,6,2,10,3,7,8,3,4,5,2,1,3,2,8,6,5,10,9,4,8,3,2,9,4,8,9,6,5,7,9,7,2,8,4,3,10,1,1,10,3,8,6,7,9,5,2,1,7,2,6,5,1,2,8,7,6,4,6,8,9,5,7,1,2,3,5,7,2,3,6,10,9,8,6",1:M1 M21 M39 M52 M64 M72 M82 M88 M101 M108 M118 M141 M150 M152 M163 M174 M200 M201 M210 M215 M226 | 2:M11 M23 M26 M47 M51 M61 M79 M92 M105 M107 M119 M143 M157 M165 M173 M176 M185 M195 M209 M212 M216 M227 M231 | 3:M2 M18 M22 M25 M45 M50 M60 M69 M75 M78 M87 M100 M112 M115 M140 M160 M167 M170 M175 M184 M198 M203 M228 M232 | 4:M6 M17 M27 M30 M32 M58 M63 M71 M85 M90 M96 M104 M106 M109 M117 M130 M134 M149 M159 M162 M171 M182 M187 M197 M220 | 5:M7 M16 M28 M29 M35 M49 M56 M66 M73 M80 M89 M93 M102 M121 M125 M137 M154 M161 M172 M179 M191 M208 M214 M224 M229 | 6:M3 M14 M24 M44 M59 M65 M86 M91 M94 M103 M110 M126 M131 M138 M146 M151 M164 M178 M190 M205 M213 M219 M221 M233 M237 | 7:M4 M9 M10 M15 M19 M33 M36 M41 M55 M68 M83 M95 M120 M124 M133 M148 M155 M168 M192 M194 M206 M211 M218 M225 M230 | 8:M20 M34 M38 M40 M42 M48 M57 M70 M74 M81 M113 M123 M127 M135 M142 M158 M169 M177 M183 M188 M196 M204 M217 M222 M236 | 9:M8 M12 M37 M43 M54 M67 M77 M97 M99 M111 M116 M129 M139 M145 M147 M156 M181 M186 M189 M193 M207 M223 M235 | 10:M5 M13 M31 M46 M53 M62 M76 M84 M98 M114 M122 M128 M132 M136 M144 M153 M166 M180 M199 M202 M234,,"domain reduction: sessions, fixed meetings, forbidden slots | precedence domain propagation: fixed point over direct edges | full precedence closure: cycle detection and graph statistics only | (20),(22)-(27) exactly once over reduced domains | (19) participant atMost-one per slot | (46),(47) clustered table capacity with full channeling | (28) traditional pairwise precedence over direct E | usedSlot channeling + exact per-idle-slot break cost | (43) exactly |Mp| reduced usedSlot variables | (44) atMost 2|L| busy participants per slot | (45) exact even number of busy participants | exact unary internal-idle counts and range objective over P*",,,result,81380,487,0,81867
table06,forumt-14crafc.forb0003,forumt-14crafc.forb0003,SAT,OPTIMAL,0.235476,28424,81380,487,0,81867,,peak_process_tree_rss_mb,maxsat,staircase,direct,yes,imp12+,lexicographic_internal_idle_range_pstar_then_idle_sum,lex-idlesum,,,0,0,59,"1,2,3,4,5,6,7,8,9,10,11,12,13,14,15,16,17,18,20,21,22,23,24,25,26,27,28,29,30,31,32,33,34,35,36,37,38,39,40,41,42,43,44,45,46,47,48,49,50,51,52,53,54,55,56,57,58,59,60",0,0,0,0,0,0,0,0,7,7,"0,0,0,0,0,0,0,0,0,0,0,0,0,0,0,0,0,0,0,0,0,0,0,0,0,0,0,0,0,0,0,0,0,0,0,0,0,0,0,0,0,0,0,0,0,0,0,0,0,0,0,0,0,0,0,0,0,0,0,0","42,46,48,50,50,50,50,50,46,42","1,3,6,7,10,4,5,9,7,7,2,9,10,6,7,5,4,3,7,8,1,3,2,6,3,2,4,5,5,4,10,4,7,8,5,7,9,8,1,8,7,8,9,6,3,10,2,8,5,3,2,1,10,9,7,5,8,4,6,3,2,10,4,1,6,5,9,7,3,8,4,1,5,8,3,10,9,3,2,5,8,1,7,10,4,6,3,1,5,4,6,2,5,6,7,4,9,10,9,3,1,5,6,4,2,4,2,1,4,6,9,3,8,10,3,9,4,1,2,7,5,10,8,7,5,6,8,10,9,4,6,10,7,4,8,10,5,6,9,3,1,8,2,10,9,6,9,7,4,1,6,1,10,5,7,9,2,8,4,3,5,4,1,6,2,10,3,7,8,3,4,5,2,1,3,2,8,6,5,10,9,4,8,3,2,9,4,8,9,6,5,7,9,7,2,8,4,3,10,1,1,10,3,8,6,7,9,5,2,1,7,2,6,5,1,2,8,7,6,4,6,8,9,5,7,1,2,3,5,7,2,3,6,10,9,8,6",1:M1 M21 M39 M52 M64 M72 M82 M88 M101 M108 M118 M141 M150 M152 M163 M174 M200 M201 M210 M215 M226 | 2:M11 M23 M26 M47 M51 M61 M79 M92 M105 M107 M119 M143 M157 M165 M173 M176 M185 M195 M209 M212 M216 M227 M231 | 3:M2 M18 M22 M25 M45 M50 M60 M69 M75 M78 M87 M100 M112 M115 M140 M160 M167 M170 M175 M184 M198 M203 M228 M232 | 4:M6 M17 M27 M30 M32 M58 M63 M71 M85 M90 M96 M104 M106 M109 M117 M130 M134 M149 M159 M162 M171 M182 M187 M197 M220 | 5:M7 M16 M28 M29 M35 M49 M56 M66 M73 M80 M89 M93 M102 M121 M125 M137 M154 M161 M172 M179 M191 M208 M214 M224 M229 | 6:M3 M14 M24 M44 M59 M65 M86 M91 M94 M103 M110 M126 M131 M138 M146 M151 M164 M178 M190 M205 M213 M219 M221 M233 M237 | 7:M4 M9 M10 M15 M19 M33 M36 M41 M55 M68 M83 M95 M120 M124 M133 M148 M155 M168 M192 M194 M206 M211 M218 M225 M230 | 8:M20 M34 M38 M40 M42 M48 M57 M70 M74 M81 M113 M123 M127 M135 M142 M158 M169 M177 M183 M188 M196 M204 M217 M222 M236 | 9:M8 M12 M37 M43 M54 M67 M77 M97 M99 M111 M116 M129 M139 M145 M147 M156 M181 M186 M189 M193 M207 M223 M235 | 10:M5 M13 M31 M46 M53 M62 M76 M84 M98 M114 M122 M128 M132 M136 M144 M153 M166 M180 M199 M202 M234,,"domain reduction: sessions, fixed meetings, forbidden slots | precedence domain propagation: fixed point over direct edges | full precedence closure: cycle detection and graph statistics only | (20),(22)-(27) exactly once over reduced domains | (19) participant atMost-one per slot | (46),(47) clustered table capacity with full channeling | (28) staircase/support precedence over reduced domains and direct E | usedSlot channeling + exact per-idle-slot break cost | (43) exactly |Mp| reduced usedSlot variables | (44) atMost 2|L| busy participants per slot | (45) exact even number of busy participants | exact unary internal-idle counts and range objective over P*",,,result,81380,487,0,81867
table06,tic-13crafb.forb0003,tic-13crafb.forb0003,SAT,OPTIMAL,0.160271,23113,64260,368,0,64628,,peak_process_tree_rss_mb,maxsat,traditional,direct,no,imp12+,lexicographic_internal_idle_range_pstar_then_idle_sum,lex-idlesum,,,0,0,44,"1,2,3,4,5,6,7,8,9,10,11,12,13,14,15,16,17,18,19,20,21,22,24,25,26,27,28,29,30,31,32,33,34,35,36,37,38,40,41,42,43,44,45,46",0,0,0,0,0,0,0,0,8,8,"0,0,0,0,0,0,0,0,0,0,0,0,0,0,0,0,0,0,0,0,0,0,0,0,0,0,0,0,0,0,0,0,0,0,0,0,0,0,0,0,0,0,0,0,0,0","28,34,36,38,40,42,42,42,36,30","3,9,6,1,7,4,2,6,4,9,2,1,10,7,7,6,8,3,10,2,8,1,7,6,8,4,2,5,1,7,7,3,6,2,10,5,1,4,8,9,10,9,5,7,8,4,3,2,9,2,6,8,5,10,3,7,4,6,1,5,10,2,3,10,5,7,8,9,8,6,4,6,4,8,2,7,1,5,3,10,9,4,3,5,8,8,7,3,5,6,4,1,5,9,10,5,9,7,6,3,1,3,8,4,9,7,5,2,1,9,6,1,5,2,10,8,9,4,2,1,7,3,6,9,4,8,5,10,4,6,8,5,9,7,2,8,1,4,10,3,9,6,3,8,10,8,3,7,4,2,6,3,7,4,2,5,6,7,10,6,8,9,5,5,3,4,1,9,8,2,6,10,7,5,6,3,7,4,2,5,9,8,7,6",1:M4 M12 M22 M29 M37 M59 M77 M92 M101 M109 M112 M120 M137 M167 | 2:M7 M11 M20 M27 M34 M48 M50 M62 M75 M108 M114 M119 M135 M150 M155 M170 M179 | 3:M1 M18 M32 M47 M55 M63 M79 M83 M88 M100 M102 M122 M140 M143 M147 M152 M165 M176 | 4:M6 M9 M26 M38 M46 M57 M71 M73 M82 M91 M104 M118 M125 M129 M138 M149 M154 M166 M178 | 5:M28 M36 M43 M53 M60 M65 M78 M84 M89 M93 M96 M107 M113 M127 M132 M156 M163 M164 M174 M180 | 6:M3 M8 M16 M24 M33 M51 M58 M70 M72 M90 M99 M111 M123 M130 M142 M151 M157 M160 M171 M175 M184 | 7:M5 M14 M15 M23 M30 M31 M44 M56 M66 M76 M87 M98 M106 M121 M134 M148 M153 M158 M173 M177 M183 | 8:M17 M21 M25 M39 M45 M52 M67 M69 M74 M85 M86 M103 M116 M126 M131 M136 M144 M146 M161 M169 M182 | 9:M2 M10 M40 M42 M49 M68 M81 M94 M97 M105 M110 M117 M124 M133 M141 M162 M168 M181 | 10:M13 M19 M35 M41 M54 M61 M64 M80 M95 M115 M128 M139 M145 M159 M172,,"domain reduction: sessions, fixed meetings, forbidden slots | precedence domain propagation: fixed point over direct edges | full precedence closure: cycle detection and graph statistics only | (20),(22)-(27) exactly once over reduced domains | (19) participant atMost-one per slot | (46),(47) clustered table capacity with full channeling | (28) traditional pairwise precedence over direct E | usedSlot channeling + exact per-idle-slot break cost | (43) exactly |Mp| reduced usedSlot variables | (44) atMost 2|L| busy participants per slot | (45) exact even number of busy participants | exact unary internal-idle counts and range objective over P*",,,result,64260,368,0,64628
table06,tic-13crafb.forb0003,tic-13crafb.forb0003,SAT,OPTIMAL,0.159389,23113,64260,368,0,64628,,peak_process_tree_rss_mb,maxsat,staircase,direct,yes,imp12+,lexicographic_internal_idle_range_pstar_then_idle_sum,lex-idlesum,,,0,0,44,"1,2,3,4,5,6,7,8,9,10,11,12,13,14,15,16,17,18,19,20,21,22,24,25,26,27,28,29,30,31,32,33,34,35,36,37,38,40,41,42,43,44,45,46",0,0,0,0,0,0,0,0,8,8,"0,0,0,0,0,0,0,0,0,0,0,0,0,0,0,0,0,0,0,0,0,0,0,0,0,0,0,0,0,0,0,0,0,0,0,0,0,0,0,0,0,0,0,0,0,0","28,34,36,38,40,42,42,42,36,30","3,9,6,1,7,4,2,6,4,9,2,1,10,7,7,6,8,3,10,2,8,1,7,6,8,4,2,5,1,7,7,3,6,2,10,5,1,4,8,9,10,9,5,7,8,4,3,2,9,2,6,8,5,10,3,7,4,6,1,5,10,2,3,10,5,7,8,9,8,6,4,6,4,8,2,7,1,5,3,10,9,4,3,5,8,8,7,3,5,6,4,1,5,9,10,5,9,7,6,3,1,3,8,4,9,7,5,2,1,9,6,1,5,2,10,8,9,4,2,1,7,3,6,9,4,8,5,10,4,6,8,5,9,7,2,8,1,4,10,3,9,6,3,8,10,8,3,7,4,2,6,3,7,4,2,5,6,7,10,6,8,9,5,5,3,4,1,9,8,2,6,10,7,5,6,3,7,4,2,5,9,8,7,6",1:M4 M12 M22 M29 M37 M59 M77 M92 M101 M109 M112 M120 M137 M167 | 2:M7 M11 M20 M27 M34 M48 M50 M62 M75 M108 M114 M119 M135 M150 M155 M170 M179 | 3:M1 M18 M32 M47 M55 M63 M79 M83 M88 M100 M102 M122 M140 M143 M147 M152 M165 M176 | 4:M6 M9 M26 M38 M46 M57 M71 M73 M82 M91 M104 M118 M125 M129 M138 M149 M154 M166 M178 | 5:M28 M36 M43 M53 M60 M65 M78 M84 M89 M93 M96 M107 M113 M127 M132 M156 M163 M164 M174 M180 | 6:M3 M8 M16 M24 M33 M51 M58 M70 M72 M90 M99 M111 M123 M130 M142 M151 M157 M160 M171 M175 M184 | 7:M5 M14 M15 M23 M30 M31 M44 M56 M66 M76 M87 M98 M106 M121 M134 M148 M153 M158 M173 M177 M183 | 8:M17 M21 M25 M39 M45 M52 M67 M69 M74 M85 M86 M103 M116 M126 M131 M136 M144 M146 M161 M169 M182 | 9:M2 M10 M40 M42 M49 M68 M81 M94 M97 M105 M110 M117 M124 M133 M141 M162 M168 M181 | 10:M13 M19 M35 M41 M54 M61 M64 M80 M95 M115 M128 M139 M145 M159 M172,,"domain reduction: sessions, fixed meetings, forbidden slots | precedence domain propagation: fixed point over direct edges | full precedence closure: cycle detection and graph statistics only | (20),(22)-(27) exactly once over reduced domains | (19) participant atMost-one per slot | (46),(47) clustered table capacity with full channeling | (28) staircase/support precedence over reduced domains and direct E | usedSlot channeling + exact per-idle-slot break cost | (43) exactly |Mp| reduced usedSlot variables | (44) atMost 2|L| busy participants per slot | (45) exact even number of busy participants | exact unary internal-idle counts and range objective over P*",,,result,64260,368,0,64628
table07,forum-13.fixed020-Forb,forum-13.fixed020-Forb,SAT,OPTIMAL,1.781376,83762,193329,1138,0,194467,,peak_process_tree_rss_mb,maxsat,traditional,direct,no,imp12+,lexicographic_internal_idle_range_pstar_then_idle_sum,lex-idlesum,,,155,155,58,"1,2,3,4,5,6,7,8,9,10,11,12,13,14,15,16,18,19,23,24,25,26,27,28,29,30,31,32,33,34,35,36,37,38,39,40,41,42,44,45,46,47,48,49,50,52,53,54,56,57,59,60,62,63,64,65,66,70",155,10,10,12,0,0,0,0,19,19,"2,2,6,2,2,2,2,2,2,2,2,2,2,2,2,2,0,5,2,0,0,0,2,2,2,4,2,2,2,2,2,2,2,2,2,2,2,2,5,3,2,4,0,8,2,12,2,2,2,3,0,2,2,2,0,5,3,0,2,2,0,2,2,2,2,5,0,0,0,2","6,8,10,14,18,24,28,22,28,28,26,26,18,16,12,6,6,2,2,6,2","3,11,5,6,10,4,9,8,1,15,14,5,12,6,13,11,10,7,4,5,6,7,9,11,7,5,10,7,2,9,3,8,4,12,5,8,11,7,13,9,12,10,14,14,15,13,12,10,9,14,8,16,15,11,13,10,19,6,9,10,11,9,14,8,20,10,12,9,11,4,1,2,3,6,12,7,5,13,5,7,12,11,10,8,6,9,3,1,8,20,7,15,9,12,16,14,6,17,13,8,10,5,9,7,10,11,2,4,6,9,12,8,7,8,12,11,13,6,10,7,5,16,11,17,10,8,7,14,9,4,12,6,15,6,15,11,12,14,9,21,13,3,18,4,17,2,7,20,12,7,10,11,6,13",1:M9 M71 M88 | 2:M29 M72 M107 M146 | 3:M1 M31 M73 M87 M142 | 4:M6 M19 M33 M70 M108 M130 M144 | 5:M3 M12 M20 M26 M35 M77 M79 M102 M121 | 6:M4 M14 M21 M58 M74 M85 M97 M109 M118 M132 M134 M153 | 7:M18 M22 M25 M28 M38 M76 M80 M91 M104 M113 M120 M127 M147 M150 | 8:M8 M32 M36 M51 M64 M84 M89 M100 M112 M114 M126 | 9:M7 M23 M30 M40 M49 M59 M62 M68 M86 M93 M103 M110 M129 M139 | 10:M5 M17 M27 M42 M48 M56 M60 M66 M83 M101 M105 M119 M125 M151 | 11:M2 M16 M24 M37 M54 M61 M69 M82 M106 M116 M123 M136 M152 | 12:M13 M34 M41 M47 M67 M75 M81 M94 M111 M115 M131 M137 M149 | 13:M15 M39 M46 M55 M78 M99 M117 M141 M154 | 14:M11 M43 M44 M50 M63 M96 M128 M138 | 15:M10 M45 M53 M92 M133 M135 | 16:M52 M95 M122 | 17:M98 M124 M145 | 18:M143 | 19:M57 | 20:M65 M90 M148 | 21:M140,,"domain reduction: sessions, fixed meetings, forbidden slots | precedence domain propagation: fixed point over direct edges | full precedence closure: cycle detection and graph statistics only | (20),(22)-(27) exactly once over reduced domains | (19) participant atMost-one per slot | (46),(47) clustered table capacity with full channeling | (28) traditional pairwise precedence over direct E | usedSlot channeling + exact per-idle-slot break cost | (43) exactly |Mp| reduced usedSlot variables | (44) atMost 2|L| busy participants per slot | (45) exact even number of busy participants | exact unary internal-idle counts and range objective over P*",,,result,193329,1138,10,194467
table07,forum-13.fixed020-Forb,forum-13.fixed020-Forb,SAT,OPTIMAL,1.788428,83762,193329,1138,0,194467,,peak_process_tree_rss_mb,maxsat,staircase,direct,yes,imp12+,lexicographic_internal_idle_range_pstar_then_idle_sum,lex-idlesum,,,155,155,58,"1,2,3,4,5,6,7,8,9,10,11,12,13,14,15,16,18,19,23,24,25,26,27,28,29,30,31,32,33,34,35,36,37,38,39,40,41,42,44,45,46,47,48,49,50,52,53,54,56,57,59,60,62,63,64,65,66,70",155,10,10,12,0,0,0,0,19,19,"2,2,6,2,2,2,2,2,2,2,2,2,2,2,2,2,0,5,2,0,0,0,2,2,2,4,2,2,2,2,2,2,2,2,2,2,2,2,5,3,2,4,0,8,2,12,2,2,2,3,0,2,2,2,0,5,3,0,2,2,0,2,2,2,2,5,0,0,0,2","6,8,10,14,18,24,28,22,28,28,26,26,18,16,12,6,6,2,2,6,2","3,11,5,6,10,4,9,8,1,15,14,5,12,6,13,11,10,7,4,5,6,7,9,11,7,5,10,7,2,9,3,8,4,12,5,8,11,7,13,9,12,10,14,14,15,13,12,10,9,14,8,16,15,11,13,10,19,6,9,10,11,9,14,8,20,10,12,9,11,4,1,2,3,6,12,7,5,13,5,7,12,11,10,8,6,9,3,1,8,20,7,15,9,12,16,14,6,17,13,8,10,5,9,7,10,11,2,4,6,9,12,8,7,8,12,11,13,6,10,7,5,16,11,17,10,8,7,14,9,4,12,6,15,6,15,11,12,14,9,21,13,3,18,4,17,2,7,20,12,7,10,11,6,13",1:M9 M71 M88 | 2:M29 M72 M107 M146 | 3:M1 M31 M73 M87 M142 | 4:M6 M19 M33 M70 M108 M130 M144 | 5:M3 M12 M20 M26 M35 M77 M79 M102 M121 | 6:M4 M14 M21 M58 M74 M85 M97 M109 M118 M132 M134 M153 | 7:M18 M22 M25 M28 M38 M76 M80 M91 M104 M113 M120 M127 M147 M150 | 8:M8 M32 M36 M51 M64 M84 M89 M100 M112 M114 M126 | 9:M7 M23 M30 M40 M49 M59 M62 M68 M86 M93 M103 M110 M129 M139 | 10:M5 M17 M27 M42 M48 M56 M60 M66 M83 M101 M105 M119 M125 M151 | 11:M2 M16 M24 M37 M54 M61 M69 M82 M106 M116 M123 M136 M152 | 12:M13 M34 M41 M47 M67 M75 M81 M94 M111 M115 M131 M137 M149 | 13:M15 M39 M46 M55 M78 M99 M117 M141 M154 | 14:M11 M43 M44 M50 M63 M96 M128 M138 | 15:M10 M45 M53 M92 M133 M135 | 16:M52 M95 M122 | 17:M98 M124 M145 | 18:M143 | 19:M57 | 20:M65 M90 M148 | 21:M140,,"domain reduction: sessions, fixed meetings, forbidden slots | precedence domain propagation: fixed point over direct edges | full precedence closure: cycle detection and graph statistics only | (20),(22)-(27) exactly once over reduced domains | (19) participant atMost-one per slot | (46),(47) clustered table capacity with full channeling | (28) staircase/support precedence over reduced domains and direct E | usedSlot channeling + exact per-idle-slot break cost | (43) exactly |Mp| reduced usedSlot variables | (44) atMost 2|L| busy participants per slot | (45) exact even number of busy participants | exact unary internal-idle counts and range objective over P*",,,result,193329,1138,10,194467
table07,forum-13.fixed040-Forb,forum-13.fixed040-Forb,SAT,OPTIMAL,1.5534,71466,164598,1050,0,165648,,peak_process_tree_rss_mb,maxsat,traditional,direct,no,imp12+,lexicographic_internal_idle_range_pstar_then_idle_sum,lex-idlesum,,,245,245,58,"1,2,3,4,5,6,7,8,9,10,11,12,13,14,15,16,18,19,23,24,25,26,27,28,29,30,31,32,33,34,35,36,37,38,39,40,41,42,44,45,46,47,48,49,50,52,53,54,56,57,59,60,62,63,64,65,66,70",245,12,12,14,0,0,0,0,19,19,"2,2,8,4,2,3,2,2,7,2,5,2,2,10,2,3,0,5,2,0,0,0,3,2,2,5,4,2,9,5,5,2,2,2,2,9,2,7,7,10,2,4,0,8,2,12,2,2,2,14,0,2,2,2,0,6,7,0,10,2,0,2,2,8,2,5,0,0,0,2","10,10,12,18,14,22,26,24,28,28,26,22,18,12,6,6,6,2,4,8,6","7,9,2,6,11,5,8,4,1,14,14,11,21,12,15,9,10,17,4,7,3,2,8,9,7,8,10,7,2,8,4,9,6,8,5,10,11,7,9,1,12,7,14,18,15,13,12,10,3,14,4,16,7,20,6,21,19,6,10,9,11,9,12,8,20,9,11,8,11,5,7,2,3,6,10,13,12,7,6,1,9,13,11,10,12,8,5,4,5,20,8,9,7,11,13,14,6,10,12,5,10,13,6,1,10,11,9,13,3,8,12,7,4,6,12,13,1,11,10,3,4,12,10,20,16,13,7,11,15,8,9,14,17,9,19,3,13,10,5,21,11,6,7,4,17,2,12,16,6,9,10,11,4,8",1:M9 M40 M80 M104 M117 | 2:M3 M22 M29 M72 M146 | 3:M21 M49 M73 M109 M120 M136 | 4:M8 M19 M31 M51 M88 M113 M121 M144 M153 | 5:M6 M35 M70 M87 M89 M100 M139 | 6:M4 M33 M55 M58 M74 M79 M97 M103 M114 M142 M149 | 7:M1 M20 M25 M28 M38 M42 M53 M71 M78 M93 M112 M127 M143 | 8:M7 M23 M26 M30 M34 M64 M68 M86 M91 M110 M130 M154 | 9:M2 M16 M24 M32 M39 M60 M62 M66 M81 M92 M107 M131 M134 M150 | 10:M17 M27 M36 M48 M59 M75 M84 M98 M101 M105 M119 M123 M138 M151 | 11:M5 M12 M37 M61 M67 M69 M83 M94 M106 M118 M128 M141 M152 | 12:M14 M41 M47 M63 M77 M85 M99 M111 M115 M122 M147 | 13:M46 M76 M82 M95 M102 M108 M116 M126 M137 | 14:M10 M11 M43 M50 M96 M132 | 15:M15 M45 M129 | 16:M52 M125 M148 | 17:M18 M133 M145 | 18:M44 | 19:M57 M135 | 20:M54 M65 M90 M124 | 21:M13 M56 M140,,"domain reduction: sessions, fixed meetings, forbidden slots | precedence domain propagation: fixed point over direct edges | full precedence closure: cycle detection and graph statistics only | (20),(22)-(27) exactly once over reduced domains | (19) participant atMost-one per slot | (46),(47) clustered table capacity with full channeling | (28) traditional pairwise precedence over direct E | usedSlot channeling + exact per-idle-slot break cost | (43) exactly |Mp| reduced usedSlot variables | (44) atMost 2|L| busy participants per slot | (45) exact even number of busy participants | exact unary internal-idle counts and range objective over P*",,,result,164598,1050,12,165648
table07,forum-13.fixed040-Forb,forum-13.fixed040-Forb,SAT,OPTIMAL,1.543296,71466,164598,1050,0,165648,,peak_process_tree_rss_mb,maxsat,staircase,direct,yes,imp12+,lexicographic_internal_idle_range_pstar_then_idle_sum,lex-idlesum,,,245,245,58,"1,2,3,4,5,6,7,8,9,10,11,12,13,14,15,16,18,19,23,24,25,26,27,28,29,30,31,32,33,34,35,36,37,38,39,40,41,42,44,45,46,47,48,49,50,52,53,54,56,57,59,60,62,63,64,65,66,70",245,12,12,14,0,0,0,0,19,19,"2,2,8,4,2,3,2,2,7,2,5,2,2,10,2,3,0,5,2,0,0,0,3,2,2,5,4,2,9,5,5,2,2,2,2,9,2,7,7,10,2,4,0,8,2,12,2,2,2,14,0,2,2,2,0,6,7,0,10,2,0,2,2,8,2,5,0,0,0,2","10,10,12,18,14,22,26,24,28,28,26,22,18,12,6,6,6,2,4,8,6","7,9,2,6,11,5,8,4,1,14,14,11,21,12,15,9,10,17,4,7,3,2,8,9,7,8,10,7,2,8,4,9,6,8,5,10,11,7,9,1,12,7,14,18,15,13,12,10,3,14,4,16,7,20,6,21,19,6,10,9,11,9,12,8,20,9,11,8,11,5,7,2,3,6,10,13,12,7,6,1,9,13,11,10,12,8,5,4,5,20,8,9,7,11,13,14,6,10,12,5,10,13,6,1,10,11,9,13,3,8,12,7,4,6,12,13,1,11,10,3,4,12,10,20,16,13,7,11,15,8,9,14,17,9,19,3,13,10,5,21,11,6,7,4,17,2,12,16,6,9,10,11,4,8",1:M9 M40 M80 M104 M117 | 2:M3 M22 M29 M72 M146 | 3:M21 M49 M73 M109 M120 M136 | 4:M8 M19 M31 M51 M88 M113 M121 M144 M153 | 5:M6 M35 M70 M87 M89 M100 M139 | 6:M4 M33 M55 M58 M74 M79 M97 M103 M114 M142 M149 | 7:M1 M20 M25 M28 M38 M42 M53 M71 M78 M93 M112 M127 M143 | 8:M7 M23 M26 M30 M34 M64 M68 M86 M91 M110 M130 M154 | 9:M2 M16 M24 M32 M39 M60 M62 M66 M81 M92 M107 M131 M134 M150 | 10:M17 M27 M36 M48 M59 M75 M84 M98 M101 M105 M119 M123 M138 M151 | 11:M5 M12 M37 M61 M67 M69 M83 M94 M106 M118 M128 M141 M152 | 12:M14 M41 M47 M63 M77 M85 M99 M111 M115 M122 M147 | 13:M46 M76 M82 M95 M102 M108 M116 M126 M137 | 14:M10 M11 M43 M50 M96 M132 | 15:M15 M45 M129 | 16:M52 M125 M148 | 17:M18 M133 M145 | 18:M44 | 19:M57 M135 | 20:M54 M65 M90 M124 | 21:M13 M56 M140,,"domain reduction: sessions, fixed meetings, forbidden slots | precedence domain propagation: fixed point over direct edges | full precedence closure: cycle detection and graph statistics only | (20),(22)-(27) exactly once over reduced domains | (19) participant atMost-one per slot | (46),(47) clustered table capacity with full channeling | (28) staircase/support precedence over reduced domains and direct E | usedSlot channeling + exact per-idle-slot break cost | (43) exactly |Mp| reduced usedSlot variables | (44) atMost 2|L| busy participants per slot | (45) exact even number of busy participants | exact unary internal-idle counts and range objective over P*",,,result,164598,1050,12,165648
table07,forum-13crafb.fixed020-Forb,forum-13crafb.fixed020-Forb,TIMEOUT,TIMEOUT,3600.023112,85160,211558,20,0,211578,,peak_process_tree_rss_mb,maxsat,traditional,direct,no,imp12+,lexicographic_internal_idle_range_pstar_then_idle_sum,lex-idlesum,,,,,56,"1,2,3,4,7,8,9,10,12,13,14,15,16,17,18,19,20,21,22,23,24,25,26,28,29,30,31,32,33,36,37,38,39,40,41,42,43,44,45,47,48,51,53,54,56,57,58,59,60,61,62,63,64,65,66,76",,,,,0,0,0,0,20,1216,,,,,,,,,,,,,211578
table07,forum-13crafb.fixed020-Forb,forum-13crafb.fixed020-Forb,TIMEOUT,TIMEOUT,3600.020644,85160,211558,20,0,211578,,peak_process_tree_rss_mb,maxsat,staircase,direct,yes,imp12+,lexicographic_internal_idle_range_pstar_then_idle_sum,lex-idlesum,,,,,56,"1,2,3,4,7,8,9,10,12,13,14,15,16,17,18,19,20,21,22,23,24,25,26,28,29,30,31,32,33,36,37,38,39,40,41,42,43,44,45,47,48,51,53,54,56,57,58,59,60,61,62,63,64,65,66,76",,,,,0,0,0,0,20,1216,,,,,,,,,,,,,211578
table07,forum-13crafc.fixed020-Forb,forum-13crafc.fixed020-Forb,SAT,OPTIMAL,3.669395,83896,193649,1138,0,194787,,peak_process_tree_rss_mb,maxsat,traditional,direct,no,imp12+,lexicographic_internal_idle_range_pstar_then_idle_sum,lex-idlesum,,,155,155,58,"1,2,3,4,5,6,7,8,9,10,11,12,13,14,15,16,18,19,23,24,25,26,27,28,29,30,31,32,33,34,35,36,37,38,39,40,41,42,44,45,46,47,48,49,50,52,53,54,56,57,59,60,62,63,64,65,66,70",155,10,10,12,0,0,0,0,19,19,"2,2,6,2,2,2,2,2,2,2,2,2,2,2,2,2,0,5,2,0,0,0,2,2,2,4,2,2,2,2,2,2,2,2,2,2,2,2,5,3,2,4,0,8,2,12,2,2,2,3,0,2,2,2,0,5,3,0,2,2,0,2,2,2,2,5,0,0,0,2","6,10,12,16,24,24,24,24,24,24,24,24,24,14,10,10,4,2,2,4,2","5,11,4,6,10,9,7,3,1,14,12,5,13,11,14,8,10,7,4,2,5,3,9,8,7,5,10,7,2,9,6,8,4,13,5,12,11,6,9,8,12,10,14,16,15,13,12,10,10,13,8,16,9,12,11,14,19,6,9,8,11,11,15,8,20,10,9,5,1,4,7,2,3,6,12,11,8,8,5,7,10,13,11,9,12,6,2,1,9,20,7,15,8,11,13,14,6,16,13,7,10,5,11,12,10,8,3,4,6,9,12,13,5,7,12,5,13,6,10,4,3,17,12,15,11,16,5,7,4,6,14,13,9,7,18,8,5,15,9,21,13,3,16,4,17,2,14,6,7,11,10,12,6,13",1:M9 M69 M88 | 2:M20 M29 M72 M87 M146 | 3:M8 M22 M73 M107 M121 M142 | 4:M3 M19 M33 M70 M108 M120 M129 M144 | 5:M1 M12 M21 M26 M35 M68 M79 M102 M113 M116 M127 M137 | 6:M4 M31 M38 M58 M74 M86 M97 M109 M118 M130 M148 M153 | 7:M7 M18 M25 M28 M71 M80 M91 M100 M114 M128 M134 M149 | 8:M16 M24 M32 M40 M51 M60 M64 M77 M78 M93 M106 M136 | 9:M6 M23 M30 M39 M53 M59 M67 M84 M89 M110 M133 M139 | 10:M5 M17 M27 M42 M48 M49 M66 M81 M101 M105 M119 M151 | 11:M2 M14 M37 M55 M61 M62 M76 M83 M94 M103 M125 M150 | 12:M11 M36 M41 M47 M54 M75 M85 M104 M111 M115 M123 M152 | 13:M13 M34 M46 M50 M82 M95 M99 M112 M117 M132 M141 M154 | 14:M10 M15 M43 M56 M96 M131 M147 | 15:M45 M63 M92 M124 M138 | 16:M44 M52 M98 M126 M143 | 17:M122 M145 | 18:M135 | 19:M57 | 20:M65 M90 | 21:M140,,"domain reduction: sessions, fixed meetings, forbidden slots | precedence domain propagation: fixed point over direct edges | full precedence closure: cycle detection and graph statistics only | (20),(22)-(27) exactly once over reduced domains | (19) participant atMost-one per slot | (46),(47) clustered table capacity with full channeling | (28) traditional pairwise precedence over direct E | usedSlot channeling + exact per-idle-slot break cost | (43) exactly |Mp| reduced usedSlot variables | (44) atMost 2|L| busy participants per slot | (45) exact even number of busy participants | exact unary internal-idle counts and range objective over P*",,,result,193649,1138,10,194787
table07,forum-13crafc.fixed020-Forb,forum-13crafc.fixed020-Forb,SAT,OPTIMAL,3.670674,83896,193649,1138,0,194787,,peak_process_tree_rss_mb,maxsat,staircase,direct,yes,imp12+,lexicographic_internal_idle_range_pstar_then_idle_sum,lex-idlesum,,,155,155,58,"1,2,3,4,5,6,7,8,9,10,11,12,13,14,15,16,18,19,23,24,25,26,27,28,29,30,31,32,33,34,35,36,37,38,39,40,41,42,44,45,46,47,48,49,50,52,53,54,56,57,59,60,62,63,64,65,66,70",155,10,10,12,0,0,0,0,19,19,"2,2,6,2,2,2,2,2,2,2,2,2,2,2,2,2,0,5,2,0,0,0,2,2,2,4,2,2,2,2,2,2,2,2,2,2,2,2,5,3,2,4,0,8,2,12,2,2,2,3,0,2,2,2,0,5,3,0,2,2,0,2,2,2,2,5,0,0,0,2","6,10,12,16,24,24,24,24,24,24,24,24,24,14,10,10,4,2,2,4,2","5,11,4,6,10,9,7,3,1,14,12,5,13,11,14,8,10,7,4,2,5,3,9,8,7,5,10,7,2,9,6,8,4,13,5,12,11,6,9,8,12,10,14,16,15,13,12,10,10,13,8,16,9,12,11,14,19,6,9,8,11,11,15,8,20,10,9,5,1,4,7,2,3,6,12,11,8,8,5,7,10,13,11,9,12,6,2,1,9,20,7,15,8,11,13,14,6,16,13,7,10,5,11,12,10,8,3,4,6,9,12,13,5,7,12,5,13,6,10,4,3,17,12,15,11,16,5,7,4,6,14,13,9,7,18,8,5,15,9,21,13,3,16,4,17,2,14,6,7,11,10,12,6,13",1:M9 M69 M88 | 2:M20 M29 M72 M87 M146 | 3:M8 M22 M73 M107 M121 M142 | 4:M3 M19 M33 M70 M108 M120 M129 M144 | 5:M1 M12 M21 M26 M35 M68 M79 M102 M113 M116 M127 M137 | 6:M4 M31 M38 M58 M74 M86 M97 M109 M118 M130 M148 M153 | 7:M7 M18 M25 M28 M71 M80 M91 M100 M114 M128 M134 M149 | 8:M16 M24 M32 M40 M51 M60 M64 M77 M78 M93 M106 M136 | 9:M6 M23 M30 M39 M53 M59 M67 M84 M89 M110 M133 M139 | 10:M5 M17 M27 M42 M48 M49 M66 M81 M101 M105 M119 M151 | 11:M2 M14 M37 M55 M61 M62 M76 M83 M94 M103 M125 M150 | 12:M11 M36 M41 M47 M54 M75 M85 M104 M111 M115 M123 M152 | 13:M13 M34 M46 M50 M82 M95 M99 M112 M117 M132 M141 M154 | 14:M10 M15 M43 M56 M96 M131 M147 | 15:M45 M63 M92 M124 M138 | 16:M44 M52 M98 M126 M143 | 17:M122 M145 | 18:M135 | 19:M57 | 20:M65 M90 | 21:M140,,"domain reduction: sessions, fixed meetings, forbidden slots | precedence domain propagation: fixed point over direct edges | full precedence closure: cycle detection and graph statistics only | (20),(22)-(27) exactly once over reduced domains | (19) participant atMost-one per slot | (46),(47) clustered table capacity with full channeling | (28) staircase/support precedence over reduced domains and direct E | usedSlot channeling + exact per-idle-slot break cost | (43) exactly |Mp| reduced usedSlot variables | (44) atMost 2|L| busy participants per slot | (45) exact even number of busy participants | exact unary internal-idle counts and range objective over P*",,,result,193649,1138,10,194787
table07,forum-13crafc.fixed040-Forb,forum-13crafc.fixed040-Forb,SAT,OPTIMAL,2.53315,71624,164966,1050,0,166016,,peak_process_tree_rss_mb,maxsat,traditional,direct,no,imp12+,lexicographic_internal_idle_range_pstar_then_idle_sum,lex-idlesum,,,245,245,58,"1,2,3,4,5,6,7,8,9,10,11,12,13,14,15,16,18,19,23,24,25,26,27,28,29,30,31,32,33,34,35,36,37,38,39,40,41,42,44,45,46,47,48,49,50,52,53,54,56,57,59,60,62,63,64,65,66,70",245,12,12,14,0,0,0,0,19,19,"2,3,8,4,2,3,2,2,7,2,5,2,2,10,2,3,0,5,2,0,0,0,3,2,2,5,4,2,9,2,8,2,2,2,2,9,2,7,7,10,2,4,0,7,3,12,2,2,2,14,0,2,2,2,0,5,7,0,10,2,0,2,2,8,2,5,0,0,0,2","12,14,10,20,16,22,24,24,24,24,24,22,22,12,6,6,6,4,2,8,6","5,9,2,6,11,8,7,4,1,14,14,12,21,11,13,9,10,17,4,2,3,1,8,6,7,5,10,7,2,8,4,5,6,8,5,10,11,7,9,1,12,4,15,16,14,13,12,8,3,9,5,16,13,20,4,21,19,6,10,7,11,9,12,9,20,10,11,4,5,7,9,2,3,6,11,13,12,7,2,1,13,11,9,10,12,8,4,6,10,20,8,9,7,11,13,14,6,18,12,7,10,13,6,1,10,11,8,13,3,9,12,4,7,8,12,13,1,11,10,6,2,12,10,20,13,16,7,11,15,8,9,14,17,9,14,5,13,15,8,21,3,6,7,4,17,2,12,18,6,5,10,11,4,8",1:M9 M22 M40 M80 M104 M117 | 2:M3 M20 M29 M72 M79 M121 M146 | 3:M21 M49 M73 M109 M141 | 4:M8 M19 M31 M42 M55 M68 M87 M112 M144 M153 | 5:M1 M26 M32 M35 M51 M69 M136 M150 | 6:M4 M24 M33 M58 M74 M88 M97 M103 M120 M142 M149 | 7:M7 M25 M28 M38 M60 M70 M78 M93 M100 M113 M127 M143 | 8:M6 M23 M30 M34 M48 M86 M91 M107 M114 M130 M139 M154 | 9:M2 M16 M39 M50 M62 M64 M71 M83 M92 M110 M131 M134 | 10:M17 M27 M36 M59 M66 M84 M89 M101 M105 M119 M123 M151 | 11:M5 M14 M37 M61 M67 M75 M82 M94 M106 M118 M128 M152 | 12:M12 M41 M47 M63 M77 M85 M99 M111 M115 M122 M147 | 13:M15 M46 M53 M76 M81 M95 M102 M108 M116 M125 M137 | 14:M10 M11 M45 M96 M132 M135 | 15:M43 M129 M138 | 16:M44 M52 M126 | 17:M18 M133 M145 | 18:M98 M148 | 19:M57 | 20:M54 M65 M90 M124 | 21:M13 M56 M140,,"domain reduction: sessions, fixed meetings, forbidden slots | precedence domain propagation: fixed point over direct edges | full precedence closure: cycle detection and graph statistics only | (20),(22)-(27) exactly once over reduced domains | (19) participant atMost-one per slot | (46),(47) clustered table capacity with full channeling | (28) traditional pairwise precedence over direct E | usedSlot channeling + exact per-idle-slot break cost | (43) exactly |Mp| reduced usedSlot variables | (44) atMost 2|L| busy participants per slot | (45) exact even number of busy participants | exact unary internal-idle counts and range objective over P*",,,result,164966,1050,12,166016
table07,forum-13crafc.fixed040-Forb,forum-13crafc.fixed040-Forb,SAT,OPTIMAL,2.532027,71624,164966,1050,0,166016,,peak_process_tree_rss_mb,maxsat,staircase,direct,yes,imp12+,lexicographic_internal_idle_range_pstar_then_idle_sum,lex-idlesum,,,245,245,58,"1,2,3,4,5,6,7,8,9,10,11,12,13,14,15,16,18,19,23,24,25,26,27,28,29,30,31,32,33,34,35,36,37,38,39,40,41,42,44,45,46,47,48,49,50,52,53,54,56,57,59,60,62,63,64,65,66,70",245,12,12,14,0,0,0,0,19,19,"2,3,8,4,2,3,2,2,7,2,5,2,2,10,2,3,0,5,2,0,0,0,3,2,2,5,4,2,9,2,8,2,2,2,2,9,2,7,7,10,2,4,0,7,3,12,2,2,2,14,0,2,2,2,0,5,7,0,10,2,0,2,2,8,2,5,0,0,0,2","12,14,10,20,16,22,24,24,24,24,24,22,22,12,6,6,6,4,2,8,6","5,9,2,6,11,8,7,4,1,14,14,12,21,11,13,9,10,17,4,2,3,1,8,6,7,5,10,7,2,8,4,5,6,8,5,10,11,7,9,1,12,4,15,16,14,13,12,8,3,9,5,16,13,20,4,21,19,6,10,7,11,9,12,9,20,10,11,4,5,7,9,2,3,6,11,13,12,7,2,1,13,11,9,10,12,8,4,6,10,20,8,9,7,11,13,14,6,18,12,7,10,13,6,1,10,11,8,13,3,9,12,4,7,8,12,13,1,11,10,6,2,12,10,20,13,16,7,11,15,8,9,14,17,9,14,5,13,15,8,21,3,6,7,4,17,2,12,18,6,5,10,11,4,8",1:M9 M22 M40 M80 M104 M117 | 2:M3 M20 M29 M72 M79 M121 M146 | 3:M21 M49 M73 M109 M141 | 4:M8 M19 M31 M42 M55 M68 M87 M112 M144 M153 | 5:M1 M26 M32 M35 M51 M69 M136 M150 | 6:M4 M24 M33 M58 M74 M88 M97 M103 M120 M142 M149 | 7:M7 M25 M28 M38 M60 M70 M78 M93 M100 M113 M127 M143 | 8:M6 M23 M30 M34 M48 M86 M91 M107 M114 M130 M139 M154 | 9:M2 M16 M39 M50 M62 M64 M71 M83 M92 M110 M131 M134 | 10:M17 M27 M36 M59 M66 M84 M89 M101 M105 M119 M123 M151 | 11:M5 M14 M37 M61 M67 M75 M82 M94 M106 M118 M128 M152 | 12:M12 M41 M47 M63 M77 M85 M99 M111 M115 M122 M147 | 13:M15 M46 M53 M76 M81 M95 M102 M108 M116 M125 M137 | 14:M10 M11 M45 M96 M132 M135 | 15:M43 M129 M138 | 16:M44 M52 M126 | 17:M18 M133 M145 | 18:M98 M148 | 19:M57 | 20:M54 M65 M90 M124 | 21:M13 M56 M140,,"domain reduction: sessions, fixed meetings, forbidden slots | precedence domain propagation: fixed point over direct edges | full precedence closure: cycle detection and graph statistics only | (20),(22)-(27) exactly once over reduced domains | (19) participant atMost-one per slot | (46),(47) clustered table capacity with full channeling | (28) staircase/support precedence over reduced domains and direct E | usedSlot channeling + exact per-idle-slot break cost | (43) exactly |Mp| reduced usedSlot variables | (44) atMost 2|L| busy participants per slot | (45) exact even number of busy participants | exact unary internal-idle counts and range objective over P*",,,result,164966,1050,12,166016
table07,forum-14.fixed020-Forb,forum-14.fixed020-Forb,SAT,OPTIMAL,8.793617,136725,330847,1436,0,332283,,peak_process_tree_rss_mb,maxsat,traditional,direct,no,imp12+,lexicographic_internal_idle_range_pstar_then_idle_sum,lex-idlesum,,,82,82,72,"1,2,3,4,5,6,8,9,11,12,14,17,19,20,21,22,23,24,25,26,27,28,29,30,31,32,33,34,35,36,37,38,39,40,41,42,43,44,45,46,47,48,49,50,51,52,53,54,55,56,57,58,59,60,61,62,63,64,65,66,67,68,69,70,71,72,73,74,75,76,77,78",82,10,10,10,0,0,0,0,20,20,"3,0,1,0,0,10,0,0,0,0,0,0,0,0,0,0,5,0,2,0,0,0,3,0,0,0,0,0,1,3,0,0,0,6,9,0,0,5,0,0,5,0,4,0,0,0,0,0,1,2,0,0,0,0,0,0,0,0,2,0,0,3,1,5,0,0,0,0,0,10,0,0,0,1,0,0,0,0","14,16,24,24,30,34,40,44,40,42,44,44,40,34,32,26,20,18,12,12,8,6","22,8,16,13,12,10,14,14,15,13,13,8,9,12,5,4,10,11,7,6,12,11,17,13,10,8,9,15,10,17,21,12,16,7,11,8,9,5,13,17,6,18,19,14,7,15,5,11,4,9,8,9,8,3,10,11,12,9,12,13,14,16,18,17,19,14,20,15,22,16,7,12,4,13,18,14,9,7,15,10,5,13,17,16,20,18,8,17,4,7,8,15,14,19,11,12,6,13,11,10,7,9,11,16,13,10,8,15,10,6,4,8,2,5,2,3,5,2,12,9,11,7,1,10,11,3,6,9,12,7,8,5,15,14,7,16,3,13,10,8,6,15,13,6,4,11,2,5,3,1,13,16,12,15,9,14,6,6,3,5,4,17,15,8,13,16,6,14,20,18,3,9,12,11,11,2,10,1,14,6,13,8,7,5,12,12,17,18,14,10,16,9,15,11,11,7,10,8,10,9,6,3,4,5,7,8,18,16,19,20,21,14,11,17,12,15,13,22,16,6,1,17,12,11,20,18,8,19,4,21,10,13,2,9,14,7,3,15,5,7,12,1,13,11,14,15,13,9,12,8,7,10,9,11,13,10,14,12,12,7,10,6,3,1,8,9,4,11,5,2,8,6,3,4,7,10,5,11,12,6,7,9,8,18,19,21,20,14,15,16,11,8,2,12,1,9,7,3,6,5,4,10",1:M123 M150 M178 M221 M242 M264 M295 | 2:M113 M115 M118 M147 M176 M233 M270 M293 | 3:M54 M116 M126 M137 M149 M159 M171 M202 M237 M263 M273 M298 | 4:M16 M49 M73 M89 M111 M145 M161 M203 M229 M267 M274 M301 | 5:M15 M38 M47 M81 M114 M117 M132 M148 M160 M184 M204 M239 M269 M277 M300 | 6:M20 M41 M97 M110 M127 M141 M144 M157 M158 M167 M180 M201 M220 M262 M272 M280 M299 | 7:M19 M34 M45 M71 M78 M90 M101 M122 M130 M135 M183 M196 M205 M236 M240 M251 M260 M275 M281 M297 | 8:M2 M12 M26 M36 M51 M53 M87 M91 M107 M112 M131 M140 M164 M182 M198 M206 M227 M250 M265 M271 M283 M292 | 9:M13 M27 M37 M50 M52 M58 M77 M102 M120 M128 M155 M172 M192 M200 M234 M248 M253 M266 M282 M296 | 10:M6 M17 M25 M29 M55 M80 M100 M106 M109 M124 M139 M177 M190 M197 M199 M231 M252 M256 M261 M276 M302 | 11:M18 M22 M35 M48 M56 M95 M99 M103 M121 M125 M146 M174 M175 M194 M195 M213 M224 M244 M254 M268 M278 M291 | 12:M5 M14 M21 M32 M57 M59 M72 M96 M119 M129 M153 M173 M185 M186 M215 M223 M241 M249 M258 M259 M279 M294 | 13:M4 M10 M11 M24 M39 M60 M74 M82 M98 M105 M138 M143 M151 M165 M181 M217 M232 M243 M247 M255 | 14:M7 M8 M44 M61 M66 M76 M93 M134 M156 M168 M179 M189 M212 M235 M245 M257 M288 | 15:M9 M28 M46 M68 M79 M92 M108 M133 M142 M154 M163 M193 M216 M238 M246 M289 | 16:M3 M33 M62 M70 M84 M104 M136 M152 M166 M191 M208 M219 M290 | 17:M23 M30 M40 M64 M83 M88 M162 M187 M214 M222 | 18:M42 M63 M75 M86 M170 M188 M207 M226 M284 | 19:M43 M65 M94 M209 M228 M285 | 20:M67 M85 M169 M210 M225 M287 | 21:M31 M211 M230 M286 | 22:M1 M69 M218,,"domain reduction: sessions, fixed meetings, forbidden slots | precedence domain propagation: fixed point over direct edges | full precedence closure: cycle detection and graph statistics only | (20),(22)-(27) exactly once over reduced domains | (19) participant atMost-one per slot | (46),(47) clustered table capacity with full channeling | (28) traditional pairwise precedence over direct E | usedSlot channeling + exact per-idle-slot break cost | (43) exactly |Mp| reduced usedSlot variables | (44) atMost 2|L| busy participants per slot | (45) exact even number of busy participants | exact unary internal-idle counts and range objective over P*",,,result,330847,1436,10,332283
table07,forum-14.fixed020-Forb,forum-14.fixed020-Forb,SAT,OPTIMAL,8.717223,136725,330847,1436,0,332283,,peak_process_tree_rss_mb,maxsat,staircase,direct,yes,imp12+,lexicographic_internal_idle_range_pstar_then_idle_sum,lex-idlesum,,,82,82,72,"1,2,3,4,5,6,8,9,11,12,14,17,19,20,21,22,23,24,25,26,27,28,29,30,31,32,33,34,35,36,37,38,39,40,41,42,43,44,45,46,47,48,49,50,51,52,53,54,55,56,57,58,59,60,61,62,63,64,65,66,67,68,69,70,71,72,73,74,75,76,77,78",82,10,10,10,0,0,0,0,20,20,"3,0,1,0,0,10,0,0,0,0,0,0,0,0,0,0,5,0,2,0,0,0,3,0,0,0,0,0,1,3,0,0,0,6,9,0,0,5,0,0,5,0,4,0,0,0,0,0,1,2,0,0,0,0,0,0,0,0,2,0,0,3,1,5,0,0,0,0,0,10,0,0,0,1,0,0,0,0","14,16,24,24,30,34,40,44,40,42,44,44,40,34,32,26,20,18,12,12,8,6","22,8,16,13,12,10,14,14,15,13,13,8,9,12,5,4,10,11,7,6,12,11,17,13,10,8,9,15,10,17,21,12,16,7,11,8,9,5,13,17,6,18,19,14,7,15,5,11,4,9,8,9,8,3,10,11,12,9,12,13,14,16,18,17,19,14,20,15,22,16,7,12,4,13,18,14,9,7,15,10,5,13,17,16,20,18,8,17,4,7,8,15,14,19,11,12,6,13,11,10,7,9,11,16,13,10,8,15,10,6,4,8,2,5,2,3,5,2,12,9,11,7,1,10,11,3,6,9,12,7,8,5,15,14,7,16,3,13,10,8,6,15,13,6,4,11,2,5,3,1,13,16,12,15,9,14,6,6,3,5,4,17,15,8,13,16,6,14,20,18,3,9,12,11,11,2,10,1,14,6,13,8,7,5,12,12,17,18,14,10,16,9,15,11,11,7,10,8,10,9,6,3,4,5,7,8,18,16,19,20,21,14,11,17,12,15,13,22,16,6,1,17,12,11,20,18,8,19,4,21,10,13,2,9,14,7,3,15,5,7,12,1,13,11,14,15,13,9,12,8,7,10,9,11,13,10,14,12,12,7,10,6,3,1,8,9,4,11,5,2,8,6,3,4,7,10,5,11,12,6,7,9,8,18,19,21,20,14,15,16,11,8,2,12,1,9,7,3,6,5,4,10",1:M123 M150 M178 M221 M242 M264 M295 | 2:M113 M115 M118 M147 M176 M233 M270 M293 | 3:M54 M116 M126 M137 M149 M159 M171 M202 M237 M263 M273 M298 | 4:M16 M49 M73 M89 M111 M145 M161 M203 M229 M267 M274 M301 | 5:M15 M38 M47 M81 M114 M117 M132 M148 M160 M184 M204 M239 M269 M277 M300 | 6:M20 M41 M97 M110 M127 M141 M144 M157 M158 M167 M180 M201 M220 M262 M272 M280 M299 | 7:M19 M34 M45 M71 M78 M90 M101 M122 M130 M135 M183 M196 M205 M236 M240 M251 M260 M275 M281 M297 | 8:M2 M12 M26 M36 M51 M53 M87 M91 M107 M112 M131 M140 M164 M182 M198 M206 M227 M250 M265 M271 M283 M292 | 9:M13 M27 M37 M50 M52 M58 M77 M102 M120 M128 M155 M172 M192 M200 M234 M248 M253 M266 M282 M296 | 10:M6 M17 M25 M29 M55 M80 M100 M106 M109 M124 M139 M177 M190 M197 M199 M231 M252 M256 M261 M276 M302 | 11:M18 M22 M35 M48 M56 M95 M99 M103 M121 M125 M146 M174 M175 M194 M195 M213 M224 M244 M254 M268 M278 M291 | 12:M5 M14 M21 M32 M57 M59 M72 M96 M119 M129 M153 M173 M185 M186 M215 M223 M241 M249 M258 M259 M279 M294 | 13:M4 M10 M11 M24 M39 M60 M74 M82 M98 M105 M138 M143 M151 M165 M181 M217 M232 M243 M247 M255 | 14:M7 M8 M44 M61 M66 M76 M93 M134 M156 M168 M179 M189 M212 M235 M245 M257 M288 | 15:M9 M28 M46 M68 M79 M92 M108 M133 M142 M154 M163 M193 M216 M238 M246 M289 | 16:M3 M33 M62 M70 M84 M104 M136 M152 M166 M191 M208 M219 M290 | 17:M23 M30 M40 M64 M83 M88 M162 M187 M214 M222 | 18:M42 M63 M75 M86 M170 M188 M207 M226 M284 | 19:M43 M65 M94 M209 M228 M285 | 20:M67 M85 M169 M210 M225 M287 | 21:M31 M211 M230 M286 | 22:M1 M69 M218,,"domain reduction: sessions, fixed meetings, forbidden slots | precedence domain propagation: fixed point over direct edges | full precedence closure: cycle detection and graph statistics only | (20),(22)-(27) exactly once over reduced domains | (19) participant atMost-one per slot | (46),(47) clustered table capacity with full channeling | (28) staircase/support precedence over reduced domains and direct E | usedSlot channeling + exact per-idle-slot break cost | (43) exactly |Mp| reduced usedSlot variables | (44) atMost 2|L| busy participants per slot | (45) exact even number of busy participants | exact unary internal-idle counts and range objective over P*",,,result,330847,1436,10,332283
table07,forum-14.fixed040-Forb,forum-14.fixed040-Forb,TIMEOUT,TIMEOUT,3600.016101,127277,295357,20,0,295377,,peak_process_tree_rss_mb,maxsat,traditional,direct,no,imp12+,lexicographic_internal_idle_range_pstar_then_idle_sum,lex-idlesum,,,,,72,"1,2,3,4,5,6,8,9,11,12,14,17,19,20,21,22,23,24,25,26,27,28,29,30,31,32,33,34,35,36,37,38,39,40,41,42,43,44,45,46,47,48,49,50,51,52,53,54,55,56,57,58,59,60,61,62,63,64,65,66,67,68,69,70,71,72,73,74,75,76,77,78",,,,,0,0,0,0,20,1382,,,,,,,,,,,,,295377
table07,forum-14.fixed040-Forb,forum-14.fixed040-Forb,TIMEOUT,TIMEOUT,3600.01589,127277,295357,20,0,295377,,peak_process_tree_rss_mb,maxsat,staircase,direct,yes,imp12+,lexicographic_internal_idle_range_pstar_then_idle_sum,lex-idlesum,,,,,72,"1,2,3,4,5,6,8,9,11,12,14,17,19,20,21,22,23,24,25,26,27,28,29,30,31,32,33,34,35,36,37,38,39,40,41,42,43,44,45,46,47,48,49,50,51,52,53,54,55,56,57,58,59,60,61,62,63,64,65,66,67,68,69,70,71,72,73,74,75,76,77,78",,,,,0,0,0,0,20,1382,,,,,,,,,,,,,295377
table07,forumt-14.fixed020-Forb,forumt-14.fixed020-Forb,SAT,OPTIMAL,0.167676,25741,67982,477,0,68459,,peak_process_tree_rss_mb,maxsat,traditional,direct,no,imp12+,lexicographic_internal_idle_range_pstar_then_idle_sum,lex-idlesum,,,12,12,59,"1,2,3,4,5,6,7,8,9,10,11,12,13,14,15,16,17,18,20,21,22,23,24,25,26,27,28,29,30,31,32,33,34,35,36,37,38,39,40,41,42,43,44,45,46,47,48,49,50,51,52,53,54,55,56,57,58,59,60",12,2,2,2,0,0,0,0,7,7,"0,0,0,0,2,0,0,0,0,0,0,0,0,0,0,0,2,2,0,0,0,0,0,0,0,0,0,0,0,0,0,0,0,0,0,0,0,0,0,0,0,0,0,0,1,0,0,0,0,0,0,0,0,0,2,0,2,1,0,0","46,48,50,54,52,50,50,46,42,36","8,7,6,3,5,2,1,10,5,4,2,5,7,6,8,10,4,9,1,4,9,1,7,10,9,3,8,2,7,1,8,6,1,9,3,1,2,4,5,9,10,3,4,6,9,5,7,3,4,9,2,8,1,9,6,8,1,2,4,10,5,9,4,3,6,5,8,2,1,10,2,8,5,1,9,10,3,4,5,6,2,9,1,7,10,8,5,6,4,1,2,3,6,7,3,4,5,2,7,6,4,10,8,9,5,3,1,2,4,7,2,8,6,2,10,7,9,1,3,4,5,3,8,4,4,6,5,2,7,8,3,6,9,6,4,3,8,7,1,10,2,7,9,8,10,4,7,6,8,5,6,9,4,3,7,5,1,8,2,10,6,2,1,3,8,9,10,4,7,6,8,3,5,4,1,5,3,6,8,1,3,7,1,4,3,2,7,8,5,4,6,9,7,6,1,3,9,2,7,5,6,1,2,5,4,8,10,3,9,7,5,7,6,4,10,5,3,7,10,8,9,2,7,5,4,1,6,10,5,6,3,7,2,4,2,3,5",1:M7 M19 M22 M30 M33 M36 M53 M57 M69 M74 M83 M90 M107 M118 M139 M157 M163 M175 M180 M183 M195 M202 M226 | 2:M6 M11 M28 M37 M51 M58 M68 M71 M81 M91 M98 M108 M111 M114 M128 M141 M159 M162 M186 M198 M203 M222 M233 M235 | 3:M4 M26 M35 M42 M48 M64 M77 M92 M95 M106 M119 M122 M131 M136 M154 M164 M172 M177 M181 M185 M196 M208 M217 M231 M236 | 4:M10 M17 M20 M38 M43 M49 M59 M63 M78 M89 M96 M101 M109 M120 M124 M125 M135 M146 M153 M168 M174 M184 M190 M205 M214 M225 M234 | 5:M5 M9 M12 M39 M46 M61 M66 M73 M79 M87 M97 M105 M121 M127 M150 M156 M173 M176 M189 M200 M204 M211 M216 M224 M229 M237 | 6:M3 M14 M32 M44 M55 M65 M80 M88 M93 M100 M113 M126 M132 M134 M148 M151 M161 M170 M178 M191 M194 M201 M213 M227 M230 | 7:M2 M13 M23 M29 M47 M84 M94 M99 M110 M116 M129 M138 M142 M147 M155 M169 M182 M187 M193 M199 M210 M212 M218 M223 M232 | 8:M1 M15 M27 M31 M52 M56 M67 M72 M86 M103 M112 M123 M130 M137 M144 M149 M158 M165 M171 M179 M188 M206 M220 | 9:M18 M21 M25 M34 M40 M45 M50 M54 M62 M75 M82 M104 M117 M133 M143 M152 M166 M192 M197 M209 M221 | 10:M8 M16 M24 M41 M60 M70 M76 M85 M102 M115 M140 M145 M160 M167 M207 M215 M219 M228,,"domain reduction: sessions, fixed meetings, forbidden slots | precedence domain propagation: fixed point over direct edges | full precedence closure: cycle detection and graph statistics only | (20),(22)-(27) exactly once over reduced domains | (19) participant atMost-one per slot | (46),(47) clustered table capacity with full channeling | (28) traditional pairwise precedence over direct E | usedSlot channeling + exact per-idle-slot break cost | (43) exactly |Mp| reduced usedSlot variables | (44) atMost 2|L| busy participants per slot | (45) exact even number of busy participants | exact unary internal-idle counts and range objective over P*",,,result,67982,477,2,68459
table07,forumt-14.fixed020-Forb,forumt-14.fixed020-Forb,SAT,OPTIMAL,0.167757,25741,67982,477,0,68459,,peak_process_tree_rss_mb,maxsat,staircase,direct,yes,imp12+,lexicographic_internal_idle_range_pstar_then_idle_sum,lex-idlesum,,,12,12,59,"1,2,3,4,5,6,7,8,9,10,11,12,13,14,15,16,17,18,20,21,22,23,24,25,26,27,28,29,30,31,32,33,34,35,36,37,38,39,40,41,42,43,44,45,46,47,48,49,50,51,52,53,54,55,56,57,58,59,60",12,2,2,2,0,0,0,0,7,7,"0,0,0,0,2,0,0,0,0,0,0,0,0,0,0,0,2,2,0,0,0,0,0,0,0,0,0,0,0,0,0,0,0,0,0,0,0,0,0,0,0,0,0,0,1,0,0,0,0,0,0,0,0,0,2,0,2,1,0,0","46,48,50,54,52,50,50,46,42,36","8,7,6,3,5,2,1,10,5,4,2,5,7,6,8,10,4,9,1,4,9,1,7,10,9,3,8,2,7,1,8,6,1,9,3,1,2,4,5,9,10,3,4,6,9,5,7,3,4,9,2,8,1,9,6,8,1,2,4,10,5,9,4,3,6,5,8,2,1,10,2,8,5,1,9,10,3,4,5,6,2,9,1,7,10,8,5,6,4,1,2,3,6,7,3,4,5,2,7,6,4,10,8,9,5,3,1,2,4,7,2,8,6,2,10,7,9,1,3,4,5,3,8,4,4,6,5,2,7,8,3,6,9,6,4,3,8,7,1,10,2,7,9,8,10,4,7,6,8,5,6,9,4,3,7,5,1,8,2,10,6,2,1,3,8,9,10,4,7,6,8,3,5,4,1,5,3,6,8,1,3,7,1,4,3,2,7,8,5,4,6,9,7,6,1,3,9,2,7,5,6,1,2,5,4,8,10,3,9,7,5,7,6,4,10,5,3,7,10,8,9,2,7,5,4,1,6,10,5,6,3,7,2,4,2,3,5",1:M7 M19 M22 M30 M33 M36 M53 M57 M69 M74 M83 M90 M107 M118 M139 M157 M163 M175 M180 M183 M195 M202 M226 | 2:M6 M11 M28 M37 M51 M58 M68 M71 M81 M91 M98 M108 M111 M114 M128 M141 M159 M162 M186 M198 M203 M222 M233 M235 | 3:M4 M26 M35 M42 M48 M64 M77 M92 M95 M106 M119 M122 M131 M136 M154 M164 M172 M177 M181 M185 M196 M208 M217 M231 M236 | 4:M10 M17 M20 M38 M43 M49 M59 M63 M78 M89 M96 M101 M109 M120 M124 M125 M135 M146 M153 M168 M174 M184 M190 M205 M214 M225 M234 | 5:M5 M9 M12 M39 M46 M61 M66 M73 M79 M87 M97 M105 M121 M127 M150 M156 M173 M176 M189 M200 M204 M211 M216 M224 M229 M237 | 6:M3 M14 M32 M44 M55 M65 M80 M88 M93 M100 M113 M126 M132 M134 M148 M151 M161 M170 M178 M191 M194 M201 M213 M227 M230 | 7:M2 M13 M23 M29 M47 M84 M94 M99 M110 M116 M129 M138 M142 M147 M155 M169 M182 M187 M193 M199 M210 M212 M218 M223 M232 | 8:M1 M15 M27 M31 M52 M56 M67 M72 M86 M103 M112 M123 M130 M137 M144 M149 M158 M165 M171 M179 M188 M206 M220 | 9:M18 M21 M25 M34 M40 M45 M50 M54 M62 M75 M82 M104 M117 M133 M143 M152 M166 M192 M197 M209 M221 | 10:M8 M16 M24 M41 M60 M70 M76 M85 M102 M115 M140 M145 M160 M167 M207 M215 M219 M228,,"domain reduction: sessions, fixed meetings, forbidden slots | precedence domain propagation: fixed point over direct edges | full precedence closure: cycle detection and graph statistics only | (20),(22)-(27) exactly once over reduced domains | (19) participant atMost-one per slot | (46),(47) clustered table capacity with full channeling | (28) staircase/support precedence over reduced domains and direct E | usedSlot channeling + exact per-idle-slot break cost | (43) exactly |Mp| reduced usedSlot variables | (44) atMost 2|L| busy participants per slot | (45) exact even number of busy participants | exact unary internal-idle counts and range objective over P*",,,result,67982,477,2,68459
table07,forumt-14crafc.fixed020-Forb,forumt-14crafc.fixed020-Forb,SAT,OPTIMAL,0.170532,26003,68546,477,0,69023,,peak_process_tree_rss_mb,maxsat,traditional,direct,no,imp12+,lexicographic_internal_idle_range_pstar_then_idle_sum,lex-idlesum,,,12,12,59,"1,2,3,4,5,6,7,8,9,10,11,12,13,14,15,16,17,18,20,21,22,23,24,25,26,27,28,29,30,31,32,33,34,35,36,37,38,39,40,41,42,43,44,45,46,47,48,49,50,51,52,53,54,55,56,57,58,59,60",12,2,2,2,0,0,0,0,7,7,"0,0,0,0,2,0,0,0,0,0,0,0,0,0,0,0,2,2,0,0,0,0,0,0,0,0,0,0,0,0,0,0,0,0,0,0,0,0,0,0,0,0,0,0,1,0,0,0,0,0,0,0,0,0,2,0,2,1,0,0","42,44,48,50,50,48,50,50,50,42","9,2,10,5,6,7,1,8,5,4,2,5,8,6,4,10,7,9,1,3,9,4,7,10,9,3,8,1,9,1,8,3,6,2,7,1,2,3,5,9,10,3,2,6,9,5,4,3,10,9,4,8,7,6,1,8,7,2,4,10,5,6,3,9,5,10,7,2,1,8,1,7,5,9,4,8,3,7,9,6,2,10,4,1,5,8,5,2,3,1,6,4,5,4,3,8,6,7,1,8,10,7,4,9,5,9,10,8,4,6,8,2,9,2,4,7,9,1,3,6,10,7,8,5,4,6,10,9,7,8,5,8,2,8,4,3,7,1,5,10,6,7,3,8,2,1,3,6,8,2,4,9,5,1,6,2,3,8,7,10,6,7,10,3,2,8,1,4,9,3,1,9,5,10,8,5,3,6,4,1,3,7,9,4,5,2,6,8,5,7,10,9,9,6,8,3,9,2,7,5,6,5,2,4,6,1,10,3,7,9,5,7,6,4,10,10,4,7,1,8,3,2,9,6,4,1,7,10,3,6,5,2,4,3,2,5,4",1:M7 M19 M28 M30 M36 M55 M69 M71 M84 M90 M99 M118 M138 M146 M154 M167 M171 M180 M206 M219 M226 | 2:M2 M11 M34 M37 M43 M58 M68 M81 M88 M112 M114 M133 M145 M150 M156 M165 M186 M198 M203 M222 M232 M235 | 3:M20 M26 M32 M38 M42 M48 M63 M77 M89 M95 M119 M136 M143 M147 M157 M164 M170 M177 M181 M196 M208 M221 M229 M234 | 4:M10 M15 M22 M47 M51 M59 M75 M83 M92 M94 M103 M109 M115 M125 M135 M151 M168 M179 M184 M204 M214 M217 M225 M233 M237 | 5:M4 M9 M12 M39 M46 M61 M65 M73 M85 M87 M93 M105 M124 M131 M139 M153 M173 M176 M185 M189 M200 M202 M211 M231 M236 | 6:M5 M14 M33 M44 M54 M62 M80 M91 M97 M110 M120 M126 M141 M148 M155 M161 M178 M187 M194 M201 M205 M213 M224 M230 | 7:M6 M17 M23 M35 M53 M57 M67 M72 M78 M98 M102 M116 M122 M129 M137 M142 M159 M162 M182 M190 M199 M209 M212 M218 M227 | 8:M8 M13 M27 M31 M52 M56 M70 M76 M86 M96 M100 M108 M111 M123 M130 M132 M134 M144 M149 M158 M166 M175 M188 M195 M220 | 9:M1 M18 M21 M25 M29 M40 M45 M50 M64 M74 M79 M104 M106 M113 M117 M128 M152 M169 M172 M183 M192 M193 M197 M210 M223 | 10:M3 M16 M24 M41 M49 M60 M66 M82 M101 M107 M121 M127 M140 M160 M163 M174 M191 M207 M215 M216 M228,,"domain reduction: sessions, fixed meetings, forbidden slots | precedence domain propagation: fixed point over direct edges | full precedence closure: cycle detection and graph statistics only | (20),(22)-(27) exactly once over reduced domains | (19) participant atMost-one per slot | (46),(47) clustered table capacity with full channeling | (28) traditional pairwise precedence over direct E | usedSlot channeling + exact per-idle-slot break cost | (43) exactly |Mp| reduced usedSlot variables | (44) atMost 2|L| busy participants per slot | (45) exact even number of busy participants | exact unary internal-idle counts and range objective over P*",,,result,68546,477,2,69023
table07,forumt-14crafc.fixed020-Forb,forumt-14crafc.fixed020-Forb,SAT,OPTIMAL,0.17051,26003,68546,477,0,69023,,peak_process_tree_rss_mb,maxsat,staircase,direct,yes,imp12+,lexicographic_internal_idle_range_pstar_then_idle_sum,lex-idlesum,,,12,12,59,"1,2,3,4,5,6,7,8,9,10,11,12,13,14,15,16,17,18,20,21,22,23,24,25,26,27,28,29,30,31,32,33,34,35,36,37,38,39,40,41,42,43,44,45,46,47,48,49,50,51,52,53,54,55,56,57,58,59,60",12,2,2,2,0,0,0,0,7,7,"0,0,0,0,2,0,0,0,0,0,0,0,0,0,0,0,2,2,0,0,0,0,0,0,0,0,0,0,0,0,0,0,0,0,0,0,0,0,0,0,0,0,0,0,1,0,0,0,0,0,0,0,0,0,2,0,2,1,0,0","42,44,48,50,50,48,50,50,50,42","9,2,10,5,6,7,1,8,5,4,2,5,8,6,4,10,7,9,1,3,9,4,7,10,9,3,8,1,9,1,8,3,6,2,7,1,2,3,5,9,10,3,2,6,9,5,4,3,10,9,4,8,7,6,1,8,7,2,4,10,5,6,3,9,5,10,7,2,1,8,1,7,5,9,4,8,3,7,9,6,2,10,4,1,5,8,5,2,3,1,6,4,5,4,3,8,6,7,1,8,10,7,4,9,5,9,10,8,4,6,8,2,9,2,4,7,9,1,3,6,10,7,8,5,4,6,10,9,7,8,5,8,2,8,4,3,7,1,5,10,6,7,3,8,2,1,3,6,8,2,4,9,5,1,6,2,3,8,7,10,6,7,10,3,2,8,1,4,9,3,1,9,5,10,8,5,3,6,4,1,3,7,9,4,5,2,6,8,5,7,10,9,9,6,8,3,9,2,7,5,6,5,2,4,6,1,10,3,7,9,5,7,6,4,10,10,4,7,1,8,3,2,9,6,4,1,7,10,3,6,5,2,4,3,2,5,4",1:M7 M19 M28 M30 M36 M55 M69 M71 M84 M90 M99 M118 M138 M146 M154 M167 M171 M180 M206 M219 M226 | 2:M2 M11 M34 M37 M43 M58 M68 M81 M88 M112 M114 M133 M145 M150 M156 M165 M186 M198 M203 M222 M232 M235 | 3:M20 M26 M32 M38 M42 M48 M63 M77 M89 M95 M119 M136 M143 M147 M157 M164 M170 M177 M181 M196 M208 M221 M229 M234 | 4:M10 M15 M22 M47 M51 M59 M75 M83 M92 M94 M103 M109 M115 M125 M135 M151 M168 M179 M184 M204 M214 M217 M225 M233 M237 | 5:M4 M9 M12 M39 M46 M61 M65 M73 M85 M87 M93 M105 M124 M131 M139 M153 M173 M176 M185 M189 M200 M202 M211 M231 M236 | 6:M5 M14 M33 M44 M54 M62 M80 M91 M97 M110 M120 M126 M141 M148 M155 M161 M178 M187 M194 M201 M205 M213 M224 M230 | 7:M6 M17 M23 M35 M53 M57 M67 M72 M78 M98 M102 M116 M122 M129 M137 M142 M159 M162 M182 M190 M199 M209 M212 M218 M227 | 8:M8 M13 M27 M31 M52 M56 M70 M76 M86 M96 M100 M108 M111 M123 M130 M132 M134 M144 M149 M158 M166 M175 M188 M195 M220 | 9:M1 M18 M21 M25 M29 M40 M45 M50 M64 M74 M79 M104 M106 M113 M117 M128 M152 M169 M172 M183 M192 M193 M197 M210 M223 | 10:M3 M16 M24 M41 M49 M60 M66 M82 M101 M107 M121 M127 M140 M160 M163 M174 M191 M207 M215 M216 M228,,"domain reduction: sessions, fixed meetings, forbidden slots | precedence domain propagation: fixed point over direct edges | full precedence closure: cycle detection and graph statistics only | (20),(22)-(27) exactly once over reduced domains | (19) participant atMost-one per slot | (46),(47) clustered table capacity with full channeling | (28) staircase/support precedence over reduced domains and direct E | usedSlot channeling + exact per-idle-slot break cost | (43) exactly |Mp| reduced usedSlot variables | (44) atMost 2|L| busy participants per slot | (45) exact even number of busy participants | exact unary internal-idle counts and range objective over P*",,,result,68546,477,2,69023
table07,forumt-14crafd.fixed020-Forb,forumt-14crafd.fixed020-Forb,SAT,OPTIMAL,0.168214,25679,68141,486,0,68627,,peak_process_tree_rss_mb,maxsat,traditional,direct,no,imp12+,lexicographic_internal_idle_range_pstar_then_idle_sum,lex-idlesum,,,17,17,59,"1,2,3,4,5,6,7,8,9,10,11,12,13,14,15,16,17,18,20,21,22,23,24,25,26,27,28,29,30,31,32,33,34,35,36,37,38,39,40,41,42,43,44,45,46,47,48,49,50,51,52,53,54,55,56,57,58,59,60",17,4,4,4,0,0,0,0,8,8,"0,0,0,0,4,0,0,0,0,0,0,0,0,0,0,0,2,2,0,0,0,0,0,0,0,0,0,0,0,0,0,0,0,1,0,0,0,0,0,0,0,0,0,0,0,0,0,0,0,3,0,0,1,0,0,0,2,0,0,2","40,46,48,50,48,50,50,50,48,42","6,1,7,10,8,4,2,3,2,4,8,6,7,9,4,3,1,10,2,6,5,8,10,5,3,9,7,7,1,5,6,8,4,9,1,1,2,9,7,1,2,9,7,3,6,4,1,2,6,9,5,4,1,10,8,8,7,2,3,6,5,10,4,2,1,10,9,6,8,5,3,7,4,1,8,9,10,3,9,8,1,7,5,2,10,6,4,5,9,7,10,8,3,4,6,3,5,6,7,2,5,4,10,9,6,3,8,6,7,9,10,3,4,10,8,2,5,7,1,3,1,5,5,8,9,4,6,7,3,2,4,8,10,2,8,7,6,5,9,1,10,3,9,5,8,4,7,2,1,3,2,3,10,4,7,6,9,5,1,8,6,10,2,9,3,5,7,3,4,6,8,5,2,2,4,8,7,1,5,10,5,4,5,6,2,4,7,6,2,10,3,9,9,6,7,5,8,9,3,10,4,2,4,8,6,7,1,3,10,9,9,7,8,6,5,10,3,7,2,1,5,4,8,6,9,4,6,2,3,8,7,1,3,4,9,8",1:M2 M17 M29 M35 M36 M40 M47 M53 M65 M74 M81 M119 M121 M140 M149 M159 M178 M207 M220 M232 | 2:M7 M9 M19 M37 M41 M48 M58 M64 M84 M100 M116 M130 M134 M148 M151 M163 M173 M174 M185 M189 M202 M219 M228 | 3:M8 M16 M25 M44 M59 M71 M78 M93 M96 M106 M112 M120 M129 M142 M150 M152 M165 M168 M191 M199 M208 M217 M229 M233 | 4:M6 M10 M15 M33 M46 M52 M63 M73 M87 M94 M102 M113 M126 M131 M146 M154 M169 M175 M182 M186 M201 M203 M222 M226 M234 | 5:M21 M24 M30 M51 M61 M70 M83 M88 M97 M101 M117 M122 M123 M138 M144 M158 M166 M172 M179 M181 M183 M196 M215 M221 | 6:M1 M12 M20 M31 M45 M49 M60 M68 M86 M95 M98 M105 M108 M127 M137 M156 M161 M170 M184 M188 M194 M205 M214 M224 M227 | 7:M3 M13 M27 M28 M39 M43 M57 M72 M82 M90 M99 M109 M118 M128 M136 M147 M155 M167 M177 M187 M195 M206 M212 M218 M231 | 8:M5 M11 M22 M32 M55 M56 M69 M75 M80 M92 M107 M115 M124 M132 M135 M145 M160 M171 M176 M197 M204 M213 M223 M230 M236 | 9:M14 M26 M34 M38 M42 M50 M67 M76 M79 M89 M104 M110 M125 M139 M143 M157 M164 M192 M193 M198 M210 M211 M225 M235 | 10:M4 M18 M23 M54 M62 M66 M77 M85 M91 M103 M111 M114 M133 M141 M153 M162 M180 M190 M200 M209 M216,,"domain reduction: sessions, fixed meetings, forbidden slots | precedence domain propagation: fixed point over direct edges | full precedence closure: cycle detection and graph statistics only | (20),(22)-(27) exactly once over reduced domains | (19) participant atMost-one per slot | (46),(47) clustered table capacity with full channeling | (28) traditional pairwise precedence over direct E | usedSlot channeling + exact per-idle-slot break cost | (43) exactly |Mp| reduced usedSlot variables | (44) atMost 2|L| busy participants per slot | (45) exact even number of busy participants | exact unary internal-idle counts and range objective over P*",,,result,68141,486,4,68627
table07,forumt-14crafd.fixed020-Forb,forumt-14crafd.fixed020-Forb,SAT,OPTIMAL,0.168956,25679,68141,486,0,68627,,peak_process_tree_rss_mb,maxsat,staircase,direct,yes,imp12+,lexicographic_internal_idle_range_pstar_then_idle_sum,lex-idlesum,,,17,17,59,"1,2,3,4,5,6,7,8,9,10,11,12,13,14,15,16,17,18,20,21,22,23,24,25,26,27,28,29,30,31,32,33,34,35,36,37,38,39,40,41,42,43,44,45,46,47,48,49,50,51,52,53,54,55,56,57,58,59,60",17,4,4,4,0,0,0,0,8,8,"0,0,0,0,4,0,0,0,0,0,0,0,0,0,0,0,2,2,0,0,0,0,0,0,0,0,0,0,0,0,0,0,0,1,0,0,0,0,0,0,0,0,0,0,0,0,0,0,0,3,0,0,1,0,0,0,2,0,0,2","40,46,48,50,48,50,50,50,48,42","6,1,7,10,8,4,2,3,2,4,8,6,7,9,4,3,1,10,2,6,5,8,10,5,3,9,7,7,1,5,6,8,4,9,1,1,2,9,7,1,2,9,7,3,6,4,1,2,6,9,5,4,1,10,8,8,7,2,3,6,5,10,4,2,1,10,9,6,8,5,3,7,4,1,8,9,10,3,9,8,1,7,5,2,10,6,4,5,9,7,10,8,3,4,6,3,5,6,7,2,5,4,10,9,6,3,8,6,7,9,10,3,4,10,8,2,5,7,1,3,1,5,5,8,9,4,6,7,3,2,4,8,10,2,8,7,6,5,9,1,10,3,9,5,8,4,7,2,1,3,2,3,10,4,7,6,9,5,1,8,6,10,2,9,3,5,7,3,4,6,8,5,2,2,4,8,7,1,5,10,5,4,5,6,2,4,7,6,2,10,3,9,9,6,7,5,8,9,3,10,4,2,4,8,6,7,1,3,10,9,9,7,8,6,5,10,3,7,2,1,5,4,8,6,9,4,6,2,3,8,7,1,3,4,9,8",1:M2 M17 M29 M35 M36 M40 M47 M53 M65 M74 M81 M119 M121 M140 M149 M159 M178 M207 M220 M232 | 2:M7 M9 M19 M37 M41 M48 M58 M64 M84 M100 M116 M130 M134 M148 M151 M163 M173 M174 M185 M189 M202 M219 M228 | 3:M8 M16 M25 M44 M59 M71 M78 M93 M96 M106 M112 M120 M129 M142 M150 M152 M165 M168 M191 M199 M208 M217 M229 M233 | 4:M6 M10 M15 M33 M46 M52 M63 M73 M87 M94 M102 M113 M126 M131 M146 M154 M169 M175 M182 M186 M201 M203 M222 M226 M234 | 5:M21 M24 M30 M51 M61 M70 M83 M88 M97 M101 M117 M122 M123 M138 M144 M158 M166 M172 M179 M181 M183 M196 M215 M221 | 6:M1 M12 M20 M31 M45 M49 M60 M68 M86 M95 M98 M105 M108 M127 M137 M156 M161 M170 M184 M188 M194 M205 M214 M224 M227 | 7:M3 M13 M27 M28 M39 M43 M57 M72 M82 M90 M99 M109 M118 M128 M136 M147 M155 M167 M177 M187 M195 M206 M212 M218 M231 | 8:M5 M11 M22 M32 M55 M56 M69 M75 M80 M92 M107 M115 M124 M132 M135 M145 M160 M171 M176 M197 M204 M213 M223 M230 M236 | 9:M14 M26 M34 M38 M42 M50 M67 M76 M79 M89 M104 M110 M125 M139 M143 M157 M164 M192 M193 M198 M210 M211 M225 M235 | 10:M4 M18 M23 M54 M62 M66 M77 M85 M91 M103 M111 M114 M133 M141 M153 M162 M180 M190 M200 M209 M216,,"domain reduction: sessions, fixed meetings, forbidden slots | precedence domain propagation: fixed point over direct edges | full precedence closure: cycle detection and graph statistics only | (20),(22)-(27) exactly once over reduced domains | (19) participant atMost-one per slot | (46),(47) clustered table capacity with full channeling | (28) staircase/support precedence over reduced domains and direct E | usedSlot channeling + exact per-idle-slot break cost | (43) exactly |Mp| reduced usedSlot variables | (44) atMost 2|L| busy participants per slot | (45) exact even number of busy participants | exact unary internal-idle counts and range objective over P*",,,result,68141,486,4,68627
table07,forumt-14crafe.fixed020-Forb,forumt-14crafe.fixed020-Forb,SAT,OPTIMAL,0.180399,25778,68359,486,0,68845,,peak_process_tree_rss_mb,maxsat,traditional,direct,no,imp12+,lexicographic_internal_idle_range_pstar_then_idle_sum,lex-idlesum,,,17,17,59,"1,2,3,4,5,6,7,8,9,10,11,12,13,14,15,16,17,18,20,21,22,23,24,25,26,27,28,29,30,31,32,33,34,35,36,37,38,39,40,41,42,43,44,45,46,47,48,49,50,51,52,53,54,55,56,57,58,59,60",17,4,4,4,0,0,0,0,8,8,"0,0,0,0,4,0,0,0,0,0,0,0,0,0,0,0,2,2,0,0,0,0,0,0,0,0,0,0,0,0,0,0,0,1,0,0,0,0,0,0,0,0,0,0,0,0,0,0,0,3,0,0,1,0,0,0,2,0,0,2","44,48,48,48,48,48,48,48,48,44","8,1,7,4,6,10,2,3,4,8,10,2,8,6,4,2,3,10,9,7,5,6,10,8,5,10,3,7,1,2,5,6,5,8,1,8,1,3,7,7,10,9,7,3,4,2,1,1,3,2,8,4,5,6,10,8,9,2,5,3,6,1,6,2,1,9,7,3,8,5,10,4,4,6,9,5,10,8,5,1,7,2,9,3,10,6,4,5,6,9,10,8,7,4,3,3,2,9,7,6,3,4,10,9,6,2,8,6,9,7,10,1,6,7,4,8,10,3,5,9,3,5,4,3,5,8,6,7,2,1,8,5,4,4,2,7,3,8,5,10,6,9,9,8,5,1,7,4,2,3,2,3,8,4,7,6,9,5,1,10,6,7,5,10,1,8,9,9,1,7,8,5,2,7,9,8,1,4,2,3,1,4,6,4,2,10,6,9,2,10,3,5,4,1,7,5,9,2,6,8,4,5,4,2,10,7,1,3,6,9,9,6,7,10,5,9,3,7,2,10,5,1,8,6,4,9,1,4,3,7,8,2,2,3,9,1",1:M2 M29 M35 M37 M47 M48 M62 M65 M80 M112 M130 M146 M159 M165 M169 M177 M181 M194 M207 M222 M227 M236 | 2:M7 M12 M16 M30 M46 M50 M58 M64 M82 M97 M106 M129 M135 M149 M151 M173 M179 M185 M189 M198 M204 M219 M232 M233 | 3:M8 M17 M27 M38 M44 M49 M60 M68 M84 M95 M96 M101 M118 M121 M124 M137 M150 M152 M180 M191 M208 M217 M229 M234 | 4:M4 M9 M15 M45 M52 M72 M73 M87 M94 M102 M115 M123 M133 M134 M148 M154 M178 M182 M184 M193 M201 M203 M225 M228 | 5:M21 M25 M31 M33 M53 M59 M70 M76 M79 M88 M119 M122 M125 M132 M139 M145 M158 M163 M172 M192 M196 M202 M215 M221 | 6:M5 M14 M22 M32 M54 M61 M63 M74 M86 M89 M100 M105 M108 M113 M127 M141 M156 M161 M183 M187 M199 M209 M212 M224 | 7:M3 M20 M28 M39 M40 M43 M67 M81 M93 M99 M110 M114 M128 M136 M147 M155 M162 M170 M174 M195 M206 M213 M218 M230 | 8:M1 M10 M13 M24 M34 M36 M51 M56 M69 M78 M92 M107 M116 M126 M131 M138 M144 M153 M166 M171 M176 M200 M223 M231 | 9:M19 M42 M57 M66 M75 M83 M90 M98 M104 M109 M120 M142 M143 M157 M167 M168 M175 M188 M197 M210 M211 M216 M226 M235 | 10:M6 M11 M18 M23 M26 M41 M55 M71 M77 M85 M91 M103 M111 M117 M140 M160 M164 M186 M190 M205 M214 M220,,"domain reduction: sessions, fixed meetings, forbidden slots | precedence domain propagation: fixed point over direct edges | full precedence closure: cycle detection and graph statistics only | (20),(22)-(27) exactly once over reduced domains | (19) participant atMost-one per slot | (46),(47) clustered table capacity with full channeling | (28) traditional pairwise precedence over direct E | usedSlot channeling + exact per-idle-slot break cost | (43) exactly |Mp| reduced usedSlot variables | (44) atMost 2|L| busy participants per slot | (45) exact even number of busy participants | exact unary internal-idle counts and range objective over P*",,,result,68359,486,4,68845
table07,forumt-14crafe.fixed020-Forb,forumt-14crafe.fixed020-Forb,SAT,OPTIMAL,0.181496,25778,68359,486,0,68845,,peak_process_tree_rss_mb,maxsat,staircase,direct,yes,imp12+,lexicographic_internal_idle_range_pstar_then_idle_sum,lex-idlesum,,,17,17,59,"1,2,3,4,5,6,7,8,9,10,11,12,13,14,15,16,17,18,20,21,22,23,24,25,26,27,28,29,30,31,32,33,34,35,36,37,38,39,40,41,42,43,44,45,46,47,48,49,50,51,52,53,54,55,56,57,58,59,60",17,4,4,4,0,0,0,0,8,8,"0,0,0,0,4,0,0,0,0,0,0,0,0,0,0,0,2,2,0,0,0,0,0,0,0,0,0,0,0,0,0,0,0,1,0,0,0,0,0,0,0,0,0,0,0,0,0,0,0,3,0,0,1,0,0,0,2,0,0,2","44,48,48,48,48,48,48,48,48,44","8,1,7,4,6,10,2,3,4,8,10,2,8,6,4,2,3,10,9,7,5,6,10,8,5,10,3,7,1,2,5,6,5,8,1,8,1,3,7,7,10,9,7,3,4,2,1,1,3,2,8,4,5,6,10,8,9,2,5,3,6,1,6,2,1,9,7,3,8,5,10,4,4,6,9,5,10,8,5,1,7,2,9,3,10,6,4,5,6,9,10,8,7,4,3,3,2,9,7,6,3,4,10,9,6,2,8,6,9,7,10,1,6,7,4,8,10,3,5,9,3,5,4,3,5,8,6,7,2,1,8,5,4,4,2,7,3,8,5,10,6,9,9,8,5,1,7,4,2,3,2,3,8,4,7,6,9,5,1,10,6,7,5,10,1,8,9,9,1,7,8,5,2,7,9,8,1,4,2,3,1,4,6,4,2,10,6,9,2,10,3,5,4,1,7,5,9,2,6,8,4,5,4,2,10,7,1,3,6,9,9,6,7,10,5,9,3,7,2,10,5,1,8,6,4,9,1,4,3,7,8,2,2,3,9,1",1:M2 M29 M35 M37 M47 M48 M62 M65 M80 M112 M130 M146 M159 M165 M169 M177 M181 M194 M207 M222 M227 M236 | 2:M7 M12 M16 M30 M46 M50 M58 M64 M82 M97 M106 M129 M135 M149 M151 M173 M179 M185 M189 M198 M204 M219 M232 M233 | 3:M8 M17 M27 M38 M44 M49 M60 M68 M84 M95 M96 M101 M118 M121 M124 M137 M150 M152 M180 M191 M208 M217 M229 M234 | 4:M4 M9 M15 M45 M52 M72 M73 M87 M94 M102 M115 M123 M133 M134 M148 M154 M178 M182 M184 M193 M201 M203 M225 M228 | 5:M21 M25 M31 M33 M53 M59 M70 M76 M79 M88 M119 M122 M125 M132 M139 M145 M158 M163 M172 M192 M196 M202 M215 M221 | 6:M5 M14 M22 M32 M54 M61 M63 M74 M86 M89 M100 M105 M108 M113 M127 M141 M156 M161 M183 M187 M199 M209 M212 M224 | 7:M3 M20 M28 M39 M40 M43 M67 M81 M93 M99 M110 M114 M128 M136 M147 M155 M162 M170 M174 M195 M206 M213 M218 M230 | 8:M1 M10 M13 M24 M34 M36 M51 M56 M69 M78 M92 M107 M116 M126 M131 M138 M144 M153 M166 M171 M176 M200 M223 M231 | 9:M19 M42 M57 M66 M75 M83 M90 M98 M104 M109 M120 M142 M143 M157 M167 M168 M175 M188 M197 M210 M211 M216 M226 M235 | 10:M6 M11 M18 M23 M26 M41 M55 M71 M77 M85 M91 M103 M111 M117 M140 M160 M164 M186 M190 M205 M214 M220,,"domain reduction: sessions, fixed meetings, forbidden slots | precedence domain propagation: fixed point over direct edges | full precedence closure: cycle detection and graph statistics only | (20),(22)-(27) exactly once over reduced domains | (19) participant atMost-one per slot | (46),(47) clustered table capacity with full channeling | (28) staircase/support precedence over reduced domains and direct E | usedSlot channeling + exact per-idle-slot break cost | (43) exactly |Mp| reduced usedSlot variables | (44) atMost 2|L| busy participants per slot | (45) exact even number of busy participants | exact unary internal-idle counts and range objective over P*",,,result,68359,486,4,68845
table07,tic-12.fixed020-Forb,tic-12.fixed020-Forb,SAT,OPTIMAL,0.053029,5066,18945,246,0,19191,,peak_process_tree_rss_mb,maxsat,traditional,direct,no,imp12+,lexicographic_internal_idle_range_pstar_then_idle_sum,lex-idlesum,,,4,4,39,"1,2,3,4,5,6,7,8,9,10,11,12,13,14,15,16,17,18,19,20,21,22,23,24,25,26,27,28,29,30,31,32,33,34,35,36,39,41,42",4,4,4,4,0,0,0,0,6,6,"0,0,0,0,0,0,0,0,0,0,0,0,0,0,0,0,0,0,0,0,0,0,0,0,0,0,0,0,4,0,0,0,0,0,0,0,0,0,0,0,0,0","26,30,32,34,36,34,30,28","6,4,1,5,8,8,8,6,3,3,4,2,7,5,4,1,3,8,3,4,8,2,8,7,3,1,2,8,4,7,6,5,1,5,6,2,4,7,5,6,1,8,4,2,3,5,7,8,6,3,2,5,8,7,6,4,3,6,5,2,5,7,6,4,3,3,6,2,1,7,7,4,1,2,5,6,6,5,7,1,2,5,4,3,6,8,2,6,4,5,1,4,1,6,5,3,7,8,2,5,1,4,3,7,8,3,5,4,6,7,2,7,4,2,3,5,1,5,4,3,7,8,2,1,6",1:M3 M16 M26 M33 M41 M69 M73 M80 M91 M93 M101 M117 M124 | 2:M12 M22 M27 M36 M44 M51 M60 M68 M74 M81 M87 M99 M111 M114 M123 | 3:M9 M10 M17 M19 M25 M45 M50 M57 M65 M66 M84 M96 M103 M106 M115 M120 | 4:M2 M11 M15 M20 M29 M37 M43 M56 M64 M72 M83 M89 M92 M102 M108 M113 M119 | 5:M4 M14 M32 M34 M39 M46 M52 M59 M61 M75 M78 M82 M90 M95 M100 M107 M116 M118 | 6:M1 M8 M31 M35 M40 M49 M55 M58 M63 M67 M76 M77 M85 M88 M94 M109 M125 | 7:M13 M24 M30 M38 M47 M54 M62 M70 M71 M79 M97 M104 M110 M112 M121 | 8:M5 M6 M7 M18 M21 M23 M28 M42 M48 M53 M86 M98 M105 M122,,"domain reduction: sessions, fixed meetings, forbidden slots | precedence domain propagation: fixed point over direct edges | full precedence closure: cycle detection and graph statistics only | (20),(22)-(27) exactly once over reduced domains | (19) participant atMost-one per slot | (46),(47) clustered table capacity with full channeling | (28) traditional pairwise precedence over direct E | usedSlot channeling + exact per-idle-slot break cost | (43) exactly |Mp| reduced usedSlot variables | (44) atMost 2|L| busy participants per slot | (45) exact even number of busy participants | exact unary internal-idle counts and range objective over P*",,,result,18945,246,4,19191
table07,tic-12.fixed020-Forb,tic-12.fixed020-Forb,SAT,OPTIMAL,0.053239,5066,18945,246,0,19191,,peak_process_tree_rss_mb,maxsat,staircase,direct,yes,imp12+,lexicographic_internal_idle_range_pstar_then_idle_sum,lex-idlesum,,,4,4,39,"1,2,3,4,5,6,7,8,9,10,11,12,13,14,15,16,17,18,19,20,21,22,23,24,25,26,27,28,29,30,31,32,33,34,35,36,39,41,42",4,4,4,4,0,0,0,0,6,6,"0,0,0,0,0,0,0,0,0,0,0,0,0,0,0,0,0,0,0,0,0,0,0,0,0,0,0,0,4,0,0,0,0,0,0,0,0,0,0,0,0,0","26,30,32,34,36,34,30,28","6,4,1,5,8,8,8,6,3,3,4,2,7,5,4,1,3,8,3,4,8,2,8,7,3,1,2,8,4,7,6,5,1,5,6,2,4,7,5,6,1,8,4,2,3,5,7,8,6,3,2,5,8,7,6,4,3,6,5,2,5,7,6,4,3,3,6,2,1,7,7,4,1,2,5,6,6,5,7,1,2,5,4,3,6,8,2,6,4,5,1,4,1,6,5,3,7,8,2,5,1,4,3,7,8,3,5,4,6,7,2,7,4,2,3,5,1,5,4,3,7,8,2,1,6",1:M3 M16 M26 M33 M41 M69 M73 M80 M91 M93 M101 M117 M124 | 2:M12 M22 M27 M36 M44 M51 M60 M68 M74 M81 M87 M99 M111 M114 M123 | 3:M9 M10 M17 M19 M25 M45 M50 M57 M65 M66 M84 M96 M103 M106 M115 M120 | 4:M2 M11 M15 M20 M29 M37 M43 M56 M64 M72 M83 M89 M92 M102 M108 M113 M119 | 5:M4 M14 M32 M34 M39 M46 M52 M59 M61 M75 M78 M82 M90 M95 M100 M107 M116 M118 | 6:M1 M8 M31 M35 M40 M49 M55 M58 M63 M67 M76 M77 M85 M88 M94 M109 M125 | 7:M13 M24 M30 M38 M47 M54 M62 M70 M71 M79 M97 M104 M110 M112 M121 | 8:M5 M6 M7 M18 M21 M23 M28 M42 M48 M53 M86 M98 M105 M122,,"domain reduction: sessions, fixed meetings, forbidden slots | precedence domain propagation: fixed point over direct edges | full precedence closure: cycle detection and graph statistics only | (20),(22)-(27) exactly once over reduced domains | (19) participant atMost-one per slot | (46),(47) clustered table capacity with full channeling | (28) staircase/support precedence over reduced domains and direct E | usedSlot channeling + exact per-idle-slot break cost | (43) exactly |Mp| reduced usedSlot variables | (44) atMost 2|L| busy participants per slot | (45) exact even number of busy participants | exact unary internal-idle counts and range objective over P*",,,result,18945,246,4,19191
table07,tic-12crafc.fixed020-Forb,tic-12crafc.fixed020-Forb,SAT,OPTIMAL,0.088774,14237,33023,246,0,33269,,peak_process_tree_rss_mb,maxsat,traditional,direct,no,imp12+,lexicographic_internal_idle_range_pstar_then_idle_sum,lex-idlesum,,,4,4,39,"1,2,3,4,5,6,7,8,9,10,11,12,13,14,15,16,17,18,19,20,21,22,23,24,25,26,27,28,29,30,31,32,33,34,35,36,39,41,42",4,4,4,4,0,0,0,0,6,6,"0,0,0,0,0,0,0,0,0,0,0,0,0,0,0,0,0,0,0,0,0,0,0,0,0,0,0,0,4,0,0,0,0,0,0,0,0,0,0,0,0,0","28,32,32,32,32,32,32,30","3,4,1,5,8,8,6,8,2,2,8,2,4,1,6,7,3,8,5,8,7,2,2,1,5,1,6,2,4,7,8,3,1,3,6,5,2,7,6,5,1,8,2,4,3,5,7,8,4,3,3,5,6,8,7,4,2,2,4,7,5,4,6,1,3,6,7,2,1,3,3,1,4,6,7,5,6,5,7,1,4,5,2,3,8,6,7,6,4,5,8,6,4,3,5,1,7,8,2,4,1,6,3,5,7,5,3,4,6,7,2,3,2,1,4,7,8,5,2,4,7,3,1,8,6",1:M3 M14 M24 M26 M33 M41 M64 M69 M72 M80 M96 M101 M114 M123 | 2:M9 M10 M12 M22 M23 M28 M37 M43 M57 M58 M68 M83 M99 M111 M113 M119 | 3:M1 M17 M32 M34 M45 M50 M51 M65 M70 M71 M84 M94 M103 M107 M112 M122 | 4:M2 M13 M29 M44 M49 M56 M59 M62 M73 M81 M89 M93 M100 M108 M115 M120 | 5:M4 M19 M25 M36 M40 M46 M52 M61 M76 M78 M82 M90 M95 M104 M106 M118 | 6:M7 M15 M27 M35 M39 M53 M63 M66 M74 M77 M86 M88 M92 M102 M109 M125 | 7:M16 M21 M30 M38 M47 M55 M60 M67 M75 M79 M87 M97 M105 M110 M116 M121 | 8:M5 M6 M8 M11 M18 M20 M31 M42 M48 M54 M85 M91 M98 M117 M124,,"domain reduction: sessions, fixed meetings, forbidden slots | precedence domain propagation: fixed point over direct edges | full precedence closure: cycle detection and graph statistics only | (20),(22)-(27) exactly once over reduced domains | (19) participant atMost-one per slot | (46),(47) clustered table capacity with full channeling | (28) traditional pairwise precedence over direct E | usedSlot channeling + exact per-idle-slot break cost | (43) exactly |Mp| reduced usedSlot variables | (44) atMost 2|L| busy participants per slot | (45) exact even number of busy participants | exact unary internal-idle counts and range objective over P*",,,result,33023,246,4,33269
table07,tic-12crafc.fixed020-Forb,tic-12crafc.fixed020-Forb,SAT,OPTIMAL,0.088488,14237,33023,246,0,33269,,peak_process_tree_rss_mb,maxsat,staircase,direct,yes,imp12+,lexicographic_internal_idle_range_pstar_then_idle_sum,lex-idlesum,,,4,4,39,"1,2,3,4,5,6,7,8,9,10,11,12,13,14,15,16,17,18,19,20,21,22,23,24,25,26,27,28,29,30,31,32,33,34,35,36,39,41,42",4,4,4,4,0,0,0,0,6,6,"0,0,0,0,0,0,0,0,0,0,0,0,0,0,0,0,0,0,0,0,0,0,0,0,0,0,0,0,4,0,0,0,0,0,0,0,0,0,0,0,0,0","28,32,32,32,32,32,32,30","3,4,1,5,8,8,6,8,2,2,8,2,4,1,6,7,3,8,5,8,7,2,2,1,5,1,6,2,4,7,8,3,1,3,6,5,2,7,6,5,1,8,2,4,3,5,7,8,4,3,3,5,6,8,7,4,2,2,4,7,5,4,6,1,3,6,7,2,1,3,3,1,4,6,7,5,6,5,7,1,4,5,2,3,8,6,7,6,4,5,8,6,4,3,5,1,7,8,2,4,1,6,3,5,7,5,3,4,6,7,2,3,2,1,4,7,8,5,2,4,7,3,1,8,6",1:M3 M14 M24 M26 M33 M41 M64 M69 M72 M80 M96 M101 M114 M123 | 2:M9 M10 M12 M22 M23 M28 M37 M43 M57 M58 M68 M83 M99 M111 M113 M119 | 3:M1 M17 M32 M34 M45 M50 M51 M65 M70 M71 M84 M94 M103 M107 M112 M122 | 4:M2 M13 M29 M44 M49 M56 M59 M62 M73 M81 M89 M93 M100 M108 M115 M120 | 5:M4 M19 M25 M36 M40 M46 M52 M61 M76 M78 M82 M90 M95 M104 M106 M118 | 6:M7 M15 M27 M35 M39 M53 M63 M66 M74 M77 M86 M88 M92 M102 M109 M125 | 7:M16 M21 M30 M38 M47 M55 M60 M67 M75 M79 M87 M97 M105 M110 M116 M121 | 8:M5 M6 M8 M11 M18 M20 M31 M42 M48 M54 M85 M91 M98 M117 M124,,"domain reduction: sessions, fixed meetings, forbidden slots | precedence domain propagation: fixed point over direct edges | full precedence closure: cycle detection and graph statistics only | (20),(22)-(27) exactly once over reduced domains | (19) participant atMost-one per slot | (46),(47) clustered table capacity with full channeling | (28) staircase/support precedence over reduced domains and direct E | usedSlot channeling + exact per-idle-slot break cost | (43) exactly |Mp| reduced usedSlot variables | (44) atMost 2|L| busy participants per slot | (45) exact even number of busy participants | exact unary internal-idle counts and range objective over P*",,,result,33023,246,4,33269
table07,tic-13.fixed020-Forb,tic-13.fixed020-Forb,SAT,OPTIMAL,0.17845,24371,59936,366,0,60302,,peak_process_tree_rss_mb,maxsat,traditional,direct,no,imp12+,lexicographic_internal_idle_range_pstar_then_idle_sum,lex-idlesum,,,4,4,45,"1,3,4,5,6,7,8,9,10,11,12,13,14,15,16,17,18,19,20,21,22,23,24,25,26,27,28,29,30,31,32,33,34,35,36,37,38,40,41,42,43,44,45,46,47",4,3,3,3,0,0,0,0,6,6,"0,0,3,0,0,0,0,0,0,0,0,1,0,0,0,0,0,0,0,0,0,0,0,0,0,0,0,0,0,0,0,0,0,0,0,0,0,0,0,0,0,0,0,0,0,0,0","22,30,38,42,40,42,42,42,34,28","5,8,1,10,2,9,3,7,4,6,8,4,3,9,10,1,4,3,5,2,6,7,9,10,5,4,8,7,6,6,10,7,8,4,9,3,5,3,2,4,5,3,9,7,5,6,4,8,10,6,10,7,8,9,6,7,10,4,8,9,8,2,1,5,7,10,8,7,6,4,8,5,6,2,4,3,7,9,1,3,7,8,4,1,9,10,7,6,8,6,9,1,5,2,7,3,8,4,10,7,5,9,2,5,6,3,7,4,6,3,8,4,9,5,2,5,6,7,3,6,5,1,5,10,3,7,4,2,9,6,3,4,5,10,1,6,2,4,8,6,3,4,7,9,3,9,7,2,4,8,2,5,4,10,1,5,2,8,5,6,2,6,6,9,8,3,4,3,7,8,8,9,1,2,1,3,7,5,8,10",1:M3 M16 M63 M79 M84 M92 M122 M135 M155 M173 M175 | 2:M5 M20 M39 M62 M74 M94 M103 M115 M128 M137 M148 M151 M157 M161 M174 | 3:M7 M13 M18 M36 M38 M42 M76 M80 M96 M106 M110 M119 M125 M131 M141 M145 M166 M168 M176 | 4:M9 M12 M17 M26 M34 M40 M47 M58 M70 M75 M83 M98 M108 M112 M127 M132 M138 M142 M149 M153 M167 | 5:M1 M19 M25 M37 M41 M45 M64 M72 M93 M101 M104 M114 M116 M121 M123 M133 M152 M156 M159 M178 | 6:M10 M21 M29 M30 M46 M50 M55 M69 M73 M88 M90 M105 M109 M117 M120 M130 M136 M140 M160 M162 M163 | 7:M8 M22 M28 M32 M44 M52 M56 M65 M68 M77 M81 M87 M95 M100 M107 M118 M126 M143 M147 M169 M177 | 8:M2 M11 M27 M33 M48 M53 M59 M61 M67 M71 M82 M89 M97 M111 M139 M150 M158 M165 M170 M171 M179 | 9:M6 M14 M23 M35 M43 M54 M60 M78 M85 M91 M102 M113 M129 M144 M146 M164 M172 | 10:M4 M15 M24 M31 M49 M51 M57 M66 M86 M99 M124 M134 M154 M180,,"domain reduction: sessions, fixed meetings, forbidden slots | precedence domain propagation: fixed point over direct edges | full precedence closure: cycle detection and graph statistics only | (20),(22)-(27) exactly once over reduced domains | (19) participant atMost-one per slot | (46),(47) clustered table capacity with full channeling | (28) traditional pairwise precedence over direct E | usedSlot channeling + exact per-idle-slot break cost | (43) exactly |Mp| reduced usedSlot variables | (44) atMost 2|L| busy participants per slot | (45) exact even number of busy participants | exact unary internal-idle counts and range objective over P*",,,result,59936,366,3,60302
table07,tic-13.fixed020-Forb,tic-13.fixed020-Forb,SAT,OPTIMAL,0.177441,24371,59936,366,0,60302,,peak_process_tree_rss_mb,maxsat,staircase,direct,yes,imp12+,lexicographic_internal_idle_range_pstar_then_idle_sum,lex-idlesum,,,4,4,45,"1,3,4,5,6,7,8,9,10,11,12,13,14,15,16,17,18,19,20,21,22,23,24,25,26,27,28,29,30,31,32,33,34,35,36,37,38,40,41,42,43,44,45,46,47",4,3,3,3,0,0,0,0,6,6,"0,0,3,0,0,0,0,0,0,0,0,1,0,0,0,0,0,0,0,0,0,0,0,0,0,0,0,0,0,0,0,0,0,0,0,0,0,0,0,0,0,0,0,0,0,0,0","22,30,38,42,40,42,42,42,34,28","5,8,1,10,2,9,3,7,4,6,8,4,3,9,10,1,4,3,5,2,6,7,9,10,5,4,8,7,6,6,10,7,8,4,9,3,5,3,2,4,5,3,9,7,5,6,4,8,10,6,10,7,8,9,6,7,10,4,8,9,8,2,1,5,7,10,8,7,6,4,8,5,6,2,4,3,7,9,1,3,7,8,4,1,9,10,7,6,8,6,9,1,5,2,7,3,8,4,10,7,5,9,2,5,6,3,7,4,6,3,8,4,9,5,2,5,6,7,3,6,5,1,5,10,3,7,4,2,9,6,3,4,5,10,1,6,2,4,8,6,3,4,7,9,3,9,7,2,4,8,2,5,4,10,1,5,2,8,5,6,2,6,6,9,8,3,4,3,7,8,8,9,1,2,1,3,7,5,8,10",1:M3 M16 M63 M79 M84 M92 M122 M135 M155 M173 M175 | 2:M5 M20 M39 M62 M74 M94 M103 M115 M128 M137 M148 M151 M157 M161 M174 | 3:M7 M13 M18 M36 M38 M42 M76 M80 M96 M106 M110 M119 M125 M131 M141 M145 M166 M168 M176 | 4:M9 M12 M17 M26 M34 M40 M47 M58 M70 M75 M83 M98 M108 M112 M127 M132 M138 M142 M149 M153 M167 | 5:M1 M19 M25 M37 M41 M45 M64 M72 M93 M101 M104 M114 M116 M121 M123 M133 M152 M156 M159 M178 | 6:M10 M21 M29 M30 M46 M50 M55 M69 M73 M88 M90 M105 M109 M117 M120 M130 M136 M140 M160 M162 M163 | 7:M8 M22 M28 M32 M44 M52 M56 M65 M68 M77 M81 M87 M95 M100 M107 M118 M126 M143 M147 M169 M177 | 8:M2 M11 M27 M33 M48 M53 M59 M61 M67 M71 M82 M89 M97 M111 M139 M150 M158 M165 M170 M171 M179 | 9:M6 M14 M23 M35 M43 M54 M60 M78 M85 M91 M102 M113 M129 M144 M146 M164 M172 | 10:M4 M15 M24 M31 M49 M51 M57 M66 M86 M99 M124 M134 M154 M180,,"domain reduction: sessions, fixed meetings, forbidden slots | precedence domain propagation: fixed point over direct edges | full precedence closure: cycle detection and graph statistics only | (20),(22)-(27) exactly once over reduced domains | (19) participant atMost-one per slot | (46),(47) clustered table capacity with full channeling | (28) staircase/support precedence over reduced domains and direct E | usedSlot channeling + exact per-idle-slot break cost | (43) exactly |Mp| reduced usedSlot variables | (44) atMost 2|L| busy participants per slot | (45) exact even number of busy participants | exact unary internal-idle counts and range objective over P*",,,result,59936,366,3,60302
table07,tic-13.fixed040-Forb,tic-13.fixed040-Forb,SAT,OPTIMAL,0.250109,23546,53613,366,0,53979,,peak_process_tree_rss_mb,maxsat,traditional,direct,no,imp12+,lexicographic_internal_idle_range_pstar_then_idle_sum,lex-idlesum,,,22,22,45,"1,3,4,5,6,7,8,9,10,11,12,13,14,15,16,17,18,19,20,21,22,23,24,25,26,27,28,29,30,31,32,33,34,35,36,37,38,40,41,42,43,44,45,46,47",22,4,4,4,0,0,0,0,6,6,"0,0,3,0,1,0,4,0,0,0,0,1,0,0,0,0,1,0,0,2,0,1,0,1,1,0,0,0,0,0,3,0,0,0,0,0,4,0,0,0,0,0,0,0,0,0,0","24,34,42,38,42,40,40,42,32,26","3,6,5,10,9,1,2,8,4,7,8,9,3,5,10,9,2,6,3,4,5,7,4,8,5,9,10,3,6,6,3,7,2,4,9,8,5,10,2,3,5,3,9,5,6,4,7,8,2,6,10,7,8,9,5,7,2,8,6,8,4,2,1,6,3,7,8,5,6,4,2,10,6,4,1,7,5,9,3,4,7,8,9,1,3,10,7,5,6,8,9,6,5,10,7,3,10,9,8,1,5,7,4,5,6,8,7,2,7,2,8,4,9,3,6,7,6,1,7,6,5,8,5,7,1,9,4,8,10,3,9,3,4,10,8,6,1,2,4,3,8,4,5,3,2,3,8,2,4,6,2,5,4,10,1,5,6,8,3,1,2,3,8,9,6,10,4,5,7,2,3,7,1,7,1,3,4,5,2,9",1:M6 M63 M75 M84 M100 M118 M125 M137 M155 M160 M173 M175 | 2:M7 M17 M33 M39 M49 M57 M62 M71 M108 M110 M138 M145 M148 M151 M161 M170 M179 | 3:M1 M13 M19 M28 M31 M40 M42 M65 M79 M85 M96 M114 M130 M132 M140 M144 M146 M159 M162 M171 M176 | 4:M9 M20 M23 M34 M46 M61 M70 M74 M80 M103 M112 M127 M133 M139 M142 M149 M153 M167 M177 | 5:M3 M14 M21 M25 M37 M41 M44 M55 M68 M77 M88 M93 M101 M104 M121 M123 M143 M152 M156 M168 M178 | 6:M2 M18 M29 M30 M45 M50 M59 M64 M69 M73 M89 M92 M105 M115 M117 M120 M136 M150 M157 M165 | 7:M10 M22 M32 M47 M52 M56 M66 M76 M81 M87 M95 M102 M107 M109 M116 M119 M124 M169 M172 M174 | 8:M8 M11 M24 M36 M48 M53 M58 M60 M67 M82 M90 M99 M106 M111 M122 M128 M135 M141 M147 M158 M163 | 9:M5 M12 M16 M26 M35 M43 M54 M78 M83 M91 M98 M113 M126 M131 M164 M180 | 10:M4 M15 M27 M38 M51 M72 M86 M94 M97 M129 M134 M154 M166,,"domain reduction: sessions, fixed meetings, forbidden slots | precedence domain propagation: fixed point over direct edges | full precedence closure: cycle detection and graph statistics only | (20),(22)-(27) exactly once over reduced domains | (19) participant atMost-one per slot | (46),(47) clustered table capacity with full channeling | (28) traditional pairwise precedence over direct E | usedSlot channeling + exact per-idle-slot break cost | (43) exactly |Mp| reduced usedSlot variables | (44) atMost 2|L| busy participants per slot | (45) exact even number of busy participants | exact unary internal-idle counts and range objective over P*",,,result,53613,366,4,53979
table07,tic-13.fixed040-Forb,tic-13.fixed040-Forb,SAT,OPTIMAL,0.251892,23546,53613,366,0,53979,,peak_process_tree_rss_mb,maxsat,staircase,direct,yes,imp12+,lexicographic_internal_idle_range_pstar_then_idle_sum,lex-idlesum,,,22,22,45,"1,3,4,5,6,7,8,9,10,11,12,13,14,15,16,17,18,19,20,21,22,23,24,25,26,27,28,29,30,31,32,33,34,35,36,37,38,40,41,42,43,44,45,46,47",22,4,4,4,0,0,0,0,6,6,"0,0,3,0,1,0,4,0,0,0,0,1,0,0,0,0,1,0,0,2,0,1,0,1,1,0,0,0,0,0,3,0,0,0,0,0,4,0,0,0,0,0,0,0,0,0,0","24,34,42,38,42,40,40,42,32,26","3,6,5,10,9,1,2,8,4,7,8,9,3,5,10,9,2,6,3,4,5,7,4,8,5,9,10,3,6,6,3,7,2,4,9,8,5,10,2,3,5,3,9,5,6,4,7,8,2,6,10,7,8,9,5,7,2,8,6,8,4,2,1,6,3,7,8,5,6,4,2,10,6,4,1,7,5,9,3,4,7,8,9,1,3,10,7,5,6,8,9,6,5,10,7,3,10,9,8,1,5,7,4,5,6,8,7,2,7,2,8,4,9,3,6,7,6,1,7,6,5,8,5,7,1,9,4,8,10,3,9,3,4,10,8,6,1,2,4,3,8,4,5,3,2,3,8,2,4,6,2,5,4,10,1,5,6,8,3,1,2,3,8,9,6,10,4,5,7,2,3,7,1,7,1,3,4,5,2,9",1:M6 M63 M75 M84 M100 M118 M125 M137 M155 M160 M173 M175 | 2:M7 M17 M33 M39 M49 M57 M62 M71 M108 M110 M138 M145 M148 M151 M161 M170 M179 | 3:M1 M13 M19 M28 M31 M40 M42 M65 M79 M85 M96 M114 M130 M132 M140 M144 M146 M159 M162 M171 M176 | 4:M9 M20 M23 M34 M46 M61 M70 M74 M80 M103 M112 M127 M133 M139 M142 M149 M153 M167 M177 | 5:M3 M14 M21 M25 M37 M41 M44 M55 M68 M77 M88 M93 M101 M104 M121 M123 M143 M152 M156 M168 M178 | 6:M2 M18 M29 M30 M45 M50 M59 M64 M69 M73 M89 M92 M105 M115 M117 M120 M136 M150 M157 M165 | 7:M10 M22 M32 M47 M52 M56 M66 M76 M81 M87 M95 M102 M107 M109 M116 M119 M124 M169 M172 M174 | 8:M8 M11 M24 M36 M48 M53 M58 M60 M67 M82 M90 M99 M106 M111 M122 M128 M135 M141 M147 M158 M163 | 9:M5 M12 M16 M26 M35 M43 M54 M78 M83 M91 M98 M113 M126 M131 M164 M180 | 10:M4 M15 M27 M38 M51 M72 M86 M94 M97 M129 M134 M154 M166,,"domain reduction: sessions, fixed meetings, forbidden slots | precedence domain propagation: fixed point over direct edges | full precedence closure: cycle detection and graph statistics only | (20),(22)-(27) exactly once over reduced domains | (19) participant atMost-one per slot | (46),(47) clustered table capacity with full channeling | (28) staircase/support precedence over reduced domains and direct E | usedSlot channeling + exact per-idle-slot break cost | (43) exactly |Mp| reduced usedSlot variables | (44) atMost 2|L| busy participants per slot | (45) exact even number of busy participants | exact unary internal-idle counts and range objective over P*",,,result,53613,366,4,53979
table07,tic-13crafb.fixed020-Forb,tic-13crafb.fixed020-Forb,SAT,OPTIMAL,0.13882,22765,57743,368,0,58111,,peak_process_tree_rss_mb,maxsat,traditional,direct,no,imp12+,lexicographic_internal_idle_range_pstar_then_idle_sum,lex-idlesum,,,1,1,44,"1,2,3,4,5,6,7,8,9,10,11,12,13,14,15,16,17,18,19,20,21,22,24,25,26,27,28,29,30,31,32,33,34,35,36,37,38,40,41,42,43,44,45,46",1,1,1,1,0,0,0,0,8,8,"0,0,0,0,0,0,0,0,0,0,1,0,0,0,0,0,0,0,0,0,0,0,0,0,0,0,0,0,0,0,0,0,0,0,0,0,0,0,0,0,0,0,0,0,0,0","26,32,38,40,42,42,42,42,34,30","4,1,3,7,8,5,2,3,7,8,8,10,6,4,7,8,9,6,5,7,8,3,9,7,5,4,8,2,3,1,1,5,6,9,3,7,4,8,10,10,9,1,2,5,7,8,6,10,4,2,1,7,9,5,3,6,6,1,8,3,10,4,7,3,9,6,5,8,8,4,2,9,4,10,8,1,5,6,7,3,2,4,9,6,5,2,7,4,5,10,1,8,5,2,6,7,9,5,4,10,8,6,7,5,3,10,8,4,6,2,1,10,6,8,7,5,4,10,6,4,9,2,8,5,3,7,10,6,10,3,9,5,1,7,9,8,4,10,6,2,3,7,3,7,9,5,7,4,2,3,9,6,8,2,1,9,9,3,2,1,4,6,5,10,4,7,9,3,6,2,8,5,1,3,8,7,5,6,4,6,2,5,3,4",1:M2 M30 M31 M42 M51 M58 M76 M91 M111 M133 M155 M160 M173 | 2:M7 M28 M43 M50 M71 M81 M86 M94 M110 M122 M140 M149 M154 M159 M170 M181 | 3:M3 M8 M22 M29 M35 M55 M60 M64 M80 M105 M125 M130 M141 M143 M150 M158 M168 M174 M183 | 4:M1 M14 M26 M37 M49 M62 M70 M73 M82 M88 M99 M108 M117 M120 M137 M148 M161 M165 M179 M184 | 5:M6 M19 M25 M32 M44 M54 M67 M77 M85 M89 M93 M98 M104 M116 M124 M132 M146 M163 M172 M177 M182 | 6:M13 M18 M33 M47 M56 M57 M66 M78 M84 M95 M102 M109 M113 M119 M128 M139 M152 M162 M169 M178 M180 | 7:M4 M9 M15 M20 M24 M36 M45 M52 M63 M79 M87 M96 M103 M115 M126 M134 M142 M144 M147 M166 M176 | 8:M5 M10 M11 M16 M21 M27 M38 M46 M59 M68 M69 M75 M92 M101 M107 M114 M123 M136 M153 M171 M175 | 9:M17 M23 M34 M41 M53 M65 M72 M83 M97 M121 M131 M135 M145 M151 M156 M157 M167 | 10:M12 M39 M40 M48 M61 M74 M90 M100 M106 M112 M118 M127 M129 M138 M164,,"domain reduction: sessions, fixed meetings, forbidden slots | precedence domain propagation: fixed point over direct edges | full precedence closure: cycle detection and graph statistics only | (20),(22)-(27) exactly once over reduced domains | (19) participant atMost-one per slot | (46),(47) clustered table capacity with full channeling | (28) traditional pairwise precedence over direct E | usedSlot channeling + exact per-idle-slot break cost | (43) exactly |Mp| reduced usedSlot variables | (44) atMost 2|L| busy participants per slot | (45) exact even number of busy participants | exact unary internal-idle counts and range objective over P*",,,result,57743,368,1,58111
table07,tic-13crafb.fixed020-Forb,tic-13crafb.fixed020-Forb,SAT,OPTIMAL,0.140021,22765,57743,368,0,58111,,peak_process_tree_rss_mb,maxsat,staircase,direct,yes,imp12+,lexicographic_internal_idle_range_pstar_then_idle_sum,lex-idlesum,,,1,1,44,"1,2,3,4,5,6,7,8,9,10,11,12,13,14,15,16,17,18,19,20,21,22,24,25,26,27,28,29,30,31,32,33,34,35,36,37,38,40,41,42,43,44,45,46",1,1,1,1,0,0,0,0,8,8,"0,0,0,0,0,0,0,0,0,0,1,0,0,0,0,0,0,0,0,0,0,0,0,0,0,0,0,0,0,0,0,0,0,0,0,0,0,0,0,0,0,0,0,0,0,0","26,32,38,40,42,42,42,42,34,30","4,1,3,7,8,5,2,3,7,8,8,10,6,4,7,8,9,6,5,7,8,3,9,7,5,4,8,2,3,1,1,5,6,9,3,7,4,8,10,10,9,1,2,5,7,8,6,10,4,2,1,7,9,5,3,6,6,1,8,3,10,4,7,3,9,6,5,8,8,4,2,9,4,10,8,1,5,6,7,3,2,4,9,6,5,2,7,4,5,10,1,8,5,2,6,7,9,5,4,10,8,6,7,5,3,10,8,4,6,2,1,10,6,8,7,5,4,10,6,4,9,2,8,5,3,7,10,6,10,3,9,5,1,7,9,8,4,10,6,2,3,7,3,7,9,5,7,4,2,3,9,6,8,2,1,9,9,3,2,1,4,6,5,10,4,7,9,3,6,2,8,5,1,3,8,7,5,6,4,6,2,5,3,4",1:M2 M30 M31 M42 M51 M58 M76 M91 M111 M133 M155 M160 M173 | 2:M7 M28 M43 M50 M71 M81 M86 M94 M110 M122 M140 M149 M154 M159 M170 M181 | 3:M3 M8 M22 M29 M35 M55 M60 M64 M80 M105 M125 M130 M141 M143 M150 M158 M168 M174 M183 | 4:M1 M14 M26 M37 M49 M62 M70 M73 M82 M88 M99 M108 M117 M120 M137 M148 M161 M165 M179 M184 | 5:M6 M19 M25 M32 M44 M54 M67 M77 M85 M89 M93 M98 M104 M116 M124 M132 M146 M163 M172 M177 M182 | 6:M13 M18 M33 M47 M56 M57 M66 M78 M84 M95 M102 M109 M113 M119 M128 M139 M152 M162 M169 M178 M180 | 7:M4 M9 M15 M20 M24 M36 M45 M52 M63 M79 M87 M96 M103 M115 M126 M134 M142 M144 M147 M166 M176 | 8:M5 M10 M11 M16 M21 M27 M38 M46 M59 M68 M69 M75 M92 M101 M107 M114 M123 M136 M153 M171 M175 | 9:M17 M23 M34 M41 M53 M65 M72 M83 M97 M121 M131 M135 M145 M151 M156 M157 M167 | 10:M12 M39 M40 M48 M61 M74 M90 M100 M106 M112 M118 M127 M129 M138 M164,,"domain reduction: sessions, fixed meetings, forbidden slots | precedence domain propagation: fixed point over direct edges | full precedence closure: cycle detection and graph statistics only | (20),(22)-(27) exactly once over reduced domains | (19) participant atMost-one per slot | (46),(47) clustered table capacity with full channeling | (28) staircase/support precedence over reduced domains and direct E | usedSlot channeling + exact per-idle-slot break cost | (43) exactly |Mp| reduced usedSlot variables | (44) atMost 2|L| busy participants per slot | (45) exact even number of busy participants | exact unary internal-idle counts and range objective over P*",,,result,57743,368,1,58111
table07,tic-13crafb.fixed040-Forb,tic-13crafb.fixed040-Forb,SAT,OPTIMAL,0.162871,21934,51012,368,0,51380,,peak_process_tree_rss_mb,maxsat,traditional,direct,no,imp12+,lexicographic_internal_idle_range_pstar_then_idle_sum,lex-idlesum,,,30,30,44,"1,2,3,4,5,6,7,8,9,10,11,12,13,14,15,16,17,18,19,20,21,22,24,25,26,27,28,29,30,31,32,33,34,35,36,37,38,40,41,42,43,44,45,46",30,4,4,4,0,0,0,0,8,8,"0,2,0,0,3,0,0,0,1,0,1,0,0,1,0,0,0,4,0,0,1,0,0,0,0,0,0,0,1,0,1,0,2,1,4,0,0,3,0,0,0,0,0,0,1,4","32,38,38,34,40,38,38,38,36,36","8,4,7,10,3,5,9,4,8,2,8,10,3,7,7,2,8,6,10,5,7,9,3,8,3,4,5,7,9,10,1,6,5,10,3,7,4,9,8,10,7,9,2,5,4,8,6,1,4,7,1,5,8,9,2,6,6,1,3,7,10,2,4,3,5,1,2,9,8,6,2,1,2,10,8,4,5,6,7,3,9,4,9,8,5,2,9,4,5,6,8,1,5,3,1,6,1,2,4,5,7,9,5,7,3,6,8,4,10,8,10,9,6,2,7,5,4,10,1,5,3,2,10,9,7,8,6,6,8,10,9,5,3,5,9,8,3,10,7,2,6,1,1,9,9,5,7,10,1,2,4,3,2,1,3,10,6,3,2,1,5,6,4,1,6,4,9,3,10,2,8,5,7,2,8,7,3,4,6,10,2,7,6,3",1:M31 M48 M51 M58 M66 M72 M92 M95 M97 M119 M142 M143 M149 M154 M160 M164 | 2:M10 M16 M43 M55 M62 M67 M71 M73 M86 M98 M114 M122 M140 M150 M153 M159 M170 M174 M181 | 3:M5 M13 M23 M25 M35 M59 M64 M80 M94 M105 M121 M133 M137 M152 M155 M158 M168 M177 M184 | 4:M2 M8 M26 M37 M45 M49 M63 M76 M82 M88 M99 M108 M117 M151 M163 M166 M178 | 5:M6 M20 M27 M33 M44 M52 M65 M77 M85 M89 M93 M100 M103 M116 M120 M132 M134 M146 M161 M172 | 6:M18 M32 M47 M56 M57 M70 M78 M90 M96 M106 M113 M127 M128 M141 M157 M162 M165 M179 M183 | 7:M3 M14 M15 M21 M28 M36 M41 M50 M60 M79 M101 M104 M115 M125 M139 M147 M173 M176 M182 | 8:M1 M9 M11 M17 M24 M39 M46 M53 M69 M75 M84 M91 M107 M110 M126 M129 M136 M171 M175 | 9:M7 M22 M29 M38 M42 M54 M68 M81 M83 M87 M102 M112 M124 M131 M135 M144 M145 M167 | 10:M4 M12 M19 M30 M34 M40 M61 M74 M109 M111 M118 M123 M130 M138 M148 M156 M169 M180,,"domain reduction: sessions, fixed meetings, forbidden slots | precedence domain propagation: fixed point over direct edges | full precedence closure: cycle detection and graph statistics only | (20),(22)-(27) exactly once over reduced domains | (19) participant atMost-one per slot | (46),(47) clustered table capacity with full channeling | (28) traditional pairwise precedence over direct E | usedSlot channeling + exact per-idle-slot break cost | (43) exactly |Mp| reduced usedSlot variables | (44) atMost 2|L| busy participants per slot | (45) exact even number of busy participants | exact unary internal-idle counts and range objective over P*",,,result,51012,368,4,51380
table07,tic-13crafb.fixed040-Forb,tic-13crafb.fixed040-Forb,SAT,OPTIMAL,0.164119,21934,51012,368,0,51380,,peak_process_tree_rss_mb,maxsat,staircase,direct,yes,imp12+,lexicographic_internal_idle_range_pstar_then_idle_sum,lex-idlesum,,,30,30,44,"1,2,3,4,5,6,7,8,9,10,11,12,13,14,15,16,17,18,19,20,21,22,24,25,26,27,28,29,30,31,32,33,34,35,36,37,38,40,41,42,43,44,45,46",30,4,4,4,0,0,0,0,8,8,"0,2,0,0,3,0,0,0,1,0,1,0,0,1,0,0,0,4,0,0,1,0,0,0,0,0,0,0,1,0,1,0,2,1,4,0,0,3,0,0,0,0,0,0,1,4","32,38,38,34,40,38,38,38,36,36","8,4,7,10,3,5,9,4,8,2,8,10,3,7,7,2,8,6,10,5,7,9,3,8,3,4,5,7,9,10,1,6,5,10,3,7,4,9,8,10,7,9,2,5,4,8,6,1,4,7,1,5,8,9,2,6,6,1,3,7,10,2,4,3,5,1,2,9,8,6,2,1,2,10,8,4,5,6,7,3,9,4,9,8,5,2,9,4,5,6,8,1,5,3,1,6,1,2,4,5,7,9,5,7,3,6,8,4,10,8,10,9,6,2,7,5,4,10,1,5,3,2,10,9,7,8,6,6,8,10,9,5,3,5,9,8,3,10,7,2,6,1,1,9,9,5,7,10,1,2,4,3,2,1,3,10,6,3,2,1,5,6,4,1,6,4,9,3,10,2,8,5,7,2,8,7,3,4,6,10,2,7,6,3",1:M31 M48 M51 M58 M66 M72 M92 M95 M97 M119 M142 M143 M149 M154 M160 M164 | 2:M10 M16 M43 M55 M62 M67 M71 M73 M86 M98 M114 M122 M140 M150 M153 M159 M170 M174 M181 | 3:M5 M13 M23 M25 M35 M59 M64 M80 M94 M105 M121 M133 M137 M152 M155 M158 M168 M177 M184 | 4:M2 M8 M26 M37 M45 M49 M63 M76 M82 M88 M99 M108 M117 M151 M163 M166 M178 | 5:M6 M20 M27 M33 M44 M52 M65 M77 M85 M89 M93 M100 M103 M116 M120 M132 M134 M146 M161 M172 | 6:M18 M32 M47 M56 M57 M70 M78 M90 M96 M106 M113 M127 M128 M141 M157 M162 M165 M179 M183 | 7:M3 M14 M15 M21 M28 M36 M41 M50 M60 M79 M101 M104 M115 M125 M139 M147 M173 M176 M182 | 8:M1 M9 M11 M17 M24 M39 M46 M53 M69 M75 M84 M91 M107 M110 M126 M129 M136 M171 M175 | 9:M7 M22 M29 M38 M42 M54 M68 M81 M83 M87 M102 M112 M124 M131 M135 M144 M145 M167 | 10:M4 M12 M19 M30 M34 M40 M61 M74 M109 M111 M118 M123 M130 M138 M148 M156 M169 M180,,"domain reduction: sessions, fixed meetings, forbidden slots | precedence domain propagation: fixed point over direct edges | full precedence closure: cycle detection and graph statistics only | (20),(22)-(27) exactly once over reduced domains | (19) participant atMost-one per slot | (46),(47) clustered table capacity with full channeling | (28) staircase/support precedence over reduced domains and direct E | usedSlot channeling + exact per-idle-slot break cost | (43) exactly |Mp| reduced usedSlot variables | (44) atMost 2|L| busy participants per slot | (45) exact even number of busy participants | exact unary internal-idle counts and range objective over P*",,,result,51012,368,4,51380
table07,tic-13crafc.fixed020-Forb,tic-13crafc.fixed020-Forb,TIMEOUT,TIMEOUT,3600.020382,24531,60296,6,0,60302,,peak_process_tree_rss_mb,maxsat,traditional,direct,no,imp12+,lexicographic_internal_idle_range_pstar_then_idle_sum,lex-idlesum,,,,,45,"1,3,4,5,6,7,8,9,10,11,12,13,14,15,16,17,18,19,20,21,22,23,24,25,26,27,28,29,30,31,32,33,34,35,36,37,38,40,41,42,43,44,45,46,47",,,,,0,0,0,0,6,360,,,,,,,,,,,,,60302
table07,tic-13crafc.fixed020-Forb,tic-13crafc.fixed020-Forb,TIMEOUT,TIMEOUT,3600.01723,24531,60296,6,0,60302,,peak_process_tree_rss_mb,maxsat,staircase,direct,yes,imp12+,lexicographic_internal_idle_range_pstar_then_idle_sum,lex-idlesum,,,,,45,"1,3,4,5,6,7,8,9,10,11,12,13,14,15,16,17,18,19,20,21,22,23,24,25,26,27,28,29,30,31,32,33,34,35,36,37,38,40,41,42,43,44,45,46,47",,,,,0,0,0,0,6,360,,,,,,,,,,,,,60302
table07,tic-13crafc.fixed040-Forb,tic-13crafc.fixed040-Forb,SAT,OPTIMAL,989.343605,23740,54041,366,0,54407,,peak_process_tree_rss_mb,maxsat,traditional,direct,no,imp12+,lexicographic_internal_idle_range_pstar_then_idle_sum,lex-idlesum,,,30,30,45,"1,3,4,5,6,7,8,9,10,11,12,13,14,15,16,17,18,19,20,21,22,23,24,25,26,27,28,29,30,31,32,33,34,35,36,37,38,40,41,42,43,44,45,46,47",30,4,4,4,0,0,0,0,6,6,"0,0,3,1,1,0,4,0,0,0,0,2,0,0,0,1,1,0,1,2,1,0,0,1,1,0,0,0,0,0,3,0,2,1,0,0,4,1,0,0,0,0,0,0,0,0,0","28,36,38,38,38,38,38,38,38,30","9,8,5,10,6,1,2,3,4,7,8,9,3,5,10,9,2,10,3,4,5,7,4,7,5,9,10,3,6,6,8,7,2,4,9,3,5,10,2,3,5,3,9,5,6,4,7,8,2,9,10,7,8,6,5,7,8,10,6,8,4,2,1,3,6,7,8,5,9,4,8,10,6,4,1,2,3,9,5,4,7,6,8,1,3,10,7,9,6,8,9,1,5,10,7,3,10,9,8,1,5,7,4,5,6,7,3,2,7,2,8,4,9,1,6,7,6,1,7,6,10,8,6,3,5,1,4,2,7,9,9,3,4,10,2,6,1,2,4,3,1,4,2,9,5,3,8,2,4,6,2,9,4,10,1,5,8,6,5,8,2,3,2,9,6,10,4,5,1,8,3,7,1,7,5,3,4,8,2,9",1:M6 M63 M75 M84 M92 M100 M114 M118 M126 M137 M141 M155 M169 M173 | 2:M7 M17 M33 M39 M49 M62 M76 M108 M110 M128 M135 M138 M143 M148 M151 M161 M163 M179 | 3:M8 M13 M19 M28 M36 M40 M42 M64 M77 M85 M96 M107 M124 M132 M140 M146 M162 M171 M176 | 4:M9 M20 M23 M34 M46 M61 M70 M74 M80 M103 M112 M127 M133 M139 M142 M149 M153 M167 M177 | 5:M3 M14 M21 M25 M37 M41 M44 M55 M68 M79 M93 M101 M104 M125 M145 M156 M159 M168 M175 | 6:M5 M29 M30 M45 M54 M59 M65 M73 M82 M89 M105 M115 M117 M120 M123 M136 M150 M158 M165 | 7:M10 M22 M24 M32 M47 M52 M56 M66 M81 M87 M95 M102 M106 M109 M116 M119 M129 M172 M174 | 8:M2 M11 M31 M48 M53 M57 M60 M67 M71 M83 M90 M99 M111 M122 M147 M157 M160 M170 M178 | 9:M1 M12 M16 M26 M35 M43 M50 M69 M78 M88 M91 M98 M113 M130 M131 M144 M152 M164 M180 | 10:M4 M15 M18 M27 M38 M51 M58 M72 M86 M94 M97 M121 M134 M154 M166,,"domain reduction: sessions, fixed meetings, forbidden slots | precedence domain propagation: fixed point over direct edges | full precedence closure: cycle detection and graph statistics only | (20),(22)-(27) exactly once over reduced domains | (19) participant atMost-one per slot | (46),(47) clustered table capacity with full channeling | (28) traditional pairwise precedence over direct E | usedSlot channeling + exact per-idle-slot break cost | (43) exactly |Mp| reduced usedSlot variables | (44) atMost 2|L| busy participants per slot | (45) exact even number of busy participants | exact unary internal-idle counts and range objective over P*",,,result,54041,366,4,54407
table07,tic-13crafc.fixed040-Forb,tic-13crafc.fixed040-Forb,SAT,OPTIMAL,933.810299,23740,54041,366,0,54407,,peak_process_tree_rss_mb,maxsat,staircase,direct,yes,imp12+,lexicographic_internal_idle_range_pstar_then_idle_sum,lex-idlesum,,,30,30,45,"1,3,4,5,6,7,8,9,10,11,12,13,14,15,16,17,18,19,20,21,22,23,24,25,26,27,28,29,30,31,32,33,34,35,36,37,38,40,41,42,43,44,45,46,47",30,4,4,4,0,0,0,0,6,6,"0,0,3,1,1,0,4,0,0,0,0,2,0,0,0,1,1,0,1,2,1,0,0,1,1,0,0,0,0,0,3,0,2,1,0,0,4,1,0,0,0,0,0,0,0,0,0","28,36,38,38,38,38,38,38,38,30","9,8,5,10,6,1,2,3,4,7,8,9,3,5,10,9,2,10,3,4,5,7,4,7,5,9,10,3,6,6,8,7,2,4,9,3,5,10,2,3,5,3,9,5,6,4,7,8,2,9,10,7,8,6,5,7,8,10,6,8,4,2,1,3,6,7,8,5,9,4,8,10,6,4,1,2,3,9,5,4,7,6,8,1,3,10,7,9,6,8,9,1,5,10,7,3,10,9,8,1,5,7,4,5,6,7,3,2,7,2,8,4,9,1,6,7,6,1,7,6,10,8,6,3,5,1,4,2,7,9,9,3,4,10,2,6,1,2,4,3,1,4,2,9,5,3,8,2,4,6,2,9,4,10,1,5,8,6,5,8,2,3,2,9,6,10,4,5,1,8,3,7,1,7,5,3,4,8,2,9",1:M6 M63 M75 M84 M92 M100 M114 M118 M126 M137 M141 M155 M169 M173 | 2:M7 M17 M33 M39 M49 M62 M76 M108 M110 M128 M135 M138 M143 M148 M151 M161 M163 M179 | 3:M8 M13 M19 M28 M36 M40 M42 M64 M77 M85 M96 M107 M124 M132 M140 M146 M162 M171 M176 | 4:M9 M20 M23 M34 M46 M61 M70 M74 M80 M103 M112 M127 M133 M139 M142 M149 M153 M167 M177 | 5:M3 M14 M21 M25 M37 M41 M44 M55 M68 M79 M93 M101 M104 M125 M145 M156 M159 M168 M175 | 6:M5 M29 M30 M45 M54 M59 M65 M73 M82 M89 M105 M115 M117 M120 M123 M136 M150 M158 M165 | 7:M10 M22 M24 M32 M47 M52 M56 M66 M81 M87 M95 M102 M106 M109 M116 M119 M129 M172 M174 | 8:M2 M11 M31 M48 M53 M57 M60 M67 M71 M83 M90 M99 M111 M122 M147 M157 M160 M170 M178 | 9:M1 M12 M16 M26 M35 M43 M50 M69 M78 M88 M91 M98 M113 M130 M131 M144 M152 M164 M180 | 10:M4 M15 M18 M27 M38 M51 M58 M72 M86 M94 M97 M121 M134 M154 M166,,"domain reduction: sessions, fixed meetings, forbidden slots | precedence domain propagation: fixed point over direct edges | full precedence closure: cycle detection and graph statistics only | (20),(22)-(27) exactly once over reduced domains | (19) participant atMost-one per slot | (46),(47) clustered table capacity with full channeling | (28) staircase/support precedence over reduced domains and direct E | usedSlot channeling + exact per-idle-slot break cost | (43) exactly |Mp| reduced usedSlot variables | (44) atMost 2|L| busy participants per slot | (45) exact even number of busy participants | exact unary internal-idle counts and range objective over P*",,,result,54041,366,4,54407
table07,tic-14crafa.fixed020-Forb,tic-14crafa.fixed020-Forb,SAT,OPTIMAL,0.189404,27486,71922,479,0,72401,,peak_process_tree_rss_mb,maxsat,traditional,direct,no,imp12+,lexicographic_internal_idle_range_pstar_then_idle_sum,lex-idlesum,,,3,3,59,"1,2,3,4,5,6,7,8,9,10,11,12,13,14,15,16,17,18,20,21,22,23,24,25,26,27,28,29,30,31,32,33,34,35,36,37,38,39,40,41,42,43,44,45,46,47,48,49,50,51,52,53,54,55,56,57,58,59,60",3,2,2,2,0,0,0,0,7,7,"0,0,0,0,0,0,0,2,0,0,0,0,0,0,0,0,0,0,0,0,0,0,0,0,0,0,0,0,0,0,0,0,0,0,0,0,0,0,0,0,0,0,0,0,1,0,0,0,0,0,0,0,0,0,0,0,0,0,0,0","40,48,52,54,54,54,52,46,40,34","6,5,2,3,7,8,1,10,2,4,4,5,6,3,9,10,2,8,4,10,4,5,7,5,8,9,10,7,8,1,4,2,8,10,3,8,2,7,5,2,9,7,4,6,5,2,8,3,7,9,4,8,1,6,10,9,7,2,1,3,5,4,6,3,1,7,9,2,5,10,7,6,5,9,1,8,3,4,7,8,2,9,1,5,10,6,6,3,4,1,2,5,3,9,4,7,5,6,6,9,1,10,4,3,5,2,1,3,6,5,7,4,8,2,4,7,5,10,3,6,8,2,4,3,2,5,4,7,1,6,6,5,2,9,4,8,10,6,1,3,5,7,9,8,10,3,6,8,7,3,1,4,5,9,10,2,3,8,7,6,2,8,4,3,6,1,9,7,10,6,9,3,1,4,2,6,3,9,1,1,3,7,8,4,3,2,8,9,6,5,4,7,5,5,8,7,9,2,4,10,6,1,7,2,10,5,6,3,8,4,2,1,6,4,7,8,5,7,3,9,6,2,3,8,5,7,4,10,6,3,4,1,5,7,5,9,6",1:M7 M30 M53 M59 M65 M75 M83 M90 M101 M107 M129 M139 M151 M166 M173 M179 M180 M202 M212 M232 | 2:M3 M9 M17 M32 M37 M40 M46 M58 M68 M81 M91 M106 M114 M122 M125 M133 M156 M161 M175 M186 M198 M204 M211 M222 | 3:M4 M14 M35 M48 M60 M64 M77 M88 M93 M104 M108 M119 M124 M140 M146 M150 M157 M164 M172 M177 M181 M185 M208 M219 M223 M230 | 4:M10 M11 M19 M21 M31 M43 M51 M62 M78 M89 M95 M103 M112 M115 M123 M127 M135 M152 M163 M174 M184 M191 M199 M210 M214 M227 M231 | 5:M2 M12 M22 M24 M39 M45 M61 M69 M73 M84 M92 M97 M105 M110 M117 M126 M132 M141 M153 M190 M193 M194 M206 M217 M225 M233 M235 | 6:M1 M13 M44 M54 M63 M72 M86 M87 M98 M99 M109 M120 M130 M131 M138 M147 M160 M165 M170 M176 M189 M201 M207 M213 M221 M229 M237 | 7:M5 M23 M28 M38 M42 M49 M57 M66 M71 M79 M96 M111 M116 M128 M142 M149 M159 M168 M182 M192 M196 M203 M215 M218 M226 M234 | 8:M6 M18 M25 M29 M33 M36 M47 M52 M76 M80 M113 M121 M136 M144 M148 M158 M162 M183 M187 M195 M209 M216 M224 | 9:M15 M26 M41 M50 M56 M67 M74 M82 M94 M100 M134 M143 M154 M167 M171 M178 M188 M197 M220 M236 | 10:M8 M16 M20 M27 M34 M55 M70 M85 M102 M118 M137 M145 M155 M169 M200 M205 M228,,"domain reduction: sessions, fixed meetings, forbidden slots | precedence domain propagation: fixed point over direct edges | full precedence closure: cycle detection and graph statistics only | (20),(22)-(27) exactly once over reduced domains | (19) participant atMost-one per slot | (46),(47) clustered table capacity with full channeling | (28) traditional pairwise precedence over direct E | usedSlot channeling + exact per-idle-slot break cost | (43) exactly |Mp| reduced usedSlot variables | (44) atMost 2|L| busy participants per slot | (45) exact even number of busy participants | exact unary internal-idle counts and range objective over P*",,,result,71922,479,2,72401
table07,tic-14crafa.fixed020-Forb,tic-14crafa.fixed020-Forb,SAT,OPTIMAL,0.186314,27486,71922,479,0,72401,,peak_process_tree_rss_mb,maxsat,staircase,direct,yes,imp12+,lexicographic_internal_idle_range_pstar_then_idle_sum,lex-idlesum,,,3,3,59,"1,2,3,4,5,6,7,8,9,10,11,12,13,14,15,16,17,18,20,21,22,23,24,25,26,27,28,29,30,31,32,33,34,35,36,37,38,39,40,41,42,43,44,45,46,47,48,49,50,51,52,53,54,55,56,57,58,59,60",3,2,2,2,0,0,0,0,7,7,"0,0,0,0,0,0,0,2,0,0,0,0,0,0,0,0,0,0,0,0,0,0,0,0,0,0,0,0,0,0,0,0,0,0,0,0,0,0,0,0,0,0,0,0,1,0,0,0,0,0,0,0,0,0,0,0,0,0,0,0","40,48,52,54,54,54,52,46,40,34","6,5,2,3,7,8,1,10,2,4,4,5,6,3,9,10,2,8,4,10,4,5,7,5,8,9,10,7,8,1,4,2,8,10,3,8,2,7,5,2,9,7,4,6,5,2,8,3,7,9,4,8,1,6,10,9,7,2,1,3,5,4,6,3,1,7,9,2,5,10,7,6,5,9,1,8,3,4,7,8,2,9,1,5,10,6,6,3,4,1,2,5,3,9,4,7,5,6,6,9,1,10,4,3,5,2,1,3,6,5,7,4,8,2,4,7,5,10,3,6,8,2,4,3,2,5,4,7,1,6,6,5,2,9,4,8,10,6,1,3,5,7,9,8,10,3,6,8,7,3,1,4,5,9,10,2,3,8,7,6,2,8,4,3,6,1,9,7,10,6,9,3,1,4,2,6,3,9,1,1,3,7,8,4,3,2,8,9,6,5,4,7,5,5,8,7,9,2,4,10,6,1,7,2,10,5,6,3,8,4,2,1,6,4,7,8,5,7,3,9,6,2,3,8,5,7,4,10,6,3,4,1,5,7,5,9,6",1:M7 M30 M53 M59 M65 M75 M83 M90 M101 M107 M129 M139 M151 M166 M173 M179 M180 M202 M212 M232 | 2:M3 M9 M17 M32 M37 M40 M46 M58 M68 M81 M91 M106 M114 M122 M125 M133 M156 M161 M175 M186 M198 M204 M211 M222 | 3:M4 M14 M35 M48 M60 M64 M77 M88 M93 M104 M108 M119 M124 M140 M146 M150 M157 M164 M172 M177 M181 M185 M208 M219 M223 M230 | 4:M10 M11 M19 M21 M31 M43 M51 M62 M78 M89 M95 M103 M112 M115 M123 M127 M135 M152 M163 M174 M184 M191 M199 M210 M214 M227 M231 | 5:M2 M12 M22 M24 M39 M45 M61 M69 M73 M84 M92 M97 M105 M110 M117 M126 M132 M141 M153 M190 M193 M194 M206 M217 M225 M233 M235 | 6:M1 M13 M44 M54 M63 M72 M86 M87 M98 M99 M109 M120 M130 M131 M138 M147 M160 M165 M170 M176 M189 M201 M207 M213 M221 M229 M237 | 7:M5 M23 M28 M38 M42 M49 M57 M66 M71 M79 M96 M111 M116 M128 M142 M149 M159 M168 M182 M192 M196 M203 M215 M218 M226 M234 | 8:M6 M18 M25 M29 M33 M36 M47 M52 M76 M80 M113 M121 M136 M144 M148 M158 M162 M183 M187 M195 M209 M216 M224 | 9:M15 M26 M41 M50 M56 M67 M74 M82 M94 M100 M134 M143 M154 M167 M171 M178 M188 M197 M220 M236 | 10:M8 M16 M20 M27 M34 M55 M70 M85 M102 M118 M137 M145 M155 M169 M200 M205 M228,,"domain reduction: sessions, fixed meetings, forbidden slots | precedence domain propagation: fixed point over direct edges | full precedence closure: cycle detection and graph statistics only | (20),(22)-(27) exactly once over reduced domains | (19) participant atMost-one per slot | (46),(47) clustered table capacity with full channeling | (28) staircase/support precedence over reduced domains and direct E | usedSlot channeling + exact per-idle-slot break cost | (43) exactly |Mp| reduced usedSlot variables | (44) atMost 2|L| busy participants per slot | (45) exact even number of busy participants | exact unary internal-idle counts and range objective over P*",,,result,71922,479,2,72401
table07,tic-14crafc.fixed020-Forb,tic-14crafc.fixed020-Forb,SAT,OPTIMAL,0.36672,27724,72438,479,0,72917,,peak_process_tree_rss_mb,maxsat,traditional,direct,no,imp12+,lexicographic_internal_idle_range_pstar_then_idle_sum,lex-idlesum,,,4,4,59,"1,2,3,4,5,6,7,8,9,10,11,12,13,14,15,16,17,18,20,21,22,23,24,25,26,27,28,29,30,31,32,33,34,35,36,37,38,39,40,41,42,43,44,45,46,47,48,49,50,51,52,53,54,55,56,57,58,59,60",4,2,2,2,0,0,0,0,7,7,"0,0,0,0,0,0,0,2,0,0,0,0,0,0,0,0,0,1,0,0,0,0,0,0,0,0,0,0,0,0,0,0,0,0,0,0,0,0,0,0,0,0,0,0,1,0,0,0,0,0,0,0,0,0,0,0,0,0,0,0","38,50,50,50,50,50,50,50,46,40","2,8,6,7,9,3,1,5,10,4,6,7,5,2,9,10,4,8,8,10,3,4,7,1,8,3,7,2,7,1,4,7,9,1,3,7,2,4,5,2,2,7,8,6,5,10,4,3,2,9,4,8,1,4,10,9,1,2,7,6,5,6,3,8,1,10,9,2,7,5,1,2,5,7,9,4,3,1,7,4,2,9,5,10,6,8,4,6,5,1,2,3,6,9,10,4,5,8,4,1,5,6,8,2,3,2,4,3,5,3,2,6,7,10,8,7,6,2,3,4,9,7,5,9,2,4,8,5,3,6,6,7,2,1,4,8,9,10,5,6,3,7,10,8,9,1,5,3,7,1,1,4,2,9,10,7,3,8,6,5,2,1,5,3,8,9,6,4,10,6,9,3,10,2,8,5,6,1,4,1,3,3,7,4,8,2,9,5,10,8,6,7,8,5,7,3,9,8,10,6,2,6,7,9,10,5,2,8,4,3,4,1,6,5,3,4,9,7,3,5,6,2,9,4,8,7,3,10,6,8,5,9,10,8,9,10,6",1:M7 M24 M30 M34 M53 M57 M65 M71 M78 M90 M100 M134 M146 M150 M151 M162 M178 M180 M212 | 2:M1 M14 M28 M37 M40 M41 M49 M58 M68 M72 M81 M91 M104 M106 M111 M118 M125 M133 M153 M161 M174 M186 M201 M207 M222 | 3:M6 M21 M26 M35 M48 M63 M77 M92 M105 M108 M110 M119 M129 M141 M148 M157 M164 M172 M181 M182 M196 M210 M215 M219 M227 | 4:M10 M17 M22 M31 M38 M47 M51 M54 M76 M80 M87 M96 M99 M107 M120 M126 M135 M152 M168 M179 M184 M209 M211 M216 M224 | 5:M8 M13 M39 M45 M61 M70 M73 M83 M89 M97 M101 M109 M123 M128 M139 M147 M160 M163 M176 M188 M194 M206 M214 M220 M231 | 6:M3 M11 M44 M60 M62 M85 M88 M93 M102 M112 M117 M130 M131 M140 M159 M167 M170 M177 M191 M200 M202 M213 M221 M229 M237 | 7:M4 M12 M23 M27 M29 M32 M36 M42 M59 M69 M74 M79 M113 M116 M122 M132 M142 M149 M156 M183 M192 M195 M203 M218 M226 | 8:M2 M18 M19 M25 M43 M52 M64 M86 M98 M103 M115 M127 M136 M144 M158 M165 M175 M185 M190 M193 M198 M208 M225 M230 M234 | 9:M5 M15 M33 M50 M56 M67 M75 M82 M94 M121 M124 M137 M145 M154 M166 M171 M187 M197 M204 M217 M223 M232 M235 | 10:M9 M16 M20 M46 M55 M66 M84 M95 M114 M138 M143 M155 M169 M173 M189 M199 M205 M228 M233 M236,,"domain reduction: sessions, fixed meetings, forbidden slots | precedence domain propagation: fixed point over direct edges | full precedence closure: cycle detection and graph statistics only | (20),(22)-(27) exactly once over reduced domains | (19) participant atMost-one per slot | (46),(47) clustered table capacity with full channeling | (28) traditional pairwise precedence over direct E | usedSlot channeling + exact per-idle-slot break cost | (43) exactly |Mp| reduced usedSlot variables | (44) atMost 2|L| busy participants per slot | (45) exact even number of busy participants | exact unary internal-idle counts and range objective over P*",,,result,72438,479,2,72917
table07,tic-14crafc.fixed020-Forb,tic-14crafc.fixed020-Forb,SAT,OPTIMAL,0.365893,27724,72438,479,0,72917,,peak_process_tree_rss_mb,maxsat,staircase,direct,yes,imp12+,lexicographic_internal_idle_range_pstar_then_idle_sum,lex-idlesum,,,4,4,59,"1,2,3,4,5,6,7,8,9,10,11,12,13,14,15,16,17,18,20,21,22,23,24,25,26,27,28,29,30,31,32,33,34,35,36,37,38,39,40,41,42,43,44,45,46,47,48,49,50,51,52,53,54,55,56,57,58,59,60",4,2,2,2,0,0,0,0,7,7,"0,0,0,0,0,0,0,2,0,0,0,0,0,0,0,0,0,1,0,0,0,0,0,0,0,0,0,0,0,0,0,0,0,0,0,0,0,0,0,0,0,0,0,0,1,0,0,0,0,0,0,0,0,0,0,0,0,0,0,0","38,50,50,50,50,50,50,50,46,40","2,8,6,7,9,3,1,5,10,4,6,7,5,2,9,10,4,8,8,10,3,4,7,1,8,3,7,2,7,1,4,7,9,1,3,7,2,4,5,2,2,7,8,6,5,10,4,3,2,9,4,8,1,4,10,9,1,2,7,6,5,6,3,8,1,10,9,2,7,5,1,2,5,7,9,4,3,1,7,4,2,9,5,10,6,8,4,6,5,1,2,3,6,9,10,4,5,8,4,1,5,6,8,2,3,2,4,3,5,3,2,6,7,10,8,7,6,2,3,4,9,7,5,9,2,4,8,5,3,6,6,7,2,1,4,8,9,10,5,6,3,7,10,8,9,1,5,3,7,1,1,4,2,9,10,7,3,8,6,5,2,1,5,3,8,9,6,4,10,6,9,3,10,2,8,5,6,1,4,1,3,3,7,4,8,2,9,5,10,8,6,7,8,5,7,3,9,8,10,6,2,6,7,9,10,5,2,8,4,3,4,1,6,5,3,4,9,7,3,5,6,2,9,4,8,7,3,10,6,8,5,9,10,8,9,10,6",1:M7 M24 M30 M34 M53 M57 M65 M71 M78 M90 M100 M134 M146 M150 M151 M162 M178 M180 M212 | 2:M1 M14 M28 M37 M40 M41 M49 M58 M68 M72 M81 M91 M104 M106 M111 M118 M125 M133 M153 M161 M174 M186 M201 M207 M222 | 3:M6 M21 M26 M35 M48 M63 M77 M92 M105 M108 M110 M119 M129 M141 M148 M157 M164 M172 M181 M182 M196 M210 M215 M219 M227 | 4:M10 M17 M22 M31 M38 M47 M51 M54 M76 M80 M87 M96 M99 M107 M120 M126 M135 M152 M168 M179 M184 M209 M211 M216 M224 | 5:M8 M13 M39 M45 M61 M70 M73 M83 M89 M97 M101 M109 M123 M128 M139 M147 M160 M163 M176 M188 M194 M206 M214 M220 M231 | 6:M3 M11 M44 M60 M62 M85 M88 M93 M102 M112 M117 M130 M131 M140 M159 M167 M170 M177 M191 M200 M202 M213 M221 M229 M237 | 7:M4 M12 M23 M27 M29 M32 M36 M42 M59 M69 M74 M79 M113 M116 M122 M132 M142 M149 M156 M183 M192 M195 M203 M218 M226 | 8:M2 M18 M19 M25 M43 M52 M64 M86 M98 M103 M115 M127 M136 M144 M158 M165 M175 M185 M190 M193 M198 M208 M225 M230 M234 | 9:M5 M15 M33 M50 M56 M67 M75 M82 M94 M121 M124 M137 M145 M154 M166 M171 M187 M197 M204 M217 M223 M232 M235 | 10:M9 M16 M20 M46 M55 M66 M84 M95 M114 M138 M143 M155 M169 M173 M189 M199 M205 M228 M233 M236,,"domain reduction: sessions, fixed meetings, forbidden slots | precedence domain propagation: fixed point over direct edges | full precedence closure: cycle detection and graph statistics only | (20),(22)-(27) exactly once over reduced domains | (19) participant atMost-one per slot | (46),(47) clustered table capacity with full channeling | (28) staircase/support precedence over reduced domains and direct E | usedSlot channeling + exact per-idle-slot break cost | (43) exactly |Mp| reduced usedSlot variables | (44) atMost 2|L| busy participants per slot | (45) exact even number of busy participants | exact unary internal-idle counts and range objective over P*",,,result,72438,479,2,72917
table07,tic-14crafd.fixed020-Forb,tic-14crafd.fixed020-Forb,SAT,OPTIMAL,0.185716,27685,72360,488,0,72848,,peak_process_tree_rss_mb,maxsat,traditional,direct,no,imp12+,lexicographic_internal_idle_range_pstar_then_idle_sum,lex-idlesum,,,4,4,59,"1,2,3,4,5,6,7,8,9,10,11,12,13,14,15,16,17,18,20,21,22,23,24,25,26,27,28,29,30,31,32,33,34,35,36,37,38,39,40,41,42,43,44,45,46,47,48,49,50,51,52,53,54,55,56,57,58,59,60",4,3,3,3,0,0,0,0,8,8,"0,0,0,0,0,0,0,0,0,0,0,0,0,0,0,0,0,0,0,0,0,0,0,0,0,0,0,0,0,0,0,0,0,1,0,0,0,0,0,0,0,0,0,0,0,0,0,0,0,3,0,0,0,0,0,0,0,0,0,0","40,46,50,50,50,50,50,50,46,40","4,9,7,5,8,10,2,3,4,1,10,2,7,6,4,8,3,10,1,9,5,6,7,8,2,7,9,7,2,8,6,7,10,7,6,6,9,3,7,6,2,9,10,3,5,4,1,9,5,2,6,4,8,10,1,3,9,2,4,1,7,5,1,2,4,7,6,9,10,5,3,8,4,10,5,3,1,5,8,2,3,1,6,9,10,7,4,7,1,6,8,3,5,4,2,2,8,4,7,1,3,4,8,9,6,5,8,5,6,7,4,8,5,3,1,2,4,10,7,9,8,5,9,10,8,4,5,7,3,6,5,3,6,4,5,3,8,9,1,10,6,7,9,4,10,2,7,1,3,3,2,3,10,4,7,6,9,1,5,8,6,10,8,5,1,7,9,9,4,6,8,3,2,5,4,9,1,7,2,10,3,6,4,5,2,9,3,9,2,10,6,8,6,2,3,5,8,6,4,1,1,1,8,2,5,7,3,4,10,6,9,5,8,6,5,3,1,4,2,7,5,9,8,6,10,4,10,7,3,2,9,8,7,3,8,2",1:M10 M19 M47 M55 M60 M63 M77 M82 M89 M100 M115 M139 M148 M158 M165 M177 M200 M201 M202 M217 | 2:M7 M12 M25 M29 M41 M50 M58 M64 M80 M95 M96 M116 M146 M151 M173 M179 M185 M189 M194 M204 M219 M230 M236 | 3:M8 M17 M38 M44 M56 M71 M76 M81 M92 M101 M114 M129 M132 M136 M149 M150 M152 M172 M181 M187 M195 M207 M216 M229 M234 | 4:M1 M9 M15 M46 M52 M59 M65 M73 M87 M94 M98 M102 M111 M117 M126 M134 M144 M154 M169 M175 M183 M199 M208 M218 M226 | 5:M4 M21 M45 M49 M62 M70 M75 M78 M93 M106 M108 M113 M122 M127 M131 M135 M159 M164 M174 M184 M196 M205 M212 M215 M221 | 6:M14 M22 M31 M35 M36 M40 M51 M67 M83 M90 M105 M109 M130 M133 M141 M156 M161 M170 M182 M191 M193 M198 M210 M214 M224 | 7:M3 M13 M23 M26 M28 M32 M34 M39 M61 M66 M86 M88 M99 M110 M119 M128 M142 M147 M155 M166 M178 M206 M220 M228 M233 | 8:M5 M16 M24 M30 M53 M72 M79 M91 M97 M103 M107 M112 M121 M125 M137 M160 M163 M171 M192 M197 M203 M213 M223 M232 M235 | 9:M2 M20 M27 M37 M42 M48 M57 M68 M84 M104 M120 M123 M138 M143 M157 M167 M168 M176 M186 M188 M211 M222 M231 | 10:M6 M11 M18 M33 M43 M54 M69 M74 M85 M118 M124 M140 M145 M153 M162 M180 M190 M209 M225 M227,,"domain reduction: sessions, fixed meetings, forbidden slots | precedence domain propagation: fixed point over direct edges | full precedence closure: cycle detection and graph statistics only | (20),(22)-(27) exactly once over reduced domains | (19) participant atMost-one per slot | (46),(47) clustered table capacity with full channeling | (28) traditional pairwise precedence over direct E | usedSlot channeling + exact per-idle-slot break cost | (43) exactly |Mp| reduced usedSlot variables | (44) atMost 2|L| busy participants per slot | (45) exact even number of busy participants | exact unary internal-idle counts and range objective over P*",,,result,72360,488,3,72848
table07,tic-14crafd.fixed020-Forb,tic-14crafd.fixed020-Forb,SAT,OPTIMAL,0.184308,27685,72360,488,0,72848,,peak_process_tree_rss_mb,maxsat,staircase,direct,yes,imp12+,lexicographic_internal_idle_range_pstar_then_idle_sum,lex-idlesum,,,4,4,59,"1,2,3,4,5,6,7,8,9,10,11,12,13,14,15,16,17,18,20,21,22,23,24,25,26,27,28,29,30,31,32,33,34,35,36,37,38,39,40,41,42,43,44,45,46,47,48,49,50,51,52,53,54,55,56,57,58,59,60",4,3,3,3,0,0,0,0,8,8,"0,0,0,0,0,0,0,0,0,0,0,0,0,0,0,0,0,0,0,0,0,0,0,0,0,0,0,0,0,0,0,0,0,1,0,0,0,0,0,0,0,0,0,0,0,0,0,0,0,3,0,0,0,0,0,0,0,0,0,0","40,46,50,50,50,50,50,50,46,40","4,9,7,5,8,10,2,3,4,1,10,2,7,6,4,8,3,10,1,9,5,6,7,8,2,7,9,7,2,8,6,7,10,7,6,6,9,3,7,6,2,9,10,3,5,4,1,9,5,2,6,4,8,10,1,3,9,2,4,1,7,5,1,2,4,7,6,9,10,5,3,8,4,10,5,3,1,5,8,2,3,1,6,9,10,7,4,7,1,6,8,3,5,4,2,2,8,4,7,1,3,4,8,9,6,5,8,5,6,7,4,8,5,3,1,2,4,10,7,9,8,5,9,10,8,4,5,7,3,6,5,3,6,4,5,3,8,9,1,10,6,7,9,4,10,2,7,1,3,3,2,3,10,4,7,6,9,1,5,8,6,10,8,5,1,7,9,9,4,6,8,3,2,5,4,9,1,7,2,10,3,6,4,5,2,9,3,9,2,10,6,8,6,2,3,5,8,6,4,1,1,1,8,2,5,7,3,4,10,6,9,5,8,6,5,3,1,4,2,7,5,9,8,6,10,4,10,7,3,2,9,8,7,3,8,2",1:M10 M19 M47 M55 M60 M63 M77 M82 M89 M100 M115 M139 M148 M158 M165 M177 M200 M201 M202 M217 | 2:M7 M12 M25 M29 M41 M50 M58 M64 M80 M95 M96 M116 M146 M151 M173 M179 M185 M189 M194 M204 M219 M230 M236 | 3:M8 M17 M38 M44 M56 M71 M76 M81 M92 M101 M114 M129 M132 M136 M149 M150 M152 M172 M181 M187 M195 M207 M216 M229 M234 | 4:M1 M9 M15 M46 M52 M59 M65 M73 M87 M94 M98 M102 M111 M117 M126 M134 M144 M154 M169 M175 M183 M199 M208 M218 M226 | 5:M4 M21 M45 M49 M62 M70 M75 M78 M93 M106 M108 M113 M122 M127 M131 M135 M159 M164 M174 M184 M196 M205 M212 M215 M221 | 6:M14 M22 M31 M35 M36 M40 M51 M67 M83 M90 M105 M109 M130 M133 M141 M156 M161 M170 M182 M191 M193 M198 M210 M214 M224 | 7:M3 M13 M23 M26 M28 M32 M34 M39 M61 M66 M86 M88 M99 M110 M119 M128 M142 M147 M155 M166 M178 M206 M220 M228 M233 | 8:M5 M16 M24 M30 M53 M72 M79 M91 M97 M103 M107 M112 M121 M125 M137 M160 M163 M171 M192 M197 M203 M213 M223 M232 M235 | 9:M2 M20 M27 M37 M42 M48 M57 M68 M84 M104 M120 M123 M138 M143 M157 M167 M168 M176 M186 M188 M211 M222 M231 | 10:M6 M11 M18 M33 M43 M54 M69 M74 M85 M118 M124 M140 M145 M153 M162 M180 M190 M209 M225 M227,,"domain reduction: sessions, fixed meetings, forbidden slots | precedence domain propagation: fixed point over direct edges | full precedence closure: cycle detection and graph statistics only | (20),(22)-(27) exactly once over reduced domains | (19) participant atMost-one per slot | (46),(47) clustered table capacity with full channeling | (28) staircase/support precedence over reduced domains and direct E | usedSlot channeling + exact per-idle-slot break cost | (43) exactly |Mp| reduced usedSlot variables | (44) atMost 2|L| busy participants per slot | (45) exact even number of busy participants | exact unary internal-idle counts and range objective over P*",,,result,72360,488,3,72848
table07,ticf-13crafa.fixed020-Forb,ticf-13crafa.fixed020-Forb,SAT,OPTIMAL,1.371931,84484,195534,1139,0,196673,,peak_process_tree_rss_mb,maxsat,traditional,direct,no,imp12+,lexicographic_internal_idle_range_pstar_then_idle_sum,lex-idlesum,,,154,154,58,"1,2,3,4,5,6,7,8,9,10,11,12,13,14,15,16,18,19,23,24,25,26,27,28,29,30,31,32,33,34,35,36,37,38,39,40,41,42,44,45,46,47,48,49,50,52,53,54,56,57,59,60,62,63,64,65,66,70",154,10,10,12,0,0,0,0,19,19,"2,2,6,2,2,2,2,2,2,3,2,2,2,2,2,2,0,5,2,0,0,0,2,2,2,4,2,2,2,2,2,2,2,2,2,2,2,2,4,2,2,4,0,8,2,12,2,2,2,3,0,2,2,2,0,5,3,0,2,2,0,2,2,2,2,5,0,0,0,2","4,10,8,12,22,20,28,28,28,28,28,22,24,14,4,12,2,6,2,4,2","8,11,5,6,10,7,9,2,1,14,11,7,14,9,13,16,10,8,4,8,5,7,11,6,7,3,10,7,2,9,5,8,6,13,5,8,11,7,9,12,12,11,14,18,16,13,12,10,11,14,9,16,18,15,13,10,19,6,9,10,11,12,9,8,20,10,14,9,4,5,8,2,3,6,13,7,12,7,9,8,10,13,5,12,6,11,1,4,9,20,7,10,8,11,13,14,6,16,13,9,10,5,11,8,10,8,4,5,9,11,12,7,2,5,13,11,12,8,10,7,9,12,4,16,15,7,6,8,11,5,14,13,3,5,12,11,6,13,10,21,16,3,18,4,17,2,9,7,13,8,10,12,6,7",1:M9 M87 | 2:M8 M29 M72 M113 M146 | 3:M26 M73 M133 M142 | 4:M19 M69 M88 M107 M123 M144 | 5:M3 M21 M31 M35 M70 M83 M102 M108 M114 M130 M134 | 6:M4 M24 M33 M58 M74 M85 M97 M127 M137 M153 | 7:M6 M12 M22 M25 M28 M38 M76 M78 M91 M112 M120 M126 M148 M154 | 8:M1 M18 M20 M32 M36 M64 M71 M80 M93 M104 M106 M118 M128 M150 | 9:M7 M14 M30 M39 M51 M59 M63 M68 M79 M89 M100 M109 M121 M147 | 10:M5 M17 M27 M48 M56 M60 M66 M81 M92 M101 M105 M119 M139 M151 | 11:M2 M11 M23 M37 M42 M49 M61 M86 M94 M103 M110 M116 M129 M136 | 12:M40 M41 M47 M62 M77 M84 M111 M117 M122 M135 M152 | 13:M15 M34 M46 M55 M75 M82 M95 M99 M115 M132 M138 M149 | 14:M10 M13 M43 M50 M67 M96 M131 | 15:M54 M125 | 16:M16 M45 M52 M98 M124 M141 | 17:M145 | 18:M44 M53 M143 | 19:M57 | 20:M65 M90 | 21:M140,,"domain reduction: sessions, fixed meetings, forbidden slots | precedence domain propagation: fixed point over direct edges | full precedence closure: cycle detection and graph statistics only | (20),(22)-(27) exactly once over reduced domains | (19) participant atMost-one per slot | (46),(47) clustered table capacity with full channeling | (28) traditional pairwise precedence over direct E | usedSlot channeling + exact per-idle-slot break cost | (43) exactly |Mp| reduced usedSlot variables | (44) atMost 2|L| busy participants per slot | (45) exact even number of busy participants | exact unary internal-idle counts and range objective over P*",,,result,195534,1139,10,196673
table07,ticf-13crafa.fixed020-Forb,ticf-13crafa.fixed020-Forb,SAT,OPTIMAL,1.376076,84484,195534,1139,0,196673,,peak_process_tree_rss_mb,maxsat,staircase,direct,yes,imp12+,lexicographic_internal_idle_range_pstar_then_idle_sum,lex-idlesum,,,154,154,58,"1,2,3,4,5,6,7,8,9,10,11,12,13,14,15,16,18,19,23,24,25,26,27,28,29,30,31,32,33,34,35,36,37,38,39,40,41,42,44,45,46,47,48,49,50,52,53,54,56,57,59,60,62,63,64,65,66,70",154,10,10,12,0,0,0,0,19,19,"2,2,6,2,2,2,2,2,2,3,2,2,2,2,2,2,0,5,2,0,0,0,2,2,2,4,2,2,2,2,2,2,2,2,2,2,2,2,4,2,2,4,0,8,2,12,2,2,2,3,0,2,2,2,0,5,3,0,2,2,0,2,2,2,2,5,0,0,0,2","4,10,8,12,22,20,28,28,28,28,28,22,24,14,4,12,2,6,2,4,2","8,11,5,6,10,7,9,2,1,14,11,7,14,9,13,16,10,8,4,8,5,7,11,6,7,3,10,7,2,9,5,8,6,13,5,8,11,7,9,12,12,11,14,18,16,13,12,10,11,14,9,16,18,15,13,10,19,6,9,10,11,12,9,8,20,10,14,9,4,5,8,2,3,6,13,7,12,7,9,8,10,13,5,12,6,11,1,4,9,20,7,10,8,11,13,14,6,16,13,9,10,5,11,8,10,8,4,5,9,11,12,7,2,5,13,11,12,8,10,7,9,12,4,16,15,7,6,8,11,5,14,13,3,5,12,11,6,13,10,21,16,3,18,4,17,2,9,7,13,8,10,12,6,7",1:M9 M87 | 2:M8 M29 M72 M113 M146 | 3:M26 M73 M133 M142 | 4:M19 M69 M88 M107 M123 M144 | 5:M3 M21 M31 M35 M70 M83 M102 M108 M114 M130 M134 | 6:M4 M24 M33 M58 M74 M85 M97 M127 M137 M153 | 7:M6 M12 M22 M25 M28 M38 M76 M78 M91 M112 M120 M126 M148 M154 | 8:M1 M18 M20 M32 M36 M64 M71 M80 M93 M104 M106 M118 M128 M150 | 9:M7 M14 M30 M39 M51 M59 M63 M68 M79 M89 M100 M109 M121 M147 | 10:M5 M17 M27 M48 M56 M60 M66 M81 M92 M101 M105 M119 M139 M151 | 11:M2 M11 M23 M37 M42 M49 M61 M86 M94 M103 M110 M116 M129 M136 | 12:M40 M41 M47 M62 M77 M84 M111 M117 M122 M135 M152 | 13:M15 M34 M46 M55 M75 M82 M95 M99 M115 M132 M138 M149 | 14:M10 M13 M43 M50 M67 M96 M131 | 15:M54 M125 | 16:M16 M45 M52 M98 M124 M141 | 17:M145 | 18:M44 M53 M143 | 19:M57 | 20:M65 M90 | 21:M140,,"domain reduction: sessions, fixed meetings, forbidden slots | precedence domain propagation: fixed point over direct edges | full precedence closure: cycle detection and graph statistics only | (20),(22)-(27) exactly once over reduced domains | (19) participant atMost-one per slot | (46),(47) clustered table capacity with full channeling | (28) staircase/support precedence over reduced domains and direct E | usedSlot channeling + exact per-idle-slot break cost | (43) exactly |Mp| reduced usedSlot variables | (44) atMost 2|L| busy participants per slot | (45) exact even number of busy participants | exact unary internal-idle counts and range objective over P*",,,result,195534,1139,10,196673
table07,ticf-13crafa.fixed040-Forb,ticf-13crafa.fixed040-Forb,SAT,OPTIMAL,1.036186,72060,166357,1050,0,167407,,peak_process_tree_rss_mb,maxsat,traditional,direct,no,imp12+,lexicographic_internal_idle_range_pstar_then_idle_sum,lex-idlesum,,,239,239,58,"1,2,3,4,5,6,7,8,9,10,11,12,13,14,15,16,18,19,23,24,25,26,27,28,29,30,31,32,33,34,35,36,37,38,39,40,41,42,44,45,46,47,48,49,50,52,53,54,56,57,59,60,62,63,64,65,66,70",239,12,12,14,0,0,0,0,19,19,"2,2,8,4,2,3,2,2,7,2,5,2,2,10,2,3,0,5,2,0,0,0,3,2,2,5,4,2,9,2,8,2,2,2,2,9,2,2,7,9,2,4,0,7,3,12,2,2,2,14,0,2,2,2,0,6,7,0,10,2,0,2,2,8,2,5,0,0,0,2","10,10,12,16,14,20,26,28,28,28,24,20,20,12,8,6,8,2,4,8,4","7,9,2,6,11,8,5,4,1,14,14,11,21,13,18,9,10,17,4,7,3,9,8,10,7,8,10,7,2,8,4,6,9,8,5,10,11,7,9,1,12,4,15,17,14,13,12,8,3,9,5,16,13,20,10,12,19,6,10,7,11,9,12,9,20,10,14,5,11,4,8,2,3,6,7,13,12,7,2,1,13,12,9,10,8,11,4,6,5,20,8,9,7,11,13,14,6,15,12,8,10,13,6,1,10,11,7,13,5,9,12,8,3,12,3,7,1,11,10,9,6,19,10,20,16,13,8,11,15,7,9,14,17,9,12,8,13,15,3,21,10,6,7,4,17,2,11,16,6,5,10,11,4,8",1:M9 M40 M80 M104 M117 | 2:M3 M29 M72 M79 M146 | 3:M21 M49 M73 M113 M115 M139 | 4:M8 M19 M31 M42 M70 M87 M144 M153 | 5:M7 M35 M51 M68 M89 M109 M150 | 6:M4 M32 M58 M74 M88 M97 M103 M121 M142 M149 | 7:M1 M20 M25 M28 M38 M60 M75 M78 M93 M107 M116 M130 M143 | 8:M6 M23 M26 M30 M34 M48 M71 M85 M91 M100 M112 M127 M136 M154 | 9:M2 M16 M22 M33 M39 M50 M62 M64 M83 M92 M110 M120 M131 M134 | 10:M17 M24 M27 M36 M55 M59 M66 M84 M101 M105 M119 M123 M141 M151 | 11:M5 M12 M37 M61 M69 M86 M94 M106 M118 M128 M147 M152 | 12:M41 M47 M56 M63 M77 M82 M99 M111 M114 M135 | 13:M14 M46 M53 M76 M81 M95 M102 M108 M126 M137 | 14:M10 M11 M45 M67 M96 M132 | 15:M43 M98 M129 M138 | 16:M52 M125 M148 | 17:M18 M44 M133 M145 | 18:M15 | 19:M57 M122 | 20:M54 M65 M90 M124 | 21:M13 M140,,"domain reduction: sessions, fixed meetings, forbidden slots | precedence domain propagation: fixed point over direct edges | full precedence closure: cycle detection and graph statistics only | (20),(22)-(27) exactly once over reduced domains | (19) participant atMost-one per slot | (46),(47) clustered table capacity with full channeling | (28) traditional pairwise precedence over direct E | usedSlot channeling + exact per-idle-slot break cost | (43) exactly |Mp| reduced usedSlot variables | (44) atMost 2|L| busy participants per slot | (45) exact even number of busy participants | exact unary internal-idle counts and range objective over P*",,,result,166357,1050,12,167407
table07,ticf-13crafa.fixed040-Forb,ticf-13crafa.fixed040-Forb,SAT,OPTIMAL,1.031872,72060,166357,1050,0,167407,,peak_process_tree_rss_mb,maxsat,staircase,direct,yes,imp12+,lexicographic_internal_idle_range_pstar_then_idle_sum,lex-idlesum,,,239,239,58,"1,2,3,4,5,6,7,8,9,10,11,12,13,14,15,16,18,19,23,24,25,26,27,28,29,30,31,32,33,34,35,36,37,38,39,40,41,42,44,45,46,47,48,49,50,52,53,54,56,57,59,60,62,63,64,65,66,70",239,12,12,14,0,0,0,0,19,19,"2,2,8,4,2,3,2,2,7,2,5,2,2,10,2,3,0,5,2,0,0,0,3,2,2,5,4,2,9,2,8,2,2,2,2,9,2,2,7,9,2,4,0,7,3,12,2,2,2,14,0,2,2,2,0,6,7,0,10,2,0,2,2,8,2,5,0,0,0,2","10,10,12,16,14,20,26,28,28,28,24,20,20,12,8,6,8,2,4,8,4","7,9,2,6,11,8,5,4,1,14,14,11,21,13,18,9,10,17,4,7,3,9,8,10,7,8,10,7,2,8,4,6,9,8,5,10,11,7,9,1,12,4,15,17,14,13,12,8,3,9,5,16,13,20,10,12,19,6,10,7,11,9,12,9,20,10,14,5,11,4,8,2,3,6,7,13,12,7,2,1,13,12,9,10,8,11,4,6,5,20,8,9,7,11,13,14,6,15,12,8,10,13,6,1,10,11,7,13,5,9,12,8,3,12,3,7,1,11,10,9,6,19,10,20,16,13,8,11,15,7,9,14,17,9,12,8,13,15,3,21,10,6,7,4,17,2,11,16,6,5,10,11,4,8",1:M9 M40 M80 M104 M117 | 2:M3 M29 M72 M79 M146 | 3:M21 M49 M73 M113 M115 M139 | 4:M8 M19 M31 M42 M70 M87 M144 M153 | 5:M7 M35 M51 M68 M89 M109 M150 | 6:M4 M32 M58 M74 M88 M97 M103 M121 M142 M149 | 7:M1 M20 M25 M28 M38 M60 M75 M78 M93 M107 M116 M130 M143 | 8:M6 M23 M26 M30 M34 M48 M71 M85 M91 M100 M112 M127 M136 M154 | 9:M2 M16 M22 M33 M39 M50 M62 M64 M83 M92 M110 M120 M131 M134 | 10:M17 M24 M27 M36 M55 M59 M66 M84 M101 M105 M119 M123 M141 M151 | 11:M5 M12 M37 M61 M69 M86 M94 M106 M118 M128 M147 M152 | 12:M41 M47 M56 M63 M77 M82 M99 M111 M114 M135 | 13:M14 M46 M53 M76 M81 M95 M102 M108 M126 M137 | 14:M10 M11 M45 M67 M96 M132 | 15:M43 M98 M129 M138 | 16:M52 M125 M148 | 17:M18 M44 M133 M145 | 18:M15 | 19:M57 M122 | 20:M54 M65 M90 M124 | 21:M13 M140,,"domain reduction: sessions, fixed meetings, forbidden slots | precedence domain propagation: fixed point over direct edges | full precedence closure: cycle detection and graph statistics only | (20),(22)-(27) exactly once over reduced domains | (19) participant atMost-one per slot | (46),(47) clustered table capacity with full channeling | (28) staircase/support precedence over reduced domains and direct E | usedSlot channeling + exact per-idle-slot break cost | (43) exactly |Mp| reduced usedSlot variables | (44) atMost 2|L| busy participants per slot | (45) exact even number of busy participants | exact unary internal-idle counts and range objective over P*",,,result,166357,1050,12,167407
table07,ticf-13crafb.fixed020-Forb,ticf-13crafb.fixed020-Forb,TIMEOUT,TIMEOUT,3600.02651,85524,213371,20,0,213391,,peak_process_tree_rss_mb,maxsat,traditional,direct,no,imp12+,lexicographic_internal_idle_range_pstar_then_idle_sum,lex-idlesum,,,,,56,"1,2,3,4,7,8,9,10,12,13,14,15,16,17,18,19,20,21,22,23,24,25,26,28,29,30,31,32,33,36,37,38,39,40,41,42,43,44,45,47,48,51,53,54,56,57,58,59,60,61,62,63,64,65,66,76",,,,,0,0,0,0,20,1217,,,,,,,,,,,,,213391
table07,ticf-13crafb.fixed020-Forb,ticf-13crafb.fixed020-Forb,TIMEOUT,TIMEOUT,3600.020492,85524,213371,20,0,213391,,peak_process_tree_rss_mb,maxsat,staircase,direct,yes,imp12+,lexicographic_internal_idle_range_pstar_then_idle_sum,lex-idlesum,,,,,56,"1,2,3,4,7,8,9,10,12,13,14,15,16,17,18,19,20,21,22,23,24,25,26,28,29,30,31,32,33,36,37,38,39,40,41,42,43,44,45,47,48,51,53,54,56,57,58,59,60,61,62,63,64,65,66,76",,,,,0,0,0,0,20,1217,,,,,,,,,,,,,213391
table07,ticf-13crafc.fixed020-Forb,ticf-13crafc.fixed020-Forb,SAT,OPTIMAL,2.501887,84614,195846,1139,0,196985,,peak_process_tree_rss_mb,maxsat,traditional,direct,no,imp12+,lexicographic_internal_idle_range_pstar_then_idle_sum,lex-idlesum,,,154,154,58,"1,2,3,4,5,6,7,8,9,10,11,12,13,14,15,16,18,19,23,24,25,26,27,28,29,30,31,32,33,34,35,36,37,38,39,40,41,42,44,45,46,47,48,49,50,52,53,54,56,57,59,60,62,63,64,65,66,70",154,10,10,12,0,0,0,0,19,19,"2,2,6,2,2,2,2,2,2,3,2,2,2,2,2,2,0,5,2,0,0,0,2,2,2,4,2,2,2,2,2,2,2,2,2,2,2,2,4,2,2,4,0,8,2,12,2,2,2,3,0,2,2,2,0,5,3,0,2,2,0,2,2,2,2,5,0,0,0,2","6,10,14,16,20,24,24,24,24,24,24,24,24,14,10,6,4,6,4,4,2","2,11,4,6,10,9,7,3,1,14,14,12,16,8,15,13,10,7,4,5,6,11,8,7,7,10,10,7,2,9,4,8,5,13,5,8,11,6,9,12,12,13,14,18,17,13,12,10,10,13,9,16,15,14,11,12,19,6,9,8,11,11,12,8,20,10,9,9,5,4,11,2,3,6,12,7,1,7,5,10,12,13,8,11,9,6,1,3,7,20,8,15,9,11,13,14,6,18,13,7,10,5,6,8,10,9,8,4,13,11,12,5,3,4,11,7,13,5,10,3,6,12,9,15,14,7,6,4,2,5,3,13,8,6,19,5,7,15,12,21,9,3,18,4,17,2,14,16,12,8,10,13,6,11",1:M9 M77 M87 | 2:M1 M29 M72 M129 M146 | 3:M8 M73 M88 M113 M120 M131 M142 | 4:M3 M19 M31 M70 M108 M114 M128 M144 | 5:M20 M33 M35 M69 M79 M102 M112 M118 M130 M136 | 6:M4 M21 M38 M58 M74 M86 M97 M103 M121 M127 M134 M153 | 7:M7 M18 M24 M25 M28 M76 M78 M89 M100 M116 M126 M137 | 8:M14 M23 M32 M36 M60 M64 M83 M91 M104 M107 M133 M150 | 9:M6 M30 M39 M51 M59 M67 M68 M85 M93 M106 M123 M141 | 10:M5 M17 M26 M27 M48 M49 M66 M80 M101 M105 M119 M151 | 11:M2 M22 M37 M55 M61 M62 M71 M84 M94 M110 M115 M154 | 12:M12 M40 M41 M47 M56 M63 M75 M81 M111 M122 M139 M149 | 13:M16 M34 M42 M46 M50 M82 M95 M99 M109 M117 M132 M152 | 14:M10 M11 M43 M54 M96 M125 M147 | 15:M15 M53 M92 M124 M138 | 16:M13 M52 M148 | 17:M45 M145 | 18:M44 M98 M143 | 19:M57 M135 | 20:M65 M90 | 21:M140,,"domain reduction: sessions, fixed meetings, forbidden slots | precedence domain propagation: fixed point over direct edges | full precedence closure: cycle detection and graph statistics only | (20),(22)-(27) exactly once over reduced domains | (19) participant atMost-one per slot | (46),(47) clustered table capacity with full channeling | (28) traditional pairwise precedence over direct E | usedSlot channeling + exact per-idle-slot break cost | (43) exactly |Mp| reduced usedSlot variables | (44) atMost 2|L| busy participants per slot | (45) exact even number of busy participants | exact unary internal-idle counts and range objective over P*",,,result,195846,1139,10,196985
table07,ticf-13crafc.fixed020-Forb,ticf-13crafc.fixed020-Forb,SAT,OPTIMAL,2.511613,84614,195846,1139,0,196985,,peak_process_tree_rss_mb,maxsat,staircase,direct,yes,imp12+,lexicographic_internal_idle_range_pstar_then_idle_sum,lex-idlesum,,,154,154,58,"1,2,3,4,5,6,7,8,9,10,11,12,13,14,15,16,18,19,23,24,25,26,27,28,29,30,31,32,33,34,35,36,37,38,39,40,41,42,44,45,46,47,48,49,50,52,53,54,56,57,59,60,62,63,64,65,66,70",154,10,10,12,0,0,0,0,19,19,"2,2,6,2,2,2,2,2,2,3,2,2,2,2,2,2,0,5,2,0,0,0,2,2,2,4,2,2,2,2,2,2,2,2,2,2,2,2,4,2,2,4,0,8,2,12,2,2,2,3,0,2,2,2,0,5,3,0,2,2,0,2,2,2,2,5,0,0,0,2","6,10,14,16,20,24,24,24,24,24,24,24,24,14,10,6,4,6,4,4,2","2,11,4,6,10,9,7,3,1,14,14,12,16,8,15,13,10,7,4,5,6,11,8,7,7,10,10,7,2,9,4,8,5,13,5,8,11,6,9,12,12,13,14,18,17,13,12,10,10,13,9,16,15,14,11,12,19,6,9,8,11,11,12,8,20,10,9,9,5,4,11,2,3,6,12,7,1,7,5,10,12,13,8,11,9,6,1,3,7,20,8,15,9,11,13,14,6,18,13,7,10,5,6,8,10,9,8,4,13,11,12,5,3,4,11,7,13,5,10,3,6,12,9,15,14,7,6,4,2,5,3,13,8,6,19,5,7,15,12,21,9,3,18,4,17,2,14,16,12,8,10,13,6,11",1:M9 M77 M87 | 2:M1 M29 M72 M129 M146 | 3:M8 M73 M88 M113 M120 M131 M142 | 4:M3 M19 M31 M70 M108 M114 M128 M144 | 5:M20 M33 M35 M69 M79 M102 M112 M118 M130 M136 | 6:M4 M21 M38 M58 M74 M86 M97 M103 M121 M127 M134 M153 | 7:M7 M18 M24 M25 M28 M76 M78 M89 M100 M116 M126 M137 | 8:M14 M23 M32 M36 M60 M64 M83 M91 M104 M107 M133 M150 | 9:M6 M30 M39 M51 M59 M67 M68 M85 M93 M106 M123 M141 | 10:M5 M17 M26 M27 M48 M49 M66 M80 M101 M105 M119 M151 | 11:M2 M22 M37 M55 M61 M62 M71 M84 M94 M110 M115 M154 | 12:M12 M40 M41 M47 M56 M63 M75 M81 M111 M122 M139 M149 | 13:M16 M34 M42 M46 M50 M82 M95 M99 M109 M117 M132 M152 | 14:M10 M11 M43 M54 M96 M125 M147 | 15:M15 M53 M92 M124 M138 | 16:M13 M52 M148 | 17:M45 M145 | 18:M44 M98 M143 | 19:M57 M135 | 20:M65 M90 | 21:M140,,"domain reduction: sessions, fixed meetings, forbidden slots | precedence domain propagation: fixed point over direct edges | full precedence closure: cycle detection and graph statistics only | (20),(22)-(27) exactly once over reduced domains | (19) participant atMost-one per slot | (46),(47) clustered table capacity with full channeling | (28) staircase/support precedence over reduced domains and direct E | usedSlot channeling + exact per-idle-slot break cost | (43) exactly |Mp| reduced usedSlot variables | (44) atMost 2|L| busy participants per slot | (45) exact even number of busy participants | exact unary internal-idle counts and range objective over P*",,,result,195846,1139,10,196985
table07,ticf-13crafc.fixed040-Forb,ticf-13crafc.fixed040-Forb,SAT,OPTIMAL,1.444411,72214,166717,1050,0,167767,,peak_process_tree_rss_mb,maxsat,traditional,direct,no,imp12+,lexicographic_internal_idle_range_pstar_then_idle_sum,lex-idlesum,,,239,239,58,"1,2,3,4,5,6,7,8,9,10,11,12,13,14,15,16,18,19,23,24,25,26,27,28,29,30,31,32,33,34,35,36,37,38,39,40,41,42,44,45,46,47,48,49,50,52,53,54,56,57,59,60,62,63,64,65,66,70",239,12,12,14,0,0,0,0,19,19,"2,2,8,4,2,3,2,2,7,2,5,2,2,10,2,3,0,5,2,0,0,0,3,2,2,5,4,2,9,3,7,2,2,2,2,9,2,2,7,9,2,4,0,7,3,12,2,2,2,14,0,2,2,2,0,6,7,0,10,2,0,2,2,8,2,5,0,0,0,2","12,14,12,12,20,24,24,24,24,24,24,22,20,12,6,6,6,4,4,10,4","5,9,2,6,11,8,7,4,1,14,12,14,21,11,18,9,10,17,4,2,3,1,8,6,7,12,10,7,2,8,5,6,9,8,5,10,11,7,9,1,12,5,15,16,14,13,12,11,3,5,8,16,13,20,6,15,19,6,10,9,11,9,13,9,20,10,11,4,12,7,10,2,3,6,5,13,8,7,2,1,13,11,9,10,12,8,5,6,8,20,5,9,7,11,13,14,6,18,12,7,10,13,6,1,10,8,11,13,4,9,12,6,3,8,2,7,1,11,10,4,3,15,10,20,13,16,8,11,12,7,9,14,17,9,19,5,13,14,8,21,3,6,7,4,17,2,12,20,6,7,10,11,5,12",1:M9 M22 M40 M80 M104 M117 | 2:M3 M20 M29 M72 M79 M115 M146 | 3:M21 M49 M73 M113 M121 M141 | 4:M8 M19 M68 M109 M120 M144 | 5:M1 M31 M35 M42 M50 M75 M87 M91 M136 M153 | 6:M4 M24 M32 M55 M58 M74 M88 M97 M103 M112 M142 M149 | 7:M7 M25 M28 M38 M70 M78 M93 M100 M116 M130 M143 M150 | 8:M6 M23 M30 M34 M51 M77 M86 M89 M106 M114 M127 M139 | 9:M2 M16 M33 M39 M60 M62 M64 M83 M92 M110 M131 M134 | 10:M17 M27 M36 M59 M66 M71 M84 M101 M105 M119 M123 M151 | 11:M5 M14 M37 M48 M61 M67 M82 M94 M107 M118 M128 M152 | 12:M11 M26 M41 M47 M69 M85 M99 M111 M129 M147 M154 | 13:M46 M53 M63 M76 M81 M95 M102 M108 M125 M137 | 14:M10 M12 M45 M96 M132 M138 | 15:M43 M56 M122 | 16:M44 M52 M126 | 17:M18 M133 M145 | 18:M15 M98 | 19:M57 M135 | 20:M54 M65 M90 M124 M148 | 21:M13 M140,,"domain reduction: sessions, fixed meetings, forbidden slots | precedence domain propagation: fixed point over direct edges | full precedence closure: cycle detection and graph statistics only | (20),(22)-(27) exactly once over reduced domains | (19) participant atMost-one per slot | (46),(47) clustered table capacity with full channeling | (28) traditional pairwise precedence over direct E | usedSlot channeling + exact per-idle-slot break cost | (43) exactly |Mp| reduced usedSlot variables | (44) atMost 2|L| busy participants per slot | (45) exact even number of busy participants | exact unary internal-idle counts and range objective over P*",,,result,166717,1050,12,167767
table07,ticf-13crafc.fixed040-Forb,ticf-13crafc.fixed040-Forb,SAT,OPTIMAL,1.428886,72214,166717,1050,0,167767,,peak_process_tree_rss_mb,maxsat,staircase,direct,yes,imp12+,lexicographic_internal_idle_range_pstar_then_idle_sum,lex-idlesum,,,239,239,58,"1,2,3,4,5,6,7,8,9,10,11,12,13,14,15,16,18,19,23,24,25,26,27,28,29,30,31,32,33,34,35,36,37,38,39,40,41,42,44,45,46,47,48,49,50,52,53,54,56,57,59,60,62,63,64,65,66,70",239,12,12,14,0,0,0,0,19,19,"2,2,8,4,2,3,2,2,7,2,5,2,2,10,2,3,0,5,2,0,0,0,3,2,2,5,4,2,9,3,7,2,2,2,2,9,2,2,7,9,2,4,0,7,3,12,2,2,2,14,0,2,2,2,0,6,7,0,10,2,0,2,2,8,2,5,0,0,0,2","12,14,12,12,20,24,24,24,24,24,24,22,20,12,6,6,6,4,4,10,4","5,9,2,6,11,8,7,4,1,14,12,14,21,11,18,9,10,17,4,2,3,1,8,6,7,12,10,7,2,8,5,6,9,8,5,10,11,7,9,1,12,5,15,16,14,13,12,11,3,5,8,16,13,20,6,15,19,6,10,9,11,9,13,9,20,10,11,4,12,7,10,2,3,6,5,13,8,7,2,1,13,11,9,10,12,8,5,6,8,20,5,9,7,11,13,14,6,18,12,7,10,13,6,1,10,8,11,13,4,9,12,6,3,8,2,7,1,11,10,4,3,15,10,20,13,16,8,11,12,7,9,14,17,9,19,5,13,14,8,21,3,6,7,4,17,2,12,20,6,7,10,11,5,12",1:M9 M22 M40 M80 M104 M117 | 2:M3 M20 M29 M72 M79 M115 M146 | 3:M21 M49 M73 M113 M121 M141 | 4:M8 M19 M68 M109 M120 M144 | 5:M1 M31 M35 M42 M50 M75 M87 M91 M136 M153 | 6:M4 M24 M32 M55 M58 M74 M88 M97 M103 M112 M142 M149 | 7:M7 M25 M28 M38 M70 M78 M93 M100 M116 M130 M143 M150 | 8:M6 M23 M30 M34 M51 M77 M86 M89 M106 M114 M127 M139 | 9:M2 M16 M33 M39 M60 M62 M64 M83 M92 M110 M131 M134 | 10:M17 M27 M36 M59 M66 M71 M84 M101 M105 M119 M123 M151 | 11:M5 M14 M37 M48 M61 M67 M82 M94 M107 M118 M128 M152 | 12:M11 M26 M41 M47 M69 M85 M99 M111 M129 M147 M154 | 13:M46 M53 M63 M76 M81 M95 M102 M108 M125 M137 | 14:M10 M12 M45 M96 M132 M138 | 15:M43 M56 M122 | 16:M44 M52 M126 | 17:M18 M133 M145 | 18:M15 M98 | 19:M57 M135 | 20:M54 M65 M90 M124 M148 | 21:M13 M140,,"domain reduction: sessions, fixed meetings, forbidden slots | precedence domain propagation: fixed point over direct edges | full precedence closure: cycle detection and graph statistics only | (20),(22)-(27) exactly once over reduced domains | (19) participant atMost-one per slot | (46),(47) clustered table capacity with full channeling | (28) staircase/support precedence over reduced domains and direct E | usedSlot channeling + exact per-idle-slot break cost | (43) exactly |Mp| reduced usedSlot variables | (44) atMost 2|L| busy participants per slot | (45) exact even number of busy participants | exact unary internal-idle counts and range objective over P*",,,result,166717,1050,12,167767
table07,ticf-14crafa.fixed020-Forb,ticf-14crafa.fixed020-Forb,SAT,OPTIMAL,4.160491,151001,362216,1458,0,363674,,peak_process_tree_rss_mb,maxsat,traditional,direct,no,imp12+,lexicographic_internal_idle_range_pstar_then_idle_sum,lex-idlesum,,,84,84,72,"1,2,3,4,5,6,8,9,11,12,14,17,19,20,21,22,23,24,25,26,27,28,29,30,31,32,33,34,35,36,37,38,39,40,41,42,43,44,45,46,47,48,49,50,51,52,53,54,55,56,57,58,59,60,61,62,63,64,65,66,67,68,69,70,71,72,73,74,75,76,77,78",84,15,15,15,0,0,0,0,20,20,"2,0,4,1,5,1,0,0,0,0,0,0,0,2,0,0,6,0,8,0,0,0,2,0,1,1,15,0,0,0,1,0,0,0,9,0,0,0,6,0,0,0,0,0,0,0,0,1,1,0,0,0,0,0,0,0,0,0,0,0,4,0,1,4,0,0,0,0,0,8,1,0,0,0,0,0,0,0","10,14,18,24,24,32,40,44,44,44,44,44,44,34,32,28,26,20,14,12,6,6","22,8,9,13,12,11,8,18,17,16,13,12,9,6,5,8,3,7,11,10,4,13,17,14,7,13,12,15,17,16,21,16,10,14,7,8,15,6,5,21,9,18,19,15,9,13,8,7,3,2,12,8,10,6,3,11,12,12,14,13,16,7,15,14,18,17,20,7,22,19,13,14,4,15,20,14,9,10,15,11,1,2,12,13,17,16,4,17,18,14,15,20,12,19,12,11,16,17,11,10,12,17,14,16,13,12,15,19,14,6,9,15,8,13,9,11,10,4,12,1,5,9,2,8,9,2,10,6,12,3,11,15,14,12,16,11,10,13,6,8,7,16,13,7,4,11,6,5,9,7,13,14,4,8,11,15,5,15,10,13,14,15,10,13,6,16,9,8,20,18,4,7,14,17,18,20,16,7,13,6,5,8,10,11,14,9,13,18,15,11,17,10,14,16,10,7,8,11,10,7,6,3,4,5,9,8,19,15,16,18,12,14,9,17,10,11,13,22,4,17,1,15,20,2,10,19,8,3,6,21,9,14,11,13,18,12,5,16,7,11,3,12,13,13,4,8,5,9,6,12,7,11,9,11,8,13,10,12,5,11,3,12,10,7,8,2,6,4,9,1,10,7,6,8,9,10,5,11,7,6,8,9,12,7,9,8,10,17,18,19,11,8,7,9,1,2,10,6,5,4,3,12",1:M81 M120 M221 M270 M295 | 2:M50 M82 M123 M126 M224 M266 M296 | 3:M17 M49 M55 M130 M202 M228 M241 M261 M301 | 4:M21 M73 M87 M118 M145 M153 M171 M203 M219 M245 M268 M300 | 5:M15 M39 M121 M148 M157 M181 M204 M237 M247 M259 M277 M299 | 6:M14 M38 M54 M110 M128 M139 M147 M165 M180 M201 M229 M249 M267 M273 M280 M298 | 7:M18 M25 M35 M48 M62 M68 M141 M144 M150 M172 M178 M196 M200 M239 M251 M264 M272 M279 M284 M293 | 8:M2 M7 M16 M36 M47 M52 M113 M124 M140 M154 M168 M182 M197 M206 M227 M246 M255 M265 M274 M281 M286 M292 | 9:M3 M13 M41 M45 M77 M111 M115 M122 M125 M149 M167 M186 M205 M213 M231 M248 M253 M269 M275 M282 M285 M294 | 10:M20 M33 M53 M78 M100 M117 M127 M137 M159 M163 M183 M192 M195 M199 M215 M225 M257 M263 M271 M276 M287 M297 | 11:M6 M19 M56 M80 M96 M99 M116 M131 M136 M146 M155 M184 M190 M198 M216 M233 M240 M252 M254 M260 M278 M291 | 12:M5 M12 M27 M51 M57 M58 M83 M93 M95 M101 M106 M119 M129 M134 M211 M236 M242 M250 M258 M262 M283 M302 | 13:M4 M11 M22 M26 M46 M60 M71 M84 M105 M114 M138 M143 M151 M160 M164 M179 M187 M217 M234 M243 M244 M256 | 14:M24 M34 M59 M64 M72 M76 M90 M103 M109 M133 M152 M161 M173 M185 M193 M212 M232 | 15:M28 M37 M44 M63 M74 M79 M91 M107 M112 M132 M156 M158 M162 M189 M208 M222 | 16:M10 M30 M32 M61 M86 M97 M104 M135 M142 M166 M177 M194 M209 M238 | 17:M9 M23 M29 M66 M85 M88 M98 M102 M174 M191 M214 M220 M288 | 18:M8 M42 M65 M89 M170 M175 M188 M210 M235 M289 | 19:M43 M70 M94 M108 M207 M226 M290 | 20:M67 M75 M92 M169 M176 M223 | 21:M31 M40 M230 | 22:M1 M69 M218,,"domain reduction: sessions, fixed meetings, forbidden slots | precedence domain propagation: fixed point over direct edges | full precedence closure: cycle detection and graph statistics only | (20),(22)-(27) exactly once over reduced domains | (19) participant atMost-one per slot | (46),(47) clustered table capacity with full channeling | (28) traditional pairwise precedence over direct E | usedSlot channeling + exact per-idle-slot break cost | (43) exactly |Mp| reduced usedSlot variables | (44) atMost 2|L| busy participants per slot | (45) exact even number of busy participants | exact unary internal-idle counts and range objective over P*",,,result,362216,1458,15,363674
table07,ticf-14crafa.fixed020-Forb,ticf-14crafa.fixed020-Forb,SAT,OPTIMAL,4.198559,151001,362216,1458,0,363674,,peak_process_tree_rss_mb,maxsat,staircase,direct,yes,imp12+,lexicographic_internal_idle_range_pstar_then_idle_sum,lex-idlesum,,,84,84,72,"1,2,3,4,5,6,8,9,11,12,14,17,19,20,21,22,23,24,25,26,27,28,29,30,31,32,33,34,35,36,37,38,39,40,41,42,43,44,45,46,47,48,49,50,51,52,53,54,55,56,57,58,59,60,61,62,63,64,65,66,67,68,69,70,71,72,73,74,75,76,77,78",84,15,15,15,0,0,0,0,20,20,"2,0,4,1,5,1,0,0,0,0,0,0,0,2,0,0,6,0,8,0,0,0,2,0,1,1,15,0,0,0,1,0,0,0,9,0,0,0,6,0,0,0,0,0,0,0,0,1,1,0,0,0,0,0,0,0,0,0,0,0,4,0,1,4,0,0,0,0,0,8,1,0,0,0,0,0,0,0","10,14,18,24,24,32,40,44,44,44,44,44,44,34,32,28,26,20,14,12,6,6","22,8,9,13,12,11,8,18,17,16,13,12,9,6,5,8,3,7,11,10,4,13,17,14,7,13,12,15,17,16,21,16,10,14,7,8,15,6,5,21,9,18,19,15,9,13,8,7,3,2,12,8,10,6,3,11,12,12,14,13,16,7,15,14,18,17,20,7,22,19,13,14,4,15,20,14,9,10,15,11,1,2,12,13,17,16,4,17,18,14,15,20,12,19,12,11,16,17,11,10,12,17,14,16,13,12,15,19,14,6,9,15,8,13,9,11,10,4,12,1,5,9,2,8,9,2,10,6,12,3,11,15,14,12,16,11,10,13,6,8,7,16,13,7,4,11,6,5,9,7,13,14,4,8,11,15,5,15,10,13,14,15,10,13,6,16,9,8,20,18,4,7,14,17,18,20,16,7,13,6,5,8,10,11,14,9,13,18,15,11,17,10,14,16,10,7,8,11,10,7,6,3,4,5,9,8,19,15,16,18,12,14,9,17,10,11,13,22,4,17,1,15,20,2,10,19,8,3,6,21,9,14,11,13,18,12,5,16,7,11,3,12,13,13,4,8,5,9,6,12,7,11,9,11,8,13,10,12,5,11,3,12,10,7,8,2,6,4,9,1,10,7,6,8,9,10,5,11,7,6,8,9,12,7,9,8,10,17,18,19,11,8,7,9,1,2,10,6,5,4,3,12",1:M81 M120 M221 M270 M295 | 2:M50 M82 M123 M126 M224 M266 M296 | 3:M17 M49 M55 M130 M202 M228 M241 M261 M301 | 4:M21 M73 M87 M118 M145 M153 M171 M203 M219 M245 M268 M300 | 5:M15 M39 M121 M148 M157 M181 M204 M237 M247 M259 M277 M299 | 6:M14 M38 M54 M110 M128 M139 M147 M165 M180 M201 M229 M249 M267 M273 M280 M298 | 7:M18 M25 M35 M48 M62 M68 M141 M144 M150 M172 M178 M196 M200 M239 M251 M264 M272 M279 M284 M293 | 8:M2 M7 M16 M36 M47 M52 M113 M124 M140 M154 M168 M182 M197 M206 M227 M246 M255 M265 M274 M281 M286 M292 | 9:M3 M13 M41 M45 M77 M111 M115 M122 M125 M149 M167 M186 M205 M213 M231 M248 M253 M269 M275 M282 M285 M294 | 10:M20 M33 M53 M78 M100 M117 M127 M137 M159 M163 M183 M192 M195 M199 M215 M225 M257 M263 M271 M276 M287 M297 | 11:M6 M19 M56 M80 M96 M99 M116 M131 M136 M146 M155 M184 M190 M198 M216 M233 M240 M252 M254 M260 M278 M291 | 12:M5 M12 M27 M51 M57 M58 M83 M93 M95 M101 M106 M119 M129 M134 M211 M236 M242 M250 M258 M262 M283 M302 | 13:M4 M11 M22 M26 M46 M60 M71 M84 M105 M114 M138 M143 M151 M160 M164 M179 M187 M217 M234 M243 M244 M256 | 14:M24 M34 M59 M64 M72 M76 M90 M103 M109 M133 M152 M161 M173 M185 M193 M212 M232 | 15:M28 M37 M44 M63 M74 M79 M91 M107 M112 M132 M156 M158 M162 M189 M208 M222 | 16:M10 M30 M32 M61 M86 M97 M104 M135 M142 M166 M177 M194 M209 M238 | 17:M9 M23 M29 M66 M85 M88 M98 M102 M174 M191 M214 M220 M288 | 18:M8 M42 M65 M89 M170 M175 M188 M210 M235 M289 | 19:M43 M70 M94 M108 M207 M226 M290 | 20:M67 M75 M92 M169 M176 M223 | 21:M31 M40 M230 | 22:M1 M69 M218,,"domain reduction: sessions, fixed meetings, forbidden slots | precedence domain propagation: fixed point over direct edges | full precedence closure: cycle detection and graph statistics only | (20),(22)-(27) exactly once over reduced domains | (19) participant atMost-one per slot | (46),(47) clustered table capacity with full channeling | (28) staircase/support precedence over reduced domains and direct E | usedSlot channeling + exact per-idle-slot break cost | (43) exactly |Mp| reduced usedSlot variables | (44) atMost 2|L| busy participants per slot | (45) exact even number of busy participants | exact unary internal-idle counts and range objective over P*",,,result,362216,1458,15,363674
table07,ticf-14crafa.fixed040-Forb,ticf-14crafa.fixed040-Forb,SAT,OPTIMAL,26.659894,144338,327880,1422,0,329302,,peak_process_tree_rss_mb,maxsat,traditional,direct,no,imp12+,lexicographic_internal_idle_range_pstar_then_idle_sum,lex-idlesum,,,255,255,72,"1,2,3,4,5,6,8,9,11,12,14,17,19,20,21,22,23,24,25,26,27,28,29,30,31,32,33,34,35,36,37,38,39,40,41,42,43,44,45,46,47,48,49,50,51,52,53,54,55,56,57,58,59,60,61,62,63,64,65,66,67,68,69,70,71,72,73,74,75,76,77,78",255,16,16,16,0,0,0,0,20,20,"9,3,3,0,5,8,0,4,1,0,16,0,0,2,0,0,8,0,10,1,0,4,8,0,1,5,15,6,4,1,0,0,3,12,9,2,0,1,6,0,0,0,11,8,6,6,0,1,0,7,0,2,0,6,7,5,0,0,3,0,6,2,2,2,5,5,0,0,0,8,0,0,0,7,0,7,2,0","14,14,22,30,28,32,38,42,38,40,40,42,40,26,30,28,30,22,22,10,8,8","22,8,17,13,12,11,9,15,17,14,13,8,9,3,11,12,1,6,7,10,4,13,17,17,9,19,18,15,17,5,21,15,4,16,7,8,9,13,5,14,6,18,19,16,10,11,9,8,12,2,6,10,11,7,6,9,12,12,19,17,16,7,12,12,8,10,20,7,22,13,16,12,4,14,18,19,9,10,15,17,1,18,14,7,11,12,4,13,17,14,15,16,18,20,9,8,14,17,11,10,16,1,7,2,13,5,8,3,18,6,4,1,12,15,21,4,11,2,12,6,5,10,3,10,7,6,8,11,12,3,9,15,5,11,13,10,3,16,9,8,7,16,13,19,4,15,6,17,16,5,16,13,4,8,11,22,5,3,4,11,13,4,10,8,5,13,9,12,2,18,15,7,14,11,17,20,15,13,6,7,5,8,19,11,9,9,13,18,14,19,10,16,17,15,14,16,8,12,15,13,10,3,4,7,6,14,20,19,21,16,12,11,14,17,18,15,13,3,4,15,1,22,18,5,9,21,8,6,14,19,10,7,11,13,12,16,20,17,2,7,3,12,13,6,4,10,7,9,8,12,5,11,9,11,8,7,10,6,5,10,3,9,12,11,8,2,1,4,7,6,14,13,19,8,10,7,5,11,8,9,12,10,6,18,10,8,13,17,19,15,11,12,8,9,6,2,10,3,5,4,1,7",1:M17 M81 M102 M112 M221 M267 M301 | 2:M50 M104 M118 M169 M239 M266 M296 | 3:M14 M108 M123 M130 M137 M158 M202 M218 M241 M261 M298 | 4:M21 M33 M73 M87 M111 M116 M145 M153 M159 M162 M203 M219 M245 M268 M300 | 5:M30 M39 M106 M121 M133 M150 M157 M165 M181 M224 M251 M259 M277 M299 | 6:M18 M41 M51 M55 M110 M120 M126 M147 M179 M205 M228 M244 M258 M270 M283 M295 | 7:M19 M35 M54 M62 M68 M84 M103 M125 M141 M172 M180 M204 M232 M240 M247 M256 M269 M276 M302 | 8:M2 M12 M36 M48 M65 M96 M107 M127 M140 M154 M164 M182 M197 M227 M249 M255 M265 M274 M279 M286 M293 | 9:M7 M13 M25 M37 M47 M56 M77 M95 M131 M139 M167 M185 M186 M225 M248 M253 M262 M280 M294 | 10:M20 M45 M52 M66 M78 M100 M122 M124 M136 M163 M191 M201 M231 M246 M257 M260 M275 M282 M285 M297 | 11:M6 M15 M46 M53 M85 M99 M117 M128 M134 M155 M160 M174 M184 M212 M233 M252 M254 M264 M278 M291 | 12:M5 M16 M49 M57 M58 M63 M64 M72 M86 M113 M119 M129 M168 M198 M211 M235 M242 M250 M263 M281 M292 | 13:M4 M11 M22 M38 M70 M88 M105 M135 M143 M152 M161 M166 M178 M187 M200 M217 M234 M243 M272 M287 | 14:M10 M40 M74 M83 M90 M97 M173 M189 M195 M206 M213 M229 M271 | 15:M8 M28 M32 M79 M91 M114 M132 M146 M171 M177 M194 M199 M216 M220 M290 | 16:M34 M44 M61 M71 M92 M101 M138 M142 M149 M151 M192 M196 M210 M236 | 17:M3 M9 M23 M24 M29 M60 M80 M89 M98 M148 M175 M193 M214 M238 M288 | 18:M27 M42 M75 M82 M93 M109 M170 M188 M215 M223 M284 | 19:M26 M43 M59 M76 M144 M183 M190 M208 M230 M273 M289 | 20:M67 M94 M176 M207 M237 | 21:M31 M115 M209 M226 | 22:M1 M69 M156 M222,,"domain reduction: sessions, fixed meetings, forbidden slots | precedence domain propagation: fixed point over direct edges | full precedence closure: cycle detection and graph statistics only | (20),(22)-(27) exactly once over reduced domains | (19) participant atMost-one per slot | (46),(47) clustered table capacity with full channeling | (28) traditional pairwise precedence over direct E | usedSlot channeling + exact per-idle-slot break cost | (43) exactly |Mp| reduced usedSlot variables | (44) atMost 2|L| busy participants per slot | (45) exact even number of busy participants | exact unary internal-idle counts and range objective over P*",,,result,327880,1422,16,329302
table07,ticf-14crafa.fixed040-Forb,ticf-14crafa.fixed040-Forb,SAT,OPTIMAL,26.779421,144338,327880,1422,0,329302,,peak_process_tree_rss_mb,maxsat,staircase,direct,yes,imp12+,lexicographic_internal_idle_range_pstar_then_idle_sum,lex-idlesum,,,255,255,72,"1,2,3,4,5,6,8,9,11,12,14,17,19,20,21,22,23,24,25,26,27,28,29,30,31,32,33,34,35,36,37,38,39,40,41,42,43,44,45,46,47,48,49,50,51,52,53,54,55,56,57,58,59,60,61,62,63,64,65,66,67,68,69,70,71,72,73,74,75,76,77,78",255,16,16,16,0,0,0,0,20,20,"9,3,3,0,5,8,0,4,1,0,16,0,0,2,0,0,8,0,10,1,0,4,8,0,1,5,15,6,4,1,0,0,3,12,9,2,0,1,6,0,0,0,11,8,6,6,0,1,0,7,0,2,0,6,7,5,0,0,3,0,6,2,2,2,5,5,0,0,0,8,0,0,0,7,0,7,2,0","14,14,22,30,28,32,38,42,38,40,40,42,40,26,30,28,30,22,22,10,8,8","22,8,17,13,12,11,9,15,17,14,13,8,9,3,11,12,1,6,7,10,4,13,17,17,9,19,18,15,17,5,21,15,4,16,7,8,9,13,5,14,6,18,19,16,10,11,9,8,12,2,6,10,11,7,6,9,12,12,19,17,16,7,12,12,8,10,20,7,22,13,16,12,4,14,18,19,9,10,15,17,1,18,14,7,11,12,4,13,17,14,15,16,18,20,9,8,14,17,11,10,16,1,7,2,13,5,8,3,18,6,4,1,12,15,21,4,11,2,12,6,5,10,3,10,7,6,8,11,12,3,9,15,5,11,13,10,3,16,9,8,7,16,13,19,4,15,6,17,16,5,16,13,4,8,11,22,5,3,4,11,13,4,10,8,5,13,9,12,2,18,15,7,14,11,17,20,15,13,6,7,5,8,19,11,9,9,13,18,14,19,10,16,17,15,14,16,8,12,15,13,10,3,4,7,6,14,20,19,21,16,12,11,14,17,18,15,13,3,4,15,1,22,18,5,9,21,8,6,14,19,10,7,11,13,12,16,20,17,2,7,3,12,13,6,4,10,7,9,8,12,5,11,9,11,8,7,10,6,5,10,3,9,12,11,8,2,1,4,7,6,14,13,19,8,10,7,5,11,8,9,12,10,6,18,10,8,13,17,19,15,11,12,8,9,6,2,10,3,5,4,1,7",1:M17 M81 M102 M112 M221 M267 M301 | 2:M50 M104 M118 M169 M239 M266 M296 | 3:M14 M108 M123 M130 M137 M158 M202 M218 M241 M261 M298 | 4:M21 M33 M73 M87 M111 M116 M145 M153 M159 M162 M203 M219 M245 M268 M300 | 5:M30 M39 M106 M121 M133 M150 M157 M165 M181 M224 M251 M259 M277 M299 | 6:M18 M41 M51 M55 M110 M120 M126 M147 M179 M205 M228 M244 M258 M270 M283 M295 | 7:M19 M35 M54 M62 M68 M84 M103 M125 M141 M172 M180 M204 M232 M240 M247 M256 M269 M276 M302 | 8:M2 M12 M36 M48 M65 M96 M107 M127 M140 M154 M164 M182 M197 M227 M249 M255 M265 M274 M279 M286 M293 | 9:M7 M13 M25 M37 M47 M56 M77 M95 M131 M139 M167 M185 M186 M225 M248 M253 M262 M280 M294 | 10:M20 M45 M52 M66 M78 M100 M122 M124 M136 M163 M191 M201 M231 M246 M257 M260 M275 M282 M285 M297 | 11:M6 M15 M46 M53 M85 M99 M117 M128 M134 M155 M160 M174 M184 M212 M233 M252 M254 M264 M278 M291 | 12:M5 M16 M49 M57 M58 M63 M64 M72 M86 M113 M119 M129 M168 M198 M211 M235 M242 M250 M263 M281 M292 | 13:M4 M11 M22 M38 M70 M88 M105 M135 M143 M152 M161 M166 M178 M187 M200 M217 M234 M243 M272 M287 | 14:M10 M40 M74 M83 M90 M97 M173 M189 M195 M206 M213 M229 M271 | 15:M8 M28 M32 M79 M91 M114 M132 M146 M171 M177 M194 M199 M216 M220 M290 | 16:M34 M44 M61 M71 M92 M101 M138 M142 M149 M151 M192 M196 M210 M236 | 17:M3 M9 M23 M24 M29 M60 M80 M89 M98 M148 M175 M193 M214 M238 M288 | 18:M27 M42 M75 M82 M93 M109 M170 M188 M215 M223 M284 | 19:M26 M43 M59 M76 M144 M183 M190 M208 M230 M273 M289 | 20:M67 M94 M176 M207 M237 | 21:M31 M115 M209 M226 | 22:M1 M69 M156 M222,,"domain reduction: sessions, fixed meetings, forbidden slots | precedence domain propagation: fixed point over direct edges | full precedence closure: cycle detection and graph statistics only | (20),(22)-(27) exactly once over reduced domains | (19) participant atMost-one per slot | (46),(47) clustered table capacity with full channeling | (28) staircase/support precedence over reduced domains and direct E | usedSlot channeling + exact per-idle-slot break cost | (43) exactly |Mp| reduced usedSlot variables | (44) atMost 2|L| busy participants per slot | (45) exact even number of busy participants | exact unary internal-idle counts and range objective over P*",,,result,327880,1422,16,329302
table08,forum-13.prec15,forum-13.prec15,SAT,OPTIMAL,1.602778,86125,206085,1183,0,207268,,peak_process_tree_rss_mb,maxsat,traditional,direct,no,imp12+,lexicographic_internal_idle_range_pstar_then_idle_sum,lex-idlesum,,,0,0,58,"1,2,3,4,5,6,7,8,9,10,11,12,13,14,15,16,18,19,23,24,25,26,27,28,29,30,31,32,33,34,35,36,37,38,39,40,41,42,44,45,46,47,48,49,50,52,53,54,56,57,59,60,62,63,64,65,66,70",0,0,0,0,14,0,14,14,19,19,"0,0,0,0,0,0,0,0,0,0,0,0,0,0,0,0,0,0,0,0,0,0,0,0,0,0,0,0,0,0,0,0,0,0,0,0,0,0,0,0,0,0,0,0,0,0,0,0,0,0,0,0,0,0,0,0,0,0,0,0,0,0,0,0,0,0,0,0,0,0","6,10,16,20,26,26,28,28,28,28,28,28,22,8,4,2,0,0,0,0,0","8,5,7,12,13,9,11,6,10,14,8,7,3,6,5,2,4,1,6,7,5,3,2,4,6,5,7,10,13,11,8,12,9,8,11,12,13,7,10,9,12,13,14,16,15,6,5,2,6,10,8,4,12,5,11,9,7,12,13,10,11,7,9,12,13,10,11,9,7,11,6,13,8,12,4,10,5,9,5,12,11,13,7,6,8,10,3,4,7,4,9,5,6,10,11,8,3,12,13,11,8,12,10,9,6,5,8,2,7,3,1,9,4,8,11,10,3,4,5,6,9,4,8,12,14,10,13,11,3,5,9,6,7,9,6,8,5,3,11,15,10,12,4,14,2,13,7,1,10,7,9,12,11,8",1:M18 M111 M148 | 2:M16 M23 M48 M108 M145 | 3:M13 M22 M87 M97 M110 M117 M129 M138 | 4:M17 M24 M52 M75 M88 M90 M113 M118 M122 M143 | 5:M2 M15 M21 M26 M47 M54 M77 M79 M92 M106 M119 M130 M137 | 6:M8 M14 M19 M25 M46 M49 M71 M84 M93 M105 M120 M132 M135 | 7:M3 M12 M20 M27 M38 M57 M62 M69 M83 M89 M109 M133 M147 M150 | 8:M1 M11 M31 M34 M51 M73 M85 M96 M101 M107 M114 M123 M136 M154 | 9:M6 M33 M40 M56 M63 M68 M78 M91 M104 M112 M121 M131 M134 M151 | 10:M9 M28 M39 M50 M60 M66 M76 M86 M94 M103 M116 M126 M141 M149 | 11:M7 M30 M35 M55 M61 M67 M70 M81 M95 M100 M115 M128 M139 M153 | 12:M4 M32 M36 M41 M53 M58 M64 M74 M80 M98 M102 M124 M142 M152 | 13:M5 M29 M37 M42 M59 M65 M72 M82 M99 M127 M146 | 14:M10 M43 M125 M144 | 15:M45 M140 | 16:M44 | 17: | 18: | 19: | 20: | 21:,,"domain reduction: sessions, fixed meetings, forbidden slots | precedence domain propagation: fixed point over direct edges | full precedence closure: cycle detection and graph statistics only | (20),(22)-(27) exactly once over reduced domains | (19) participant atMost-one per slot | (46),(47) clustered table capacity with full channeling | (28) traditional pairwise precedence over direct E | usedSlot channeling + exact per-idle-slot break cost | (43) exactly |Mp| reduced usedSlot variables | (44) atMost 2|L| busy participants per slot | (45) exact even number of busy participants | exact unary internal-idle counts and range objective over P*",,,result,206085,1183,0,207268
table08,forum-13.prec15,forum-13.prec15,SAT,OPTIMAL,0.998199,86125,204756,1183,0,205939,,peak_process_tree_rss_mb,maxsat,staircase,direct,yes,imp12+,lexicographic_internal_idle_range_pstar_then_idle_sum,lex-idlesum,,,0,0,58,"1,2,3,4,5,6,7,8,9,10,11,12,13,14,15,16,18,19,23,24,25,26,27,28,29,30,31,32,33,34,35,36,37,38,39,40,41,42,44,45,46,47,48,49,50,52,53,54,56,57,59,60,62,63,64,65,66,70",0,0,0,0,14,0,14,14,19,19,"0,0,0,0,0,0,0,0,0,0,0,0,0,0,0,0,0,0,0,0,0,0,0,0,0,0,0,0,0,0,0,0,0,0,0,0,0,0,0,0,0,0,0,0,0,0,0,0,0,0,0,0,0,0,0,0,0,0,0,0,0,0,0,0,0,0,0,0,0,0","6,12,16,24,26,28,28,28,28,28,28,24,18,8,4,2,0,0,0,0,0","8,6,7,10,12,5,13,11,9,14,3,4,5,8,7,1,2,6,5,6,4,3,2,7,4,6,5,8,9,11,6,10,7,7,8,10,11,9,12,6,13,12,14,16,15,2,5,7,7,9,5,3,8,6,11,10,4,10,13,12,11,4,8,12,11,10,9,5,10,7,6,12,8,9,11,4,13,9,4,11,12,13,7,5,8,10,3,6,6,3,8,7,5,2,11,4,9,10,13,8,11,12,9,10,4,1,5,7,3,6,8,9,2,5,7,6,9,12,4,11,10,6,5,12,14,9,13,7,11,4,10,3,8,7,4,6,12,1,8,15,5,11,3,14,10,13,2,9,13,8,12,11,10,9",1:M16 M106 M138 | 2:M17 M23 M46 M94 M113 M147 | 3:M11 M22 M52 M87 M90 M109 M132 M143 | 4:M12 M21 M25 M57 M62 M76 M79 M96 M105 M119 M130 M135 | 5:M6 M13 M19 M27 M47 M51 M68 M84 M93 M107 M114 M123 M141 | 6:M2 M18 M20 M26 M31 M40 M54 M71 M88 M89 M110 M116 M122 M136 | 7:M3 M15 M24 M33 M34 M48 M49 M70 M83 M92 M108 M115 M128 M134 | 8:M1 M14 M28 M35 M53 M63 M73 M85 M91 M100 M111 M133 M139 M150 | 9:M9 M29 M38 M50 M67 M74 M78 M97 M103 M112 M117 M126 M148 M154 | 10:M4 M32 M36 M56 M58 M66 M69 M86 M98 M104 M121 M131 M145 M153 | 11:M8 M30 M37 M55 M61 M65 M75 M80 M95 M101 M120 M129 M142 M152 | 12:M5 M39 M42 M60 M64 M72 M81 M102 M118 M124 M137 M151 | 13:M7 M41 M59 M77 M82 M99 M127 M146 M149 | 14:M10 M43 M125 M144 | 15:M45 M140 | 16:M44 | 17: | 18: | 19: | 20: | 21:,,"domain reduction: sessions, fixed meetings, forbidden slots | precedence domain propagation: fixed point over direct edges | full precedence closure: cycle detection and graph statistics only | (20),(22)-(27) exactly once over reduced domains | (19) participant atMost-one per slot | (46),(47) clustered table capacity with full channeling | (28) staircase/support precedence over reduced domains and direct E | usedSlot channeling + exact per-idle-slot break cost | (43) exactly |Mp| reduced usedSlot variables | (44) atMost 2|L| busy participants per slot | (45) exact even number of busy participants | exact unary internal-idle counts and range objective over P*",,,result,204756,1183,0,205939
table08,forum-13crafc.prec15,forum-13crafc.prec15,SAT,OPTIMAL,12.763177,86259,206405,1183,0,207588,,peak_process_tree_rss_mb,maxsat,traditional,direct,no,imp12+,lexicographic_internal_idle_range_pstar_then_idle_sum,lex-idlesum,,,58,58,58,"1,2,3,4,5,6,7,8,9,10,11,12,13,14,15,16,18,19,23,24,25,26,27,28,29,30,31,32,33,34,35,36,37,38,39,40,41,42,44,45,46,47,48,49,50,52,53,54,56,57,59,60,62,63,64,65,66,70",58,0,0,1,14,0,14,14,19,19,"1,1,1,1,1,1,1,1,1,1,1,1,1,1,1,1,0,1,1,0,0,0,1,1,1,1,1,1,1,1,1,1,1,1,1,1,1,1,1,1,1,1,0,1,1,1,1,1,1,1,0,1,1,1,0,1,1,0,1,1,0,1,1,1,1,1,0,0,0,1","12,18,24,24,24,24,24,24,24,24,24,20,22,10,8,2,0,0,0,0,0","2,3,4,7,8,5,10,1,6,14,6,8,7,12,14,9,13,11,3,9,5,4,6,8,3,9,5,3,4,9,2,7,6,7,6,11,12,13,10,8,13,11,15,15,14,4,5,3,4,9,7,2,5,6,10,8,1,11,13,12,9,2,11,13,10,12,15,5,4,12,7,13,6,10,11,9,3,10,3,9,12,11,8,4,7,13,5,2,1,2,8,6,3,5,11,9,4,7,10,13,7,12,11,8,7,3,10,9,4,2,1,5,6,10,6,4,9,5,8,1,3,4,10,11,12,5,14,8,6,3,13,9,2,5,6,2,3,1,8,13,4,15,7,16,12,10,11,14,13,7,8,11,12,10",1:M8 M57 M89 M111 M120 M138 | 2:M1 M31 M52 M62 M88 M90 M110 M133 M136 | 3:M2 M19 M25 M28 M48 M77 M79 M93 M106 M121 M130 M137 | 4:M3 M22 M29 M46 M49 M69 M84 M97 M109 M116 M122 M141 | 5:M6 M21 M27 M47 M53 M68 M87 M94 M112 M118 M126 M134 | 6:M9 M11 M23 M33 M35 M54 M73 M92 M113 M115 M129 M135 | 7:M4 M13 M32 M34 M51 M71 M85 M98 M101 M105 M143 M150 | 8:M5 M12 M24 M40 M56 M83 M91 M104 M119 M128 M139 M151 | 9:M16 M20 M26 M30 M50 M61 M76 M80 M96 M108 M117 M132 | 10:M7 M39 M55 M65 M74 M78 M99 M107 M114 M123 M146 M154 | 11:M18 M36 M42 M58 M63 M75 M82 M95 M103 M124 M147 M152 | 12:M14 M37 M60 M66 M70 M81 M102 M125 M145 M153 | 13:M17 M38 M41 M59 M64 M72 M86 M100 M131 M140 M149 | 14:M10 M15 M45 M127 M148 | 15:M43 M44 M67 M142 | 16:M144 | 17: | 18: | 19: | 20: | 21:,,"domain reduction: sessions, fixed meetings, forbidden slots | precedence domain propagation: fixed point over direct edges | full precedence closure: cycle detection and graph statistics only | (20),(22)-(27) exactly once over reduced domains | (19) participant atMost-one per slot | (46),(47) clustered table capacity with full channeling | (28) traditional pairwise precedence over direct E | usedSlot channeling + exact per-idle-slot break cost | (43) exactly |Mp| reduced usedSlot variables | (44) atMost 2|L| busy participants per slot | (45) exact even number of busy participants | exact unary internal-idle counts and range objective over P*",,,result,206405,1183,0,207588
table08,forum-13crafc.prec15,forum-13crafc.prec15,SAT,OPTIMAL,8.370662,86259,205076,1183,0,206259,,peak_process_tree_rss_mb,maxsat,staircase,direct,yes,imp12+,lexicographic_internal_idle_range_pstar_then_idle_sum,lex-idlesum,,,58,58,58,"1,2,3,4,5,6,7,8,9,10,11,12,13,14,15,16,18,19,23,24,25,26,27,28,29,30,31,32,33,34,35,36,37,38,39,40,41,42,44,45,46,47,48,49,50,52,53,54,56,57,59,60,62,63,64,65,66,70",58,0,0,1,14,0,14,14,19,19,"1,1,1,1,1,1,1,1,1,1,1,1,1,1,1,1,0,1,1,0,0,0,1,1,1,1,1,1,1,1,1,1,1,1,1,1,1,1,1,1,1,1,0,1,1,1,1,1,1,1,0,1,1,1,0,1,1,0,1,1,0,1,1,1,1,1,0,0,0,1","8,18,20,22,24,24,24,24,24,24,24,24,22,8,8,8,2,0,0,0,0","7,1,3,6,9,4,10,2,5,14,5,3,6,9,4,2,7,1,8,6,2,3,5,4,10,6,4,5,8,10,6,7,11,6,9,11,12,7,13,10,12,13,14,15,16,3,7,9,3,9,10,6,8,2,11,5,4,11,12,13,9,2,15,16,13,12,11,6,5,9,4,13,12,10,8,3,11,8,2,11,10,12,13,4,6,9,5,3,11,2,7,3,4,8,10,5,12,9,12,9,7,13,11,8,2,1,6,3,5,8,10,7,4,5,9,8,10,12,13,7,4,5,12,17,14,8,15,11,9,7,13,16,6,10,3,1,4,8,7,16,6,12,5,13,11,15,14,2,13,7,8,11,10,12",1:M2 M18 M106 M136 | 2:M8 M16 M21 M54 M62 M79 M90 M105 M148 | 3:M3 M12 M22 M46 M49 M76 M88 M92 M108 M135 | 4:M6 M15 M24 M27 M57 M71 M84 M93 M113 M121 M137 | 5:M9 M11 M23 M28 M56 M69 M87 M96 M109 M114 M122 M143 | 6:M4 M13 M20 M26 M31 M34 M52 M68 M85 M107 M133 M141 | 7:M1 M17 M32 M38 M47 M91 M101 M112 M120 M130 M139 M150 | 8:M19 M29 M53 M75 M78 M94 M104 M110 M116 M126 M138 M151 | 9:M5 M14 M35 M48 M50 M61 M70 M86 M98 M100 M115 M129 | 10:M7 M25 M30 M40 M51 M74 M81 M95 M111 M117 M134 M153 | 11:M33 M36 M55 M58 M67 M77 M80 M89 M103 M128 M145 M152 | 12:M37 M41 M59 M66 M73 M82 M97 M99 M118 M123 M142 M154 | 13:M39 M42 M60 M65 M72 M83 M102 M119 M131 M144 M149 | 14:M10 M43 M125 M147 | 15:M44 M63 M127 M146 | 16:M45 M64 M132 M140 | 17:M124 | 18: | 19: | 20: | 21:,,"domain reduction: sessions, fixed meetings, forbidden slots | precedence domain propagation: fixed point over direct edges | full precedence closure: cycle detection and graph statistics only | (20),(22)-(27) exactly once over reduced domains | (19) participant atMost-one per slot | (46),(47) clustered table capacity with full channeling | (28) staircase/support precedence over reduced domains and direct E | usedSlot channeling + exact per-idle-slot break cost | (43) exactly |Mp| reduced usedSlot variables | (44) atMost 2|L| busy participants per slot | (45) exact even number of busy participants | exact unary internal-idle counts and range objective over P*",,,result,205076,1183,0,206259
table08,forum-14.prec15,forum-14.prec15,SAT,OPTIMAL,37.861954,144011,365925,1465,0,367390,,peak_process_tree_rss_mb,maxsat,traditional,direct,no,imp12+,lexicographic_internal_idle_range_pstar_then_idle_sum,lex-idlesum,,,5,5,72,"1,2,3,4,5,6,8,9,11,12,14,17,19,20,21,22,23,24,25,26,27,28,29,30,31,32,33,34,35,36,37,38,39,40,41,42,43,44,45,46,47,48,49,50,51,52,53,54,55,56,57,58,59,60,61,62,63,64,65,66,67,68,69,70,71,72,73,74,75,76,77,78",5,4,4,4,53,3,53,56,20,20,"0,0,0,0,0,0,0,0,0,0,0,0,0,0,0,0,0,0,0,0,0,0,0,0,0,0,0,0,0,0,0,0,0,4,0,0,0,0,0,0,0,0,0,0,0,0,0,0,0,0,0,0,0,0,0,0,0,0,0,0,0,0,1,0,0,0,0,0,0,0,0,0,0,0,0,0,0,0","8,14,18,24,36,40,42,44,44,44,44,44,44,40,36,26,20,16,8,6,4,2","8,16,9,13,7,14,11,15,14,13,13,6,8,9,5,4,7,12,10,2,5,4,9,7,8,14,12,6,8,13,11,17,14,13,6,19,7,5,10,16,9,8,12,13,5,18,4,15,14,6,11,10,9,2,3,5,6,8,11,16,15,13,17,16,7,15,6,13,15,12,8,11,10,14,16,8,7,18,15,20,6,14,19,13,17,10,12,9,7,14,16,12,11,5,12,11,17,13,12,15,18,10,8,3,7,11,5,9,11,12,13,14,9,16,8,11,10,4,12,6,5,3,2,5,10,8,6,11,12,7,9,9,13,10,18,15,17,8,7,6,12,14,13,12,13,17,10,15,18,9,9,13,4,14,10,15,5,12,9,13,14,6,19,10,12,14,20,13,21,16,7,8,11,17,4,5,15,6,13,2,14,3,11,1,7,12,15,8,16,9,10,7,11,14,5,7,10,6,9,6,4,3,8,5,7,10,12,18,17,10,11,9,16,15,14,13,8,22,19,5,7,11,12,2,20,17,9,21,8,3,13,10,1,14,4,18,6,16,15,4,16,15,14,10,11,9,5,4,6,8,3,7,6,11,7,8,10,9,10,9,3,8,5,7,1,11,2,12,6,4,14,11,12,15,13,12,11,10,6,9,7,8,5,17,18,16,15,15,14,13,11,5,1,12,7,2,9,8,10,4,3,6",1:M184 M233 M265 M293 | 2:M20 M54 M123 M180 M224 M267 M296 | 3:M55 M104 M122 M182 M202 M230 M251 M261 M301 | 4:M16 M22 M47 M118 M153 M175 M201 M235 M240 M248 M270 M300 | 5:M15 M21 M38 M45 M56 M94 M107 M121 M124 M157 M176 M195 M204 M220 M247 M263 M283 M292 | 6:M12 M28 M35 M50 M57 M67 M81 M120 M127 M140 M162 M178 M198 M200 M237 M249 M253 M269 M279 M302 | 7:M5 M17 M24 M37 M65 M77 M89 M105 M130 M139 M171 M185 M192 M196 M205 M221 M252 M255 M264 M281 M295 | 8:M1 M13 M25 M29 M42 M58 M71 M76 M103 M115 M126 M138 M172 M188 M203 M217 M229 M250 M256 M262 M282 M298 | 9:M3 M14 M23 M41 M53 M88 M108 M113 M131 M132 M150 M151 M159 M190 M199 M212 M227 M246 M258 M260 M280 M297 | 10:M19 M39 M52 M73 M86 M102 M117 M125 M134 M147 M155 M164 M191 M197 M206 M210 M232 M244 M257 M259 M278 M299 | 11:M7 M31 M51 M59 M72 M93 M96 M106 M109 M116 M128 M173 M183 M193 M211 M222 M245 M254 M266 M272 M277 M291 | 12:M18 M27 M43 M70 M87 M92 M95 M99 M110 M119 M129 M141 M144 M158 M165 M186 M207 M223 M268 M273 M276 M294 | 13:M4 M10 M11 M30 M34 M44 M62 M68 M84 M98 M111 M133 M143 M145 M152 M160 M168 M179 M216 M231 M275 M290 | 14:M6 M9 M26 M33 M49 M74 M82 M90 M112 M142 M154 M161 M166 M181 M194 M215 M234 M243 M271 M289 | 15:M8 M48 M61 M66 M69 M79 M100 M136 M148 M156 M177 M187 M214 M239 M242 M274 M287 M288 | 16:M2 M40 M60 M64 M75 M91 M114 M170 M189 M213 M238 M241 M286 | 17:M32 M63 M85 M97 M137 M146 M174 M209 M226 M284 | 18:M46 M78 M101 M135 M149 M208 M236 M285 | 19:M36 M83 M163 M219 | 20:M80 M167 M225 | 21:M169 M228 | 22:M218,,"domain reduction: sessions, fixed meetings, forbidden slots | precedence domain propagation: fixed point over direct edges | full precedence closure: cycle detection and graph statistics only | (20),(22)-(27) exactly once over reduced domains | (19) participant atMost-one per slot | (46),(47) clustered table capacity with full channeling | (28) traditional pairwise precedence over direct E | usedSlot channeling + exact per-idle-slot break cost | (43) exactly |Mp| reduced usedSlot variables | (44) atMost 2|L| busy participants per slot | (45) exact even number of busy participants | exact unary internal-idle counts and range objective over P*",,,result,365925,1465,4,367390
table08,forum-14.prec15,forum-14.prec15,SAT,OPTIMAL,63.444016,144011,360807,1465,0,362272,,peak_process_tree_rss_mb,maxsat,staircase,direct,yes,imp12+,lexicographic_internal_idle_range_pstar_then_idle_sum,lex-idlesum,,,5,5,72,"1,2,3,4,5,6,8,9,11,12,14,17,19,20,21,22,23,24,25,26,27,28,29,30,31,32,33,34,35,36,37,38,39,40,41,42,43,44,45,46,47,48,49,50,51,52,53,54,55,56,57,58,59,60,61,62,63,64,65,66,67,68,69,70,71,72,73,74,75,76,77,78",5,4,4,4,53,3,53,56,20,20,"0,0,0,0,0,0,0,0,0,0,0,0,0,0,0,0,0,0,0,0,0,0,0,0,0,0,0,0,0,0,0,0,0,4,0,0,0,0,0,0,0,0,0,0,0,0,0,0,0,0,0,0,0,0,0,0,0,0,0,0,0,0,1,0,0,0,0,0,0,0,0,0,0,0,0,0,0,0","10,12,18,24,36,40,42,44,42,44,44,44,44,42,36,24,20,14,10,8,4,2","14,17,11,13,8,12,13,15,13,14,13,4,10,7,6,5,1,9,12,2,11,7,10,9,7,13,8,7,9,11,13,17,14,13,5,21,7,6,12,15,10,18,9,11,7,16,5,19,15,4,14,10,11,4,5,8,9,8,8,9,14,15,10,18,14,19,13,17,14,15,16,20,11,13,12,9,6,19,15,20,8,13,12,17,18,10,14,6,7,13,15,12,8,3,11,12,18,17,16,14,19,9,10,8,5,12,6,11,12,11,14,15,10,16,8,12,10,7,11,6,5,3,4,7,11,6,5,10,12,9,8,6,3,10,16,4,13,8,14,5,12,16,11,15,13,14,10,18,16,9,12,15,7,13,17,16,8,10,9,11,13,5,16,9,12,15,20,14,11,13,8,7,6,17,9,5,12,7,13,2,14,6,18,3,4,12,16,9,15,10,17,8,14,11,7,5,10,6,8,5,4,2,1,3,7,6,10,15,14,12,8,6,7,13,11,9,5,22,17,3,6,8,16,5,11,20,19,21,9,2,12,10,1,13,7,18,4,14,15,6,15,14,13,8,11,6,3,9,5,10,4,7,7,11,8,6,10,9,12,5,4,8,6,7,2,9,3,10,11,1,13,11,12,15,14,10,12,7,4,9,6,8,5,14,17,16,15,14,15,13,9,6,3,12,1,4,10,8,11,5,2,7",1:M17 M203 M233 M270 M295 | 2:M20 M180 M202 M230 M265 M301 | 3:M94 M122 M133 M184 M204 M220 M247 M267 M293 | 4:M12 M50 M54 M123 M136 M185 M201 M237 M251 M261 M279 M296 | 5:M16 M35 M47 M55 M105 M121 M127 M140 M162 M176 M196 M200 M217 M224 M249 M260 M283 M300 | 6:M15 M38 M77 M88 M107 M120 M126 M132 M173 M182 M198 M206 M212 M221 M240 M246 M256 M263 M281 M292 | 7:M14 M22 M25 M28 M37 M45 M89 M118 M124 M153 M172 M178 M195 M205 M213 M235 M252 M253 M264 M278 M302 | 8:M5 M27 M56 M58 M59 M81 M93 M104 M115 M131 M138 M157 M171 M192 M199 M211 M222 M244 M255 M262 M282 M298 | 9:M18 M24 M29 M43 M57 M60 M76 M102 M130 M150 M159 M164 M175 M188 M216 M229 M248 M258 M266 M280 M291 | 10:M13 M23 M41 M52 M63 M86 M103 M113 M117 M128 M134 M147 M158 M190 M197 M207 M232 M250 M257 M268 M276 M297 | 11:M3 M21 M30 M44 M53 M73 M95 M108 M110 M119 M125 M143 M160 M169 M194 M215 M225 M245 M254 M269 M272 M299 | 12:M6 M19 M39 M75 M83 M92 M96 M106 M109 M116 M129 M141 M151 M165 M177 M186 M210 M231 M259 M273 M277 M294 | 13:M4 M7 M9 M11 M26 M31 M34 M67 M74 M82 M90 M137 M145 M154 M161 M170 M179 M214 M234 M243 M271 M290 | 14:M1 M10 M33 M51 M61 M65 M69 M87 M100 M111 M139 M146 M168 M181 M193 M209 M238 M242 M275 M284 M288 | 15:M8 M40 M49 M62 M70 M79 M91 M112 M144 M152 M166 M189 M208 M239 M241 M274 M287 M289 | 16:M46 M71 M99 M114 M135 M142 M149 M156 M163 M187 M223 M286 | 17:M2 M32 M68 M84 M98 M155 M174 M191 M219 M285 | 18:M42 M64 M85 M97 M148 M183 M236 | 19:M48 M66 M78 M101 M227 | 20:M72 M80 M167 M226 | 21:M36 M228 | 22:M218,,"domain reduction: sessions, fixed meetings, forbidden slots | precedence domain propagation: fixed point over direct edges | full precedence closure: cycle detection and graph statistics only | (20),(22)-(27) exactly once over reduced domains | (19) participant atMost-one per slot | (46),(47) clustered table capacity with full channeling | (28) staircase/support precedence over reduced domains and direct E | usedSlot channeling + exact per-idle-slot break cost | (43) exactly |Mp| reduced usedSlot variables | (44) atMost 2|L| busy participants per slot | (45) exact even number of busy participants | exact unary internal-idle counts and range objective over P*",,,result,360807,1465,4,362272
table08,forumt-14.prec15,forumt-14.prec15,SAT,OPTIMAL,0.261858,26456,76182,485,0,76667,,peak_process_tree_rss_mb,maxsat,traditional,direct,no,imp12+,lexicographic_internal_idle_range_pstar_then_idle_sum,lex-idlesum,,,10,10,59,"1,2,3,4,5,6,7,8,9,10,11,12,13,14,15,16,17,18,20,21,22,23,24,25,26,27,28,29,30,31,32,33,34,35,36,37,38,39,40,41,42,43,44,45,46,47,48,49,50,51,52,53,54,55,56,57,58,59,60",10,2,2,2,44,6,44,54,7,7,"0,0,0,0,2,0,0,0,0,0,0,0,0,0,0,0,2,2,0,0,0,0,0,0,0,0,0,0,0,0,0,0,0,0,0,0,0,0,0,0,0,0,0,0,0,0,0,0,0,0,0,0,0,0,2,0,2,0,0,0","40,42,48,54,54,50,52,50,46,38","1,4,2,7,8,10,5,6,7,4,6,5,9,2,7,3,4,1,1,4,6,2,8,5,10,7,1,4,5,1,5,3,2,10,2,1,7,4,7,8,9,8,1,7,4,5,2,6,1,8,9,5,3,10,4,7,2,9,3,8,6,10,1,7,3,5,4,6,9,8,9,7,5,6,10,3,7,1,2,3,5,10,9,8,4,6,5,9,10,6,7,8,6,2,4,8,7,3,1,4,6,9,3,10,7,2,4,3,6,5,7,9,4,5,7,6,8,1,4,2,10,6,4,8,8,5,6,3,4,9,3,5,1,3,9,5,10,7,8,4,6,10,3,4,1,7,3,10,4,5,5,9,6,1,8,10,2,4,7,3,7,9,2,8,3,4,6,1,10,4,8,5,9,2,3,9,4,6,5,6,7,3,5,8,10,9,10,9,5,6,8,7,9,2,1,8,10,6,3,9,9,7,9,6,8,2,4,10,5,1,8,5,6,7,1,2,3,8,2,7,3,5,4,8,1,6,9,2,7,5,3,2,8,4,2,3,5",1:M1 M18 M19 M27 M30 M36 M43 M49 M63 M78 M99 M118 M133 M145 M154 M168 M195 M210 M215 M225 | 2:M3 M14 M22 M33 M35 M47 M57 M79 M94 M106 M120 M157 M163 M174 M194 M206 M216 M219 M228 M232 M235 | 3:M16 M32 M53 M59 M65 M76 M80 M98 M103 M108 M128 M131 M134 M143 M147 M160 M165 M175 M182 M199 M217 M221 M231 M236 | 4:M2 M10 M17 M20 M28 M38 M45 M55 M67 M85 M95 M100 M107 M113 M119 M123 M129 M140 M144 M149 M158 M166 M170 M177 M207 M223 M234 | 5:M7 M12 M24 M29 M31 M46 M52 M66 M73 M81 M87 M110 M114 M126 M132 M136 M150 M151 M172 M179 M183 M189 M209 M212 M222 M230 M237 | 6:M8 M11 M21 M48 M61 M68 M74 M86 M90 M93 M101 M109 M116 M122 M127 M141 M153 M167 M178 M180 M190 M198 M204 M213 M226 | 7:M4 M9 M15 M26 M37 M39 M44 M56 M64 M72 M77 M91 M97 M105 M111 M115 M138 M146 M159 M161 M181 M192 M202 M214 M220 M229 | 8:M5 M23 M40 M42 M50 M60 M70 M84 M92 M96 M117 M124 M125 M139 M155 M164 M171 M184 M191 M196 M205 M211 M218 M224 M233 | 9:M13 M41 M51 M58 M69 M71 M83 M88 M102 M112 M130 M135 M152 M162 M173 M176 M186 M188 M193 M200 M201 M203 M227 | 10:M6 M25 M34 M54 M62 M75 M82 M89 M104 M121 M137 M142 M148 M156 M169 M185 M187 M197 M208,,"domain reduction: sessions, fixed meetings, forbidden slots | precedence domain propagation: fixed point over direct edges | full precedence closure: cycle detection and graph statistics only | (20),(22)-(27) exactly once over reduced domains | (19) participant atMost-one per slot | (46),(47) clustered table capacity with full channeling | (28) traditional pairwise precedence over direct E | usedSlot channeling + exact per-idle-slot break cost | (43) exactly |Mp| reduced usedSlot variables | (44) atMost 2|L| busy participants per slot | (45) exact even number of busy participants | exact unary internal-idle counts and range objective over P*",,,result,76182,485,2,76667
table08,forumt-14.prec15,forumt-14.prec15,SAT,OPTIMAL,0.338635,26456,75225,485,0,75710,,peak_process_tree_rss_mb,maxsat,staircase,direct,yes,imp12+,lexicographic_internal_idle_range_pstar_then_idle_sum,lex-idlesum,,,10,10,59,"1,2,3,4,5,6,7,8,9,10,11,12,13,14,15,16,17,18,20,21,22,23,24,25,26,27,28,29,30,31,32,33,34,35,36,37,38,39,40,41,42,43,44,45,46,47,48,49,50,51,52,53,54,55,56,57,58,59,60",10,2,2,2,44,6,44,54,7,7,"0,0,0,0,2,0,0,0,0,0,0,0,0,0,0,0,2,2,0,0,0,0,0,0,0,0,0,0,0,0,0,0,0,0,0,0,0,0,0,0,0,0,0,0,0,0,0,0,0,0,0,0,0,0,2,0,2,0,0,0","38,42,44,50,52,52,54,50,50,42","3,2,10,5,9,6,4,1,7,5,10,9,8,2,3,6,7,4,2,6,4,7,5,10,8,7,4,9,6,4,10,7,6,3,4,1,2,9,8,6,1,3,2,9,4,5,10,8,2,9,4,5,3,5,6,7,3,2,1,9,8,1,8,9,5,7,2,3,4,6,9,5,8,4,6,1,4,9,2,5,8,3,6,1,10,7,5,6,9,8,7,10,10,5,4,7,9,8,4,2,1,10,7,5,8,8,10,7,9,7,2,5,6,9,6,10,3,8,7,2,1,10,6,8,3,6,7,9,4,8,3,5,10,3,8,4,6,7,5,9,1,3,7,2,10,4,5,1,3,10,1,7,2,9,3,6,8,10,4,5,7,2,6,10,3,5,8,1,4,8,4,9,2,3,7,5,4,9,2,6,7,4,6,10,7,8,5,4,6,7,9,8,5,1,6,5,8,9,3,10,9,8,9,1,5,2,7,4,6,10,8,6,9,7,1,1,7,3,1,9,8,3,6,7,5,4,10,2,3,2,6,5,1,5,3,2,4",1:M8 M36 M41 M59 M62 M76 M84 M101 M121 M141 M148 M151 M168 M194 M204 M215 M216 M219 M233 | 2:M2 M14 M19 M37 M43 M49 M58 M67 M79 M100 M111 M120 M144 M153 M162 M173 M179 M206 M228 M230 M236 | 3:M1 M15 M34 M42 M53 M57 M68 M82 M117 M125 M131 M134 M142 M149 M155 M165 M174 M199 M218 M222 M229 M235 | 4:M7 M18 M21 M27 M30 M35 M45 M51 M69 M74 M77 M95 M99 M129 M136 M146 M159 M169 M171 M177 M182 M188 M208 M226 M237 | 5:M4 M10 M23 M46 M52 M54 M65 M72 M80 M87 M94 M104 M112 M132 M139 M147 M160 M166 M176 M187 M193 M196 M205 M225 M232 M234 | 6:M6 M16 M20 M29 M33 M40 M55 M70 M75 M83 M88 M113 M115 M123 M126 M137 M156 M163 M180 M183 M189 M195 M209 M212 M223 M231 | 7:M9 M17 M22 M26 M32 M56 M66 M86 M91 M96 M103 M108 M110 M119 M127 M138 M143 M152 M161 M175 M181 M185 M190 M207 M214 M217 M224 | 8:M13 M25 M39 M48 M61 M63 M73 M81 M90 M98 M105 M106 M118 M124 M130 M135 M157 M167 M170 M186 M192 M197 M202 M211 M221 | 9:M5 M12 M28 M38 M44 M50 M60 M64 M71 M78 M89 M97 M109 M114 M128 M140 M154 M172 M178 M191 M198 M201 M203 M213 M220 | 10:M3 M11 M24 M31 M47 M85 M92 M93 M102 M107 M116 M122 M133 M145 M150 M158 M164 M184 M200 M210 M227,,"domain reduction: sessions, fixed meetings, forbidden slots | precedence domain propagation: fixed point over direct edges | full precedence closure: cycle detection and graph statistics only | (20),(22)-(27) exactly once over reduced domains | (19) participant atMost-one per slot | (46),(47) clustered table capacity with full channeling | (28) staircase/support precedence over reduced domains and direct E | usedSlot channeling + exact per-idle-slot break cost | (43) exactly |Mp| reduced usedSlot variables | (44) atMost 2|L| busy participants per slot | (45) exact even number of busy participants | exact unary internal-idle counts and range objective over P*",,,result,75225,485,2,75710
table08,forumt-14.prec25,forumt-14.prec25,SAT,OPTIMAL,0.418127,26110,73709,485,0,74194,,peak_process_tree_rss_mb,maxsat,traditional,direct,no,imp12+,lexicographic_internal_idle_range_pstar_then_idle_sum,lex-idlesum,,,10,10,59,"1,2,3,4,5,6,7,8,9,10,11,12,13,14,15,16,17,18,20,21,22,23,24,25,26,27,28,29,30,31,32,33,34,35,36,37,38,39,40,41,42,43,44,45,46,47,48,49,50,51,52,53,54,55,56,57,58,59,60",10,2,2,2,93,38,93,145,7,7,"0,0,0,0,2,0,0,0,0,0,0,0,0,0,0,0,2,2,0,0,0,0,0,0,0,0,0,0,0,0,0,0,0,0,0,0,0,0,0,0,0,0,0,0,0,0,0,0,0,0,0,0,0,0,2,0,2,0,0,0","40,44,46,54,54,54,52,48,44,38","7,9,8,2,4,10,5,3,5,6,4,8,7,9,5,6,1,2,6,10,8,6,7,3,6,1,2,7,10,1,9,10,1,7,8,1,4,2,1,8,6,8,3,5,4,2,10,8,4,10,2,7,3,10,6,4,2,3,5,9,8,2,4,5,1,9,8,3,6,7,5,10,6,1,9,4,3,8,2,5,6,7,4,1,9,10,6,5,9,7,10,8,1,7,2,6,3,4,3,6,10,2,9,7,5,7,10,9,5,9,8,6,7,4,6,2,3,9,7,10,5,4,6,8,5,3,6,4,8,7,3,7,9,10,6,7,1,5,8,4,3,2,1,5,8,10,10,3,7,5,7,5,3,6,2,1,4,8,9,10,6,4,5,7,2,10,3,9,1,9,6,8,1,3,5,2,4,9,7,5,4,4,5,6,8,2,7,8,5,4,9,6,7,6,1,3,2,4,9,8,4,9,8,4,7,3,5,2,6,1,4,9,5,1,10,5,3,1,8,9,7,4,8,2,3,5,6,1,7,4,3,2,6,4,3,5,2",1:M17 M26 M30 M33 M36 M39 M65 M74 M84 M93 M137 M143 M156 M169 M173 M195 M210 M214 M218 M228 | 2:M4 M18 M27 M38 M46 M51 M57 M62 M79 M95 M102 M116 M142 M155 M165 M176 M186 M197 M208 M224 M232 M237 | 3:M8 M24 M43 M53 M58 M68 M77 M97 M99 M117 M126 M131 M141 M148 M153 M167 M174 M196 M206 M217 M225 M231 M235 | 4:M5 M11 M37 M45 M49 M56 M63 M76 M83 M98 M114 M122 M128 M140 M157 M162 M177 M181 M182 M190 M198 M201 M204 M211 M222 M230 M234 | 5:M7 M9 M15 M44 M59 M64 M71 M80 M88 M105 M109 M121 M125 M138 M144 M150 M152 M163 M175 M180 M183 M189 M207 M213 M216 M226 M236 | 6:M10 M16 M19 M22 M25 M41 M55 M69 M73 M81 M87 M96 M100 M112 M115 M123 M127 M135 M154 M161 M171 M184 M192 M194 M209 M227 M233 | 7:M1 M13 M23 M28 M34 M52 M70 M82 M90 M94 M104 M106 M113 M119 M130 M132 M136 M149 M151 M164 M179 M187 M193 M205 M221 M229 | 8:M3 M12 M21 M35 M40 M42 M48 M61 M67 M78 M92 M111 M124 M129 M139 M145 M158 M172 M185 M188 M200 M203 M219 M223 | 9:M2 M14 M31 M60 M66 M75 M85 M89 M103 M108 M110 M118 M133 M159 M168 M170 M178 M191 M199 M202 M212 M220 | 10:M6 M20 M29 M32 M47 M50 M54 M72 M86 M91 M101 M107 M120 M134 M146 M147 M160 M166 M215,,"domain reduction: sessions, fixed meetings, forbidden slots | precedence domain propagation: fixed point over direct edges | full precedence closure: cycle detection and graph statistics only | (20),(22)-(27) exactly once over reduced domains | (19) participant atMost-one per slot | (46),(47) clustered table capacity with full channeling | (28) traditional pairwise precedence over direct E | usedSlot channeling + exact per-idle-slot break cost | (43) exactly |Mp| reduced usedSlot variables | (44) atMost 2|L| busy participants per slot | (45) exact even number of busy participants | exact unary internal-idle counts and range objective over P*",,,result,73709,485,2,74194
table08,forumt-14.prec25,forumt-14.prec25,SAT,OPTIMAL,0.628451,26110,72185,485,0,72670,,peak_process_tree_rss_mb,maxsat,staircase,direct,yes,imp12+,lexicographic_internal_idle_range_pstar_then_idle_sum,lex-idlesum,,,10,10,59,"1,2,3,4,5,6,7,8,9,10,11,12,13,14,15,16,17,18,20,21,22,23,24,25,26,27,28,29,30,31,32,33,34,35,36,37,38,39,40,41,42,43,44,45,46,47,48,49,50,51,52,53,54,55,56,57,58,59,60",10,2,2,2,93,38,93,145,7,7,"0,0,0,0,2,0,0,0,0,0,0,0,0,0,0,0,2,2,0,0,0,0,0,0,0,0,0,0,0,0,0,0,0,0,0,0,0,0,0,0,0,0,0,0,0,0,0,0,0,0,0,0,0,0,2,0,2,0,0,0","40,44,48,52,52,54,52,48,46,38","8,9,5,6,7,10,4,2,4,4,2,7,4,10,8,5,3,9,6,8,3,10,9,1,8,6,3,9,8,5,5,4,1,2,9,2,1,3,6,7,7,8,6,5,1,3,10,6,7,10,1,2,3,10,8,3,1,4,7,6,5,6,7,8,3,9,4,2,1,5,3,10,9,1,8,7,5,8,6,3,4,7,2,1,9,10,5,2,3,4,6,1,1,3,7,4,2,6,3,9,10,2,7,6,5,6,7,9,6,8,7,9,2,4,9,1,8,10,2,5,7,4,6,7,7,4,9,5,10,8,6,7,5,8,3,9,2,4,10,1,7,3,1,9,8,10,5,2,4,8,7,1,2,9,4,5,8,10,3,6,5,6,4,2,10,9,3,8,1,9,8,10,3,3,7,6,5,4,9,6,5,6,5,7,3,2,5,6,1,3,4,2,8,8,1,6,2,7,4,5,6,10,9,7,5,1,3,4,6,2,5,7,8,4,9,7,2,4,10,4,10,3,8,2,5,7,9,6,8,5,6,4,9,3,4,5,1",1:M24 M33 M37 M45 M51 M57 M69 M74 M84 M92 M93 M116 M140 M143 M152 M169 M189 M195 M206 M237 | 2:M8 M11 M34 M36 M52 M68 M83 M88 M97 M102 M113 M119 M137 M148 M153 M164 M186 M192 M197 M210 M217 M224 | 3:M17 M21 M27 M38 M46 M53 M56 M65 M71 M80 M89 M94 M99 M135 M142 M159 M167 M173 M174 M185 M190 M207 M222 M234 | 4:M7 M9 M10 M13 M32 M58 M67 M81 M90 M96 M114 M122 M126 M138 M149 M155 M163 M178 M191 M199 M208 M214 M218 M220 M232 M235 | 5:M3 M16 M30 M31 M44 M61 M70 M77 M87 M105 M120 M128 M133 M147 M156 M161 M177 M181 M183 M187 M200 M205 M211 M225 M230 M236 | 6:M4 M19 M26 M39 M43 M48 M60 M62 M79 M91 M98 M104 M106 M109 M123 M131 M160 M162 M176 M180 M182 M188 M196 M201 M209 M228 M231 | 7:M5 M12 M40 M41 M49 M59 M63 M76 M82 M95 M103 M107 M111 M121 M124 M125 M132 M141 M151 M175 M184 M198 M204 M212 M216 M226 | 8:M1 M15 M20 M25 M29 M42 M55 M64 M75 M78 M110 M117 M130 M134 M145 M150 M157 M168 M171 M193 M194 M213 M223 M229 | 9:M2 M18 M23 M28 M35 M66 M73 M85 M100 M108 M112 M115 M127 M136 M144 M154 M166 M170 M179 M203 M215 M227 M233 | 10:M6 M14 M22 M47 M50 M54 M72 M86 M101 M118 M129 M139 M146 M158 M165 M172 M202 M219 M221,,"domain reduction: sessions, fixed meetings, forbidden slots | precedence domain propagation: fixed point over direct edges | full precedence closure: cycle detection and graph statistics only | (20),(22)-(27) exactly once over reduced domains | (19) participant atMost-one per slot | (46),(47) clustered table capacity with full channeling | (28) staircase/support precedence over reduced domains and direct E | usedSlot channeling + exact per-idle-slot break cost | (43) exactly |Mp| reduced usedSlot variables | (44) atMost 2|L| busy participants per slot | (45) exact even number of busy participants | exact unary internal-idle counts and range objective over P*",,,result,72185,485,2,72670
table08,forumt-14crafc.prec15,forumt-14crafc.prec15,SAT,OPTIMAL,0.208209,26702,76714,485,0,77199,,peak_process_tree_rss_mb,maxsat,traditional,direct,no,imp12+,lexicographic_internal_idle_range_pstar_then_idle_sum,lex-idlesum,,,10,10,59,"1,2,3,4,5,6,7,8,9,10,11,12,13,14,15,16,17,18,20,21,22,23,24,25,26,27,28,29,30,31,32,33,34,35,36,37,38,39,40,41,42,43,44,45,46,47,48,49,50,51,52,53,54,55,56,57,58,59,60",10,2,2,2,44,6,44,54,7,7,"0,0,0,0,2,0,0,0,0,0,0,0,0,0,0,0,2,2,0,0,0,0,0,0,0,0,0,0,0,0,0,0,0,0,0,0,0,0,0,0,0,0,0,0,0,0,0,0,0,0,0,0,0,0,2,0,2,0,0,0","40,46,48,50,50,50,50,50,48,42","4,5,1,6,7,9,8,10,2,7,5,9,2,7,6,3,8,10,1,3,9,8,2,9,4,6,3,10,4,5,7,2,8,10,7,3,8,1,10,5,6,1,5,9,7,2,4,7,1,3,4,8,5,4,6,3,1,2,5,8,9,2,9,5,10,7,3,1,8,6,10,8,6,9,4,2,9,4,5,2,7,3,6,8,10,1,8,7,9,10,5,6,9,7,6,5,10,8,9,3,5,6,4,7,10,2,1,3,8,7,4,9,3,2,8,7,9,4,3,5,6,10,6,5,4,5,3,8,9,7,7,1,9,3,2,10,8,6,1,7,4,9,3,7,10,1,8,2,10,6,10,9,3,1,7,2,4,5,6,8,7,5,8,10,1,3,6,4,2,6,9,3,1,1,5,4,3,7,6,6,5,2,4,9,8,5,6,1,4,3,5,2,8,9,3,4,2,10,8,7,8,9,10,2,8,1,5,6,4,7,10,6,4,9,1,5,3,4,2,10,3,8,2,6,4,5,9,7,6,4,7,2,3,2,4,5,1",1:M3 M19 M38 M42 M49 M57 M68 M86 M107 M132 M139 M146 M154 M165 M173 M174 M188 M206 M215 M237 | 2:M9 M13 M23 M32 M46 M58 M62 M76 M80 M106 M114 M135 M148 M156 M169 M182 M192 M197 M204 M219 M223 M232 M234 | 3:M16 M20 M27 M36 M50 M56 M67 M82 M100 M108 M113 M119 M127 M134 M143 M153 M166 M172 M177 M190 M195 M217 M221 M233 | 4:M1 M25 M29 M47 M51 M54 M75 M78 M103 M111 M118 M125 M141 M157 M168 M176 M183 M189 M196 M209 M213 M218 M225 M230 M235 | 5:M2 M11 M30 M40 M43 M53 M59 M64 M79 M91 M96 M101 M120 M124 M126 M158 M162 M175 M181 M186 M191 M207 M216 M226 M236 | 6:M4 M15 M26 M41 M55 M70 M73 M83 M92 M95 M102 M121 M123 M138 M150 M159 M167 M170 M179 M180 M187 M208 M212 M224 M229 | 7:M5 M10 M14 M31 M35 M45 M48 M66 M81 M88 M94 M104 M110 M116 M130 M131 M140 M144 M155 M161 M178 M200 M210 M228 M231 | 8:M7 M17 M22 M33 M37 M52 M60 M69 M72 M84 M87 M98 M109 M115 M128 M137 M147 M160 M163 M185 M193 M199 M201 M205 M222 | 9:M6 M12 M21 M24 M44 M61 M63 M74 M77 M89 M93 M99 M112 M117 M129 M133 M142 M152 M171 M184 M194 M202 M214 M227 | 10:M8 M18 M28 M34 M39 M65 M71 M85 M90 M97 M105 M122 M136 M145 M149 M151 M164 M198 M203 M211 M220,,"domain reduction: sessions, fixed meetings, forbidden slots | precedence domain propagation: fixed point over direct edges | full precedence closure: cycle detection and graph statistics only | (20),(22)-(27) exactly once over reduced domains | (19) participant atMost-one per slot | (46),(47) clustered table capacity with full channeling | (28) traditional pairwise precedence over direct E | usedSlot channeling + exact per-idle-slot break cost | (43) exactly |Mp| reduced usedSlot variables | (44) atMost 2|L| busy participants per slot | (45) exact even number of busy participants | exact unary internal-idle counts and range objective over P*",,,result,76714,485,2,77199
table08,forumt-14crafc.prec15,forumt-14crafc.prec15,SAT,OPTIMAL,0.246167,26702,75757,485,0,76242,,peak_process_tree_rss_mb,maxsat,staircase,direct,yes,imp12+,lexicographic_internal_idle_range_pstar_then_idle_sum,lex-idlesum,,,10,10,59,"1,2,3,4,5,6,7,8,9,10,11,12,13,14,15,16,17,18,20,21,22,23,24,25,26,27,28,29,30,31,32,33,34,35,36,37,38,39,40,41,42,43,44,45,46,47,48,49,50,51,52,53,54,55,56,57,58,59,60",10,2,2,2,44,6,44,54,7,7,"0,0,0,0,2,0,0,0,0,0,0,0,0,0,0,0,2,2,0,0,0,0,0,0,0,0,0,0,0,0,0,0,0,0,0,0,0,0,0,0,0,0,0,0,0,0,0,0,0,0,0,0,0,0,2,0,2,0,0,0","44,46,50,50,50,50,50,48,46,40","6,2,10,7,8,9,4,5,1,3,2,6,9,8,3,4,5,10,2,5,8,2,6,7,8,6,2,3,2,9,9,3,5,10,4,2,3,7,7,10,8,3,2,1,9,4,10,8,2,3,4,10,5,9,7,5,1,8,3,10,6,8,1,7,6,4,2,3,9,5,7,9,8,1,6,5,5,10,2,9,8,4,3,7,1,6,5,9,7,6,8,10,8,4,7,9,3,6,10,9,8,6,1,4,2,8,9,7,4,6,7,3,2,7,10,9,8,5,4,1,3,2,6,3,2,3,1,5,6,4,4,3,9,1,3,4,5,7,10,8,6,7,1,9,10,2,6,1,9,5,10,6,4,2,3,9,1,8,5,7,10,8,2,7,3,9,4,1,5,6,7,4,1,3,4,1,5,2,8,6,7,8,5,3,4,7,5,2,1,3,4,6,5,6,4,7,1,10,5,9,1,7,10,4,5,6,3,8,9,2,1,6,5,7,10,7,2,8,1,10,5,4,2,6,3,7,9,8,10,9,4,6,8,3,1,4,5",1:M9 M44 M57 M63 M74 M85 M103 M120 M127 M134 M143 M148 M157 M168 M173 M176 M189 M197 M201 M211 M219 M235 | 2:M2 M11 M19 M22 M27 M29 M36 M43 M49 M67 M79 M105 M113 M122 M125 M146 M154 M163 M178 M188 M210 M217 M223 | 3:M10 M15 M28 M32 M37 M42 M50 M59 M68 M83 M97 M112 M121 M124 M126 M132 M135 M155 M165 M174 M184 M190 M207 M225 M234 | 4:M7 M16 M35 M46 M51 M66 M82 M94 M104 M109 M119 M130 M131 M136 M153 M167 M172 M175 M185 M191 M195 M204 M222 M231 M236 | 5:M8 M17 M20 M33 M53 M56 M70 M76 M77 M87 M118 M128 M137 M150 M159 M169 M177 M183 M187 M193 M199 M205 M213 M221 M237 | 6:M1 M12 M23 M26 M61 M65 M75 M86 M90 M98 M102 M110 M123 M129 M141 M147 M152 M170 M180 M192 M194 M206 M212 M224 M232 | 7:M4 M24 M38 M39 M55 M64 M71 M84 M89 M95 M108 M111 M114 M138 M142 M160 M164 M171 M181 M186 M196 M202 M214 M216 M226 | 8:M5 M14 M21 M25 M41 M48 M58 M62 M73 M81 M91 M93 M101 M106 M117 M140 M158 M162 M179 M182 M208 M218 M228 M233 | 9:M6 M13 M30 M31 M45 M54 M69 M72 M80 M88 M96 M100 M107 M116 M133 M144 M149 M156 M166 M200 M209 M227 M230 | 10:M3 M18 M34 M40 M47 M52 M60 M78 M92 M99 M115 M139 M145 M151 M161 M198 M203 M215 M220 M229,,"domain reduction: sessions, fixed meetings, forbidden slots | precedence domain propagation: fixed point over direct edges | full precedence closure: cycle detection and graph statistics only | (20),(22)-(27) exactly once over reduced domains | (19) participant atMost-one per slot | (46),(47) clustered table capacity with full channeling | (28) staircase/support precedence over reduced domains and direct E | usedSlot channeling + exact per-idle-slot break cost | (43) exactly |Mp| reduced usedSlot variables | (44) atMost 2|L| busy participants per slot | (45) exact even number of busy participants | exact unary internal-idle counts and range objective over P*",,,result,75757,485,2,76242
table08,forumt-14crafc.prec25,forumt-14crafc.prec25,SAT,OPTIMAL,0.442917,26366,74261,485,0,74746,,peak_process_tree_rss_mb,maxsat,traditional,direct,no,imp12+,lexicographic_internal_idle_range_pstar_then_idle_sum,lex-idlesum,,,10,10,59,"1,2,3,4,5,6,7,8,9,10,11,12,13,14,15,16,17,18,20,21,22,23,24,25,26,27,28,29,30,31,32,33,34,35,36,37,38,39,40,41,42,43,44,45,46,47,48,49,50,51,52,53,54,55,56,57,58,59,60",10,2,2,2,93,38,93,145,7,7,"0,0,0,0,2,0,0,0,0,0,0,0,0,0,0,0,2,2,0,0,0,0,0,0,0,0,0,0,0,0,0,0,0,0,0,0,0,0,0,0,0,0,0,0,0,0,0,0,0,0,0,0,0,0,2,0,2,0,0,0","46,50,50,50,50,48,50,48,44,38","8,9,2,6,7,3,1,5,6,5,5,6,8,9,3,4,7,2,1,10,5,8,6,2,7,1,3,9,1,8,10,3,2,5,4,1,3,2,6,10,4,8,7,5,3,2,10,1,7,2,3,5,4,10,8,3,2,7,5,9,6,5,6,1,2,7,3,8,4,9,6,8,5,1,10,4,2,7,3,6,1,4,9,5,10,8,7,5,8,6,9,10,6,3,5,8,2,7,7,10,5,3,9,6,1,8,10,9,8,2,6,3,1,4,8,1,7,10,9,6,3,4,3,2,3,4,8,5,9,7,4,10,7,2,10,4,1,6,8,9,5,6,4,1,10,3,9,2,4,7,8,7,1,5,3,9,2,10,4,6,3,7,10,2,1,8,4,5,9,2,7,8,6,2,7,8,4,1,9,3,2,9,4,2,6,7,4,5,3,1,2,6,6,8,4,1,5,7,10,2,3,8,10,4,9,3,6,7,5,1,5,7,8,1,9,7,1,4,9,2,5,4,9,1,3,8,7,6,5,9,10,4,6,2,3,4,5",1:M7 M19 M26 M29 M36 M48 M64 M74 M81 M105 M113 M116 M137 M144 M153 M165 M178 M190 M196 M210 M214 M217 M224 | 2:M3 M18 M24 M33 M38 M46 M50 M57 M65 M77 M97 M110 M124 M134 M148 M157 M164 M170 M174 M181 M184 M191 M200 M220 M234 | 3:M6 M15 M27 M32 M37 M45 M51 M56 M67 M79 M94 M102 M112 M121 M123 M125 M146 M155 M161 M180 M189 M201 M206 M225 M235 | 4:M16 M35 M41 M53 M69 M76 M82 M114 M122 M126 M131 M136 M143 M149 M159 M167 M177 M183 M187 M195 M204 M218 M222 M232 M236 | 5:M8 M10 M11 M21 M34 M44 M52 M59 M62 M73 M84 M88 M95 M101 M128 M141 M154 M168 M188 M197 M209 M211 M221 M229 M237 | 6:M4 M9 M12 M23 M39 M61 M63 M71 M80 M90 M93 M104 M111 M120 M138 M142 M160 M173 M185 M192 M193 M207 M228 M233 | 7:M5 M17 M25 M43 M49 M58 M66 M78 M87 M98 M99 M117 M130 M133 M150 M152 M162 M171 M175 M186 M198 M208 M212 M216 M227 | 8:M1 M13 M22 M30 M42 M55 M68 M72 M86 M89 M96 M106 M109 M115 M127 M139 M151 M166 M172 M176 M194 M202 M213 M226 | 9:M2 M14 M28 M60 M70 M83 M91 M103 M108 M119 M129 M140 M147 M156 M169 M179 M182 M205 M215 M219 M223 M230 | 10:M20 M31 M40 M47 M54 M75 M85 M92 M100 M107 M118 M132 M135 M145 M158 M163 M199 M203 M231,,"domain reduction: sessions, fixed meetings, forbidden slots | precedence domain propagation: fixed point over direct edges | full precedence closure: cycle detection and graph statistics only | (20),(22)-(27) exactly once over reduced domains | (19) participant atMost-one per slot | (46),(47) clustered table capacity with full channeling | (28) traditional pairwise precedence over direct E | usedSlot channeling + exact per-idle-slot break cost | (43) exactly |Mp| reduced usedSlot variables | (44) atMost 2|L| busy participants per slot | (45) exact even number of busy participants | exact unary internal-idle counts and range objective over P*",,,result,74261,485,2,74746
table08,forumt-14crafc.prec25,forumt-14crafc.prec25,SAT,OPTIMAL,0.36328,26366,72737,485,0,73222,,peak_process_tree_rss_mb,maxsat,staircase,direct,yes,imp12+,lexicographic_internal_idle_range_pstar_then_idle_sum,lex-idlesum,,,10,10,59,"1,2,3,4,5,6,7,8,9,10,11,12,13,14,15,16,17,18,20,21,22,23,24,25,26,27,28,29,30,31,32,33,34,35,36,37,38,39,40,41,42,43,44,45,46,47,48,49,50,51,52,53,54,55,56,57,58,59,60",10,2,2,2,93,38,93,145,7,7,"0,0,0,0,2,0,0,0,0,0,0,0,0,0,0,0,2,2,0,0,0,0,0,0,0,0,0,0,0,0,0,0,0,0,0,0,0,0,0,0,0,0,0,0,0,0,0,0,0,0,0,0,0,0,2,0,2,0,0,0","44,48,48,50,50,50,50,48,46,40","9,8,3,7,2,6,1,5,6,5,5,7,3,10,9,6,4,8,5,10,9,7,8,7,6,1,3,10,9,3,9,3,1,10,8,1,2,4,7,4,10,7,6,1,5,4,9,1,5,8,2,7,3,10,8,3,1,4,6,9,7,2,8,4,1,3,6,7,5,10,10,9,7,2,8,1,2,9,3,5,4,8,1,7,6,10,5,2,4,3,6,1,2,6,5,1,3,7,2,10,5,4,9,6,8,7,10,8,9,6,8,2,5,3,8,2,7,10,4,5,6,4,6,2,5,4,1,2,6,3,4,2,7,1,10,5,2,4,8,6,9,3,4,6,2,8,3,5,6,9,7,2,4,1,5,10,3,9,6,8,10,4,3,8,1,6,2,5,9,8,5,9,4,9,4,8,3,1,10,3,2,8,4,9,7,2,8,9,6,7,10,5,5,9,3,2,1,6,4,7,10,10,8,9,4,3,5,7,6,2,4,7,8,1,10,7,7,1,9,5,6,4,3,1,7,2,9,8,5,3,6,1,7,5,2,4,3",1:M7 M26 M33 M36 M44 M48 M57 M65 M76 M83 M92 M96 M127 M134 M154 M165 M178 M197 M214 M218 M224 M232 | 2:M5 M37 M51 M62 M74 M77 M88 M93 M99 M112 M116 M124 M128 M132 M137 M145 M152 M167 M181 M186 M196 M210 M226 M235 | 3:M3 M13 M27 M30 M32 M53 M56 M66 M79 M90 M97 M114 M130 M142 M147 M157 M163 M177 M180 M195 M206 M223 M230 M237 | 4:M17 M38 M40 M46 M58 M64 M81 M89 M102 M119 M122 M126 M131 M138 M143 M153 M162 M173 M175 M183 M199 M205 M211 M222 M236 | 5:M8 M10 M11 M19 M45 M49 M69 M80 M87 M95 M101 M113 M120 M125 M136 M148 M155 M168 M171 M192 M193 M207 M220 M229 M234 | 6:M6 M9 M16 M25 M43 M59 M67 M85 M91 M94 M104 M110 M121 M123 M129 M140 M144 M149 M159 M166 M189 M198 M209 M221 M231 | 7:M4 M12 M22 M24 M39 M42 M52 M61 M68 M73 M84 M98 M106 M117 M133 M151 M185 M190 M200 M208 M212 M216 M217 M225 M233 | 8:M2 M18 M23 M35 M50 M55 M63 M75 M82 M105 M108 M111 M115 M139 M146 M160 M164 M170 M176 M182 M187 M203 M213 M228 | 9:M1 M15 M21 M29 M31 M47 M60 M72 M78 M103 M109 M141 M150 M158 M169 M172 M174 M184 M188 M194 M204 M219 M227 | 10:M14 M20 M28 M34 M41 M54 M70 M71 M86 M100 M107 M118 M135 M156 M161 M179 M191 M201 M202 M215,,"domain reduction: sessions, fixed meetings, forbidden slots | precedence domain propagation: fixed point over direct edges | full precedence closure: cycle detection and graph statistics only | (20),(22)-(27) exactly once over reduced domains | (19) participant atMost-one per slot | (46),(47) clustered table capacity with full channeling | (28) staircase/support precedence over reduced domains and direct E | usedSlot channeling + exact per-idle-slot break cost | (43) exactly |Mp| reduced usedSlot variables | (44) atMost 2|L| busy participants per slot | (45) exact even number of busy participants | exact unary internal-idle counts and range objective over P*",,,result,72737,485,2,73222
table08,forumt-14crafd.prec15,forumt-14crafd.prec15,SAT,OPTIMAL,0.347072,26463,76686,486,0,77172,,peak_process_tree_rss_mb,maxsat,traditional,direct,no,imp12+,lexicographic_internal_idle_range_pstar_then_idle_sum,lex-idlesum,,,8,8,59,"1,2,3,4,5,6,7,8,9,10,11,12,13,14,15,16,17,18,20,21,22,23,24,25,26,27,28,29,30,31,32,33,34,35,36,37,38,39,40,41,42,43,44,45,46,47,48,49,50,51,52,53,54,55,56,57,58,59,60",8,2,2,2,41,1,41,42,8,8,"0,0,0,0,0,0,0,0,0,0,0,0,0,0,0,0,2,2,0,0,0,0,0,0,0,0,0,0,0,0,0,0,0,0,0,0,0,0,0,0,0,0,0,0,0,0,0,0,0,0,0,0,0,0,0,0,2,0,0,2","38,44,50,50,50,50,50,50,48,42","10,6,9,7,2,4,3,8,3,2,7,10,4,8,10,6,1,7,5,3,9,8,5,7,6,9,4,6,9,2,3,9,6,1,5,10,9,8,4,1,1,10,7,3,8,2,4,7,8,2,5,4,9,10,3,1,8,9,4,3,7,6,7,6,8,5,10,3,2,1,9,4,6,4,9,7,2,5,6,2,9,7,1,10,4,3,8,5,6,7,9,8,3,4,10,1,4,10,3,8,5,10,7,6,1,2,6,5,2,3,4,1,7,3,10,8,2,9,4,4,5,6,9,8,5,7,3,4,6,2,9,1,5,10,3,8,7,4,5,2,9,1,7,2,3,6,8,10,4,8,10,3,7,1,6,4,5,8,9,2,5,3,2,10,8,7,6,8,10,3,2,4,5,7,6,3,1,8,5,10,7,6,8,5,7,6,4,6,5,3,1,2,1,9,6,1,3,5,7,2,4,6,5,9,8,3,7,1,2,10,5,6,8,9,9,4,9,2,10,1,6,5,7,8,3,2,3,10,9,4,7,5,8,9,4,5",1:M17 M34 M40 M41 M56 M70 M83 M96 M105 M112 M132 M142 M154 M177 M191 M193 M196 M208 M220 | 2:M5 M10 M30 M46 M50 M69 M77 M80 M106 M109 M117 M130 M140 M144 M160 M163 M171 M192 M200 M209 M218 M226 | 3:M7 M9 M20 M31 M44 M55 M60 M68 M86 M93 M99 M110 M114 M127 M135 M145 M152 M162 M170 M176 M190 M197 M206 M225 M227 | 4:M6 M13 M27 M39 M47 M52 M59 M72 M74 M85 M94 M97 M111 M119 M120 M128 M138 M149 M156 M172 M187 M201 M216 M230 M235 | 5:M19 M23 M35 M51 M66 M78 M88 M101 M108 M121 M125 M133 M139 M157 M161 M173 M179 M184 M189 M198 M203 M211 M222 M232 M236 | 6:M2 M16 M25 M28 M33 M62 M64 M73 M79 M89 M104 M107 M122 M129 M146 M155 M167 M175 M182 M186 M188 M195 M202 M212 M221 | 7:M4 M11 M18 M24 M43 M48 M61 M63 M76 M82 M90 M103 M113 M126 M137 M143 M153 M166 M174 M181 M185 M199 M207 M223 M231 | 8:M8 M14 M22 M38 M45 M49 M57 M65 M87 M92 M100 M116 M124 M136 M147 M150 M158 M165 M168 M178 M183 M205 M213 M224 M233 | 9:M3 M21 M26 M29 M32 M37 M53 M58 M71 M75 M81 M91 M118 M123 M131 M141 M159 M194 M204 M214 M215 M217 M229 M234 | 10:M1 M12 M15 M36 M42 M54 M67 M84 M95 M98 M102 M115 M134 M148 M151 M164 M169 M180 M210 M219 M228,,"domain reduction: sessions, fixed meetings, forbidden slots | precedence domain propagation: fixed point over direct edges | full precedence closure: cycle detection and graph statistics only | (20),(22)-(27) exactly once over reduced domains | (19) participant atMost-one per slot | (46),(47) clustered table capacity with full channeling | (28) traditional pairwise precedence over direct E | usedSlot channeling + exact per-idle-slot break cost | (43) exactly |Mp| reduced usedSlot variables | (44) atMost 2|L| busy participants per slot | (45) exact even number of busy participants | exact unary internal-idle counts and range objective over P*",,,result,76686,486,2,77172
table08,forumt-14crafd.prec15,forumt-14crafd.prec15,SAT,OPTIMAL,0.410797,26463,75683,486,0,76169,,peak_process_tree_rss_mb,maxsat,staircase,direct,yes,imp12+,lexicographic_internal_idle_range_pstar_then_idle_sum,lex-idlesum,,,8,8,59,"1,2,3,4,5,6,7,8,9,10,11,12,13,14,15,16,17,18,20,21,22,23,24,25,26,27,28,29,30,31,32,33,34,35,36,37,38,39,40,41,42,43,44,45,46,47,48,49,50,51,52,53,54,55,56,57,58,59,60",8,2,2,2,41,1,41,42,8,8,"0,0,0,0,0,0,0,0,0,0,0,0,0,0,0,0,2,2,0,0,0,0,0,0,0,0,0,0,0,0,0,0,0,0,0,0,0,0,0,0,0,0,0,0,0,0,0,0,0,0,0,0,0,0,0,0,2,0,0,2","46,46,48,50,50,50,50,50,42,40","5,8,1,9,6,3,2,7,1,4,6,2,3,1,10,6,2,8,7,4,9,6,7,5,4,8,7,5,10,6,1,3,1,2,5,9,3,7,4,9,9,8,2,4,3,1,6,6,3,1,4,5,9,10,8,1,9,8,2,4,7,10,4,9,3,8,5,1,7,10,2,6,7,5,10,3,2,8,7,5,6,3,10,9,2,1,4,7,6,5,10,9,8,4,3,1,6,10,2,5,8,5,9,4,3,2,10,9,7,6,8,9,8,1,5,10,3,7,2,4,7,5,6,4,5,3,8,7,1,2,7,6,8,2,3,9,10,1,4,6,5,7,2,4,7,8,6,3,1,2,8,6,7,10,1,3,4,5,9,2,3,1,7,4,9,8,10,10,3,4,8,5,1,8,1,6,10,7,5,9,5,4,7,3,6,4,1,6,2,3,5,4,2,6,2,8,1,4,5,10,1,4,3,6,8,2,5,7,10,9,7,6,9,10,8,9,3,7,1,2,4,8,10,5,6,2,8,6,5,9,3,7,5,4,8,3",1:M3 M9 M14 M31 M33 M46 M50 M56 M68 M86 M96 M114 M129 M138 M149 M155 M162 M173 M175 M187 M197 M201 M219 | 2:M7 M12 M17 M34 M43 M59 M71 M77 M85 M99 M106 M119 M130 M134 M143 M150 M160 M189 M193 M195 M206 M220 M226 | 3:M6 M13 M32 M37 M45 M49 M65 M76 M82 M95 M105 M117 M126 M135 M148 M156 M161 M169 M184 M190 M203 M217 M231 M236 | 4:M10 M20 M25 M39 M44 M51 M60 M63 M87 M94 M104 M120 M124 M139 M144 M157 M164 M170 M182 M186 M192 M198 M202 M221 M234 | 5:M1 M24 M28 M35 M52 M67 M74 M80 M90 M100 M102 M115 M122 M125 M141 M158 M172 M179 M181 M191 M199 M207 M224 M229 M233 | 6:M5 M11 M16 M22 M30 M47 M48 M72 M81 M89 M97 M110 M123 M132 M140 M147 M152 M176 M185 M188 M194 M204 M212 M225 M228 | 7:M8 M19 M23 M27 M38 M61 M69 M73 M79 M88 M109 M118 M121 M128 M131 M142 M145 M153 M163 M178 M183 M208 M211 M218 M232 | 8:M2 M18 M26 M42 M55 M58 M66 M78 M93 M101 M111 M113 M127 M133 M146 M151 M166 M171 M174 M196 M205 M215 M222 M227 M235 | 9:M4 M21 M36 M40 M41 M53 M57 M64 M84 M92 M103 M108 M112 M136 M159 M165 M180 M210 M213 M216 M230 | 10:M15 M29 M54 M62 M70 M75 M83 M91 M98 M107 M116 M137 M154 M167 M168 M177 M200 M209 M214 M223,,"domain reduction: sessions, fixed meetings, forbidden slots | precedence domain propagation: fixed point over direct edges | full precedence closure: cycle detection and graph statistics only | (20),(22)-(27) exactly once over reduced domains | (19) participant atMost-one per slot | (46),(47) clustered table capacity with full channeling | (28) staircase/support precedence over reduced domains and direct E | usedSlot channeling + exact per-idle-slot break cost | (43) exactly |Mp| reduced usedSlot variables | (44) atMost 2|L| busy participants per slot | (45) exact even number of busy participants | exact unary internal-idle counts and range objective over P*",,,result,75683,486,2,76169
table08,forumt-14crafd.prec25,forumt-14crafd.prec25,SAT,OPTIMAL,0.675277,26095,74084,485,0,74569,,peak_process_tree_rss_mb,maxsat,traditional,direct,no,imp12+,lexicographic_internal_idle_range_pstar_then_idle_sum,lex-idlesum,,,8,8,59,"1,2,3,4,5,6,7,8,9,10,11,12,13,14,15,16,17,18,20,21,22,23,24,25,26,27,28,29,30,31,32,33,34,35,36,37,38,39,40,41,42,43,44,45,46,47,48,49,50,51,52,53,54,55,56,57,58,59,60",8,2,2,2,96,33,96,144,8,8,"0,0,0,0,0,0,0,0,0,0,0,0,0,0,0,0,2,2,0,0,0,0,0,0,0,0,0,0,0,0,0,0,0,0,0,0,0,0,0,0,0,0,0,0,0,0,0,0,0,0,0,0,0,0,0,0,2,0,0,2","38,46,48,50,48,50,50,50,48,44","8,4,2,1,6,10,9,7,5,3,1,4,9,5,10,7,2,3,4,6,8,7,10,3,5,9,2,1,2,4,6,7,2,3,9,4,2,8,10,7,4,8,5,6,2,10,9,3,4,1,10,5,9,8,7,10,6,3,5,9,2,7,5,6,2,8,4,3,7,10,1,9,6,9,5,8,1,9,8,1,3,10,5,4,7,2,6,3,8,4,6,5,7,1,2,6,3,9,4,2,3,6,8,1,4,7,7,8,4,5,6,2,9,4,1,10,8,6,5,5,4,8,5,9,8,4,6,10,7,3,5,7,10,5,2,10,4,9,3,8,1,6,9,3,5,7,4,10,1,6,7,2,6,1,4,9,8,10,5,3,6,8,1,9,3,10,7,4,9,10,3,5,2,5,4,8,10,7,2,6,3,1,7,6,9,1,5,7,6,4,2,3,7,1,2,8,9,3,5,6,10,10,1,4,7,6,5,3,8,2,7,6,8,9,8,1,5,8,2,7,6,3,4,10,9,8,3,10,4,2,9,7,2,3,9,8",1:M4 M11 M28 M50 M71 M77 M80 M94 M104 M115 M141 M149 M154 M163 M182 M186 M194 M203 M216 | 2:M3 M17 M27 M29 M33 M37 M45 M61 M65 M86 M95 M100 M112 M135 M152 M173 M179 M191 M195 M210 M219 M230 M233 | 3:M10 M18 M24 M34 M48 M58 M68 M81 M88 M97 M101 M130 M139 M144 M160 M165 M171 M181 M192 M198 M208 M222 M227 M234 | 4:M2 M12 M19 M30 M36 M41 M49 M67 M84 M90 M99 M105 M109 M114 M121 M126 M137 M147 M155 M168 M175 M190 M204 M223 M229 | 5:M9 M14 M25 M43 M52 M59 M63 M75 M83 M92 M110 M119 M120 M123 M131 M134 M145 M159 M172 M174 M187 M199 M207 M217 | 6:M5 M20 M31 M44 M57 M64 M73 M87 M91 M96 M102 M111 M118 M127 M142 M150 M153 M161 M180 M184 M189 M200 M206 M212 M221 | 7:M8 M16 M22 M32 M40 M55 M62 M69 M85 M93 M106 M107 M129 M132 M146 M151 M167 M178 M183 M188 M193 M205 M211 M220 M232 | 8:M1 M21 M38 M42 M54 M66 M76 M79 M89 M103 M108 M117 M122 M125 M140 M157 M162 M176 M196 M209 M213 M215 M218 M226 M236 | 9:M7 M13 M26 M35 M47 M53 M60 M72 M74 M78 M98 M113 M124 M138 M143 M156 M164 M169 M185 M197 M214 M225 M231 M235 | 10:M6 M15 M23 M39 M46 M51 M56 M70 M82 M116 M128 M133 M136 M148 M158 M166 M170 M177 M201 M202 M224 M228,,"domain reduction: sessions, fixed meetings, forbidden slots | precedence domain propagation: fixed point over direct edges | full precedence closure: cycle detection and graph statistics only | (20),(22)-(27) exactly once over reduced domains | (19) participant atMost-one per slot | (46),(47) clustered table capacity with full channeling | (28) traditional pairwise precedence over direct E | usedSlot channeling + exact per-idle-slot break cost | (43) exactly |Mp| reduced usedSlot variables | (44) atMost 2|L| busy participants per slot | (45) exact even number of busy participants | exact unary internal-idle counts and range objective over P*",,,result,74084,485,2,74569
table08,forumt-14crafd.prec25,forumt-14crafd.prec25,SAT,OPTIMAL,0.420489,26095,72391,485,0,72876,,peak_process_tree_rss_mb,maxsat,staircase,direct,yes,imp12+,lexicographic_internal_idle_range_pstar_then_idle_sum,lex-idlesum,,,8,8,59,"1,2,3,4,5,6,7,8,9,10,11,12,13,14,15,16,17,18,20,21,22,23,24,25,26,27,28,29,30,31,32,33,34,35,36,37,38,39,40,41,42,43,44,45,46,47,48,49,50,51,52,53,54,55,56,57,58,59,60",8,2,2,2,96,33,96,144,8,8,"0,0,0,0,0,0,0,0,0,0,0,0,0,0,0,0,2,2,0,0,0,0,0,0,0,0,0,0,0,0,0,0,0,0,0,0,0,0,0,0,0,0,0,0,0,0,0,0,0,0,0,0,0,0,0,0,2,0,0,2","44,46,48,48,50,50,50,50,44,42","10,8,1,9,7,3,2,6,9,4,3,5,8,3,9,2,4,1,10,5,7,9,7,10,6,7,3,3,5,1,4,7,6,1,6,3,10,4,7,7,10,7,1,2,3,6,8,3,5,9,4,2,8,7,10,8,4,1,7,5,3,10,1,5,8,9,2,3,4,10,7,6,6,8,5,10,1,3,8,6,4,10,5,1,2,9,7,4,8,1,5,7,2,3,6,2,8,6,7,5,9,7,4,3,6,2,5,4,3,1,2,9,8,4,3,5,10,1,7,8,5,6,9,8,7,3,2,5,6,4,5,1,9,2,5,10,7,3,4,6,9,1,6,3,10,8,2,9,7,2,7,2,6,9,1,5,10,8,3,4,9,8,3,1,6,10,5,5,2,10,4,3,6,9,8,6,10,4,1,2,8,4,3,5,9,1,5,6,2,4,1,3,4,10,6,9,8,2,5,7,1,8,9,7,5,4,10,6,1,2,9,7,8,6,8,9,6,3,2,7,5,1,4,8,10,8,2,10,6,4,7,9,2,4,5,8",1:M3 M18 M30 M34 M43 M58 M63 M77 M84 M90 M110 M118 M132 M142 M155 M164 M179 M186 M191 M201 M209 M222 | 2:M7 M16 M44 M52 M67 M85 M93 M96 M106 M111 M127 M134 M147 M150 M152 M169 M180 M189 M198 M210 M219 M227 M233 | 3:M6 M11 M14 M27 M28 M36 M45 M48 M61 M68 M78 M94 M104 M109 M115 M126 M138 M144 M159 M163 M172 M183 M192 M218 | 4:M10 M17 M31 M38 M51 M57 M69 M81 M88 M103 M108 M114 M130 M139 M160 M171 M178 M182 M190 M193 M206 M223 M230 M234 | 5:M12 M20 M29 M49 M60 M64 M75 M83 M91 M100 M107 M116 M121 M128 M131 M135 M156 M167 M168 M184 M187 M199 M205 M221 M235 | 6:M8 M25 M33 M35 M46 M72 M73 M80 M95 M98 M105 M122 M129 M140 M143 M153 M165 M173 M176 M188 M195 M208 M214 M217 M229 | 7:M5 M21 M23 M26 M32 M39 M40 M42 M54 M59 M71 M87 M92 M99 M102 M119 M125 M137 M149 M151 M200 M204 M212 M220 M231 | 8:M2 M13 M47 M53 M56 M65 M74 M79 M89 M97 M113 M120 M124 M146 M158 M162 M175 M181 M197 M202 M213 M215 M224 M226 M236 | 9:M4 M9 M15 M22 M50 M66 M86 M101 M112 M123 M133 M141 M148 M154 M161 M174 M185 M196 M203 M211 M216 M232 | 10:M1 M19 M24 M37 M41 M55 M62 M70 M76 M82 M117 M136 M145 M157 M166 M170 M177 M194 M207 M225 M228,,"domain reduction: sessions, fixed meetings, forbidden slots | precedence domain propagation: fixed point over direct edges | full precedence closure: cycle detection and graph statistics only | (20),(22)-(27) exactly once over reduced domains | (19) participant atMost-one per slot | (46),(47) clustered table capacity with full channeling | (28) staircase/support precedence over reduced domains and direct E | usedSlot channeling + exact per-idle-slot break cost | (43) exactly |Mp| reduced usedSlot variables | (44) atMost 2|L| busy participants per slot | (45) exact even number of busy participants | exact unary internal-idle counts and range objective over P*",,,result,72391,485,2,72876
table08,forumt-14crafe.prec15,forumt-14crafe.prec15,SAT,OPTIMAL,0.601869,26554,76888,486,0,77374,,peak_process_tree_rss_mb,maxsat,traditional,direct,no,imp12+,lexicographic_internal_idle_range_pstar_then_idle_sum,lex-idlesum,,,9,9,59,"1,2,3,4,5,6,7,8,9,10,11,12,13,14,15,16,17,18,20,21,22,23,24,25,26,27,28,29,30,31,32,33,34,35,36,37,38,39,40,41,42,43,44,45,46,47,48,49,50,51,52,53,54,55,56,57,58,59,60",9,2,2,2,41,1,41,42,8,8,"0,0,1,0,0,0,0,0,0,0,0,0,0,0,0,0,2,2,0,0,0,0,0,0,0,0,0,0,0,0,0,0,0,0,0,0,0,0,0,0,0,0,0,0,0,0,0,0,0,0,0,0,0,0,0,0,2,0,0,2","48,48,48,48,48,48,48,48,46,42","3,8,1,10,6,9,2,7,4,9,3,4,8,9,10,7,4,1,6,3,2,5,6,6,3,7,1,1,10,2,4,2,7,1,6,10,9,8,2,9,8,6,10,9,4,2,3,8,7,6,4,5,10,3,9,5,10,1,9,3,4,7,10,7,9,4,6,1,5,8,3,2,6,8,5,3,2,6,9,5,1,10,4,7,8,2,3,1,2,5,8,6,3,7,4,1,4,10,8,2,5,10,8,7,2,4,5,1,2,4,3,10,7,8,3,9,5,1,2,9,7,10,8,7,2,4,1,5,3,6,6,3,9,9,3,4,10,6,5,8,7,1,10,5,6,2,7,9,4,8,9,3,4,7,1,10,5,8,6,2,10,3,7,1,2,8,6,9,6,7,5,4,8,8,2,7,9,6,1,5,6,10,6,4,8,7,5,6,2,1,3,4,5,10,2,1,3,4,5,8,1,7,2,9,5,4,8,3,1,10,9,6,5,7,9,4,5,2,1,3,6,10,7,9,8,2,3,5,1,4,8,7,9,3,5,1",1:M3 M18 M27 M28 M34 M58 M68 M81 M88 M96 M108 M118 M127 M142 M155 M164 M179 M190 M196 M201 M209 M219 M229 M236 | 2:M7 M21 M30 M32 M39 M46 M72 M77 M86 M89 M100 M105 M109 M119 M125 M146 M160 M165 M175 M189 M195 M203 M218 M226 | 3:M1 M11 M20 M25 M47 M54 M60 M71 M76 M87 M93 M111 M115 M129 M132 M135 M152 M162 M191 M197 M208 M220 M227 M234 | 4:M9 M12 M17 M31 M45 M51 M61 M66 M83 M95 M97 M106 M110 M126 M136 M149 M153 M172 M184 M192 M198 M206 M216 M230 | 5:M22 M52 M56 M69 M75 M80 M90 M101 M107 M117 M128 M139 M144 M157 M171 M180 M187 M193 M199 M205 M213 M217 M228 M235 | 6:M5 M19 M23 M24 M35 M42 M50 M67 M73 M78 M92 M130 M131 M138 M145 M159 M167 M169 M178 M181 M183 M188 M212 M221 | 7:M8 M16 M26 M33 M49 M62 M64 M84 M94 M104 M113 M121 M124 M141 M147 M154 M163 M170 M176 M186 M202 M214 M223 M232 | 8:M2 M13 M38 M41 M48 M70 M74 M85 M91 M99 M103 M114 M123 M140 M150 M158 M166 M173 M174 M185 M200 M207 M225 M231 | 9:M6 M10 M14 M37 M40 M44 M55 M59 M65 M79 M116 M120 M133 M134 M148 M151 M168 M177 M204 M211 M215 M224 M233 | 10:M4 M15 M29 M36 M43 M53 M57 M63 M82 M98 M102 M112 M122 M137 M143 M156 M161 M182 M194 M210 M222,,"domain reduction: sessions, fixed meetings, forbidden slots | precedence domain propagation: fixed point over direct edges | full precedence closure: cycle detection and graph statistics only | (20),(22)-(27) exactly once over reduced domains | (19) participant atMost-one per slot | (46),(47) clustered table capacity with full channeling | (28) traditional pairwise precedence over direct E | usedSlot channeling + exact per-idle-slot break cost | (43) exactly |Mp| reduced usedSlot variables | (44) atMost 2|L| busy participants per slot | (45) exact even number of busy participants | exact unary internal-idle counts and range objective over P*",,,result,76888,486,2,77374
table08,forumt-14crafe.prec15,forumt-14crafe.prec15,SAT,OPTIMAL,0.501961,26554,75885,486,0,76371,,peak_process_tree_rss_mb,maxsat,staircase,direct,yes,imp12+,lexicographic_internal_idle_range_pstar_then_idle_sum,lex-idlesum,,,9,9,59,"1,2,3,4,5,6,7,8,9,10,11,12,13,14,15,16,17,18,20,21,22,23,24,25,26,27,28,29,30,31,32,33,34,35,36,37,38,39,40,41,42,43,44,45,46,47,48,49,50,51,52,53,54,55,56,57,58,59,60",9,2,2,2,41,1,41,42,8,8,"0,0,0,0,0,0,0,0,0,0,0,0,0,0,0,0,2,2,0,0,0,0,0,0,0,0,0,0,0,0,0,0,0,0,0,0,0,0,0,0,0,0,0,0,0,0,0,0,0,0,0,0,0,0,0,0,2,0,1,2","48,48,48,48,48,46,48,48,46,44","10,5,3,8,4,2,1,9,1,7,8,5,2,5,3,7,1,9,8,6,10,7,6,6,2,8,3,3,10,1,6,4,9,1,9,3,10,8,4,4,2,4,8,5,7,1,9,2,4,5,6,3,10,7,1,2,7,6,1,3,8,9,6,9,8,1,5,3,7,10,4,2,9,7,1,2,8,7,10,4,1,8,6,5,9,2,3,6,9,3,10,5,8,7,4,1,10,5,8,3,5,8,4,10,6,7,3,5,2,4,1,5,8,4,10,2,3,6,1,7,1,3,6,7,2,4,3,5,1,8,9,2,4,5,6,9,1,3,7,4,10,8,3,8,1,2,4,7,9,3,10,3,6,2,8,1,4,7,9,5,10,4,2,5,6,8,9,7,10,1,2,4,5,6,3,7,10,8,2,9,2,3,3,5,7,6,8,9,10,7,6,5,5,10,9,3,1,7,6,4,2,6,10,7,4,5,8,2,1,9,5,6,7,9,10,10,4,1,8,3,7,9,6,2,5,1,2,4,8,10,6,9,4,9,5,2",1:M7 M9 M17 M30 M34 M46 M55 M59 M66 M75 M81 M96 M111 M119 M121 M129 M137 M145 M156 M170 M197 M209 M218 M226 | 2:M6 M13 M25 M41 M48 M56 M72 M76 M86 M109 M116 M125 M132 M146 M154 M163 M171 M179 M181 M201 M208 M224 M227 M236 | 3:M3 M15 M27 M28 M36 M52 M60 M68 M87 M90 M100 M107 M117 M122 M127 M138 M143 M150 M152 M175 M182 M183 M196 M220 | 4:M5 M32 M39 M40 M42 M49 M71 M80 M95 M103 M110 M114 M126 M133 M140 M147 M157 M162 M172 M200 M205 M217 M228 M233 | 5:M2 M12 M14 M44 M50 M67 M84 M92 M98 M101 M108 M112 M128 M134 M160 M164 M173 M184 M192 M193 M206 M211 M225 M235 | 6:M20 M23 M24 M31 M51 M58 M63 M83 M88 M105 M118 M123 M135 M153 M165 M174 M186 M191 M199 M202 M212 M223 M231 | 7:M10 M16 M22 M45 M54 M57 M69 M74 M78 M94 M106 M120 M124 M139 M148 M158 M168 M176 M185 M190 M198 M204 M213 M221 | 8:M4 M11 M19 M26 M38 M43 M61 M65 M77 M82 M93 M99 M102 M113 M130 M142 M144 M155 M166 M178 M187 M207 M219 M229 | 9:M8 M18 M33 M35 M47 M62 M64 M73 M85 M89 M131 M136 M149 M159 M167 M180 M188 M195 M210 M214 M222 M232 M234 | 10:M1 M21 M29 M37 M53 M70 M79 M91 M97 M104 M115 M141 M151 M161 M169 M177 M189 M194 M203 M215 M216 M230,,"domain reduction: sessions, fixed meetings, forbidden slots | precedence domain propagation: fixed point over direct edges | full precedence closure: cycle detection and graph statistics only | (20),(22)-(27) exactly once over reduced domains | (19) participant atMost-one per slot | (46),(47) clustered table capacity with full channeling | (28) staircase/support precedence over reduced domains and direct E | usedSlot channeling + exact per-idle-slot break cost | (43) exactly |Mp| reduced usedSlot variables | (44) atMost 2|L| busy participants per slot | (45) exact even number of busy participants | exact unary internal-idle counts and range objective over P*",,,result,75885,486,2,76371
table08,forumt-14crafe.prec25,forumt-14crafe.prec25,SAT,OPTIMAL,0.960736,26191,74296,485,0,74781,,peak_process_tree_rss_mb,maxsat,traditional,direct,no,imp12+,lexicographic_internal_idle_range_pstar_then_idle_sum,lex-idlesum,,,9,9,59,"1,2,3,4,5,6,7,8,9,10,11,12,13,14,15,16,17,18,20,21,22,23,24,25,26,27,28,29,30,31,32,33,34,35,36,37,38,39,40,41,42,43,44,45,46,47,48,49,50,51,52,53,54,55,56,57,58,59,60",9,2,2,2,96,33,96,144,8,8,"0,0,0,0,0,0,0,0,1,0,0,0,0,0,0,0,2,2,0,0,0,0,0,0,0,0,0,0,0,0,0,0,0,0,0,0,0,0,0,0,0,0,0,0,0,0,0,0,0,0,0,0,0,0,0,0,2,0,0,2","44,48,48,48,48,48,48,48,48,44","1,3,10,2,7,8,5,6,4,1,2,3,5,8,9,6,3,1,10,7,2,6,9,10,4,5,2,8,3,1,2,5,8,3,9,3,10,4,7,4,8,10,2,6,4,7,9,1,5,9,6,2,7,8,10,6,7,1,4,8,3,9,1,10,3,6,5,4,8,9,2,7,9,8,5,2,1,6,8,4,3,7,9,2,10,5,1,5,8,3,7,6,4,2,9,7,9,5,6,1,5,8,7,1,3,2,3,4,2,1,5,10,7,3,1,4,9,6,2,7,4,8,4,8,6,2,1,5,7,3,4,2,10,2,5,9,6,7,4,10,1,3,10,2,6,8,3,5,1,8,7,1,6,8,2,3,9,10,4,5,9,6,1,8,7,10,4,4,3,9,10,5,1,4,5,10,8,1,6,9,2,3,4,7,9,3,5,8,6,10,9,7,6,7,4,6,9,5,3,10,6,6,2,5,10,3,8,4,9,1,6,9,7,8,7,9,4,3,5,7,6,2,1,8,10,9,3,10,5,2,4,7,2,5,8,10",1:M1 M10 M18 M30 M48 M58 M63 M77 M87 M100 M104 M110 M115 M127 M141 M149 M152 M163 M173 M178 M210 M223 | 2:M4 M11 M21 M27 M31 M43 M52 M71 M76 M84 M94 M106 M109 M119 M126 M132 M134 M144 M155 M181 M203 M222 M230 M233 | 3:M2 M12 M17 M29 M34 M36 M61 M65 M81 M90 M105 M107 M114 M130 M142 M147 M156 M169 M182 M186 M199 M206 M218 M227 | 4:M9 M25 M38 M40 M45 M59 M68 M80 M93 M108 M116 M121 M123 M131 M139 M159 M167 M168 M174 M183 M195 M208 M217 M231 | 5:M7 M13 M26 M32 M49 M67 M75 M86 M88 M98 M101 M111 M128 M135 M148 M160 M172 M175 M187 M198 M204 M219 M229 M234 | 6:M8 M16 M22 M44 M51 M56 M66 M78 M92 M99 M118 M125 M137 M145 M153 M162 M179 M189 M193 M196 M201 M202 M211 M221 | 7:M5 M20 M39 M46 M53 M57 M72 M82 M91 M96 M103 M113 M120 M129 M138 M151 M165 M184 M192 M194 M213 M215 M220 M232 | 8:M6 M14 M28 M33 M41 M54 M60 M69 M74 M79 M89 M102 M122 M124 M146 M150 M154 M164 M177 M188 M207 M214 M224 M235 | 9:M15 M23 M35 M47 M50 M62 M70 M73 M83 M95 M97 M117 M136 M157 M161 M170 M180 M185 M191 M197 M209 M212 M216 M226 | 10:M3 M19 M24 M37 M42 M55 M64 M85 M112 M133 M140 M143 M158 M166 M171 M176 M190 M200 M205 M225 M228 M236,,"domain reduction: sessions, fixed meetings, forbidden slots | precedence domain propagation: fixed point over direct edges | full precedence closure: cycle detection and graph statistics only | (20),(22)-(27) exactly once over reduced domains | (19) participant atMost-one per slot | (46),(47) clustered table capacity with full channeling | (28) traditional pairwise precedence over direct E | usedSlot channeling + exact per-idle-slot break cost | (43) exactly |Mp| reduced usedSlot variables | (44) atMost 2|L| busy participants per slot | (45) exact even number of busy participants | exact unary internal-idle counts and range objective over P*",,,result,74296,485,2,74781
table08,forumt-14crafe.prec25,forumt-14crafe.prec25,SAT,OPTIMAL,0.59034,26191,72603,485,0,73088,,peak_process_tree_rss_mb,maxsat,staircase,direct,yes,imp12+,lexicographic_internal_idle_range_pstar_then_idle_sum,lex-idlesum,,,9,9,59,"1,2,3,4,5,6,7,8,9,10,11,12,13,14,15,16,17,18,20,21,22,23,24,25,26,27,28,29,30,31,32,33,34,35,36,37,38,39,40,41,42,43,44,45,46,47,48,49,50,51,52,53,54,55,56,57,58,59,60",9,2,2,2,96,33,96,144,8,8,"0,0,0,0,0,0,0,0,0,0,0,0,0,0,0,0,2,2,0,0,0,0,0,0,0,0,0,0,0,0,0,0,0,0,0,1,0,0,0,0,0,0,0,0,0,0,0,0,0,0,0,0,0,0,0,0,2,0,0,2","44,48,48,48,48,48,48,48,48,44","6,5,1,4,8,3,2,9,8,2,1,4,6,9,10,4,8,1,2,7,3,8,6,6,3,4,1,1,5,3,2,5,8,2,9,2,9,4,10,5,9,7,4,1,3,8,5,1,3,8,10,2,6,7,9,8,7,3,4,10,2,9,4,9,5,8,6,3,1,10,2,7,7,8,4,6,1,6,8,5,1,3,10,4,9,2,7,6,8,2,5,7,4,3,9,3,9,5,7,4,6,8,7,2,4,3,2,4,3,1,5,5,8,2,1,10,6,3,4,10,4,7,5,8,7,2,3,10,9,6,7,1,10,3,1,8,9,2,7,5,10,4,8,3,9,6,2,10,1,3,9,2,5,7,1,3,4,10,8,6,9,5,6,1,4,10,3,2,9,10,1,6,5,6,10,4,9,1,5,7,6,2,6,7,10,2,6,9,5,10,7,8,5,9,5,10,8,7,2,6,1,9,1,7,4,5,10,6,3,8,9,7,6,8,7,9,5,2,3,7,6,1,4,8,10,5,2,10,3,8,4,7,3,4,5,9",1:M3 M11 M18 M27 M28 M44 M48 M69 M77 M81 M110 M115 M132 M135 M149 M155 M164 M171 M178 M201 M203 M222 | 2:M7 M10 M19 M31 M34 M36 M52 M61 M71 M86 M90 M104 M107 M114 M126 M138 M147 M152 M168 M182 M186 M199 M218 M227 | 3:M6 M21 M25 M30 M45 M49 M58 M68 M82 M94 M96 M106 M109 M118 M127 M134 M144 M150 M156 M167 M209 M219 M229 M233 | 4:M4 M12 M16 M26 M38 M43 M59 M63 M75 M84 M93 M100 M105 M108 M119 M121 M142 M157 M165 M176 M205 M223 M231 M234 | 5:M2 M29 M32 M40 M47 M65 M80 M91 M98 M111 M112 M123 M140 M153 M162 M173 M179 M189 M193 M195 M206 M217 M226 M235 | 6:M1 M13 M23 M24 M53 M67 M76 M78 M88 M101 M117 M130 M146 M160 M163 M172 M174 M181 M183 M187 M200 M208 M213 M221 | 7:M20 M42 M54 M57 M72 M73 M87 M92 M99 M103 M122 M125 M131 M139 M154 M180 M184 M191 M198 M204 M212 M215 M220 M232 | 8:M5 M9 M17 M22 M33 M46 M50 M56 M66 M74 M79 M89 M102 M113 M124 M136 M143 M159 M192 M197 M210 M214 M224 M230 | 9:M8 M14 M35 M37 M41 M55 M62 M64 M85 M95 M97 M129 M137 M145 M151 M161 M169 M177 M188 M194 M202 M211 M216 M236 | 10:M15 M39 M51 M60 M70 M83 M116 M120 M128 M133 M141 M148 M158 M166 M170 M175 M185 M190 M196 M207 M225 M228,,"domain reduction: sessions, fixed meetings, forbidden slots | precedence domain propagation: fixed point over direct edges | full precedence closure: cycle detection and graph statistics only | (20),(22)-(27) exactly once over reduced domains | (19) participant atMost-one per slot | (46),(47) clustered table capacity with full channeling | (28) staircase/support precedence over reduced domains and direct E | usedSlot channeling + exact per-idle-slot break cost | (43) exactly |Mp| reduced usedSlot variables | (44) atMost 2|L| busy participants per slot | (45) exact even number of busy participants | exact unary internal-idle counts and range objective over P*",,,result,72603,485,2,73088
table08,tic-12.prec15,tic-12.prec15,SAT,OPTIMAL,0.095129,5403,21832,246,0,22078,,peak_process_tree_rss_mb,maxsat,traditional,direct,no,imp12+,lexicographic_internal_idle_range_pstar_then_idle_sum,lex-idlesum,,,0,0,39,"1,2,3,4,5,6,7,8,9,10,11,12,13,14,15,16,17,18,19,20,21,22,23,24,25,26,27,28,29,30,31,32,33,34,35,36,39,41,42",0,0,0,0,24,2,24,27,6,6,"0,0,0,0,0,0,0,0,0,0,0,0,0,0,0,0,0,0,0,0,0,0,0,0,0,0,0,0,0,0,0,0,0,0,0,0,0,0,0,0,0,0","22,26,30,34,36,36,36,30","5,1,4,7,6,8,6,7,8,2,5,3,2,6,4,5,7,1,1,6,3,7,4,5,7,8,3,1,6,4,2,5,7,5,4,3,6,8,3,8,2,6,4,5,1,6,8,7,4,5,5,3,4,6,1,7,2,7,2,6,7,8,2,5,3,2,5,8,3,4,6,3,8,4,7,5,5,7,4,8,1,2,6,5,7,3,3,4,7,6,8,3,2,4,8,5,7,1,6,4,5,3,8,6,1,2,5,7,6,3,4,1,6,7,2,4,8,1,5,6,8,3,7,4,2",1:M2 M18 M19 M28 M45 M55 M81 M98 M105 M112 M118 | 2:M10 M13 M31 M41 M57 M59 M63 M66 M82 M93 M106 M115 M125 | 3:M12 M21 M27 M36 M39 M52 M65 M69 M72 M86 M87 M92 M102 M110 M122 | 4:M3 M15 M23 M30 M35 M43 M49 M53 M70 M74 M79 M88 M94 M100 M111 M116 M124 | 5:M1 M11 M16 M24 M32 M34 M44 M50 M51 M64 M67 M76 M77 M84 M96 M101 M107 M119 | 6:M5 M7 M14 M20 M29 M37 M42 M46 M54 M60 M71 M83 M90 M99 M104 M109 M113 M120 | 7:M4 M8 M17 M22 M25 M33 M48 M56 M58 M61 M75 M78 M85 M89 M97 M108 M114 M123 | 8:M6 M9 M26 M38 M40 M47 M62 M68 M73 M80 M91 M95 M103 M117 M121,,"domain reduction: sessions, fixed meetings, forbidden slots | precedence domain propagation: fixed point over direct edges | full precedence closure: cycle detection and graph statistics only | (20),(22)-(27) exactly once over reduced domains | (19) participant atMost-one per slot | (46),(47) clustered table capacity with full channeling | (28) traditional pairwise precedence over direct E | usedSlot channeling + exact per-idle-slot break cost | (43) exactly |Mp| reduced usedSlot variables | (44) atMost 2|L| busy participants per slot | (45) exact even number of busy participants | exact unary internal-idle counts and range objective over P*",,,result,21832,246,0,22078
table08,tic-12.prec15,tic-12.prec15,SAT,OPTIMAL,0.096319,5403,21532,246,0,21778,,peak_process_tree_rss_mb,maxsat,staircase,direct,yes,imp12+,lexicographic_internal_idle_range_pstar_then_idle_sum,lex-idlesum,,,0,0,39,"1,2,3,4,5,6,7,8,9,10,11,12,13,14,15,16,17,18,19,20,21,22,23,24,25,26,27,28,29,30,31,32,33,34,35,36,39,41,42",0,0,0,0,24,2,24,27,6,6,"0,0,0,0,0,0,0,0,0,0,0,0,0,0,0,0,0,0,0,0,0,0,0,0,0,0,0,0,0,0,0,0,0,0,0,0,0,0,0,0,0,0","26,30,34,34,34,34,32,26","6,1,4,3,8,6,8,6,7,3,5,7,1,6,2,4,3,5,8,2,4,1,7,8,8,5,1,4,2,7,6,3,5,3,6,2,7,4,3,8,7,2,4,5,1,3,5,4,7,6,2,1,5,3,4,7,6,7,6,7,1,5,3,8,6,2,3,4,8,6,7,5,4,2,8,3,5,6,4,2,1,5,7,6,3,8,4,3,2,1,5,4,3,2,8,5,6,1,7,5,7,2,8,3,4,2,6,5,3,4,1,6,7,2,1,4,5,1,6,3,4,8,5,2,7",1:M2 M13 M22 M27 M45 M52 M61 M81 M90 M98 M111 M115 M118 | 2:M15 M20 M29 M36 M42 M51 M66 M74 M80 M89 M94 M102 M106 M114 M124 | 3:M4 M10 M17 M32 M34 M39 M46 M54 M63 M67 M76 M85 M88 M93 M104 M109 M120 | 4:M3 M16 M21 M28 M38 M43 M48 M55 M68 M73 M79 M87 M92 M105 M110 M116 M121 | 5:M11 M18 M26 M33 M44 M47 M53 M62 M72 M77 M82 M91 M96 M100 M108 M117 M123 | 6:M1 M6 M8 M14 M31 M35 M50 M57 M59 M65 M70 M78 M84 M97 M107 M112 M119 | 7:M9 M12 M23 M30 M37 M41 M49 M56 M58 M60 M71 M83 M99 M101 M113 M125 | 8:M5 M7 M19 M24 M25 M40 M64 M69 M75 M86 M95 M103 M122,,"domain reduction: sessions, fixed meetings, forbidden slots | precedence domain propagation: fixed point over direct edges | full precedence closure: cycle detection and graph statistics only | (20),(22)-(27) exactly once over reduced domains | (19) participant atMost-one per slot | (46),(47) clustered table capacity with full channeling | (28) staircase/support precedence over reduced domains and direct E | usedSlot channeling + exact per-idle-slot break cost | (43) exactly |Mp| reduced usedSlot variables | (44) atMost 2|L| busy participants per slot | (45) exact even number of busy participants | exact unary internal-idle counts and range objective over P*",,,result,21532,246,0,21778
table08,tic-12.prec25,tic-12.prec25,SAT,OPTIMAL,0.131234,5176,20143,246,0,20389,,peak_process_tree_rss_mb,maxsat,traditional,direct,no,imp12+,lexicographic_internal_idle_range_pstar_then_idle_sum,lex-idlesum,,,0,0,39,"1,2,3,4,5,6,7,8,9,10,11,12,13,14,15,16,17,18,19,20,21,22,23,24,25,26,27,28,29,30,31,32,33,34,35,36,39,41,42",0,0,0,0,53,21,53,85,6,6,"0,0,0,0,0,0,0,0,0,0,0,0,0,0,0,0,0,0,0,0,0,0,0,0,0,0,0,0,0,0,0,0,0,0,0,0,0,0,0,0,0,0","28,28,32,36,36,34,32,24","6,3,8,1,7,3,1,4,6,8,5,5,1,6,4,8,3,7,6,3,5,8,6,7,7,5,3,8,2,6,4,1,2,3,1,7,4,5,3,2,4,6,1,5,8,5,2,7,4,3,2,5,1,4,7,6,3,7,4,4,7,1,2,6,5,4,8,3,2,1,4,7,6,2,5,8,5,4,5,3,8,2,6,7,4,1,6,7,4,5,8,6,3,8,5,2,7,1,4,5,2,6,7,1,3,5,2,4,3,1,6,2,7,5,6,4,3,8,2,1,6,7,5,3,4",1:M4 M7 M13 M32 M35 M43 M53 M62 M70 M86 M98 M104 M110 M120 | 2:M29 M33 M40 M47 M51 M63 M69 M74 M82 M96 M101 M107 M112 M119 | 3:M2 M6 M17 M20 M27 M34 M39 M50 M57 M68 M80 M93 M105 M109 M117 M124 | 4:M8 M15 M31 M37 M41 M49 M54 M59 M60 M66 M71 M78 M85 M89 M99 M108 M116 M125 | 5:M11 M12 M21 M26 M38 M44 M46 M52 M65 M75 M77 M79 M90 M95 M100 M106 M114 M123 | 6:M1 M9 M14 M19 M23 M30 M42 M56 M64 M73 M83 M87 M92 M102 M111 M115 M121 | 7:M5 M18 M24 M25 M36 M48 M55 M58 M61 M72 M84 M88 M97 M103 M113 M122 | 8:M3 M10 M16 M22 M28 M45 M67 M76 M81 M91 M94 M118,,"domain reduction: sessions, fixed meetings, forbidden slots | precedence domain propagation: fixed point over direct edges | full precedence closure: cycle detection and graph statistics only | (20),(22)-(27) exactly once over reduced domains | (19) participant atMost-one per slot | (46),(47) clustered table capacity with full channeling | (28) traditional pairwise precedence over direct E | usedSlot channeling + exact per-idle-slot break cost | (43) exactly |Mp| reduced usedSlot variables | (44) atMost 2|L| busy participants per slot | (45) exact even number of busy participants | exact unary internal-idle counts and range objective over P*",,,result,20143,246,0,20389
table08,tic-12.prec25,tic-12.prec25,SAT,OPTIMAL,0.111781,5176,19685,246,0,19931,,peak_process_tree_rss_mb,maxsat,staircase,direct,yes,imp12+,lexicographic_internal_idle_range_pstar_then_idle_sum,lex-idlesum,,,0,0,39,"1,2,3,4,5,6,7,8,9,10,11,12,13,14,15,16,17,18,19,20,21,22,23,24,25,26,27,28,29,30,31,32,33,34,35,36,39,41,42",0,0,0,0,53,21,53,85,6,6,"0,0,0,0,0,0,0,0,0,0,0,0,0,0,0,0,0,0,0,0,0,0,0,0,0,0,0,0,0,0,0,0,0,0,0,0,0,0,0,0,0,0","28,32,34,34,34,32,30,26","2,3,5,1,8,4,2,4,8,8,6,7,2,1,6,4,3,8,1,2,7,6,7,8,6,5,3,4,2,7,1,8,3,6,5,7,2,4,7,5,4,1,2,6,3,3,6,8,5,4,1,4,3,7,5,2,6,2,4,3,7,8,1,5,6,4,3,5,1,7,8,5,4,1,3,7,6,5,6,4,7,1,2,5,3,8,1,5,2,6,3,7,3,6,4,1,8,2,5,5,2,7,3,8,4,2,3,6,5,4,7,3,5,2,1,4,6,7,4,1,8,6,3,2,5",1:M4 M14 M19 M31 M42 M51 M63 M69 M74 M82 M87 M96 M115 M120 | 2:M1 M7 M13 M20 M29 M37 M43 M56 M58 M83 M89 M98 M101 M106 M114 M124 | 3:M2 M17 M27 M33 M45 M46 M53 M60 M67 M75 M85 M91 M93 M103 M107 M112 M123 | 4:M6 M8 M16 M28 M38 M41 M50 M52 M59 M66 M73 M80 M95 M105 M110 M116 M119 | 5:M3 M26 M35 M40 M49 M55 M64 M68 M72 M78 M84 M88 M99 M100 M109 M113 M125 | 6:M11 M15 M22 M25 M34 M44 M47 M57 M65 M77 M79 M90 M94 M108 M117 M122 | 7:M12 M21 M23 M30 M36 M39 M54 M61 M70 M76 M81 M92 M102 M111 M118 | 8:M5 M9 M10 M18 M24 M32 M48 M62 M71 M86 M97 M104 M121,,"domain reduction: sessions, fixed meetings, forbidden slots | precedence domain propagation: fixed point over direct edges | full precedence closure: cycle detection and graph statistics only | (20),(22)-(27) exactly once over reduced domains | (19) participant atMost-one per slot | (46),(47) clustered table capacity with full channeling | (28) staircase/support precedence over reduced domains and direct E | usedSlot channeling + exact per-idle-slot break cost | (43) exactly |Mp| reduced usedSlot variables | (44) atMost 2|L| busy participants per slot | (45) exact even number of busy participants | exact unary internal-idle counts and range objective over P*",,,result,19685,246,0,19931
table08,tic-12crafc.prec15,tic-12crafc.prec15,SAT,OPTIMAL,0.164028,14539,35840,246,0,36086,,peak_process_tree_rss_mb,maxsat,traditional,direct,no,imp12+,lexicographic_internal_idle_range_pstar_then_idle_sum,lex-idlesum,,,0,0,39,"1,2,3,4,5,6,7,8,9,10,11,12,13,14,15,16,17,18,19,20,21,22,23,24,25,26,27,28,29,30,31,32,33,34,35,36,39,41,42",0,0,0,0,24,2,24,27,6,6,"0,0,0,0,0,0,0,0,0,0,0,0,0,0,0,0,0,0,0,0,0,0,0,0,0,0,0,0,0,0,0,0,0,0,0,0,0,0,0,0,0,0","30,32,32,32,32,32,32,28","7,1,8,6,2,6,4,5,8,6,2,3,1,8,4,2,7,5,6,4,2,8,8,7,8,5,3,6,1,4,2,7,6,3,7,5,4,1,7,6,1,8,2,3,5,1,5,2,3,4,2,3,4,5,7,1,6,7,6,4,5,7,2,3,8,4,3,8,7,2,4,1,5,8,7,3,3,5,7,8,1,3,4,6,2,5,1,3,2,6,5,7,6,3,5,1,4,2,8,5,4,6,7,1,3,2,5,1,3,6,4,7,8,6,2,1,4,3,8,5,6,4,7,1,2",1:M2 M13 M29 M38 M41 M46 M56 M72 M81 M87 M96 M104 M108 M116 M124 | 2:M5 M11 M16 M21 M31 M43 M48 M51 M63 M70 M85 M89 M98 M106 M115 M125 | 3:M12 M27 M34 M44 M49 M52 M64 M67 M76 M77 M82 M88 M94 M105 M109 M118 | 4:M7 M15 M20 M30 M37 M50 M53 M60 M66 M71 M83 M97 M101 M111 M117 M122 | 5:M8 M18 M26 M36 M45 M47 M54 M61 M73 M78 M86 M91 M95 M100 M107 M120 | 6:M4 M6 M10 M19 M28 M33 M40 M57 M59 M84 M90 M93 M102 M110 M114 M121 | 7:M1 M17 M24 M32 M35 M39 M55 M58 M62 M69 M75 M79 M92 M103 M112 M123 | 8:M3 M9 M14 M22 M23 M25 M42 M65 M68 M74 M80 M99 M113 M119,,"domain reduction: sessions, fixed meetings, forbidden slots | precedence domain propagation: fixed point over direct edges | full precedence closure: cycle detection and graph statistics only | (20),(22)-(27) exactly once over reduced domains | (19) participant atMost-one per slot | (46),(47) clustered table capacity with full channeling | (28) traditional pairwise precedence over direct E | usedSlot channeling + exact per-idle-slot break cost | (43) exactly |Mp| reduced usedSlot variables | (44) atMost 2|L| busy participants per slot | (45) exact even number of busy participants | exact unary internal-idle counts and range objective over P*",,,result,35840,246,0,36086
table08,tic-12crafc.prec15,tic-12crafc.prec15,SAT,OPTIMAL,0.15847,14539,35540,246,0,35786,,peak_process_tree_rss_mb,maxsat,staircase,direct,yes,imp12+,lexicographic_internal_idle_range_pstar_then_idle_sum,lex-idlesum,,,0,0,39,"1,2,3,4,5,6,7,8,9,10,11,12,13,14,15,16,17,18,19,20,21,22,23,24,25,26,27,28,29,30,31,32,33,34,35,36,39,41,42",0,0,0,0,24,2,24,27,6,6,"0,0,0,0,0,0,0,0,0,0,0,0,0,0,0,0,0,0,0,0,0,0,0,0,0,0,0,0,0,0,0,0,0,0,0,0,0,0,0,0,0,0","30,32,32,32,32,32,32,28","1,5,3,2,6,6,1,4,7,8,3,7,2,1,3,6,8,4,5,3,8,7,7,8,4,8,1,3,6,7,2,5,6,5,4,7,2,1,1,5,2,3,8,6,7,8,4,6,7,5,2,4,7,3,5,1,6,2,4,4,5,1,2,6,7,8,3,5,2,7,2,8,1,3,7,4,5,4,5,4,1,8,6,3,2,7,2,4,7,6,3,1,6,3,2,7,4,5,8,5,6,3,8,1,4,3,6,4,2,5,1,6,8,2,3,1,5,3,7,2,6,1,4,8,5",1:M1 M7 M14 M27 M38 M39 M56 M62 M73 M81 M92 M104 M111 M116 M122 | 2:M4 M13 M31 M37 M41 M51 M58 M63 M69 M71 M85 M87 M95 M109 M114 M120 | 3:M3 M11 M15 M20 M28 M42 M54 M67 M74 M84 M91 M94 M102 M106 M115 M118 | 4:M8 M18 M25 M35 M47 M52 M59 M60 M76 M78 M80 M88 M97 M105 M108 M123 | 5:M2 M19 M32 M34 M40 M50 M55 M61 M68 M77 M79 M98 M100 M110 M117 M125 | 6:M5 M6 M16 M29 M33 M44 M48 M57 M64 M83 M90 M93 M101 M107 M112 M121 | 7:M9 M12 M22 M23 M30 M36 M45 M49 M53 M65 M70 M75 M86 M89 M96 M119 | 8:M10 M17 M21 M24 M26 M43 M46 M66 M72 M82 M99 M103 M113 M124,,"domain reduction: sessions, fixed meetings, forbidden slots | precedence domain propagation: fixed point over direct edges | full precedence closure: cycle detection and graph statistics only | (20),(22)-(27) exactly once over reduced domains | (19) participant atMost-one per slot | (46),(47) clustered table capacity with full channeling | (28) staircase/support precedence over reduced domains and direct E | usedSlot channeling + exact per-idle-slot break cost | (43) exactly |Mp| reduced usedSlot variables | (44) atMost 2|L| busy participants per slot | (45) exact even number of busy participants | exact unary internal-idle counts and range objective over P*",,,result,35540,246,0,35786
table08,tic-12crafc.prec25,tic-12crafc.prec25,SAT,OPTIMAL,0.886193,14337,34201,246,0,34447,,peak_process_tree_rss_mb,maxsat,traditional,direct,no,imp12+,lexicographic_internal_idle_range_pstar_then_idle_sum,lex-idlesum,,,0,0,39,"1,2,3,4,5,6,7,8,9,10,11,12,13,14,15,16,17,18,19,20,21,22,23,24,25,26,27,28,29,30,31,32,33,34,35,36,39,41,42",0,0,0,0,53,21,53,85,6,6,"0,0,0,0,0,0,0,0,0,0,0,0,0,0,0,0,0,0,0,0,0,0,0,0,0,0,0,0,0,0,0,0,0,0,0,0,0,0,0,0,0,0","30,32,32,32,32,32,32,28","2,3,5,1,8,2,2,4,8,8,6,6,1,2,4,7,3,8,7,2,8,5,7,8,7,5,3,8,4,6,2,1,5,3,4,6,2,7,2,5,4,7,1,6,3,5,7,8,4,3,1,3,2,5,6,7,4,1,4,4,7,1,3,5,6,4,3,6,1,2,6,5,1,2,3,8,7,5,6,5,7,1,2,3,8,4,1,6,4,5,2,5,3,6,4,2,8,7,1,4,1,6,8,7,3,6,3,5,8,4,7,3,5,2,1,7,6,7,3,1,8,6,4,2,5",1:M4 M13 M32 M43 M51 M58 M62 M69 M73 M82 M87 M99 M101 M115 M120 | 2:M1 M6 M7 M14 M20 M31 M37 M39 M53 M70 M74 M83 M91 M96 M114 M124 | 3:M2 M17 M27 M34 M45 M50 M52 M63 M67 M75 M84 M93 M105 M107 M112 M119 | 4:M8 M15 M29 M35 M41 M49 M57 M59 M60 M66 M86 M89 M95 M100 M110 M123 | 5:M3 M22 M26 M33 M40 M46 M54 M64 M72 M78 M80 M90 M92 M108 M113 M125 | 6:M11 M12 M30 M36 M44 M55 M65 M68 M71 M79 M88 M94 M102 M106 M117 M122 | 7:M16 M19 M23 M25 M38 M42 M47 M56 M61 M77 M81 M98 M104 M111 M116 M118 | 8:M5 M9 M10 M18 M21 M24 M28 M48 M76 M85 M97 M103 M109 M121,,"domain reduction: sessions, fixed meetings, forbidden slots | precedence domain propagation: fixed point over direct edges | full precedence closure: cycle detection and graph statistics only | (20),(22)-(27) exactly once over reduced domains | (19) participant atMost-one per slot | (46),(47) clustered table capacity with full channeling | (28) traditional pairwise precedence over direct E | usedSlot channeling + exact per-idle-slot break cost | (43) exactly |Mp| reduced usedSlot variables | (44) atMost 2|L| busy participants per slot | (45) exact even number of busy participants | exact unary internal-idle counts and range objective over P*",,,result,34201,246,0,34447
table08,tic-12crafc.prec25,tic-12crafc.prec25,SAT,OPTIMAL,0.205464,14337,33743,246,0,33989,,peak_process_tree_rss_mb,maxsat,staircase,direct,yes,imp12+,lexicographic_internal_idle_range_pstar_then_idle_sum,lex-idlesum,,,0,0,39,"1,2,3,4,5,6,7,8,9,10,11,12,13,14,15,16,17,18,19,20,21,22,23,24,25,26,27,28,29,30,31,32,33,34,35,36,39,41,42",0,0,0,0,53,21,53,85,6,6,"0,0,0,0,0,0,0,0,0,0,0,0,0,0,0,0,0,0,0,0,0,0,0,0,0,0,0,0,0,0,0,0,0,0,0,0,0,0,0,0,0,0","30,30,32,32,32,32,32,30","1,4,3,2,8,3,1,6,8,8,7,7,2,1,6,3,4,8,7,2,5,6,8,7,6,5,3,8,4,7,2,1,3,4,5,6,2,7,6,5,4,2,1,7,3,4,5,8,3,6,2,4,1,7,5,3,6,2,1,4,2,1,5,7,6,6,4,5,2,1,8,3,1,4,2,7,5,6,5,6,7,1,2,3,8,4,4,8,5,7,3,7,4,3,6,2,8,5,1,5,4,7,3,8,1,5,3,7,6,4,8,5,3,2,1,8,6,7,1,2,8,6,4,3,5",1:M1 M7 M14 M32 M43 M53 M59 M62 M70 M73 M82 M99 M105 M115 M119 | 2:M4 M13 M20 M31 M37 M42 M51 M58 M61 M69 M75 M83 M96 M114 M120 | 3:M3 M6 M16 M27 M33 M45 M49 M56 M72 M84 M91 M94 M103 M107 M113 M124 | 4:M2 M17 M29 M34 M41 M46 M52 M60 M67 M74 M86 M87 M93 M101 M110 M123 | 5:M21 M26 M35 M40 M47 M55 M63 M68 M77 M79 M89 M98 M100 M106 M112 M125 | 6:M8 M15 M22 M25 M36 M39 M50 M57 M65 M66 M78 M80 M95 M109 M117 M122 | 7:M11 M12 M19 M24 M30 M38 M44 M54 M64 M76 M81 M90 M92 M102 M108 M118 | 8:M5 M9 M10 M18 M23 M28 M48 M71 M85 M88 M97 M104 M111 M116 M121,,"domain reduction: sessions, fixed meetings, forbidden slots | precedence domain propagation: fixed point over direct edges | full precedence closure: cycle detection and graph statistics only | (20),(22)-(27) exactly once over reduced domains | (19) participant atMost-one per slot | (46),(47) clustered table capacity with full channeling | (28) staircase/support precedence over reduced domains and direct E | usedSlot channeling + exact per-idle-slot break cost | (43) exactly |Mp| reduced usedSlot variables | (44) atMost 2|L| busy participants per slot | (45) exact even number of busy participants | exact unary internal-idle counts and range objective over P*",,,result,33743,246,0,33989
table08,tic-13.prec15,tic-13.prec15,SAT,OPTIMAL,0.366093,24705,66064,366,0,66430,,peak_process_tree_rss_mb,maxsat,traditional,direct,no,imp12+,lexicographic_internal_idle_range_pstar_then_idle_sum,lex-idlesum,,,0,0,45,"1,3,4,5,6,7,8,9,10,11,12,13,14,15,16,17,18,19,20,21,22,23,24,25,26,27,28,29,30,31,32,33,34,35,36,37,38,40,41,42,43,44,45,46,47",0,0,0,0,35,3,35,39,6,6,"0,0,0,0,0,0,0,0,0,0,0,0,0,0,0,0,0,0,0,0,0,0,0,0,0,0,0,0,0,0,0,0,0,0,0,0,0,0,0,0,0,0,0,0,0,0,0","26,36,40,42,42,42,40,36,32,24","3,2,6,7,1,8,4,10,9,5,2,5,4,3,6,5,9,7,4,3,6,8,2,5,3,6,7,4,1,2,8,5,9,6,4,3,7,2,4,6,3,6,5,10,3,9,8,4,7,6,9,7,8,10,1,4,6,7,5,3,4,8,7,6,10,9,1,2,3,5,2,3,6,8,7,4,10,9,1,9,8,1,5,7,10,2,4,2,1,8,3,7,6,10,5,2,1,3,7,5,4,9,2,10,9,4,6,3,5,8,3,6,7,4,2,5,8,7,5,1,3,4,6,1,3,5,9,7,4,8,9,4,10,5,8,6,1,7,9,4,5,6,4,5,2,7,2,10,8,4,5,8,2,7,2,10,6,3,6,9,8,6,2,5,9,1,9,4,8,3,7,8,1,3,2,5,6,3,7,10",1:M5 M29 M55 M67 M79 M82 M89 M97 M120 M124 M137 M166 M173 | 2:M2 M11 M23 M30 M38 M68 M71 M86 M88 M96 M103 M115 M145 M147 M153 M155 M163 M175 | 3:M1 M14 M20 M25 M36 M41 M45 M60 M69 M72 M91 M98 M108 M111 M121 M125 M158 M170 M174 M178 | 4:M7 M13 M19 M28 M35 M39 M48 M56 M61 M76 M87 M101 M106 M114 M122 M129 M132 M140 M143 M150 M168 | 5:M10 M12 M16 M24 M32 M43 M59 M70 M83 M95 M100 M109 M116 M119 M126 M134 M141 M144 M151 M164 M176 | 6:M3 M15 M21 M26 M34 M40 M42 M50 M57 M64 M73 M93 M107 M112 M123 M136 M142 M157 M159 M162 M177 | 7:M4 M18 M27 M37 M49 M52 M58 M63 M75 M84 M92 M99 M113 M118 M128 M138 M146 M154 M171 M179 | 8:M6 M22 M31 M47 M53 M62 M74 M81 M90 M110 M117 M130 M135 M149 M152 M161 M169 M172 | 9:M9 M17 M33 M46 M51 M66 M78 M80 M102 M105 M127 M131 M139 M160 M165 M167 | 10:M8 M44 M54 M65 M77 M85 M94 M104 M133 M148 M156 M180,,"domain reduction: sessions, fixed meetings, forbidden slots | precedence domain propagation: fixed point over direct edges | full precedence closure: cycle detection and graph statistics only | (20),(22)-(27) exactly once over reduced domains | (19) participant atMost-one per slot | (46),(47) clustered table capacity with full channeling | (28) traditional pairwise precedence over direct E | usedSlot channeling + exact per-idle-slot break cost | (43) exactly |Mp| reduced usedSlot variables | (44) atMost 2|L| busy participants per slot | (45) exact even number of busy participants | exact unary internal-idle counts and range objective over P*",,,result,66064,366,0,66430
table08,tic-13.prec15,tic-13.prec15,SAT,OPTIMAL,0.34764,24705,65193,366,0,65559,,peak_process_tree_rss_mb,maxsat,staircase,direct,yes,imp12+,lexicographic_internal_idle_range_pstar_then_idle_sum,lex-idlesum,,,0,0,45,"1,3,4,5,6,7,8,9,10,11,12,13,14,15,16,17,18,19,20,21,22,23,24,25,26,27,28,29,30,31,32,33,34,35,36,37,38,40,41,42,43,44,45,46,47",0,0,0,0,35,3,35,39,6,6,"0,0,0,0,0,0,0,0,0,0,0,0,0,0,0,0,0,0,0,0,0,0,0,0,0,0,0,0,0,0,0,0,0,0,0,0,0,0,0,0,0,0,0,0,0,0,0","24,32,40,42,42,42,42,38,34,24","5,3,10,9,2,7,4,6,8,1,8,9,6,7,5,9,6,5,4,2,7,3,8,6,9,3,7,5,4,4,6,10,9,5,8,3,7,6,10,7,8,2,9,6,8,4,3,7,5,7,5,8,6,4,2,4,6,3,7,1,5,3,8,4,10,7,4,5,7,3,10,5,7,1,2,8,9,4,3,3,4,1,6,8,5,2,2,3,4,4,8,9,3,10,7,2,1,7,8,6,5,9,5,7,10,3,2,4,4,9,3,10,2,8,7,4,6,5,6,1,4,2,8,6,5,4,7,9,1,2,9,2,3,5,1,4,6,6,7,9,5,10,5,9,3,8,2,7,6,3,1,3,6,3,5,7,6,7,2,8,3,1,10,1,9,4,10,8,6,5,9,4,6,8,2,1,5,8,9,10",1:M10 M60 M74 M82 M97 M120 M129 M135 M151 M162 M164 M176 | 2:M5 M20 M42 M55 M75 M86 M87 M96 M107 M113 M122 M130 M132 M147 M159 M175 | 3:M2 M22 M26 M36 M47 M58 M62 M70 M79 M80 M88 M93 M106 M111 M133 M145 M150 M152 M154 M161 | 4:M7 M19 M29 M30 M46 M54 M56 M64 M67 M78 M81 M89 M90 M108 M109 M116 M121 M126 M136 M166 M172 | 5:M1 M15 M18 M28 M34 M49 M51 M61 M68 M72 M85 M101 M103 M118 M125 M134 M141 M143 M155 M170 M177 | 6:M8 M13 M17 M24 M31 M38 M44 M53 M57 M83 M100 M117 M119 M124 M137 M138 M149 M153 M157 M169 M173 | 7:M6 M14 M21 M27 M37 M40 M48 M50 M59 M66 M69 M73 M95 M98 M104 M115 M127 M139 M148 M156 M158 | 8:M9 M11 M23 M35 M41 M45 M52 M63 M76 M84 M91 M99 M114 M123 M146 M160 M168 M174 M178 | 9:M4 M12 M16 M25 M33 M43 M77 M92 M102 M110 M128 M131 M140 M144 M165 M171 M179 | 10:M3 M32 M39 M65 M71 M94 M105 M112 M142 M163 M167 M180,,"domain reduction: sessions, fixed meetings, forbidden slots | precedence domain propagation: fixed point over direct edges | full precedence closure: cycle detection and graph statistics only | (20),(22)-(27) exactly once over reduced domains | (19) participant atMost-one per slot | (46),(47) clustered table capacity with full channeling | (28) staircase/support precedence over reduced domains and direct E | usedSlot channeling + exact per-idle-slot break cost | (43) exactly |Mp| reduced usedSlot variables | (44) atMost 2|L| busy participants per slot | (45) exact even number of busy participants | exact unary internal-idle counts and range objective over P*",,,result,65193,366,0,65559
table08,tic-13.prec25,tic-13.prec25,SAT,OPTIMAL,0.739695,24453,64576,366,0,64942,,peak_process_tree_rss_mb,maxsat,traditional,direct,no,imp12+,lexicographic_internal_idle_range_pstar_then_idle_sum,lex-idlesum,,,0,0,45,"1,3,4,5,6,7,8,9,10,11,12,13,14,15,16,17,18,19,20,21,22,23,24,25,26,27,28,29,30,31,32,33,34,35,36,37,38,40,41,42,43,44,45,46,47",0,0,0,0,75,28,75,111,6,6,"0,0,0,0,0,0,0,0,0,0,0,0,0,0,0,0,0,0,0,0,0,0,0,0,0,0,0,0,0,0,0,0,0,0,0,0,0,0,0,0,0,0,0,0,0,0,0","26,34,38,40,40,42,42,40,34,24","4,9,1,8,7,6,2,10,3,5,5,3,2,1,4,8,2,4,3,1,6,7,7,2,3,5,8,6,4,5,2,7,8,6,3,4,9,10,6,9,7,1,4,6,3,8,2,7,5,8,7,10,6,9,6,5,3,8,9,9,8,2,5,4,7,1,3,1,5,4,6,4,8,7,5,10,1,9,3,10,2,4,9,5,7,1,7,10,8,6,10,5,9,3,7,4,8,3,9,7,6,4,3,9,1,6,10,7,3,1,4,5,2,9,8,6,7,8,7,2,4,6,5,2,4,3,6,10,7,8,7,3,9,4,5,2,8,6,3,4,1,4,7,5,9,5,2,8,9,6,6,2,1,2,9,6,5,8,6,6,2,3,8,4,7,10,4,10,3,9,7,8,5,5,1,8,3,10,2,5",1:M3 M14 M20 M42 M66 M68 M77 M86 M105 M110 M141 M153 M175 | 2:M7 M13 M17 M24 M31 M47 M62 M81 M113 M120 M124 M136 M147 M152 M154 M161 M179 | 3:M9 M12 M19 M25 M35 M45 M57 M67 M79 M94 M98 M103 M109 M126 M132 M139 M162 M169 M177 | 4:M1 M15 M18 M29 M36 M43 M64 M70 M72 M82 M96 M102 M111 M121 M125 M134 M140 M142 M164 M167 | 5:M10 M11 M26 M30 M49 M56 M63 M69 M75 M84 M92 M112 M123 M135 M144 M146 M157 M173 M174 M180 | 6:M6 M21 M28 M34 M39 M44 M53 M55 M71 M90 M101 M106 M116 M122 M127 M138 M150 M151 M156 M159 M160 | 7:M5 M22 M23 M32 M41 M48 M51 M65 M74 M85 M87 M95 M100 M108 M117 M119 M129 M131 M143 M165 M171 | 8:M4 M16 M27 M33 M46 M50 M58 M61 M73 M89 M97 M115 M118 M130 M137 M148 M158 M163 M172 M176 | 9:M2 M37 M40 M54 M59 M60 M78 M83 M93 M99 M104 M114 M133 M145 M149 M155 M170 | 10:M8 M38 M52 M76 M80 M88 M91 M107 M128 M166 M168 M178,,"domain reduction: sessions, fixed meetings, forbidden slots | precedence domain propagation: fixed point over direct edges | full precedence closure: cycle detection and graph statistics only | (20),(22)-(27) exactly once over reduced domains | (19) participant atMost-one per slot | (46),(47) clustered table capacity with full channeling | (28) traditional pairwise precedence over direct E | usedSlot channeling + exact per-idle-slot break cost | (43) exactly |Mp| reduced usedSlot variables | (44) atMost 2|L| busy participants per slot | (45) exact even number of busy participants | exact unary internal-idle counts and range objective over P*",,,result,64576,366,0,64942
table08,tic-13.prec25,tic-13.prec25,SAT,OPTIMAL,0.373475,24453,63042,366,0,63408,,peak_process_tree_rss_mb,maxsat,staircase,direct,yes,imp12+,lexicographic_internal_idle_range_pstar_then_idle_sum,lex-idlesum,,,0,0,45,"1,3,4,5,6,7,8,9,10,11,12,13,14,15,16,17,18,19,20,21,22,23,24,25,26,27,28,29,30,31,32,33,34,35,36,37,38,40,41,42,43,44,45,46,47",0,0,0,0,75,28,75,111,6,6,"0,0,0,0,0,0,0,0,0,0,0,0,0,0,0,0,0,0,0,0,0,0,0,0,0,0,0,0,0,0,0,0,0,0,0,0,0,0,0,0,0,0,0,0,0,0,0","30,36,40,42,42,40,40,36,30,24","10,9,4,7,6,8,1,5,2,3,3,2,5,1,4,7,5,4,2,1,6,8,7,4,5,2,6,3,1,6,3,10,9,8,4,5,7,9,8,6,10,5,7,2,1,8,6,3,4,2,1,5,4,3,6,5,4,9,8,8,7,3,4,5,10,1,4,1,3,2,10,3,9,8,7,5,6,1,2,3,4,1,9,7,10,6,7,10,9,4,6,3,8,2,9,1,9,2,7,4,8,1,6,2,1,8,10,5,6,3,4,9,5,7,8,5,4,2,7,3,4,5,2,5,8,6,7,1,3,4,8,4,9,7,3,2,6,5,3,6,1,8,3,2,7,10,7,5,9,2,5,6,3,9,2,5,7,6,7,5,4,6,10,5,8,9,9,8,4,3,6,3,10,8,2,7,4,10,6,7",1:M7 M14 M20 M29 M45 M51 M66 M68 M78 M82 M96 M102 M105 M128 M141 | 2:M9 M12 M19 M26 M44 M50 M70 M79 M94 M98 M104 M118 M123 M136 M144 M150 M155 M175 | 3:M10 M11 M28 M31 M48 M54 M62 M69 M72 M80 M92 M110 M120 M129 M135 M139 M143 M153 M170 M172 | 4:M3 M15 M18 M24 M35 M49 M53 M57 M63 M67 M81 M90 M100 M111 M117 M121 M130 M132 M161 M169 M177 | 5:M8 M13 M17 M25 M36 M42 M52 M56 M64 M76 M108 M113 M116 M122 M124 M138 M148 M151 M156 M160 M164 | 6:M5 M21 M27 M30 M40 M47 M55 M77 M86 M91 M103 M109 M126 M137 M140 M152 M158 M162 M171 M179 | 7:M4 M16 M23 M37 M43 M61 M75 M84 M87 M99 M114 M119 M127 M134 M145 M147 M157 M159 M176 M180 | 8:M6 M22 M34 M39 M46 M59 M60 M74 M93 M101 M106 M115 M125 M131 M142 M165 M168 M174 | 9:M2 M33 M38 M58 M73 M83 M89 M95 M97 M112 M133 M149 M154 M166 M167 | 10:M1 M32 M41 M65 M71 M85 M88 M107 M146 M163 M173 M178,,"domain reduction: sessions, fixed meetings, forbidden slots | precedence domain propagation: fixed point over direct edges | full precedence closure: cycle detection and graph statistics only | (20),(22)-(27) exactly once over reduced domains | (19) participant atMost-one per slot | (46),(47) clustered table capacity with full channeling | (28) staircase/support precedence over reduced domains and direct E | usedSlot channeling + exact per-idle-slot break cost | (43) exactly |Mp| reduced usedSlot variables | (44) atMost 2|L| busy participants per slot | (45) exact even number of busy participants | exact unary internal-idle counts and range objective over P*",,,result,63042,366,0,63408
table08,tic-13crafb.prec15,tic-13crafb.prec15,SAT,OPTIMAL,0.377858,23069,64085,368,0,64453,,peak_process_tree_rss_mb,maxsat,traditional,direct,no,imp12+,lexicographic_internal_idle_range_pstar_then_idle_sum,lex-idlesum,,,0,0,44,"1,2,3,4,5,6,7,8,9,10,11,12,13,14,15,16,17,18,19,20,21,22,24,25,26,27,28,29,30,31,32,33,34,35,36,37,38,40,41,42,43,44,45,46",0,0,0,0,34,4,34,38,8,8,"0,0,0,0,0,0,0,0,0,0,0,0,0,0,0,0,0,0,0,0,0,0,0,0,0,0,0,0,0,0,0,0,0,0,0,0,0,0,0,0,0,0,0,0,0,0","30,36,40,40,42,42,40,38,34,26","1,9,8,5,6,7,5,4,6,7,7,8,4,3,4,3,5,7,1,4,5,9,3,4,3,6,5,8,9,10,3,10,5,6,4,2,9,8,1,8,6,9,8,3,7,5,2,4,10,2,5,1,3,7,6,8,6,2,9,7,10,5,4,3,5,8,6,4,6,4,2,3,9,10,5,6,8,7,4,1,2,6,3,7,4,4,7,5,2,8,3,10,7,8,3,8,7,1,6,10,9,9,1,6,9,10,4,7,2,1,7,8,3,4,10,2,1,7,10,8,2,3,4,5,7,9,6,2,6,1,8,5,9,2,3,9,10,4,1,8,2,7,9,6,3,5,6,2,8,1,5,1,9,2,10,5,3,7,5,4,3,2,6,10,8,9,1,5,2,6,4,3,7,6,4,3,2,1,5,9,7,5,6,8",1:M1 M19 M39 M52 M80 M98 M103 M110 M117 M130 M139 M150 M152 M167 M178 | 2:M36 M47 M50 M58 M71 M81 M89 M109 M116 M121 M128 M134 M141 M148 M154 M162 M169 M177 | 3:M14 M16 M23 M25 M31 M44 M53 M64 M72 M83 M91 M95 M113 M122 M135 M145 M157 M161 M172 M176 | 4:M8 M13 M15 M20 M24 M35 M48 M63 M68 M70 M79 M85 M86 M107 M114 M123 M138 M160 M171 M175 | 5:M4 M7 M17 M21 M27 M33 M46 M51 M62 M65 M75 M88 M124 M132 M146 M151 M156 M159 M168 M179 M182 | 6:M5 M9 M26 M34 M41 M55 M57 M67 M69 M76 M82 M99 M104 M127 M129 M144 M147 M163 M170 M174 M183 | 7:M6 M10 M11 M18 M45 M54 M60 M78 M84 M87 M93 M97 M108 M111 M118 M125 M142 M158 M173 M181 | 8:M3 M12 M28 M38 M40 M43 M56 M66 M77 M90 M94 M96 M112 M120 M131 M140 M149 M165 M184 | 9:M2 M22 M29 M37 M42 M59 M73 M101 M102 M105 M126 M133 M136 M143 M153 M166 M180 | 10:M30 M32 M49 M61 M74 M92 M100 M106 M115 M119 M137 M155 M164,,"domain reduction: sessions, fixed meetings, forbidden slots | precedence domain propagation: fixed point over direct edges | full precedence closure: cycle detection and graph statistics only | (20),(22)-(27) exactly once over reduced domains | (19) participant atMost-one per slot | (46),(47) clustered table capacity with full channeling | (28) traditional pairwise precedence over direct E | usedSlot channeling + exact per-idle-slot break cost | (43) exactly |Mp| reduced usedSlot variables | (44) atMost 2|L| busy participants per slot | (45) exact even number of busy participants | exact unary internal-idle counts and range objective over P*",,,result,64085,368,0,64453
table08,tic-13crafb.prec15,tic-13crafb.prec15,SAT,OPTIMAL,0.28872,23069,63223,368,0,63591,,peak_process_tree_rss_mb,maxsat,staircase,direct,yes,imp12+,lexicographic_internal_idle_range_pstar_then_idle_sum,lex-idlesum,,,0,0,44,"1,2,3,4,5,6,7,8,9,10,11,12,13,14,15,16,17,18,19,20,21,22,24,25,26,27,28,29,30,31,32,33,34,35,36,37,38,40,41,42,43,44,45,46",0,0,0,0,34,4,34,38,8,8,"0,0,0,0,0,0,0,0,0,0,0,0,0,0,0,0,0,0,0,0,0,0,0,0,0,0,0,0,0,0,0,0,0,0,0,0,0,0,0,0,0,0,0,0,0,0","26,34,38,40,42,40,40,40,38,30","2,9,3,5,10,8,8,5,6,7,5,10,8,6,9,6,4,3,10,9,6,7,8,2,9,8,5,4,6,7,3,4,6,9,2,10,1,7,8,8,7,2,1,10,9,4,6,8,5,4,3,7,2,1,9,10,5,4,8,9,3,7,1,3,7,9,8,5,8,3,5,9,3,8,5,7,6,4,2,1,10,6,7,4,3,7,5,6,8,2,1,4,7,8,5,3,7,4,5,9,6,2,9,4,10,8,5,7,6,2,6,1,7,4,9,2,1,10,4,6,3,5,7,9,10,8,2,1,2,3,6,10,8,4,4,9,5,6,3,1,2,8,10,9,2,5,6,10,3,9,3,7,5,1,3,4,4,6,8,7,9,5,10,6,4,1,5,8,10,3,7,9,2,7,5,2,4,6,3,1,5,2,4,3",1:M37 M43 M54 M63 M80 M91 M112 M117 M128 M140 M154 M166 M180 | 2:M1 M24 M35 M42 M53 M79 M90 M102 M110 M116 M127 M129 M141 M145 M173 M176 M182 | 3:M3 M18 M31 M51 M61 M64 M70 M73 M85 M96 M121 M130 M139 M149 M151 M155 M170 M179 M184 | 4:M17 M28 M32 M46 M50 M58 M78 M84 M92 M98 M104 M114 M119 M134 M135 M156 M157 M165 M177 M183 | 5:M4 M8 M11 M27 M49 M57 M68 M71 M75 M87 M95 M99 M107 M122 M137 M146 M153 M162 M167 M175 M181 | 6:M9 M14 M16 M21 M29 M33 M47 M77 M82 M88 M101 M109 M111 M120 M131 M138 M147 M158 M164 M178 | 7:M10 M22 M30 M38 M41 M52 M62 M65 M76 M83 M86 M93 M97 M108 M113 M123 M152 M160 M171 M174 | 8:M6 M7 M13 M23 M26 M39 M40 M48 M59 M67 M69 M74 M89 M94 M106 M126 M133 M142 M159 M168 | 9:M2 M15 M20 M25 M34 M45 M55 M60 M66 M72 M100 M103 M115 M124 M136 M144 M150 M161 M172 | 10:M5 M12 M19 M36 M44 M56 M81 M105 M118 M125 M132 M143 M148 M163 M169,,"domain reduction: sessions, fixed meetings, forbidden slots | precedence domain propagation: fixed point over direct edges | full precedence closure: cycle detection and graph statistics only | (20),(22)-(27) exactly once over reduced domains | (19) participant atMost-one per slot | (46),(47) clustered table capacity with full channeling | (28) staircase/support precedence over reduced domains and direct E | usedSlot channeling + exact per-idle-slot break cost | (43) exactly |Mp| reduced usedSlot variables | (44) atMost 2|L| busy participants per slot | (45) exact even number of busy participants | exact unary internal-idle counts and range objective over P*",,,result,63223,368,0,63591
table08,tic-13crafb.prec25,tic-13crafb.prec25,SAT,OPTIMAL,0.566468,22787,62715,368,0,63083,,peak_process_tree_rss_mb,maxsat,traditional,direct,no,imp12+,lexicographic_internal_idle_range_pstar_then_idle_sum,lex-idlesum,,,0,0,44,"1,2,3,4,5,6,7,8,9,10,11,12,13,14,15,16,17,18,19,20,21,22,24,25,26,27,28,29,30,31,32,33,34,35,36,37,38,40,41,42,43,44,45,46",0,0,0,0,75,25,75,106,8,8,"0,0,0,0,0,0,0,0,0,0,0,0,0,0,0,0,0,0,0,0,0,0,0,0,0,0,0,0,0,0,0,0,0,0,0,0,0,0,0,0,0,0,0,0,0,0","28,34,38,40,42,42,40,38,36,30","1,2,7,4,10,5,5,9,4,10,5,3,7,4,5,6,10,6,7,5,3,2,8,5,7,3,8,2,4,1,8,2,6,5,10,4,1,9,3,7,8,6,10,5,9,3,2,7,9,8,5,3,10,1,6,2,9,1,4,8,7,2,3,2,5,4,7,6,3,10,9,2,7,4,5,1,6,3,8,10,9,5,9,3,7,3,10,6,1,4,7,2,8,6,2,6,2,9,1,3,8,8,10,7,9,1,3,8,4,10,9,1,4,6,8,7,1,8,8,6,5,10,2,4,3,9,7,9,4,1,6,3,7,4,6,9,4,7,8,2,5,10,7,4,6,2,9,5,8,4,8,3,6,9,6,5,5,6,10,5,9,8,7,8,6,3,9,2,4,5,10,7,1,1,3,4,2,6,5,3,7,5,4,6",1:M1 M30 M37 M54 M58 M76 M89 M99 M106 M112 M117 M130 M173 M174 | 2:M2 M22 M28 M32 M47 M56 M62 M64 M72 M92 M95 M97 M123 M140 M146 M168 M177 | 3:M12 M21 M26 M39 M46 M52 M63 M69 M78 M84 M86 M100 M107 M125 M132 M152 M166 M175 M180 | 4:M4 M9 M14 M29 M36 M59 M66 M74 M90 M109 M113 M124 M129 M134 M137 M144 M150 M169 M176 M183 | 5:M6 M7 M11 M15 M20 M24 M34 M44 M51 M65 M75 M82 M121 M141 M148 M156 M157 M160 M170 M179 M182 | 6:M16 M18 M33 M42 M55 M68 M77 M88 M94 M96 M114 M120 M131 M135 M145 M153 M155 M158 M165 M178 M184 | 7:M3 M13 M19 M25 M40 M48 M61 M67 M73 M85 M91 M104 M116 M127 M133 M138 M143 M163 M172 M181 | 8:M23 M27 M31 M41 M50 M60 M79 M93 M101 M102 M108 M115 M118 M119 M139 M149 M151 M162 M164 | 9:M8 M38 M45 M49 M57 M71 M81 M83 M98 M105 M111 M126 M128 M136 M147 M154 M161 M167 | 10:M5 M10 M17 M35 M43 M53 M70 M80 M87 M103 M110 M122 M142 M159 M171,,"domain reduction: sessions, fixed meetings, forbidden slots | precedence domain propagation: fixed point over direct edges | full precedence closure: cycle detection and graph statistics only | (20),(22)-(27) exactly once over reduced domains | (19) participant atMost-one per slot | (46),(47) clustered table capacity with full channeling | (28) traditional pairwise precedence over direct E | usedSlot channeling + exact per-idle-slot break cost | (43) exactly |Mp| reduced usedSlot variables | (44) atMost 2|L| busy participants per slot | (45) exact even number of busy participants | exact unary internal-idle counts and range objective over P*",,,result,62715,368,0,63083
table08,tic-13crafb.prec25,tic-13crafb.prec25,SAT,OPTIMAL,0.641203,22787,61138,368,0,61506,,peak_process_tree_rss_mb,maxsat,staircase,direct,yes,imp12+,lexicographic_internal_idle_range_pstar_then_idle_sum,lex-idlesum,,,0,0,44,"1,2,3,4,5,6,7,8,9,10,11,12,13,14,15,16,17,18,19,20,21,22,24,25,26,27,28,29,30,31,32,33,34,35,36,37,38,40,41,42,43,44,45,46",0,0,0,0,75,25,75,106,8,8,"0,0,0,0,0,0,0,0,0,0,0,0,0,0,0,0,0,0,0,0,0,0,0,0,0,0,0,0,0,0,0,0,0,0,0,0,0,0,0,0,0,0,0,0,0,0","30,36,40,42,42,42,40,38,30,28","2,1,9,6,4,5,5,6,7,8,5,4,8,7,5,7,9,2,4,7,6,3,5,3,8,1,5,4,6,7,3,2,9,6,7,10,4,5,1,6,8,6,10,7,3,4,1,5,9,4,3,6,10,2,1,7,10,8,5,2,6,3,1,5,10,6,7,9,6,9,8,2,4,1,6,9,7,3,5,8,10,4,8,1,3,3,7,8,1,5,10,2,8,7,2,2,9,8,4,1,3,3,10,4,9,2,1,8,7,9,8,3,4,5,7,2,4,10,7,5,10,6,3,4,9,2,8,10,1,9,4,3,7,3,7,10,2,8,4,5,1,6,6,2,6,2,8,5,10,4,9,3,6,3,9,2,5,5,7,3,8,4,6,8,1,3,5,2,6,7,9,10,4,1,6,2,3,5,4,4,8,7,5,6",1:M2 M26 M39 M47 M55 M63 M74 M84 M89 M100 M107 M129 M141 M165 M174 | 2:M1 M18 M32 M54 M60 M72 M92 M95 M96 M106 M116 M126 M137 M144 M146 M156 M168 M176 | 3:M22 M24 M31 M45 M51 M62 M78 M85 M86 M101 M102 M112 M123 M132 M134 M152 M154 M160 M166 M177 | 4:M5 M12 M19 M28 M37 M46 M50 M73 M82 M99 M104 M113 M117 M124 M131 M139 M150 M162 M173 M179 M180 | 5:M6 M7 M11 M15 M23 M27 M38 M48 M59 M64 M79 M90 M114 M120 M140 M148 M157 M158 M167 M178 M183 | 6:M4 M8 M21 M29 M34 M40 M42 M52 M61 M66 M69 M75 M122 M142 M143 M145 M153 M163 M169 M175 M184 | 7:M9 M14 M16 M20 M30 M35 M44 M56 M67 M77 M87 M94 M109 M115 M119 M133 M135 M159 M170 M182 | 8:M10 M13 M25 M41 M58 M71 M80 M83 M88 M93 M98 M108 M111 M127 M138 M147 M161 M164 M181 | 9:M3 M17 M33 M49 M68 M70 M76 M97 M105 M110 M125 M130 M151 M155 M171 | 10:M36 M43 M53 M57 M65 M81 M91 M103 M118 M121 M128 M136 M149 M172,,"domain reduction: sessions, fixed meetings, forbidden slots | precedence domain propagation: fixed point over direct edges | full precedence closure: cycle detection and graph statistics only | (20),(22)-(27) exactly once over reduced domains | (19) participant atMost-one per slot | (46),(47) clustered table capacity with full channeling | (28) staircase/support precedence over reduced domains and direct E | usedSlot channeling + exact per-idle-slot break cost | (43) exactly |Mp| reduced usedSlot variables | (44) atMost 2|L| busy participants per slot | (45) exact even number of busy participants | exact unary internal-idle counts and range objective over P*",,,result,61138,368,0,61506
table08,tic-13crafc.prec15,tic-13crafc.prec15,SAT,OPTIMAL,2926.453664,24867,66428,366,0,66794,,peak_process_tree_rss_mb,maxsat,traditional,direct,no,imp12+,lexicographic_internal_idle_range_pstar_then_idle_sum,lex-idlesum,,,8,8,45,"1,3,4,5,6,7,8,9,10,11,12,13,14,15,16,17,18,19,20,21,22,23,24,25,26,27,28,29,30,31,32,33,34,35,36,37,38,40,41,42,43,44,45,46,47",8,1,1,1,35,3,35,39,6,6,"0,0,0,0,0,0,0,0,0,0,0,0,0,0,0,1,0,0,1,0,0,1,0,0,1,1,1,0,0,1,0,0,0,0,0,1,0,0,0,0,0,0,0,0,0,0,0","32,36,38,38,38,38,38,38,34,30","6,10,9,1,3,8,7,2,4,5,6,10,7,9,8,4,3,7,2,1,5,8,2,6,3,7,1,5,4,3,8,9,10,4,6,5,7,2,1,3,5,10,3,7,9,5,6,8,4,2,4,5,3,1,1,4,3,5,7,9,8,4,5,6,7,3,10,9,8,6,8,4,3,9,1,2,10,7,5,4,5,7,8,9,6,10,8,10,7,5,10,1,4,9,7,2,2,7,9,5,6,8,9,10,1,6,7,4,10,6,2,9,8,1,3,5,2,1,6,5,8,10,8,6,2,7,9,4,1,3,1,2,6,4,10,7,3,7,9,6,10,8,3,7,2,5,2,3,6,8,4,9,6,1,4,3,8,5,6,4,3,4,4,8,7,2,5,5,8,2,10,3,9,3,2,1,6,1,2,9",1:M4 M20 M27 M39 M54 M55 M75 M92 M105 M114 M118 M129 M131 M154 M176 M178 | 2:M8 M19 M23 M38 M50 M76 M96 M97 M111 M117 M125 M132 M145 M147 M166 M170 M175 M179 | 3:M5 M17 M25 M30 M40 M43 M53 M57 M66 M73 M115 M130 M137 M143 M148 M156 M161 M172 M174 | 4:M9 M16 M29 M34 M49 M51 M56 M62 M72 M80 M93 M108 M128 M134 M151 M155 M160 M162 M163 | 5:M10 M21 M28 M36 M41 M46 M52 M58 M63 M79 M81 M90 M100 M116 M120 M146 M158 M167 M168 | 6:M1 M11 M24 M35 M47 M64 M70 M85 M101 M106 M110 M119 M124 M133 M140 M149 M153 M159 M177 | 7:M7 M13 M18 M26 M37 M44 M59 M65 M78 M82 M89 M95 M98 M107 M126 M136 M138 M144 M165 | 8:M6 M15 M22 M31 M48 M61 M69 M71 M83 M87 M102 M113 M121 M123 M142 M150 M157 M164 M169 | 9:M3 M14 M32 M45 M60 M68 M74 M84 M94 M99 M103 M112 M127 M139 M152 M173 M180 | 10:M2 M12 M33 M42 M67 M77 M86 M88 M91 M104 M109 M122 M135 M141 M171,,"domain reduction: sessions, fixed meetings, forbidden slots | precedence domain propagation: fixed point over direct edges | full precedence closure: cycle detection and graph statistics only | (20),(22)-(27) exactly once over reduced domains | (19) participant atMost-one per slot | (46),(47) clustered table capacity with full channeling | (28) traditional pairwise precedence over direct E | usedSlot channeling + exact per-idle-slot break cost | (43) exactly |Mp| reduced usedSlot variables | (44) atMost 2|L| busy participants per slot | (45) exact even number of busy participants | exact unary internal-idle counts and range objective over P*",,,result,66428,366,1,66794
table08,tic-13crafc.prec15,tic-13crafc.prec15,TIMEOUT,TIMEOUT,3600.025285,24867,65557,6,0,65563,,peak_process_tree_rss_mb,maxsat,staircase,direct,yes,imp12+,lexicographic_internal_idle_range_pstar_then_idle_sum,lex-idlesum,,,,,45,"1,3,4,5,6,7,8,9,10,11,12,13,14,15,16,17,18,19,20,21,22,23,24,25,26,27,28,29,30,31,32,33,34,35,36,37,38,40,41,42,43,44,45,46,47",,,,,35,3,35,39,6,360,,,,,,,,,,,,,65563
table08,tic-13crafc.prec25,tic-13crafc.prec25,TIMEOUT,TIMEOUT,3600.026905,24621,64952,6,0,64958,,peak_process_tree_rss_mb,maxsat,traditional,direct,no,imp12+,lexicographic_internal_idle_range_pstar_then_idle_sum,lex-idlesum,,,,,45,"1,3,4,5,6,7,8,9,10,11,12,13,14,15,16,17,18,19,20,21,22,23,24,25,26,27,28,29,30,31,32,33,34,35,36,37,38,40,41,42,43,44,45,46,47",,,,,75,28,75,111,6,360,,,,,,,,,,,,,64958
table08,tic-13crafc.prec25,tic-13crafc.prec25,SAT,OPTIMAL,1623.502821,24621,63418,366,0,63784,,peak_process_tree_rss_mb,maxsat,staircase,direct,yes,imp12+,lexicographic_internal_idle_range_pstar_then_idle_sum,lex-idlesum,,,8,8,45,"1,3,4,5,6,7,8,9,10,11,12,13,14,15,16,17,18,19,20,21,22,23,24,25,26,27,28,29,30,31,32,33,34,35,36,37,38,40,41,42,43,44,45,46,47",8,1,1,1,75,28,75,111,6,6,"0,0,0,0,0,0,0,0,0,0,0,0,0,0,0,1,1,0,0,0,0,0,0,0,1,1,1,0,0,1,0,0,1,0,0,1,0,0,0,0,0,0,0,0,0,0,0","34,38,38,38,38,38,38,38,34,26","4,9,6,5,7,3,1,10,2,8,2,3,4,1,5,1,5,4,8,3,6,7,7,6,9,5,8,10,4,6,2,8,1,7,5,3,4,5,4,3,2,5,8,3,1,7,6,2,4,8,7,10,6,9,6,5,8,9,10,8,7,1,9,10,4,2,1,2,3,5,8,3,9,10,4,1,7,5,2,5,10,1,6,2,7,3,7,9,10,6,10,3,9,1,8,2,10,3,2,9,7,8,4,1,6,7,3,5,9,4,2,10,5,8,6,1,2,4,6,2,1,3,6,7,3,2,4,1,8,5,2,5,7,9,3,4,6,7,5,8,9,9,3,2,4,4,1,8,10,7,2,8,6,9,3,2,6,7,8,5,1,5,5,4,7,9,8,8,3,6,4,9,10,6,1,9,3,6,4,7",1:M7 M14 M16 M33 M45 M62 M67 M76 M82 M94 M104 M116 M121 M128 M147 M161 M175 | 2:M9 M11 M31 M41 M48 M66 M68 M79 M84 M96 M99 M111 M117 M120 M126 M131 M144 M151 M156 | 3:M6 M12 M20 M36 M40 M44 M69 M72 M86 M92 M98 M107 M122 M125 M135 M143 M155 M169 M177 | 4:M1 M13 M18 M29 M37 M39 M49 M65 M75 M103 M110 M118 M127 M136 M145 M146 M164 M171 M179 | 5:M4 M15 M17 M26 M35 M38 M42 M56 M70 M78 M80 M108 M113 M130 M132 M139 M160 M162 M163 | 6:M3 M21 M24 M30 M47 M53 M55 M83 M90 M105 M115 M119 M123 M137 M153 M157 M170 M174 M178 | 7:M5 M22 M23 M34 M46 M51 M61 M77 M85 M87 M101 M106 M124 M133 M138 M150 M158 M165 M180 | 8:M10 M19 M27 M32 M43 M50 M57 M60 M71 M95 M102 M114 M129 M140 M148 M152 M159 M167 M168 | 9:M2 M25 M54 M58 M63 M73 M88 M93 M100 M109 M134 M141 M142 M154 M166 M172 M176 | 10:M8 M28 M52 M59 M64 M74 M81 M89 M91 M97 M112 M149 M173,,"domain reduction: sessions, fixed meetings, forbidden slots | precedence domain propagation: fixed point over direct edges | full precedence closure: cycle detection and graph statistics only | (20),(22)-(27) exactly once over reduced domains | (19) participant atMost-one per slot | (46),(47) clustered table capacity with full channeling | (28) staircase/support precedence over reduced domains and direct E | usedSlot channeling + exact per-idle-slot break cost | (43) exactly |Mp| reduced usedSlot variables | (44) atMost 2|L| busy participants per slot | (45) exact even number of busy participants | exact unary internal-idle counts and range objective over P*",,,result,63418,366,1,63784
table08,tic-14crafa.prec15,tic-14crafa.prec15,SAT,OPTIMAL,0.57302,28225,80568,487,0,81055,,peak_process_tree_rss_mb,maxsat,traditional,direct,no,imp12+,lexicographic_internal_idle_range_pstar_then_idle_sum,lex-idlesum,,,0,0,59,"1,2,3,4,5,6,7,8,9,10,11,12,13,14,15,16,17,18,20,21,22,23,24,25,26,27,28,29,30,31,32,33,34,35,36,37,38,39,40,41,42,43,44,45,46,47,48,49,50,51,52,53,54,55,56,57,58,59,60",0,0,0,0,44,6,44,54,7,7,"0,0,0,0,0,0,0,0,0,0,0,0,0,0,0,0,0,0,0,0,0,0,0,0,0,0,0,0,0,0,0,0,0,0,0,0,0,0,0,0,0,0,0,0,0,0,0,0,0,0,0,0,0,0,0,0,0,0,0,0","38,44,50,54,52,52,54,50,46,34","4,8,6,3,9,10,7,5,3,8,9,7,5,10,2,8,6,4,2,5,7,2,9,8,10,9,7,4,7,9,3,1,4,10,4,3,6,1,4,8,6,1,2,7,4,3,9,1,9,4,10,6,5,5,2,6,8,7,4,1,10,7,1,8,10,6,3,5,2,4,10,5,8,7,3,1,9,10,1,4,8,6,5,7,2,3,6,2,1,5,3,4,3,6,4,5,9,8,7,3,8,10,2,9,5,9,7,8,8,6,7,2,3,6,9,2,7,1,4,5,3,4,2,5,4,7,8,9,6,5,1,7,5,4,2,9,10,7,3,6,8,10,1,2,3,4,6,2,9,5,2,10,5,1,9,3,4,7,6,8,10,1,8,9,3,4,5,2,6,6,7,5,9,4,5,2,1,8,9,6,7,2,7,3,10,6,5,8,9,4,7,6,3,8,6,3,7,10,1,5,4,7,8,6,10,5,2,9,1,3,4,6,3,8,5,1,8,3,2,8,6,7,9,2,4,5,1,3,9,4,3,8,7,7,5,4,6",1:M32 M38 M42 M48 M60 M63 M76 M79 M89 M118 M131 M143 M154 M162 M177 M199 M209 M216 M227 | 2:M15 M19 M22 M43 M55 M69 M85 M88 M103 M112 M116 M123 M135 M144 M148 M151 M168 M176 M182 M207 M219 M224 | 3:M4 M9 M31 M36 M46 M67 M75 M86 M91 M93 M100 M113 M121 M139 M145 M156 M165 M184 M193 M196 M210 M213 M218 M228 M231 | 4:M1 M18 M28 M33 M35 M39 M45 M50 M59 M70 M80 M92 M95 M119 M122 M125 M134 M146 M157 M166 M174 M190 M201 M211 M225 M230 M236 | 5:M8 M13 M20 M53 M54 M68 M72 M83 M90 M96 M105 M120 M124 M130 M133 M150 M153 M167 M172 M175 M187 M200 M206 M215 M226 M235 | 6:M3 M17 M37 M41 M52 M56 M66 M82 M87 M94 M110 M114 M129 M140 M147 M159 M169 M170 M180 M186 M192 M195 M204 M212 M221 M237 | 7:M7 M12 M21 M27 M29 M44 M58 M62 M74 M84 M99 M107 M111 M117 M126 M132 M138 M158 M171 M181 M183 M191 M197 M202 M222 M233 M234 | 8:M2 M10 M16 M24 M40 M57 M64 M73 M81 M98 M101 M108 M109 M127 M141 M160 M163 M178 M188 M194 M203 M214 M217 M220 M232 | 9:M5 M11 M23 M26 M30 M47 M49 M77 M97 M104 M106 M115 M128 M136 M149 M155 M164 M173 M179 M189 M208 M223 M229 | 10:M6 M14 M25 M34 M51 M61 M65 M71 M78 M102 M137 M142 M152 M161 M185 M198 M205,,"domain reduction: sessions, fixed meetings, forbidden slots | precedence domain propagation: fixed point over direct edges | full precedence closure: cycle detection and graph statistics only | (20),(22)-(27) exactly once over reduced domains | (19) participant atMost-one per slot | (46),(47) clustered table capacity with full channeling | (28) traditional pairwise precedence over direct E | usedSlot channeling + exact per-idle-slot break cost | (43) exactly |Mp| reduced usedSlot variables | (44) atMost 2|L| busy participants per slot | (45) exact even number of busy participants | exact unary internal-idle counts and range objective over P*",,,result,80568,487,0,81055
table08,tic-14crafa.prec15,tic-14crafa.prec15,SAT,OPTIMAL,0.371438,28225,79505,487,0,79992,,peak_process_tree_rss_mb,maxsat,staircase,direct,yes,imp12+,lexicographic_internal_idle_range_pstar_then_idle_sum,lex-idlesum,,,0,0,59,"1,2,3,4,5,6,7,8,9,10,11,12,13,14,15,16,17,18,20,21,22,23,24,25,26,27,28,29,30,31,32,33,34,35,36,37,38,39,40,41,42,43,44,45,46,47,48,49,50,51,52,53,54,55,56,57,58,59,60",0,0,0,0,44,6,44,54,7,7,"0,0,0,0,0,0,0,0,0,0,0,0,0,0,0,0,0,0,0,0,0,0,0,0,0,0,0,0,0,0,0,0,0,0,0,0,0,0,0,0,0,0,0,0,0,0,0,0,0,0,0,0,0,0,0,0,0,0,0,0","38,46,54,54,54,52,50,48,44,34","2,5,7,8,10,9,4,1,7,2,7,5,8,6,9,3,4,2,3,5,10,2,4,6,5,4,8,1,4,8,10,3,1,6,7,6,3,5,8,6,4,7,1,3,5,2,6,9,2,6,3,7,4,4,9,3,2,6,1,10,5,10,5,7,1,4,2,9,3,8,5,6,9,8,10,3,4,8,1,9,2,3,7,6,10,5,5,9,6,8,7,10,7,4,6,5,3,9,6,3,9,10,4,2,5,9,7,10,8,9,6,2,3,8,10,5,9,2,4,7,3,2,6,1,5,7,3,6,4,9,8,1,3,4,6,7,9,5,10,2,8,2,3,1,10,6,8,1,7,4,3,7,5,10,2,1,6,4,8,9,8,2,10,6,3,1,9,7,4,2,8,9,1,1,3,8,4,2,7,3,4,5,8,6,4,7,1,6,3,2,4,5,5,8,2,10,5,4,3,9,7,9,10,2,5,3,1,7,6,8,5,6,8,7,1,4,5,8,4,9,6,1,2,7,4,8,3,5,9,6,3,7,5,4,5,3,7",1:M8 M28 M33 M43 M59 M65 M79 M124 M132 M144 M148 M156 M166 M173 M174 M187 M207 M215 M222 | 2:M1 M10 M18 M22 M46 M49 M57 M67 M81 M104 M112 M118 M122 M140 M142 M155 M162 M170 M178 M190 M195 M204 M223 | 3:M16 M19 M32 M37 M44 M51 M56 M69 M76 M82 M97 M100 M113 M121 M127 M133 M143 M151 M165 M175 M180 M189 M199 M206 M227 M231 M236 | 4:M7 M17 M23 M26 M29 M41 M53 M54 M66 M77 M94 M103 M119 M129 M134 M150 M158 M169 M177 M181 M185 M191 M198 M216 M219 M225 M234 | 5:M2 M12 M20 M25 M38 M45 M61 M63 M71 M86 M87 M96 M105 M116 M125 M138 M153 M182 M192 M193 M197 M205 M211 M217 M228 M233 M235 | 6:M14 M24 M34 M36 M40 M47 M50 M58 M72 M84 M89 M95 M99 M111 M123 M128 M135 M146 M157 M164 M184 M188 M209 M212 M221 M230 | 7:M3 M9 M11 M35 M42 M52 M64 M83 M91 M93 M107 M120 M126 M136 M149 M152 M168 M179 M186 M201 M208 M214 M224 M232 M237 | 8:M4 M13 M27 M30 M39 M70 M74 M78 M90 M109 M114 M131 M141 M147 M159 M161 M171 M176 M183 M194 M210 M213 M218 M226 | 9:M6 M15 M48 M55 M68 M73 M80 M88 M98 M101 M106 M110 M117 M130 M137 M160 M167 M172 M200 M202 M220 M229 | 10:M5 M21 M31 M60 M62 M75 M85 M92 M102 M108 M115 M139 M145 M154 M163 M196 M203,,"domain reduction: sessions, fixed meetings, forbidden slots | precedence domain propagation: fixed point over direct edges | full precedence closure: cycle detection and graph statistics only | (20),(22)-(27) exactly once over reduced domains | (19) participant atMost-one per slot | (46),(47) clustered table capacity with full channeling | (28) staircase/support precedence over reduced domains and direct E | usedSlot channeling + exact per-idle-slot break cost | (43) exactly |Mp| reduced usedSlot variables | (44) atMost 2|L| busy participants per slot | (45) exact even number of busy participants | exact unary internal-idle counts and range objective over P*",,,result,79505,487,0,79992
table08,tic-14crafa.prec25,tic-14crafa.prec25,SAT,OPTIMAL,1.549911,27871,78442,487,0,78929,,peak_process_tree_rss_mb,maxsat,traditional,direct,no,imp12+,lexicographic_internal_idle_range_pstar_then_idle_sum,lex-idlesum,,,0,0,59,"1,2,3,4,5,6,7,8,9,10,11,12,13,14,15,16,17,18,20,21,22,23,24,25,26,27,28,29,30,31,32,33,34,35,36,37,38,39,40,41,42,43,44,45,46,47,48,49,50,51,52,53,54,55,56,57,58,59,60",0,0,0,0,93,38,93,145,7,7,"0,0,0,0,0,0,0,0,0,0,0,0,0,0,0,0,0,0,0,0,0,0,0,0,0,0,0,0,0,0,0,0,0,0,0,0,0,0,0,0,0,0,0,0,0,0,0,0,0,0,0,0,0,0,0,0,0,0,0,0","34,42,46,54,52,54,54,54,46,38","5,7,10,6,8,4,3,2,3,7,4,10,7,9,2,8,5,6,7,5,4,8,6,1,9,6,5,10,5,6,3,10,1,8,5,6,4,8,1,6,3,8,7,5,1,4,10,2,6,4,1,5,3,10,7,5,2,3,6,9,8,3,6,5,1,8,4,7,2,9,8,3,4,1,9,2,6,10,1,5,7,4,3,2,9,8,4,3,5,2,6,1,6,8,7,9,4,10,6,3,9,5,10,7,2,7,8,9,8,5,10,7,4,4,5,3,9,10,6,8,2,3,6,7,10,4,5,8,9,7,3,6,10,3,9,4,6,8,7,2,5,2,1,8,10,9,8,2,7,9,6,1,4,3,5,10,7,9,2,8,6,5,9,3,7,8,2,4,1,1,4,5,7,9,6,7,5,1,8,9,8,2,5,3,9,7,5,7,8,4,6,3,4,7,1,3,2,6,4,10,4,10,8,2,7,4,5,9,6,1,6,5,4,3,8,4,9,3,2,9,6,8,4,2,10,3,7,5,6,1,7,2,4,10,8,9,7",1:M24 M33 M39 M45 M51 M65 M74 M79 M92 M143 M152 M169 M170 M178 M195 M210 M230 | 2:M8 M15 M48 M57 M69 M76 M84 M90 M105 M121 M140 M142 M148 M159 M167 M182 M197 M204 M219 M224 M232 | 3:M7 M9 M31 M41 M53 M58 M62 M72 M83 M88 M100 M116 M122 M131 M134 M154 M164 M184 M192 M196 M214 M218 M226 | 4:M6 M11 M21 M37 M46 M50 M67 M73 M82 M87 M97 M113 M114 M126 M136 M153 M168 M171 M190 M193 M199 M201 M206 M213 M216 M223 M233 | 5:M1 M17 M20 M27 M29 M35 M44 M52 M56 M64 M80 M89 M102 M110 M115 M127 M141 M155 M162 M172 M177 M183 M187 M207 M212 M228 | 6:M4 M18 M23 M26 M30 M36 M40 M49 M59 M63 M77 M91 M93 M99 M119 M123 M132 M137 M151 M161 M175 M191 M198 M209 M211 M221 M229 | 7:M2 M10 M13 M19 M43 M55 M68 M81 M95 M104 M106 M112 M124 M130 M139 M149 M157 M165 M173 M176 M186 M188 M194 M205 M227 M231 M237 | 8:M5 M16 M22 M34 M38 M42 M61 M66 M71 M86 M94 M107 M109 M120 M128 M138 M144 M147 M160 M166 M179 M181 M189 M203 M215 M222 M235 | 9:M14 M25 M60 M70 M75 M85 M96 M101 M108 M117 M129 M135 M146 M150 M158 M163 M174 M180 M185 M208 M217 M220 M236 | 10:M3 M12 M28 M32 M47 M54 M78 M98 M103 M111 M118 M125 M133 M145 M156 M200 M202 M225 M234,,"domain reduction: sessions, fixed meetings, forbidden slots | precedence domain propagation: fixed point over direct edges | full precedence closure: cycle detection and graph statistics only | (20),(22)-(27) exactly once over reduced domains | (19) participant atMost-one per slot | (46),(47) clustered table capacity with full channeling | (28) traditional pairwise precedence over direct E | usedSlot channeling + exact per-idle-slot break cost | (43) exactly |Mp| reduced usedSlot variables | (44) atMost 2|L| busy participants per slot | (45) exact even number of busy participants | exact unary internal-idle counts and range objective over P*",,,result,78442,487,0,78929
table08,tic-14crafa.prec25,tic-14crafa.prec25,SAT,OPTIMAL,3.61719,27871,76611,487,0,77098,,peak_process_tree_rss_mb,maxsat,staircase,direct,yes,imp12+,lexicographic_internal_idle_range_pstar_then_idle_sum,lex-idlesum,,,0,0,59,"1,2,3,4,5,6,7,8,9,10,11,12,13,14,15,16,17,18,20,21,22,23,24,25,26,27,28,29,30,31,32,33,34,35,36,37,38,39,40,41,42,43,44,45,46,47,48,49,50,51,52,53,54,55,56,57,58,59,60",0,0,0,0,93,38,93,145,7,7,"0,0,0,0,0,0,0,0,0,0,0,0,0,0,0,0,0,0,0,0,0,0,0,0,0,0,0,0,0,0,0,0,0,0,0,0,0,0,0,0,0,0,0,0,0,0,0,0,0,0,0,0,0,0,0,0,0,0,0,0","36,46,50,54,54,54,54,50,42,34","7,9,6,3,8,10,1,5,6,4,9,4,8,10,6,7,5,3,5,9,4,7,3,4,5,2,1,10,9,2,7,10,1,6,9,5,6,3,2,5,3,8,5,2,6,1,10,8,4,2,7,5,3,10,9,2,1,3,4,6,5,3,6,9,1,5,2,7,4,8,9,3,7,1,8,4,3,10,6,5,4,7,2,1,9,8,5,6,9,7,8,4,2,3,4,7,6,8,4,9,10,2,7,6,5,8,7,9,7,4,8,1,2,3,7,2,4,8,10,9,5,1,3,4,2,6,7,1,5,4,6,8,5,10,2,7,4,1,8,3,9,1,4,6,7,10,10,4,6,8,7,5,4,1,2,10,3,9,6,8,5,8,3,7,10,9,2,6,1,9,5,7,1,4,8,3,2,6,9,5,6,8,5,4,3,2,4,6,7,2,3,5,6,6,3,2,1,5,7,8,3,9,7,3,5,1,4,6,2,8,5,7,8,3,10,6,8,2,5,8,5,2,9,4,10,6,7,3,7,10,9,4,8,6,3,4,7",1:M7 M27 M33 M46 M57 M65 M74 M84 M112 M122 M128 M138 M142 M154 M169 M173 M197 M206 | 2:M26 M30 M39 M44 M50 M56 M67 M83 M93 M102 M113 M116 M125 M135 M155 M167 M177 M186 M190 M196 M209 M218 M222 | 3:M4 M18 M23 M38 M41 M53 M58 M62 M72 M77 M94 M114 M123 M140 M157 M163 M176 M185 M191 M195 M201 M204 M214 M228 M235 | 4:M10 M12 M21 M24 M49 M59 M69 M76 M81 M92 M95 M99 M110 M117 M124 M130 M137 M143 M148 M153 M174 M184 M187 M207 M224 M232 M236 | 5:M8 M17 M19 M25 M36 M40 M43 M52 M61 M66 M80 M87 M105 M121 M129 M133 M152 M161 M171 M180 M183 M192 M198 M205 M211 M219 M221 | 6:M3 M9 M15 M34 M37 M45 M60 M63 M79 M88 M97 M104 M126 M131 M144 M149 M159 M168 M178 M181 M188 M193 M194 M208 M216 M226 M234 | 7:M1 M16 M22 M31 M51 M68 M73 M82 M90 M96 M103 M107 M109 M115 M127 M136 M145 M151 M164 M172 M189 M199 M203 M212 M227 M229 M237 | 8:M5 M13 M42 M48 M70 M75 M86 M91 M98 M106 M111 M118 M132 M139 M150 M160 M162 M175 M182 M200 M210 M213 M217 M220 M233 | 9:M2 M11 M20 M29 M35 M55 M64 M71 M85 M89 M100 M108 M120 M141 M158 M166 M170 M179 M202 M223 M231 | 10:M6 M14 M28 M32 M47 M54 M78 M101 M119 M134 M146 M147 M156 M165 M215 M225 M230,,"domain reduction: sessions, fixed meetings, forbidden slots | precedence domain propagation: fixed point over direct edges | full precedence closure: cycle detection and graph statistics only | (20),(22)-(27) exactly once over reduced domains | (19) participant atMost-one per slot | (46),(47) clustered table capacity with full channeling | (28) staircase/support precedence over reduced domains and direct E | usedSlot channeling + exact per-idle-slot break cost | (43) exactly |Mp| reduced usedSlot variables | (44) atMost 2|L| busy participants per slot | (45) exact even number of busy participants | exact unary internal-idle counts and range objective over P*",,,result,76611,487,0,77098
table08,tic-14crafc.prec15,tic-14crafc.prec15,SAT,OPTIMAL,0.438914,28447,81052,487,0,81539,,peak_process_tree_rss_mb,maxsat,traditional,direct,no,imp12+,lexicographic_internal_idle_range_pstar_then_idle_sum,lex-idlesum,,,0,0,59,"1,2,3,4,5,6,7,8,9,10,11,12,13,14,15,16,17,18,20,21,22,23,24,25,26,27,28,29,30,31,32,33,34,35,36,37,38,39,40,41,42,43,44,45,46,47,48,49,50,51,52,53,54,55,56,57,58,59,60",0,0,0,0,44,6,44,54,7,7,"0,0,0,0,0,0,0,0,0,0,0,0,0,0,0,0,0,0,0,0,0,0,0,0,0,0,0,0,0,0,0,0,0,0,0,0,0,0,0,0,0,0,0,0,0,0,0,0,0,0,0,0,0,0,0,0,0,0,0,0","42,46,50,50,50,50,50,48,48,40","1,5,6,10,9,3,2,7,4,4,3,4,5,1,6,8,2,9,6,4,1,2,8,4,9,10,2,5,3,5,6,1,5,2,7,6,3,2,9,4,6,8,1,3,5,7,2,6,3,1,10,9,4,2,1,7,4,6,10,3,5,9,4,10,1,6,5,7,8,3,9,5,8,2,7,4,3,8,1,4,2,10,5,9,7,6,7,8,5,9,10,6,7,6,4,5,10,8,10,3,6,9,1,4,2,9,7,10,6,8,10,9,3,7,8,6,4,2,10,3,9,2,5,4,4,5,8,7,9,6,7,10,3,6,8,9,4,2,7,5,10,3,4,2,6,1,8,7,2,3,10,9,6,5,3,8,1,2,7,4,5,7,9,6,1,10,8,3,2,5,3,8,1,1,2,7,8,5,4,1,3,2,9,3,8,6,7,5,9,6,8,10,1,5,8,7,9,10,6,3,1,9,10,1,5,4,2,7,3,8,5,3,7,6,9,4,8,2,4,5,3,2,9,4,7,6,8,1,7,3,1,5,4,10,9,8,7",1:M1 M14 M21 M32 M43 M50 M55 M65 M79 M103 M146 M157 M165 M173 M174 M180 M193 M201 M204 M228 M231 | 2:M7 M17 M22 M27 M34 M38 M47 M54 M74 M81 M105 M118 M122 M138 M144 M149 M158 M169 M175 M182 M207 M218 M222 | 3:M6 M11 M29 M37 M44 M49 M60 M70 M77 M100 M113 M120 M133 M142 M150 M155 M168 M171 M181 M184 M200 M209 M212 M221 M230 | 4:M9 M10 M12 M20 M24 M40 M53 M57 M63 M76 M80 M95 M104 M117 M124 M125 M137 M143 M160 M179 M206 M216 M219 M224 M233 | 5:M2 M13 M28 M30 M33 M45 M61 M67 M72 M83 M89 M96 M123 M126 M140 M154 M161 M170 M178 M188 M194 M205 M211 M220 M232 | 6:M3 M15 M19 M31 M36 M41 M48 M58 M66 M86 M92 M94 M101 M109 M116 M130 M134 M145 M153 M164 M186 M190 M199 M214 M226 | 7:M8 M35 M46 M56 M68 M75 M85 M87 M93 M107 M114 M128 M131 M139 M148 M159 M162 M176 M187 M196 M208 M213 M225 M229 M237 | 8:M16 M23 M42 M69 M73 M78 M88 M98 M110 M115 M127 M135 M147 M156 M167 M172 M177 M185 M191 M195 M210 M217 M227 M236 | 9:M5 M18 M25 M39 M52 M62 M71 M84 M90 M102 M106 M112 M121 M129 M136 M152 M163 M183 M189 M197 M202 M215 M223 M235 | 10:M4 M26 M51 M59 M64 M82 M91 M97 M99 M108 M111 M119 M132 M141 M151 M166 M192 M198 M203 M234,,"domain reduction: sessions, fixed meetings, forbidden slots | precedence domain propagation: fixed point over direct edges | full precedence closure: cycle detection and graph statistics only | (20),(22)-(27) exactly once over reduced domains | (19) participant atMost-one per slot | (46),(47) clustered table capacity with full channeling | (28) traditional pairwise precedence over direct E | usedSlot channeling + exact per-idle-slot break cost | (43) exactly |Mp| reduced usedSlot variables | (44) atMost 2|L| busy participants per slot | (45) exact even number of busy participants | exact unary internal-idle counts and range objective over P*",,,result,81052,487,0,81539
table08,tic-14crafc.prec15,tic-14crafc.prec15,SAT,OPTIMAL,0.390503,28447,79989,487,0,80476,,peak_process_tree_rss_mb,maxsat,staircase,direct,yes,imp12+,lexicographic_internal_idle_range_pstar_then_idle_sum,lex-idlesum,,,0,0,59,"1,2,3,4,5,6,7,8,9,10,11,12,13,14,15,16,17,18,20,21,22,23,24,25,26,27,28,29,30,31,32,33,34,35,36,37,38,39,40,41,42,43,44,45,46,47,48,49,50,51,52,53,54,55,56,57,58,59,60",0,0,0,0,44,6,44,54,7,7,"0,0,0,0,0,0,0,0,0,0,0,0,0,0,0,0,0,0,0,0,0,0,0,0,0,0,0,0,0,0,0,0,0,0,0,0,0,0,0,0,0,0,0,0,0,0,0,0,0,0,0,0,0,0,0,0,0,0,0,0","40,48,50,50,50,50,50,48,46,42","10,7,6,1,5,8,4,2,10,4,5,9,2,4,3,6,8,10,4,6,9,10,3,1,7,3,6,8,8,9,8,3,1,10,7,4,5,1,9,3,10,2,4,9,5,3,1,1,4,2,10,9,5,9,7,6,4,2,1,8,5,4,9,2,8,6,5,7,10,3,8,9,7,5,2,1,1,10,2,4,3,5,6,9,8,7,7,10,9,8,5,6,8,5,2,6,4,7,7,8,4,5,3,6,10,9,8,7,4,6,1,3,2,9,3,7,6,5,10,2,4,10,5,7,2,5,3,4,6,7,2,1,7,1,9,10,6,3,4,8,5,8,3,1,10,4,8,2,6,7,8,4,2,1,3,7,9,5,6,10,8,1,4,10,3,5,7,2,6,2,3,8,9,6,7,5,2,1,3,2,1,9,3,8,6,7,6,1,3,5,2,4,8,6,2,7,5,10,9,1,9,9,10,5,6,2,8,7,4,3,8,7,4,9,3,7,4,6,3,8,9,3,2,10,6,7,5,4,4,5,6,10,9,2,5,1,3",1:M4 M24 M33 M38 M47 M48 M59 M76 M77 M111 M132 M134 M144 M154 M162 M178 M181 M188 M200 M236 | 2:M8 M13 M42 M50 M58 M64 M75 M79 M95 M113 M120 M125 M131 M148 M153 M168 M170 M177 M180 M191 M195 M206 M223 M234 | 3:M15 M23 M26 M32 M40 M46 M70 M81 M103 M112 M115 M127 M138 M143 M155 M165 M171 M179 M183 M189 M210 M215 M219 M222 M237 | 4:M7 M10 M14 M19 M36 M43 M49 M57 M62 M80 M97 M101 M109 M121 M128 M139 M146 M152 M163 M192 M209 M213 M217 M228 M229 | 5:M5 M11 M37 M45 M53 M61 M67 M74 M82 M91 M94 M102 M118 M123 M126 M141 M158 M166 M176 M190 M197 M204 M227 M230 M235 | 6:M3 M16 M20 M27 M56 M66 M83 M92 M96 M104 M110 M117 M129 M137 M149 M159 M169 M174 M185 M187 M194 M205 M218 M225 M231 | 7:M2 M25 M35 M55 M68 M73 M86 M87 M98 M99 M108 M116 M124 M130 M133 M150 M156 M167 M175 M186 M196 M208 M212 M216 M226 | 8:M6 M17 M28 M29 M31 M60 M65 M71 M85 M90 M93 M100 M107 M140 M142 M147 M151 M161 M172 M184 M193 M207 M211 M220 | 9:M12 M21 M30 M39 M44 M52 M54 M63 M72 M84 M89 M106 M114 M135 M157 M173 M182 M199 M201 M202 M214 M221 M233 | 10:M1 M9 M18 M22 M34 M41 M51 M69 M78 M88 M105 M119 M122 M136 M145 M160 M164 M198 M203 M224 M232,,"domain reduction: sessions, fixed meetings, forbidden slots | precedence domain propagation: fixed point over direct edges | full precedence closure: cycle detection and graph statistics only | (20),(22)-(27) exactly once over reduced domains | (19) participant atMost-one per slot | (46),(47) clustered table capacity with full channeling | (28) staircase/support precedence over reduced domains and direct E | usedSlot channeling + exact per-idle-slot break cost | (43) exactly |Mp| reduced usedSlot variables | (44) atMost 2|L| busy participants per slot | (45) exact even number of busy participants | exact unary internal-idle counts and range objective over P*",,,result,79989,487,0,80476
table08,tic-14crafc.prec25,tic-14crafc.prec25,SAT,OPTIMAL,0.802263,28103,78946,487,0,79433,,peak_process_tree_rss_mb,maxsat,traditional,direct,no,imp12+,lexicographic_internal_idle_range_pstar_then_idle_sum,lex-idlesum,,,0,0,59,"1,2,3,4,5,6,7,8,9,10,11,12,13,14,15,16,17,18,20,21,22,23,24,25,26,27,28,29,30,31,32,33,34,35,36,37,38,39,40,41,42,43,44,45,46,47,48,49,50,51,52,53,54,55,56,57,58,59,60",0,0,0,0,93,38,93,145,7,7,"0,0,0,0,0,0,0,0,0,0,0,0,0,0,0,0,0,0,0,0,0,0,0,0,0,0,0,0,0,0,0,0,0,0,0,0,0,0,0,0,0,0,0,0,0,0,0,0,0,0,0,0,0,0,0,0,0,0,0,0","40,46,50,50,50,50,50,50,48,40","3,9,1,6,7,8,5,4,5,4,5,7,6,10,9,8,3,4,5,9,7,8,6,1,9,5,2,10,2,1,2,10,4,1,4,2,5,3,4,10,2,7,6,10,4,3,9,1,6,9,3,2,5,10,6,4,3,9,2,8,7,5,6,3,2,8,10,1,7,4,8,7,10,3,9,2,2,10,3,6,1,7,5,4,8,9,9,7,6,5,10,8,3,4,7,2,1,6,6,1,3,2,8,5,10,7,9,8,8,6,7,9,3,9,6,3,7,10,4,8,1,6,5,7,10,5,8,4,9,7,5,7,9,2,10,5,1,4,6,7,8,3,2,1,10,4,8,5,6,7,7,3,4,1,5,10,2,8,6,9,8,4,9,3,2,10,5,6,1,4,6,8,7,3,5,7,1,6,9,3,2,4,5,9,8,2,3,5,1,4,6,2,9,7,8,2,1,6,3,10,8,9,8,4,7,3,5,10,6,1,4,10,6,3,9,2,2,3,8,3,7,1,9,4,5,6,8,2,7,4,9,5,8,3,4,5,1",1:M3 M24 M30 M34 M48 M68 M81 M97 M100 M121 M137 M144 M154 M169 M177 M189 M197 M210 M222 M237 | 2:M27 M29 M31 M36 M41 M52 M59 M65 M76 M77 M96 M102 M134 M143 M157 M165 M181 M186 M192 M196 M216 M217 M228 | 3:M1 M17 M38 M46 M51 M57 M64 M74 M79 M93 M101 M113 M116 M142 M152 M164 M174 M180 M187 M199 M206 M214 M218 M220 M234 | 4:M8 M10 M18 M33 M35 M39 M45 M56 M70 M84 M94 M119 M128 M138 M146 M153 M162 M170 M182 M190 M204 M211 M224 M230 M235 | 5:M7 M9 M11 M19 M26 M37 M53 M62 M83 M90 M104 M123 M126 M131 M136 M148 M155 M167 M175 M183 M188 M207 M225 M232 M236 | 6:M4 M13 M23 M43 M49 M55 M63 M80 M89 M98 M99 M110 M115 M122 M139 M149 M159 M168 M171 M178 M191 M198 M209 M213 M226 | 7:M5 M12 M21 M42 M61 M69 M72 M82 M88 M95 M106 M111 M117 M124 M130 M132 M140 M150 M151 M173 M176 M194 M205 M221 M229 | 8:M6 M16 M22 M60 M66 M71 M85 M92 M103 M108 M109 M120 M127 M141 M147 M158 M161 M172 M185 M195 M201 M203 M219 M227 M233 | 9:M2 M15 M20 M25 M47 M50 M58 M75 M86 M87 M107 M112 M114 M129 M133 M160 M163 M179 M184 M193 M202 M215 M223 M231 | 10:M14 M28 M32 M40 M44 M54 M67 M73 M78 M91 M105 M118 M125 M135 M145 M156 M166 M200 M208 M212,,"domain reduction: sessions, fixed meetings, forbidden slots | precedence domain propagation: fixed point over direct edges | full precedence closure: cycle detection and graph statistics only | (20),(22)-(27) exactly once over reduced domains | (19) participant atMost-one per slot | (46),(47) clustered table capacity with full channeling | (28) traditional pairwise precedence over direct E | usedSlot channeling + exact per-idle-slot break cost | (43) exactly |Mp| reduced usedSlot variables | (44) atMost 2|L| busy participants per slot | (45) exact even number of busy participants | exact unary internal-idle counts and range objective over P*",,,result,78946,487,0,79433
table08,tic-14crafc.prec25,tic-14crafc.prec25,SAT,OPTIMAL,0.583033,28103,77115,487,0,77602,,peak_process_tree_rss_mb,maxsat,staircase,direct,yes,imp12+,lexicographic_internal_idle_range_pstar_then_idle_sum,lex-idlesum,,,0,0,59,"1,2,3,4,5,6,7,8,9,10,11,12,13,14,15,16,17,18,20,21,22,23,24,25,26,27,28,29,30,31,32,33,34,35,36,37,38,39,40,41,42,43,44,45,46,47,48,49,50,51,52,53,54,55,56,57,58,59,60",0,0,0,0,93,38,93,145,7,7,"0,0,0,0,0,0,0,0,0,0,0,0,0,0,0,0,0,0,0,0,0,0,0,0,0,0,0,0,0,0,0,0,0,0,0,0,0,0,0,0,0,0,0,0,0,0,0,0,0,0,0,0,0,0,0,0,0,0,0,0","40,48,50,50,50,50,50,50,46,40","8,10,6,5,9,4,3,2,3,3,7,9,6,10,2,8,5,3,6,4,2,3,7,1,4,6,7,5,7,6,9,5,2,1,10,7,5,4,2,8,4,7,3,6,1,10,8,2,4,1,10,5,3,9,10,5,1,3,8,7,6,5,1,7,4,9,10,2,6,3,9,4,5,1,8,7,1,10,2,4,3,9,8,5,7,6,4,3,6,2,5,1,2,3,1,7,4,5,6,10,4,5,9,8,1,7,8,9,2,5,9,8,4,3,7,2,8,6,10,9,1,8,5,7,3,6,9,4,8,7,5,8,3,1,7,4,5,6,8,9,10,2,1,3,9,5,9,1,4,2,7,10,3,6,2,8,1,9,4,5,1,8,4,5,2,10,3,7,6,6,8,10,3,1,8,6,7,2,10,2,1,9,6,3,5,8,4,5,8,7,6,3,10,9,6,4,1,8,2,3,2,5,8,10,9,4,7,6,3,2,7,3,4,5,2,7,9,2,4,6,7,4,10,2,9,8,5,3,7,9,4,6,10,10,9,8,6",1:M24 M34 M45 M50 M57 M63 M74 M77 M92 M95 M105 M121 M134 M143 M148 M157 M161 M174 M181 M197 | 2:M8 M15 M21 M33 M39 M48 M68 M79 M90 M93 M109 M116 M142 M150 M155 M165 M178 M180 M199 M201 M210 M215 M218 M224 | 3:M7 M9 M10 M18 M22 M43 M53 M58 M70 M81 M88 M94 M114 M125 M133 M144 M153 M167 M173 M184 M192 M200 M209 M212 M228 | 4:M6 M20 M25 M38 M41 M49 M65 M72 M80 M87 M97 M101 M113 M128 M136 M149 M159 M163 M187 M196 M206 M213 M219 M222 M231 | 5:M4 M17 M28 M32 M37 M52 M56 M62 M73 M84 M91 M98 M102 M110 M123 M131 M137 M146 M160 M164 M185 M188 M202 M214 M227 | 6:M3 M13 M19 M26 M30 M44 M61 M69 M86 M89 M99 M118 M126 M138 M154 M169 M170 M176 M183 M191 M195 M208 M220 M232 M237 | 7:M11 M23 M27 M29 M36 M42 M60 M64 M76 M85 M96 M106 M115 M124 M130 M135 M151 M168 M177 M190 M207 M211 M216 M221 M229 | 8:M1 M16 M40 M47 M59 M75 M83 M104 M107 M112 M117 M122 M129 M132 M139 M156 M162 M171 M175 M186 M189 M198 M203 M226 M236 | 9:M5 M12 M31 M54 M66 M71 M82 M103 M108 M111 M120 M127 M140 M145 M147 M158 M182 M194 M205 M217 M225 M230 M235 | 10:M2 M14 M35 M46 M51 M55 M67 M78 M100 M119 M141 M152 M166 M172 M179 M193 M204 M223 M233 M234,,"domain reduction: sessions, fixed meetings, forbidden slots | precedence domain propagation: fixed point over direct edges | full precedence closure: cycle detection and graph statistics only | (20),(22)-(27) exactly once over reduced domains | (19) participant atMost-one per slot | (46),(47) clustered table capacity with full channeling | (28) staircase/support precedence over reduced domains and direct E | usedSlot channeling + exact per-idle-slot break cost | (43) exactly |Mp| reduced usedSlot variables | (44) atMost 2|L| busy participants per slot | (45) exact even number of busy participants | exact unary internal-idle counts and range objective over P*",,,result,77115,487,0,77602
table08,tic-14crafd.prec15,tic-14crafd.prec15,SAT,OPTIMAL,0.43224,28159,80935,488,0,81423,,peak_process_tree_rss_mb,maxsat,traditional,direct,no,imp12+,lexicographic_internal_idle_range_pstar_then_idle_sum,lex-idlesum,,,0,0,59,"1,2,3,4,5,6,7,8,9,10,11,12,13,14,15,16,17,18,20,21,22,23,24,25,26,27,28,29,30,31,32,33,34,35,36,37,38,39,40,41,42,43,44,45,46,47,48,49,50,51,52,53,54,55,56,57,58,59,60",0,0,0,0,41,1,41,42,8,8,"0,0,0,0,0,0,0,0,0,0,0,0,0,0,0,0,0,0,0,0,0,0,0,0,0,0,0,0,0,0,0,0,0,0,0,0,0,0,0,0,0,0,0,0,0,0,0,0,0,0,0,0,0,0,0,0,0,0,0,0","40,46,50,50,50,50,50,50,46,40","6,9,5,10,8,3,1,2,2,6,9,7,10,7,4,2,3,5,8,6,9,7,8,8,5,9,4,8,10,3,1,3,9,5,1,7,8,4,9,5,5,4,10,7,3,2,1,2,5,4,9,7,8,10,3,2,9,8,7,4,1,5,10,9,4,1,3,7,5,8,6,2,3,5,8,2,4,7,8,1,2,6,4,10,5,3,9,6,7,2,8,4,3,5,1,1,8,6,7,4,6,3,9,10,7,2,8,9,10,6,7,6,9,10,3,8,1,2,7,10,1,7,8,6,5,3,7,1,2,4,7,9,3,5,2,4,8,1,7,10,9,6,10,5,4,3,1,6,7,10,10,6,8,3,2,5,7,4,9,1,6,1,4,8,2,5,10,3,5,9,8,1,6,4,2,10,9,8,3,7,8,4,3,6,4,10,6,5,4,3,2,1,6,7,1,9,6,4,5,2,2,7,6,9,3,4,10,2,8,5,6,3,7,4,5,7,10,8,6,4,1,9,2,3,5,3,5,8,2,9,4,6,3,6,9,5",1:M7 M31 M35 M47 M61 M66 M80 M95 M96 M117 M121 M128 M138 M147 M160 M162 M172 M192 M195 M221 | 2:M8 M9 M16 M46 M48 M56 M72 M76 M81 M90 M106 M118 M129 M135 M155 M165 M175 M191 M200 M201 M208 M223 M229 | 3:M6 M17 M30 M32 M45 M55 M67 M73 M86 M93 M102 M115 M126 M133 M146 M154 M168 M179 M183 M190 M205 M212 M224 M226 M233 | 4:M15 M27 M38 M42 M50 M60 M65 M77 M83 M92 M100 M130 M136 M145 M158 M163 M174 M182 M185 M189 M198 M206 M214 M220 M231 | 5:M3 M18 M25 M34 M40 M41 M49 M62 M69 M74 M85 M94 M125 M134 M144 M156 M166 M169 M188 M199 M210 M215 M225 M227 M236 | 6:M1 M10 M20 M71 M82 M88 M98 M101 M110 M112 M124 M142 M148 M152 M161 M173 M184 M187 M193 M197 M203 M211 M219 M232 M234 | 7:M12 M14 M22 M36 M44 M52 M59 M68 M78 M89 M99 M105 M111 M119 M122 M127 M131 M139 M149 M157 M180 M194 M202 M213 M216 | 8:M5 M19 M23 M24 M28 M37 M53 M58 M70 M75 M79 M91 M97 M107 M116 M123 M137 M153 M164 M171 M178 M181 M209 M218 M228 | 9:M2 M11 M21 M26 M33 M39 M51 M57 M64 M87 M103 M108 M113 M132 M141 M159 M170 M177 M196 M204 M222 M230 M235 | 10:M4 M13 M29 M43 M54 M63 M84 M104 M109 M114 M120 M140 M143 M150 M151 M167 M176 M186 M207 M217,,"domain reduction: sessions, fixed meetings, forbidden slots | precedence domain propagation: fixed point over direct edges | full precedence closure: cycle detection and graph statistics only | (20),(22)-(27) exactly once over reduced domains | (19) participant atMost-one per slot | (46),(47) clustered table capacity with full channeling | (28) traditional pairwise precedence over direct E | usedSlot channeling + exact per-idle-slot break cost | (43) exactly |Mp| reduced usedSlot variables | (44) atMost 2|L| busy participants per slot | (45) exact even number of busy participants | exact unary internal-idle counts and range objective over P*",,,result,80935,488,0,81423
table08,tic-14crafd.prec15,tic-14crafd.prec15,SAT,OPTIMAL,0.376014,28159,79842,488,0,80330,,peak_process_tree_rss_mb,maxsat,staircase,direct,yes,imp12+,lexicographic_internal_idle_range_pstar_then_idle_sum,lex-idlesum,,,0,0,59,"1,2,3,4,5,6,7,8,9,10,11,12,13,14,15,16,17,18,20,21,22,23,24,25,26,27,28,29,30,31,32,33,34,35,36,37,38,39,40,41,42,43,44,45,46,47,48,49,50,51,52,53,54,55,56,57,58,59,60",0,0,0,0,41,1,41,42,8,8,"0,0,0,0,0,0,0,0,0,0,0,0,0,0,0,0,0,0,0,0,0,0,0,0,0,0,0,0,0,0,0,0,0,0,0,0,0,0,0,0,0,0,0,0,0,0,0,0,0,0,0,0,0,0,0,0,0,0,0,0","42,48,50,48,48,50,50,50,44,42","9,3,1,10,7,6,5,2,6,9,7,8,10,7,4,2,1,8,6,5,9,2,3,5,1,7,8,10,8,9,3,3,4,2,1,3,7,9,4,6,5,8,10,7,9,1,2,9,6,7,1,2,10,4,3,1,9,6,8,4,2,3,8,7,1,2,10,5,9,4,6,3,8,10,4,6,2,8,5,3,2,10,4,9,6,1,7,3,5,6,8,7,1,2,4,2,7,5,1,4,6,3,8,9,4,5,4,6,5,3,2,3,4,6,8,10,5,7,2,2,10,8,8,6,7,3,4,2,1,5,7,2,8,10,1,9,3,4,8,7,6,5,10,4,7,2,9,1,3,5,7,2,9,6,8,3,5,1,10,4,3,9,6,5,4,7,8,3,4,6,1,2,9,7,5,2,10,4,1,9,10,7,6,4,5,3,7,9,6,10,5,8,3,3,8,7,2,1,10,5,6,8,5,10,3,1,6,2,9,7,9,6,10,8,4,5,9,3,6,8,2,1,4,10,7,3,10,4,8,9,5,6,8,7,1,5",1:M3 M17 M25 M35 M46 M51 M56 M65 M86 M93 M99 M129 M135 M148 M158 M171 M179 M198 M206 M222 M235 | 2:M8 M16 M22 M34 M47 M52 M61 M66 M77 M81 M94 M96 M111 M119 M120 M128 M132 M146 M152 M172 M176 M197 M208 M221 | 3:M2 M23 M31 M32 M36 M55 M62 M72 M80 M88 M102 M110 M112 M126 M137 M149 M156 M161 M168 M186 M193 M194 M205 M218 M226 | 4:M15 M33 M39 M54 M60 M70 M75 M83 M95 M100 M105 M107 M113 M127 M138 M144 M160 M165 M169 M178 M184 M215 M223 M228 | 5:M7 M20 M24 M41 M68 M79 M89 M98 M106 M109 M117 M130 M142 M150 M157 M164 M175 M185 M191 M200 M203 M216 M231 M236 | 6:M6 M9 M19 M40 M49 M58 M71 M76 M85 M90 M101 M108 M114 M124 M141 M154 M163 M170 M183 M189 M201 M207 M212 M219 M232 | 7:M5 M11 M14 M26 M37 M44 M50 M64 M87 M92 M97 M118 M125 M131 M140 M145 M151 M166 M174 M182 M187 M196 M210 M225 M234 | 8:M12 M18 M27 M29 M42 M59 M63 M73 M78 M91 M103 M115 M122 M123 M133 M139 M155 M167 M192 M195 M202 M214 M220 M229 M233 | 9:M1 M10 M21 M30 M38 M45 M48 M57 M69 M84 M104 M136 M147 M153 M162 M173 M180 M188 M209 M211 M217 M230 | 10:M4 M13 M28 M43 M53 M67 M74 M82 M116 M121 M134 M143 M159 M177 M181 M190 M199 M204 M213 M224 M227,,"domain reduction: sessions, fixed meetings, forbidden slots | precedence domain propagation: fixed point over direct edges | full precedence closure: cycle detection and graph statistics only | (20),(22)-(27) exactly once over reduced domains | (19) participant atMost-one per slot | (46),(47) clustered table capacity with full channeling | (28) staircase/support precedence over reduced domains and direct E | usedSlot channeling + exact per-idle-slot break cost | (43) exactly |Mp| reduced usedSlot variables | (44) atMost 2|L| busy participants per slot | (45) exact even number of busy participants | exact unary internal-idle counts and range objective over P*",,,result,79842,488,0,80330
table08,tic-14crafd.prec25,tic-14crafd.prec25,SAT,OPTIMAL,1.781041,27799,78437,487,0,78924,,peak_process_tree_rss_mb,maxsat,traditional,direct,no,imp12+,lexicographic_internal_idle_range_pstar_then_idle_sum,lex-idlesum,,,0,0,59,"1,2,3,4,5,6,7,8,9,10,11,12,13,14,15,16,17,18,20,21,22,23,24,25,26,27,28,29,30,31,32,33,34,35,36,37,38,39,40,41,42,43,44,45,46,47,48,49,50,51,52,53,54,55,56,57,58,59,60",0,0,0,0,96,33,96,144,8,8,"0,0,0,0,0,0,0,0,0,0,0,0,0,0,0,0,0,0,0,0,0,0,0,0,0,0,0,0,0,0,0,0,0,0,0,0,0,0,0,0,0,0,0,0,0,0,0,0,0,0,0,0,0,0,0,0,0,0,0,0","40,46,50,50,50,50,50,50,46,40","9,4,3,5,7,6,2,8,7,2,1,4,6,8,10,5,2,3,7,4,1,6,4,7,4,8,2,9,2,1,3,9,6,8,6,6,9,8,10,3,8,9,1,2,4,5,10,1,5,7,10,4,6,9,8,10,5,6,4,9,2,3,2,3,6,8,7,4,10,9,1,5,7,5,6,1,3,3,8,9,2,5,10,1,7,4,6,6,8,2,4,5,3,1,7,3,7,2,9,5,7,9,6,1,5,4,7,6,4,5,8,9,8,3,1,2,10,6,7,10,3,5,4,7,6,3,8,10,9,5,4,7,8,5,10,9,6,4,1,8,3,2,9,3,8,7,2,10,5,8,8,2,7,5,1,9,4,10,6,3,8,9,1,5,3,10,6,4,2,9,3,10,1,7,10,3,6,5,4,8,3,2,5,1,10,4,6,5,3,4,1,2,7,9,3,10,7,4,2,8,1,10,1,7,3,9,5,6,2,8,8,6,9,7,7,8,5,9,2,7,10,1,4,6,3,5,3,9,2,7,4,6,4,5,2,8",1:M11 M21 M30 M43 M48 M71 M76 M84 M94 M104 M115 M139 M155 M163 M173 M184 M191 M201 M203 M222 | 2:M7 M10 M17 M27 M29 M44 M61 M63 M81 M90 M98 M116 M142 M147 M152 M169 M182 M192 M199 M209 M219 M229 M235 | 3:M3 M18 M31 M40 M62 M64 M77 M78 M93 M96 M114 M121 M126 M141 M144 M160 M165 M171 M176 M181 M189 M195 M205 M225 M227 | 4:M2 M12 M20 M23 M25 M45 M52 M59 M68 M86 M91 M106 M109 M123 M131 M138 M157 M168 M179 M186 M190 M198 M223 M231 M233 | 5:M4 M16 M46 M49 M57 M72 M74 M82 M92 M100 M105 M110 M122 M130 M134 M149 M154 M164 M178 M183 M188 M207 M217 M226 M234 | 6:M6 M13 M22 M33 M35 M36 M53 M58 M65 M75 M87 M88 M103 M108 M118 M125 M137 M159 M167 M177 M187 M208 M212 M224 M232 | 7:M5 M9 M19 M24 M50 M67 M73 M85 M95 M97 M101 M107 M119 M124 M132 M146 M153 M174 M193 M197 M204 M214 M215 M220 M230 | 8:M8 M14 M26 M34 M38 M41 M55 M66 M79 M89 M111 M113 M127 M133 M140 M145 M150 M151 M161 M180 M200 M210 M211 M216 M236 | 9:M1 M28 M32 M37 M42 M54 M60 M70 M80 M99 M102 M112 M129 M136 M143 M156 M162 M170 M194 M206 M213 M218 M228 | 10:M15 M39 M47 M51 M56 M69 M83 M117 M120 M128 M135 M148 M158 M166 M172 M175 M185 M196 M202 M221,,"domain reduction: sessions, fixed meetings, forbidden slots | precedence domain propagation: fixed point over direct edges | full precedence closure: cycle detection and graph statistics only | (20),(22)-(27) exactly once over reduced domains | (19) participant atMost-one per slot | (46),(47) clustered table capacity with full channeling | (28) traditional pairwise precedence over direct E | usedSlot channeling + exact per-idle-slot break cost | (43) exactly |Mp| reduced usedSlot variables | (44) atMost 2|L| busy participants per slot | (45) exact even number of busy participants | exact unary internal-idle counts and range objective over P*",,,result,78437,487,0,78924
table08,tic-14crafd.prec25,tic-14crafd.prec25,SAT,OPTIMAL,1.47192,27799,76520,487,0,77007,,peak_process_tree_rss_mb,maxsat,staircase,direct,yes,imp12+,lexicographic_internal_idle_range_pstar_then_idle_sum,lex-idlesum,,,0,0,59,"1,2,3,4,5,6,7,8,9,10,11,12,13,14,15,16,17,18,20,21,22,23,24,25,26,27,28,29,30,31,32,33,34,35,36,37,38,39,40,41,42,43,44,45,46,47,48,49,50,51,52,53,54,55,56,57,58,59,60",0,0,0,0,96,33,96,144,8,8,"0,0,0,0,0,0,0,0,0,0,0,0,0,0,0,0,0,0,0,0,0,0,0,0,0,0,0,0,0,0,0,0,0,0,0,0,0,0,0,0,0,0,0,0,0,0,0,0,0,0,0,0,0,0,0,0,0,0,0,0","40,44,50,50,50,50,50,50,46,42","8,3,4,5,6,10,9,2,10,4,3,7,4,7,10,5,6,3,2,9,1,7,8,5,6,1,3,3,4,1,2,8,4,8,9,4,5,6,7,5,10,7,2,1,8,9,5,5,8,6,7,1,9,4,10,9,6,2,10,7,3,8,4,6,3,7,5,9,1,8,2,10,2,6,4,8,3,3,2,8,5,6,7,1,9,4,10,4,10,5,9,7,6,3,8,10,7,5,6,3,9,1,7,3,6,2,3,2,4,1,5,10,5,2,1,8,7,4,6,7,8,5,10,9,6,4,3,5,8,7,4,1,9,2,9,10,8,5,1,4,6,3,6,4,10,7,1,8,3,2,5,3,2,1,6,8,10,9,4,7,8,9,2,3,10,5,4,2,1,3,7,8,6,5,7,9,3,4,1,10,9,7,5,8,4,2,8,9,10,7,5,6,6,6,2,5,8,3,7,9,10,9,1,7,3,2,4,6,8,10,2,4,3,1,3,7,8,2,5,9,3,1,4,6,10,4,2,8,1,5,9,6,6,9,7,5",1:M21 M26 M30 M44 M52 M69 M84 M102 M110 M115 M132 M139 M147 M154 M169 M179 M203 M214 M222 M229 | 2:M8 M19 M31 M43 M58 M71 M73 M79 M106 M108 M114 M134 M150 M153 M163 M168 M186 M195 M206 M211 M218 M227 | 3:M2 M11 M18 M27 M28 M61 M65 M77 M78 M94 M100 M104 M107 M127 M142 M149 M152 M164 M170 M177 M198 M205 M213 M215 M221 | 4:M3 M10 M13 M29 M33 M36 M54 M63 M75 M86 M88 M109 M118 M126 M131 M140 M144 M159 M167 M178 M185 M207 M212 M223 M226 | 5:M4 M16 M24 M37 M40 M47 M48 M67 M81 M90 M98 M111 M113 M122 M128 M138 M151 M166 M174 M183 M191 M196 M219 M230 M236 | 6:M5 M17 M25 M38 M50 M57 M64 M74 M82 M93 M99 M105 M119 M125 M141 M143 M155 M173 M192 M193 M194 M208 M224 M232 M233 | 7:M12 M14 M22 M39 M42 M51 M60 M66 M83 M92 M97 M103 M117 M120 M130 M146 M160 M171 M175 M182 M190 M199 M204 M216 M235 | 8:M1 M23 M32 M34 M45 M49 M62 M70 M76 M80 M95 M116 M121 M129 M137 M148 M156 M161 M172 M184 M187 M197 M209 M217 M228 | 9:M7 M20 M35 M46 M53 M56 M68 M85 M91 M101 M124 M133 M135 M158 M162 M176 M181 M188 M200 M202 M220 M231 M234 | 10:M6 M9 M15 M41 M55 M59 M72 M87 M89 M96 M112 M123 M136 M145 M157 M165 M180 M189 M201 M210 M225,,"domain reduction: sessions, fixed meetings, forbidden slots | precedence domain propagation: fixed point over direct edges | full precedence closure: cycle detection and graph statistics only | (20),(22)-(27) exactly once over reduced domains | (19) participant atMost-one per slot | (46),(47) clustered table capacity with full channeling | (28) staircase/support precedence over reduced domains and direct E | usedSlot channeling + exact per-idle-slot break cost | (43) exactly |Mp| reduced usedSlot variables | (44) atMost 2|L| busy participants per slot | (45) exact even number of busy participants | exact unary internal-idle counts and range objective over P*",,,result,76520,487,0,77007
table08,ticf-13crafa.prec15,ticf-13crafa.prec15,SAT,OPTIMAL,2.719224,86785,208597,1184,0,209781,,peak_process_tree_rss_mb,maxsat,traditional,direct,no,imp12+,lexicographic_internal_idle_range_pstar_then_idle_sum,lex-idlesum,,,0,0,58,"1,2,3,4,5,6,7,8,9,10,11,12,13,14,15,16,18,19,23,24,25,26,27,28,29,30,31,32,33,34,35,36,37,38,39,40,41,42,44,45,46,47,48,49,50,52,53,54,56,57,59,60,62,63,64,65,66,70",0,0,0,0,14,0,14,14,19,19,"0,0,0,0,0,0,0,0,0,0,0,0,0,0,0,0,0,0,0,0,0,0,0,0,0,0,0,0,0,0,0,0,0,0,0,0,0,0,0,0,0,0,0,0,0,0,0,0,0,0,0,0,0,0,0,0,0,0,0,0,0,0,0,0,0,0,0,0,0,0","8,10,18,26,24,26,28,28,28,26,26,26,20,8,4,2,0,0,0,0,0","4,9,7,12,11,8,6,5,10,14,2,8,3,7,5,1,6,4,2,7,6,3,5,4,7,6,8,10,11,13,7,9,12,7,13,9,10,8,11,12,12,13,14,16,15,5,4,6,5,7,9,6,10,4,11,8,3,11,12,10,9,4,10,13,12,11,9,9,7,8,6,12,11,10,5,13,4,10,6,12,11,13,9,5,7,8,3,4,3,6,12,4,7,9,10,11,5,8,12,9,11,13,8,10,6,3,7,5,8,1,4,9,2,5,8,7,3,2,6,4,1,5,11,13,14,6,12,10,3,4,7,8,9,1,5,8,6,3,10,15,9,11,2,14,4,12,7,13,12,9,8,13,10,11",1:M16 M110 M121 M134 | 2:M11 M19 M113 M118 M143 | 3:M13 M22 M57 M87 M89 M106 M117 M129 M138 | 4:M1 M18 M24 M47 M54 M62 M77 M88 M92 M111 M120 M130 M145 | 5:M8 M15 M23 M46 M49 M75 M84 M97 M108 M114 M122 M135 | 6:M7 M17 M21 M26 M48 M52 M71 M79 M90 M105 M119 M126 M137 | 7:M3 M14 M20 M25 M31 M34 M50 M69 M85 M93 M107 M116 M131 M147 | 8:M6 M12 M27 M38 M56 M70 M86 M98 M103 M109 M115 M132 M136 M151 | 9:M2 M32 M36 M51 M61 M67 M68 M83 M94 M100 M112 M133 M141 M150 | 10:M9 M28 M37 M53 M60 M63 M74 M78 M95 M104 M128 M139 M153 | 11:M5 M29 M39 M55 M58 M66 M73 M81 M96 M101 M123 M142 M154 | 12:M4 M33 M40 M41 M59 M65 M72 M80 M91 M99 M127 M146 M149 | 13:M30 M35 M42 M64 M76 M82 M102 M124 M148 M152 | 14:M10 M43 M125 M144 | 15:M45 M140 | 16:M44 | 17: | 18: | 19: | 20: | 21:,,"domain reduction: sessions, fixed meetings, forbidden slots | precedence domain propagation: fixed point over direct edges | full precedence closure: cycle detection and graph statistics only | (20),(22)-(27) exactly once over reduced domains | (19) participant atMost-one per slot | (46),(47) clustered table capacity with full channeling | (28) traditional pairwise precedence over direct E | usedSlot channeling + exact per-idle-slot break cost | (43) exactly |Mp| reduced usedSlot variables | (44) atMost 2|L| busy participants per slot | (45) exact even number of busy participants | exact unary internal-idle counts and range objective over P*",,,result,208597,1184,0,209781
table08,ticf-13crafa.prec15,ticf-13crafa.prec15,SAT,OPTIMAL,3.936453,86785,207141,1184,0,208325,,peak_process_tree_rss_mb,maxsat,staircase,direct,yes,imp12+,lexicographic_internal_idle_range_pstar_then_idle_sum,lex-idlesum,,,0,0,58,"1,2,3,4,5,6,7,8,9,10,11,12,13,14,15,16,18,19,23,24,25,26,27,28,29,30,31,32,33,34,35,36,37,38,39,40,41,42,44,45,46,47,48,49,50,52,53,54,56,57,59,60,62,63,64,65,66,70",0,0,0,0,14,0,14,14,19,19,"0,0,0,0,0,0,0,0,0,0,0,0,0,0,0,0,0,0,0,0,0,0,0,0,0,0,0,0,0,0,0,0,0,0,0,0,0,0,0,0,0,0,0,0,0,0,0,0,0,0,0,0,0,0,0,0,0,0,0,0,0,0,0,0,0,0,0,0,0,0","8,14,20,22,24,26,28,28,28,26,24,24,22,8,4,2,0,0,0,0,0","6,5,9,11,13,7,8,12,10,14,7,6,2,8,5,1,4,3,4,7,6,3,2,5,6,7,7,8,13,12,9,10,11,8,12,10,11,9,13,7,12,13,14,16,15,4,5,3,5,7,6,3,4,2,9,8,1,11,12,10,9,6,9,13,12,10,11,6,13,8,7,10,11,9,5,12,4,9,6,12,11,13,8,3,7,10,4,5,5,4,9,3,7,8,11,6,2,10,12,11,13,9,8,10,7,5,8,2,10,6,4,9,3,6,8,7,4,5,2,3,1,4,12,13,14,10,11,8,6,5,7,3,9,7,6,10,14,4,9,15,5,11,2,12,3,8,1,13,11,8,9,13,12,10",1:M16 M57 M121 M147 | 2:M13 M23 M54 M97 M108 M119 M143 | 3:M18 M22 M48 M52 M84 M92 M113 M120 M132 M145 | 4:M17 M19 M46 M53 M77 M87 M90 M111 M117 M122 M138 | 5:M2 M15 M24 M47 M49 M75 M88 M89 M106 M118 M130 M141 | 6:M1 M12 M21 M25 M51 M62 M68 M79 M96 M110 M114 M129 M135 | 7:M6 M11 M20 M26 M27 M40 M50 M71 M85 M93 M105 M116 M131 M134 | 8:M7 M14 M28 M34 M56 M70 M83 M94 M103 M107 M115 M128 M146 M150 | 9:M3 M31 M38 M55 M61 M63 M74 M78 M91 M102 M112 M133 M139 M151 | 10:M9 M32 M36 M60 M66 M72 M86 M98 M104 M109 M126 M136 M154 | 11:M4 M33 M37 M58 M67 M73 M81 M95 M100 M127 M142 M149 | 12:M8 M30 M35 M41 M59 M65 M76 M80 M99 M123 M144 M153 | 13:M5 M29 M39 M42 M64 M69 M82 M101 M124 M148 M152 | 14:M10 M43 M125 M137 | 15:M45 M140 | 16:M44 | 17: | 18: | 19: | 20: | 21:,,"domain reduction: sessions, fixed meetings, forbidden slots | precedence domain propagation: fixed point over direct edges | full precedence closure: cycle detection and graph statistics only | (20),(22)-(27) exactly once over reduced domains | (19) participant atMost-one per slot | (46),(47) clustered table capacity with full channeling | (28) staircase/support precedence over reduced domains and direct E | usedSlot channeling + exact per-idle-slot break cost | (43) exactly |Mp| reduced usedSlot variables | (44) atMost 2|L| busy participants per slot | (45) exact even number of busy participants | exact unary internal-idle counts and range objective over P*",,,result,207141,1184,0,208325
table08,ticf-13crafc.prec15,ticf-13crafc.prec15,SAT,OPTIMAL,11.313712,86915,208909,1184,0,210093,,peak_process_tree_rss_mb,maxsat,traditional,direct,no,imp12+,lexicographic_internal_idle_range_pstar_then_idle_sum,lex-idlesum,,,58,58,58,"1,2,3,4,5,6,7,8,9,10,11,12,13,14,15,16,18,19,23,24,25,26,27,28,29,30,31,32,33,34,35,36,37,38,39,40,41,42,44,45,46,47,48,49,50,52,53,54,56,57,59,60,62,63,64,65,66,70",58,0,0,1,14,0,14,14,19,19,"1,1,1,1,1,1,1,1,1,1,1,1,1,1,1,1,0,1,1,0,0,0,1,1,1,1,1,1,1,1,1,1,1,1,1,1,1,1,1,1,1,1,0,1,1,1,1,1,1,1,0,1,1,1,0,1,1,0,1,1,0,1,1,1,1,1,0,0,0,1","12,14,20,24,24,24,24,24,24,24,24,24,20,12,8,4,2,0,0,0,0","11,6,4,8,10,5,12,3,7,15,5,7,11,8,12,6,10,4,7,6,4,1,2,3,6,5,4,3,5,9,2,8,7,8,6,12,13,7,11,9,12,11,14,14,15,4,1,3,3,10,8,4,5,1,7,6,2,12,13,9,10,1,9,13,14,10,11,6,4,11,5,12,13,8,3,9,10,11,4,13,10,12,6,3,8,9,5,2,8,5,9,13,6,10,14,7,4,12,12,7,8,9,11,13,1,3,4,2,9,5,6,10,7,4,10,9,5,11,2,8,3,14,11,17,16,7,12,15,13,8,9,5,6,10,9,5,1,3,12,16,6,13,7,15,2,11,4,14,13,7,11,12,10,8",1:M22 M47 M54 M62 M105 M137 | 2:M23 M31 M57 M88 M108 M119 M145 | 3:M8 M24 M28 M48 M49 M75 M84 M106 M121 M138 | 4:M3 M18 M21 M27 M46 M52 M69 M79 M97 M107 M114 M147 | 5:M6 M11 M26 M29 M53 M71 M87 M90 M110 M117 M132 M136 | 6:M2 M16 M20 M25 M35 M56 M68 M83 M93 M111 M133 M141 | 7:M9 M12 M19 M33 M38 M55 M96 M100 M113 M126 M143 M150 | 8:M4 M14 M32 M34 M51 M74 M85 M89 M101 M120 M130 M154 | 9:M30 M40 M60 M63 M76 M86 M91 M102 M109 M116 M131 M135 | 10:M5 M17 M50 M61 M66 M77 M81 M94 M112 M115 M134 M153 | 11:M1 M13 M39 M42 M67 M70 M78 M103 M118 M123 M146 M151 | 12:M7 M15 M36 M41 M58 M72 M82 M98 M99 M127 M139 M152 | 13:M37 M59 M64 M73 M80 M92 M104 M129 M142 M149 | 14:M43 M44 M65 M95 M122 M148 | 15:M10 M45 M128 M144 | 16:M125 M140 | 17:M124 | 18: | 19: | 20: | 21:,,"domain reduction: sessions, fixed meetings, forbidden slots | precedence domain propagation: fixed point over direct edges | full precedence closure: cycle detection and graph statistics only | (20),(22)-(27) exactly once over reduced domains | (19) participant atMost-one per slot | (46),(47) clustered table capacity with full channeling | (28) traditional pairwise precedence over direct E | usedSlot channeling + exact per-idle-slot break cost | (43) exactly |Mp| reduced usedSlot variables | (44) atMost 2|L| busy participants per slot | (45) exact even number of busy participants | exact unary internal-idle counts and range objective over P*",,,result,208909,1184,0,210093
table08,ticf-13crafc.prec15,ticf-13crafc.prec15,SAT,OPTIMAL,9.151664,86915,207453,1184,0,208637,,peak_process_tree_rss_mb,maxsat,staircase,direct,yes,imp12+,lexicographic_internal_idle_range_pstar_then_idle_sum,lex-idlesum,,,58,58,58,"1,2,3,4,5,6,7,8,9,10,11,12,13,14,15,16,18,19,23,24,25,26,27,28,29,30,31,32,33,34,35,36,37,38,39,40,41,42,44,45,46,47,48,49,50,52,53,54,56,57,59,60,62,63,64,65,66,70",58,0,0,1,14,0,14,14,19,19,"1,1,1,1,1,1,1,1,1,1,1,1,1,1,1,1,0,1,1,0,0,0,1,1,1,1,1,1,1,1,1,1,1,1,1,1,1,1,1,1,1,1,0,1,1,1,1,1,1,1,0,1,1,1,0,1,1,0,1,1,0,1,1,1,1,1,0,0,0,1","8,18,20,24,24,24,24,24,24,24,24,24,18,12,8,6,2,0,0,0,0","1,8,4,6,10,3,7,2,5,14,8,9,13,11,14,15,16,10,2,6,5,4,3,8,4,6,3,6,4,9,2,8,5,6,7,11,12,9,13,8,12,11,14,17,15,7,6,12,4,10,3,1,5,2,6,7,8,7,11,8,10,5,13,16,11,12,14,3,5,9,8,12,10,11,7,4,2,8,5,9,10,13,11,4,6,12,3,2,3,5,4,12,7,2,10,9,11,6,12,9,8,13,7,11,2,4,6,8,3,10,9,5,1,7,10,9,4,5,11,13,12,10,7,13,14,9,15,8,3,4,5,12,6,5,4,1,3,2,9,16,7,10,11,13,6,15,14,12,12,7,11,13,9,10",1:M1 M52 M113 M136 | 2:M8 M19 M31 M54 M77 M88 M94 M105 M138 | 3:M6 M23 M27 M51 M68 M87 M89 M109 M129 M137 | 4:M3 M22 M25 M29 M49 M76 M84 M91 M106 M117 M130 M135 | 5:M9 M21 M33 M53 M62 M69 M79 M90 M112 M118 M131 M134 | 6:M4 M20 M26 M28 M34 M47 M55 M85 M98 M107 M133 M145 | 7:M7 M35 M46 M56 M58 M75 M93 M103 M114 M123 M141 M150 | 8:M2 M11 M24 M32 M40 M57 M60 M71 M78 M101 M108 M128 | 9:M12 M30 M38 M70 M80 M96 M100 M111 M116 M126 M139 M153 | 10:M5 M18 M50 M61 M73 M81 M95 M110 M115 M122 M142 M154 | 11:M14 M36 M42 M59 M65 M74 M83 M97 M104 M119 M143 M151 | 12:M37 M41 M48 M66 M72 M86 M92 M99 M121 M132 M148 M149 | 13:M13 M39 M63 M82 M102 M120 M124 M144 M152 | 14:M10 M15 M43 M67 M125 M147 | 15:M16 M45 M127 M146 | 16:M17 M64 M140 | 17:M44 | 18: | 19: | 20: | 21:,,"domain reduction: sessions, fixed meetings, forbidden slots | precedence domain propagation: fixed point over direct edges | full precedence closure: cycle detection and graph statistics only | (20),(22)-(27) exactly once over reduced domains | (19) participant atMost-one per slot | (46),(47) clustered table capacity with full channeling | (28) staircase/support precedence over reduced domains and direct E | usedSlot channeling + exact per-idle-slot break cost | (43) exactly |Mp| reduced usedSlot variables | (44) atMost 2|L| busy participants per slot | (45) exact even number of busy participants | exact unary internal-idle counts and range objective over P*",,,result,207453,1184,0,208637
table08,ticf-14crafa.prec15,ticf-14crafa.prec15,SAT,OPTIMAL,170.800658,154459,398654,1497,0,400151,,peak_process_tree_rss_mb,maxsat,traditional,direct,no,imp12+,lexicographic_internal_idle_range_pstar_then_idle_sum,lex-idlesum,,,0,0,72,"1,2,3,4,5,6,8,9,11,12,14,17,19,20,21,22,23,24,25,26,27,28,29,30,31,32,33,34,35,36,37,38,39,40,41,42,43,44,45,46,47,48,49,50,51,52,53,54,55,56,57,58,59,60,61,62,63,64,65,66,67,68,69,70,71,72,73,74,75,76,77,78",0,0,0,0,53,3,53,56,20,20,"0,0,0,0,0,0,0,0,0,0,0,0,0,0,0,0,0,0,0,0,0,0,0,0,0,0,0,0,0,0,0,0,0,0,0,0,0,0,0,0,0,0,0,0,0,0,0,0,0,0,0,0,0,0,0,0,0,0,0,0,0,0,0,0,0,0,0,0,0,0,0,0,0,0,0,0,0,0","8,14,16,24,34,36,40,44,44,44,44,44,44,36,32,26,20,18,16,12,6,2","19,15,20,13,11,12,10,14,13,15,13,9,7,5,12,10,3,8,11,4,9,3,2,8,5,13,12,11,8,16,9,11,7,12,6,21,13,8,19,17,9,15,4,12,13,14,4,19,18,9,16,9,8,3,4,10,5,10,15,12,18,13,19,17,13,16,14,8,14,12,7,13,5,11,6,6,7,19,11,18,13,14,16,15,9,17,10,11,14,13,18,12,16,8,10,9,15,16,20,17,19,17,16,15,12,13,11,18,18,17,13,20,15,14,11,10,12,6,5,8,4,2,7,5,7,12,9,11,6,8,10,14,16,15,19,20,21,11,13,10,12,9,4,12,14,7,10,9,8,11,14,10,6,17,16,15,7,13,12,15,14,12,16,18,6,11,20,10,5,17,14,15,1,13,14,15,9,16,7,6,13,4,11,5,10,10,9,6,5,4,3,2,8,7,10,7,11,8,8,9,6,5,2,4,7,3,16,15,14,12,10,13,17,8,11,18,9,20,6,11,2,4,17,5,21,18,10,3,13,7,12,8,1,14,19,22,9,16,15,8,5,7,6,9,13,11,7,10,14,12,6,8,5,10,7,8,6,9,5,10,4,12,3,7,1,8,6,11,9,2,6,8,7,9,5,10,11,8,5,9,12,6,7,13,14,12,11,14,15,13,11,4,2,12,1,5,6,7,9,10,3,8",1:M173 M233 M265 M295 | 2:M23 M122 M192 M203 M221 M270 M293 | 3:M17 M22 M54 M191 M206 M228 M263 M301 | 4:M20 M43 M47 M55 M121 M143 M182 M190 M204 M222 M261 M292 | 5:M14 M25 M57 M73 M119 M124 M169 M184 M189 M202 M224 M241 M253 M259 M275 M279 M296 | 6:M35 M75 M76 M118 M129 M153 M165 M180 M188 M201 M219 M243 M251 M257 M267 M271 M282 M297 | 7:M13 M33 M71 M77 M123 M125 M146 M157 M179 M194 M196 M205 M230 M242 M247 M255 M264 M273 M283 M298 | 8:M18 M24 M29 M38 M53 M68 M94 M120 M130 M149 M193 M198 M199 M214 M232 M240 M252 M256 M266 M272 M278 M302 | 9:M12 M21 M31 M41 M50 M52 M85 M96 M127 M142 M148 M177 M187 M200 M217 M237 M244 M258 M269 M274 M280 M299 | 10:M7 M16 M56 M58 M87 M95 M116 M131 M140 M147 M152 M168 M185 M186 M195 M211 M227 M248 M254 M260 M276 M300 | 11:M5 M19 M28 M32 M74 M79 M88 M107 M115 M128 M138 M150 M166 M183 M197 M215 M220 M246 M268 M277 M287 M291 | 12:M6 M15 M27 M34 M44 M60 M70 M92 M105 M117 M126 M141 M144 M159 M162 M210 M231 M250 M262 M281 M286 M294 | 13:M4 M9 M11 M26 M37 M45 M62 M65 M72 M81 M90 M106 M111 M139 M158 M174 M181 M212 M229 M245 M284 M290 | 14:M8 M46 M67 M69 M82 M89 M114 M132 M145 M151 M161 M171 M175 M209 M234 M249 M285 M288 | 15:M2 M10 M42 M59 M84 M97 M104 M113 M134 M156 M160 M172 M176 M208 M239 M289 | 16:M30 M51 M66 M83 M93 M98 M103 M133 M155 M163 M178 M207 M238 | 17:M40 M64 M86 M100 M102 M110 M154 M170 M213 M223 | 18:M49 M61 M80 M91 M108 M109 M164 M216 M226 | 19:M1 M39 M48 M63 M78 M101 M135 M235 | 20:M3 M99 M112 M136 M167 M218 | 21:M36 M137 M225 | 22:M236,,"domain reduction: sessions, fixed meetings, forbidden slots | precedence domain propagation: fixed point over direct edges | full precedence closure: cycle detection and graph statistics only | (20),(22)-(27) exactly once over reduced domains | (19) participant atMost-one per slot | (46),(47) clustered table capacity with full channeling | (28) traditional pairwise precedence over direct E | usedSlot channeling + exact per-idle-slot break cost | (43) exactly |Mp| reduced usedSlot variables | (44) atMost 2|L| busy participants per slot | (45) exact even number of busy participants | exact unary internal-idle counts and range objective over P*",,,result,398654,1497,0,400151
table08,ticf-14crafa.prec15,ticf-14crafa.prec15,SAT,OPTIMAL,989.471281,154459,391529,1497,0,393026,,peak_process_tree_rss_mb,maxsat,staircase,direct,yes,imp12+,lexicographic_internal_idle_range_pstar_then_idle_sum,lex-idlesum,,,0,0,72,"1,2,3,4,5,6,8,9,11,12,14,17,19,20,21,22,23,24,25,26,27,28,29,30,31,32,33,34,35,36,37,38,39,40,41,42,43,44,45,46,47,48,49,50,51,52,53,54,55,56,57,58,59,60,61,62,63,64,65,66,67,68,69,70,71,72,73,74,75,76,77,78",0,0,0,0,53,3,53,56,20,20,"0,0,0,0,0,0,0,0,0,0,0,0,0,0,0,0,0,0,0,0,0,0,0,0,0,0,0,0,0,0,0,0,0,0,0,0,0,0,0,0,0,0,0,0,0,0,0,0,0,0,0,0,0,0,0,0,0,0,0,0,0,0,0,0,0,0,0,0,0,0,0,0,0,0,0,0,0,0","6,10,16,22,24,28,34,38,40,42,44,44,44,42,38,34,26,22,18,18,8,6","16,20,10,13,19,17,13,15,14,16,13,3,9,5,11,6,10,7,12,4,10,14,13,3,4,5,2,13,20,16,19,11,10,14,5,19,7,8,6,16,21,9,18,11,15,12,6,18,16,9,14,9,11,4,8,12,7,12,9,8,12,13,6,15,14,13,17,11,14,18,13,9,17,12,15,12,6,20,8,15,9,14,11,16,10,13,7,7,8,11,6,10,9,12,10,7,8,10,7,4,5,12,20,16,14,13,15,19,17,22,15,19,13,14,10,12,8,5,11,6,4,2,3,4,6,10,5,9,12,7,8,14,13,15,18,17,20,7,8,19,11,14,11,16,14,15,12,17,18,11,17,13,9,10,16,14,6,13,11,15,16,11,14,21,8,16,18,9,20,13,15,7,22,10,4,7,10,12,9,3,11,8,15,5,13,13,12,15,16,19,14,18,17,20,9,10,12,11,12,18,11,16,17,15,13,14,18,16,21,20,17,15,12,13,19,11,14,22,17,2,6,12,11,7,5,20,16,19,14,4,10,8,1,3,18,21,9,15,13,8,9,10,8,9,15,7,10,14,8,12,13,11,8,10,9,5,6,7,10,6,8,12,5,7,1,9,3,2,11,4,14,18,16,15,17,5,10,6,4,9,3,8,7,15,14,17,16,12,13,11,10,9,3,11,2,7,1,4,8,5,6,12",1:M233 M265 M297 | 2:M27 M122 M220 M268 M295 | 3:M12 M24 M123 M180 M234 M267 M281 M293 | 4:M20 M25 M54 M100 M121 M124 M175 M230 M270 M279 M298 | 5:M14 M26 M35 M101 M118 M127 M184 M225 M256 M263 M276 M300 | 6:M16 M39 M47 M63 M77 M91 M120 M125 M157 M221 M257 M260 M278 M301 | 7:M18 M37 M57 M87 M88 M96 M99 M130 M138 M172 M176 M224 M246 M258 M264 M283 M296 | 8:M38 M55 M60 M79 M89 M97 M117 M131 M139 M165 M182 M232 M240 M243 M249 M253 M261 M282 M299 | 9:M13 M42 M50 M52 M59 M72 M81 M93 M128 M153 M168 M179 M195 M237 M241 M244 M255 M266 M280 M292 | 10:M3 M17 M21 M33 M85 M92 M95 M98 M115 M126 M154 M174 M177 M196 M231 M242 M247 M254 M259 M277 M291 | 11:M15 M32 M44 M53 M68 M83 M90 M119 M141 M143 M150 M159 M162 M181 M198 M201 M216 M223 M252 M269 M290 M294 | 12:M19 M46 M56 M58 M61 M74 M76 M94 M102 M116 M129 M147 M178 M187 M197 M199 M213 M222 M250 M262 M288 M302 | 13:M4 M7 M11 M23 M28 M62 M66 M71 M86 M106 M113 M133 M152 M158 M170 M185 M186 M205 M214 M239 M251 M289 | 14:M9 M22 M34 M51 M65 M69 M82 M105 M114 M132 M142 M145 M156 M163 M191 M206 M217 M229 M248 M271 M285 | 15:M8 M45 M64 M75 M80 M107 M111 M134 M146 M160 M171 M183 M188 M204 M212 M238 M245 M274 M284 | 16:M1 M10 M30 M40 M49 M84 M104 M144 M155 M161 M166 M189 M202 M208 M227 M273 M287 | 17:M6 M67 M73 M109 M136 M148 M151 M193 M203 M211 M219 M275 M286 | 18:M43 M48 M70 M135 M149 M167 M192 M200 M207 M235 M272 | 19:M5 M31 M36 M108 M112 M140 M190 M215 M228 | 20:M2 M29 M78 M103 M137 M169 M194 M210 M226 | 21:M41 M164 M209 M236 | 22:M110 M173 M218,,"domain reduction: sessions, fixed meetings, forbidden slots | precedence domain propagation: fixed point over direct edges | full precedence closure: cycle detection and graph statistics only | (20),(22)-(27) exactly once over reduced domains | (19) participant atMost-one per slot | (46),(47) clustered table capacity with full channeling | (28) staircase/support precedence over reduced domains and direct E | usedSlot channeling + exact per-idle-slot break cost | (43) exactly |Mp| reduced usedSlot variables | (44) atMost 2|L| busy participants per slot | (45) exact even number of busy participants | exact unary internal-idle counts and range objective over P*",,,result,391529,1497,0,393026
