table,instance,instance,sat_result,status,runtime_s,n_vars,n_hard_clauses,n_soft_clauses,n_optimization_clauses,n_total_clauses,peak_memory_mb,memory_metric,solver,precedence_mode,precedence_edge_mode,staircase,encoding_variant,objective,objective_mode,secondary_objective_value,secondary_proven_optimum,tertiary_objective_value,tertiary_proven_optimum,objective_participant_count,objective_participants,total_breaks,fairness_gap,idle_range,all_participant_idle_range,precedence_direct_edges,precedence_source_added_edges,precedence_encoded_edges,precedence_full_closure_edges,n_primary_objective_lits,n_secondary_objective_lits,participant_breaks,busy_participants_per_slot,assignment,schedule_by_slot,validation_errors,enabled_constraints,error_type,error_message,message_type,n_clauses,n_soft,objective_value,total_clauses
table03,forum-13.original,forum-13.original,SAT,OPTIMAL,2.962023,86327,205674,0,0,205674,,peak_process_tree_rss_mb,multiple,traditional,direct,no,imp12+,lexicographic_internal_idle_range_pstar_then_idle_max_then_idle_sum,lexicographic,0,0,0,0,58,"1,2,3,4,5,6,7,8,9,10,11,12,13,14,15,16,18,19,23,24,25,26,27,28,29,30,31,32,33,34,35,36,37,38,39,40,41,42,44,45,46,47,48,49,50,52,53,54,56,57,59,60,62,63,64,65,66,70",0,0,0,0,0,0,0,0,19,19,"0,0,0,0,0,0,0,0,0,0,0,0,0,0,0,0,0,0,0,0,0,0,0,0,0,0,0,0,0,0,0,0,0,0,0,0,0,0,0,0,0,0,0,0,0,0,0,0,0,0,0,0,0,0,0,0,0,0,0,0,0,0,0,0,0,0,0,0,0,0","8,12,20,26,26,26,26,28,28,26,26,24,18,8,4,2,0,0,0,0,0","1,2,3,8,9,6,7,4,5,14,7,6,5,4,3,1,8,2,2,7,4,5,6,3,4,7,6,7,9,12,8,11,10,5,7,11,8,6,10,9,12,13,14,16,15,5,3,4,7,9,8,5,12,4,11,10,6,10,13,12,11,4,9,12,13,11,10,6,3,9,8,10,11,12,7,4,5,10,5,12,11,13,7,3,8,9,4,6,4,3,6,7,5,9,11,10,2,8,12,13,11,10,9,8,4,6,7,1,8,2,3,9,5,5,11,12,8,6,13,10,9,6,5,13,14,9,11,10,4,3,8,12,7,3,4,5,2,7,6,15,8,12,1,10,9,11,14,13,13,9,10,12,11,8",1:M1 M16 M108 M143 | 2:M2 M18 M19 M97 M110 M137 | 3:M3 M15 M24 M47 M69 M84 M90 M111 M130 M134 | 4:M8 M14 M21 M25 M48 M54 M62 M76 M87 M89 M105 M129 M135 | 5:M9 M13 M22 M34 M46 M52 M77 M79 M93 M113 M114 M123 M136 | 6:M6 M12 M23 M27 M38 M57 M68 M88 M91 M106 M118 M122 M139 | 7:M7 M11 M20 M26 M28 M35 M49 M75 M83 M92 M107 M133 M138 | 8:M4 M17 M31 M37 M51 M71 M85 M98 M104 M109 M117 M131 M141 M154 | 9:M5 M29 M40 M50 M63 M70 M86 M94 M103 M112 M121 M126 M145 M150 | 10:M33 M39 M56 M58 M67 M72 M78 M96 M102 M120 M128 M144 M151 | 11:M32 M36 M55 M61 M66 M73 M81 M95 M101 M115 M127 M146 M153 | 12:M30 M41 M53 M60 M64 M74 M80 M99 M116 M132 M142 M152 | 13:M42 M59 M65 M82 M100 M119 M124 M148 M149 | 14:M10 M43 M125 M147 | 15:M45 M140 | 16:M44 | 17: | 18: | 19: | 20: | 21:,,"domain reduction: sessions, fixed meetings, forbidden slots | precedence domain propagation: fixed point over direct edges | full precedence closure: cycle detection and graph statistics only | (20),(22)-(27) exactly once over reduced domains | (19) participant atMost-one per slot | (46),(47) clustered table capacity with full channeling | (28) traditional pairwise precedence over direct E | usedSlot channeling + exact per-idle-slot break cost | (43) exactly |Mp| reduced usedSlot variables | (44) atMost 2|L| busy participants per slot | (45) exact even number of busy participants | exact unary internal-idle counts and range objective over P*",,,result,205674,,0,205674
table03,forum-13.original,forum-13.original,SAT,OPTIMAL,2.964276,86327,205674,0,0,205674,,peak_process_tree_rss_mb,multiple,staircase,direct,yes,imp12+,lexicographic_internal_idle_range_pstar_then_idle_max_then_idle_sum,lexicographic,0,0,0,0,58,"1,2,3,4,5,6,7,8,9,10,11,12,13,14,15,16,18,19,23,24,25,26,27,28,29,30,31,32,33,34,35,36,37,38,39,40,41,42,44,45,46,47,48,49,50,52,53,54,56,57,59,60,62,63,64,65,66,70",0,0,0,0,0,0,0,0,19,19,"0,0,0,0,0,0,0,0,0,0,0,0,0,0,0,0,0,0,0,0,0,0,0,0,0,0,0,0,0,0,0,0,0,0,0,0,0,0,0,0,0,0,0,0,0,0,0,0,0,0,0,0,0,0,0,0,0,0,0,0,0,0,0,0,0,0,0,0,0,0","8,12,20,26,26,26,26,28,28,26,26,24,18,8,4,2,0,0,0,0,0","1,2,3,8,9,6,7,4,5,14,7,6,5,4,3,1,8,2,2,7,4,5,6,3,4,7,6,7,9,12,8,11,10,5,7,11,8,6,10,9,12,13,14,16,15,5,3,4,7,9,8,5,12,4,11,10,6,10,13,12,11,4,9,12,13,11,10,6,3,9,8,10,11,12,7,4,5,10,5,12,11,13,7,3,8,9,4,6,4,3,6,7,5,9,11,10,2,8,12,13,11,10,9,8,4,6,7,1,8,2,3,9,5,5,11,12,8,6,13,10,9,6,5,13,14,9,11,10,4,3,8,12,7,3,4,5,2,7,6,15,8,12,1,10,9,11,14,13,13,9,10,12,11,8",1:M1 M16 M108 M143 | 2:M2 M18 M19 M97 M110 M137 | 3:M3 M15 M24 M47 M69 M84 M90 M111 M130 M134 | 4:M8 M14 M21 M25 M48 M54 M62 M76 M87 M89 M105 M129 M135 | 5:M9 M13 M22 M34 M46 M52 M77 M79 M93 M113 M114 M123 M136 | 6:M6 M12 M23 M27 M38 M57 M68 M88 M91 M106 M118 M122 M139 | 7:M7 M11 M20 M26 M28 M35 M49 M75 M83 M92 M107 M133 M138 | 8:M4 M17 M31 M37 M51 M71 M85 M98 M104 M109 M117 M131 M141 M154 | 9:M5 M29 M40 M50 M63 M70 M86 M94 M103 M112 M121 M126 M145 M150 | 10:M33 M39 M56 M58 M67 M72 M78 M96 M102 M120 M128 M144 M151 | 11:M32 M36 M55 M61 M66 M73 M81 M95 M101 M115 M127 M146 M153 | 12:M30 M41 M53 M60 M64 M74 M80 M99 M116 M132 M142 M152 | 13:M42 M59 M65 M82 M100 M119 M124 M148 M149 | 14:M10 M43 M125 M147 | 15:M45 M140 | 16:M44 | 17: | 18: | 19: | 20: | 21:,,"domain reduction: sessions, fixed meetings, forbidden slots | precedence domain propagation: fixed point over direct edges | full precedence closure: cycle detection and graph statistics only | (20),(22)-(27) exactly once over reduced domains | (19) participant atMost-one per slot | (46),(47) clustered table capacity with full channeling | (28) staircase/support precedence over reduced domains and direct E | usedSlot channeling + exact per-idle-slot break cost | (43) exactly |Mp| reduced usedSlot variables | (44) atMost 2|L| busy participants per slot | (45) exact even number of busy participants | exact unary internal-idle counts and range objective over P*",,,result,205674,,0,205674
table03,forum-13crafb.original,forum-13crafb.original,TIMEOUT,TIMEOUT,3600.022452,101860,252515,0,0,252515,,peak_process_tree_rss_mb,multiple,traditional,direct,no,imp12+,lexicographic_internal_idle_range_pstar_then_idle_max_then_idle_sum,lexicographic,,,,,56,"1,2,3,4,7,8,9,10,12,13,14,15,16,17,18,19,20,21,22,23,24,25,26,28,29,30,31,32,33,36,37,38,39,40,41,42,43,44,45,47,48,51,53,54,56,57,58,59,60,61,62,63,64,65,66,76",,,,,0,0,0,0,20,1333,,,,,,,,,,,,,252515
table03,forum-13crafb.original,forum-13crafb.original,TIMEOUT,TIMEOUT,3600.019056,101860,252515,0,0,252515,,peak_process_tree_rss_mb,multiple,staircase,direct,yes,imp12+,lexicographic_internal_idle_range_pstar_then_idle_max_then_idle_sum,lexicographic,,,,,56,"1,2,3,4,7,8,9,10,12,13,14,15,16,17,18,19,20,21,22,23,24,25,26,28,29,30,31,32,33,36,37,38,39,40,41,42,43,44,45,47,48,51,53,54,56,57,58,59,60,61,62,63,64,65,66,76",,,,,0,0,0,0,20,1333,,,,,,,,,,,,,252515
table03,forum-13crafc.original,forum-13crafc.original,SAT,OPTIMAL,24.690995,86461,205994,0,0,205994,,peak_process_tree_rss_mb,multiple,traditional,direct,no,imp12+,lexicographic_internal_idle_range_pstar_then_idle_max_then_idle_sum,lexicographic,1,1,58,58,58,"1,2,3,4,5,6,7,8,9,10,11,12,13,14,15,16,18,19,23,24,25,26,27,28,29,30,31,32,33,34,35,36,37,38,39,40,41,42,44,45,46,47,48,49,50,52,53,54,56,57,59,60,62,63,64,65,66,70",58,0,0,1,0,0,0,0,19,19,"1,1,1,1,1,1,1,1,1,1,1,1,1,1,1,1,0,1,1,0,0,0,1,1,1,1,1,1,1,1,1,1,1,1,1,1,1,1,1,1,1,1,0,1,1,1,1,1,1,1,0,1,1,1,0,1,1,0,1,1,0,1,1,1,1,1,0,0,0,1","8,12,20,24,24,24,24,24,24,20,24,24,22,12,10,8,2,2,0,0,0","1,9,2,5,10,6,3,4,7,14,7,9,12,8,14,15,10,13,4,10,5,8,6,7,4,5,7,1,3,8,2,4,6,10,6,11,5,4,9,7,12,13,14,15,16,5,3,4,4,7,8,1,3,2,10,5,6,13,11,12,9,3,11,16,13,15,14,5,3,9,7,13,8,12,4,6,11,9,3,11,10,13,8,4,6,12,5,2,5,6,12,9,3,8,11,4,2,7,11,13,7,8,10,12,6,4,10,11,9,7,5,12,3,9,5,11,6,10,12,8,13,10,11,16,17,8,18,9,13,6,12,15,14,2,11,4,1,5,7,12,8,14,9,15,3,6,13,16,13,7,8,12,11,9",1:M1 M28 M52 M137 | 2:M3 M31 M54 M88 M97 M134 | 3:M7 M29 M47 M53 M62 M69 M79 M93 M113 M145 | 4:M8 M19 M25 M32 M38 M48 M49 M75 M84 M96 M106 M136 | 5:M4 M21 M26 M37 M46 M56 M68 M87 M89 M111 M115 M138 | 6:M6 M23 M33 M35 M57 M76 M85 M90 M105 M117 M130 M146 | 7:M9 M11 M24 M27 M40 M50 M71 M98 M101 M110 M139 M150 | 8:M14 M22 M30 M51 M73 M83 M94 M102 M120 M126 M141 M151 | 9:M2 M12 M39 M61 M70 M78 M92 M109 M114 M128 M143 M154 | 10:M5 M17 M20 M34 M55 M81 M103 M107 M118 M122 | 11:M36 M59 M63 M77 M80 M95 M99 M108 M116 M123 M135 M153 | 12:M13 M41 M60 M74 M86 M91 M104 M112 M119 M131 M140 M152 | 13:M18 M42 M58 M65 M72 M82 M100 M121 M129 M147 M149 | 14:M10 M15 M43 M67 M133 M142 | 15:M16 M44 M66 M132 M144 | 16:M45 M64 M124 M148 | 17:M125 | 18:M127 | 19: | 20: | 21:,,"domain reduction: sessions, fixed meetings, forbidden slots | precedence domain propagation: fixed point over direct edges | full precedence closure: cycle detection and graph statistics only | (20),(22)-(27) exactly once over reduced domains | (19) participant atMost-one per slot | (46),(47) clustered table capacity with full channeling | (28) traditional pairwise precedence over direct E | usedSlot channeling + exact per-idle-slot break cost | (43) exactly |Mp| reduced usedSlot variables | (44) atMost 2|L| busy participants per slot | (45) exact even number of busy participants | exact unary internal-idle counts and range objective over P*",,,result,205994,,0,205994
table03,forum-13crafc.original,forum-13crafc.original,SAT,OPTIMAL,24.730149,86461,205994,0,0,205994,,peak_process_tree_rss_mb,multiple,staircase,direct,yes,imp12+,lexicographic_internal_idle_range_pstar_then_idle_max_then_idle_sum,lexicographic,1,1,58,58,58,"1,2,3,4,5,6,7,8,9,10,11,12,13,14,15,16,18,19,23,24,25,26,27,28,29,30,31,32,33,34,35,36,37,38,39,40,41,42,44,45,46,47,48,49,50,52,53,54,56,57,59,60,62,63,64,65,66,70",58,0,0,1,0,0,0,0,19,19,"1,1,1,1,1,1,1,1,1,1,1,1,1,1,1,1,0,1,1,0,0,0,1,1,1,1,1,1,1,1,1,1,1,1,1,1,1,1,1,1,1,1,0,1,1,1,1,1,1,1,0,1,1,1,0,1,1,0,1,1,0,1,1,1,1,1,0,0,0,1","8,12,20,24,24,24,24,24,24,20,24,24,22,12,10,8,2,2,0,0,0","1,9,2,5,10,6,3,4,7,14,7,9,12,8,14,15,10,13,4,10,5,8,6,7,4,5,7,1,3,8,2,4,6,10,6,11,5,4,9,7,12,13,14,15,16,5,3,4,4,7,8,1,3,2,10,5,6,13,11,12,9,3,11,16,13,15,14,5,3,9,7,13,8,12,4,6,11,9,3,11,10,13,8,4,6,12,5,2,5,6,12,9,3,8,11,4,2,7,11,13,7,8,10,12,6,4,10,11,9,7,5,12,3,9,5,11,6,10,12,8,13,10,11,16,17,8,18,9,13,6,12,15,14,2,11,4,1,5,7,12,8,14,9,15,3,6,13,16,13,7,8,12,11,9",1:M1 M28 M52 M137 | 2:M3 M31 M54 M88 M97 M134 | 3:M7 M29 M47 M53 M62 M69 M79 M93 M113 M145 | 4:M8 M19 M25 M32 M38 M48 M49 M75 M84 M96 M106 M136 | 5:M4 M21 M26 M37 M46 M56 M68 M87 M89 M111 M115 M138 | 6:M6 M23 M33 M35 M57 M76 M85 M90 M105 M117 M130 M146 | 7:M9 M11 M24 M27 M40 M50 M71 M98 M101 M110 M139 M150 | 8:M14 M22 M30 M51 M73 M83 M94 M102 M120 M126 M141 M151 | 9:M2 M12 M39 M61 M70 M78 M92 M109 M114 M128 M143 M154 | 10:M5 M17 M20 M34 M55 M81 M103 M107 M118 M122 | 11:M36 M59 M63 M77 M80 M95 M99 M108 M116 M123 M135 M153 | 12:M13 M41 M60 M74 M86 M91 M104 M112 M119 M131 M140 M152 | 13:M18 M42 M58 M65 M72 M82 M100 M121 M129 M147 M149 | 14:M10 M15 M43 M67 M133 M142 | 15:M16 M44 M66 M132 M144 | 16:M45 M64 M124 M148 | 17:M125 | 18:M127 | 19: | 20: | 21:,,"domain reduction: sessions, fixed meetings, forbidden slots | precedence domain propagation: fixed point over direct edges | full precedence closure: cycle detection and graph statistics only | (20),(22)-(27) exactly once over reduced domains | (19) participant atMost-one per slot | (46),(47) clustered table capacity with full channeling | (28) staircase/support precedence over reduced domains and direct E | usedSlot channeling + exact per-idle-slot break cost | (43) exactly |Mp| reduced usedSlot variables | (44) atMost 2|L| busy participants per slot | (45) exact even number of busy participants | exact unary internal-idle counts and range objective over P*",,,result,205994,,0,205994
table03,forum-14.original,forum-14.original,SAT,OPTIMAL,108.242419,144247,364008,0,0,364008,,peak_process_tree_rss_mb,multiple,traditional,direct,no,imp12+,lexicographic_internal_idle_range_pstar_then_idle_max_then_idle_sum,lexicographic,4,4,5,5,72,"1,2,3,4,5,6,8,9,11,12,14,17,19,20,21,22,23,24,25,26,27,28,29,30,31,32,33,34,35,36,37,38,39,40,41,42,43,44,45,46,47,48,49,50,51,52,53,54,55,56,57,58,59,60,61,62,63,64,65,66,67,68,69,70,71,72,73,74,75,76,77,78",5,4,4,4,0,0,0,0,20,20,"0,0,0,0,0,0,0,0,0,0,0,0,0,0,0,0,0,0,0,0,0,0,0,0,0,0,0,0,0,0,0,0,0,4,0,0,0,0,0,0,0,0,0,0,0,0,0,0,0,0,0,0,0,0,0,0,0,0,0,0,0,0,1,0,0,0,0,0,0,0,0,0,0,0,0,0,0,0","12,16,22,24,32,38,38,44,44,44,44,44,44,40,36,26,18,14,10,8,4,2","18,14,9,13,7,11,12,16,15,14,14,8,12,10,3,4,1,9,2,7,13,11,15,14,10,15,16,7,5,8,9,17,14,8,4,18,13,5,10,19,7,16,12,13,8,15,4,7,9,5,3,11,9,4,10,1,12,8,14,18,15,16,20,13,3,6,14,11,6,4,2,8,3,5,10,14,5,20,13,11,6,8,21,15,7,19,9,17,8,12,9,13,14,11,12,11,10,12,13,7,6,12,13,11,9,15,8,10,8,6,3,5,2,9,6,10,9,5,11,6,12,2,3,3,9,5,10,8,12,6,7,10,5,2,7,15,4,14,12,6,11,17,13,13,11,16,10,18,17,9,6,16,8,17,10,13,7,6,5,7,4,15,10,5,13,7,19,12,20,16,1,8,4,14,11,7,13,5,14,3,4,9,15,8,6,12,16,11,15,17,18,9,10,14,11,8,13,12,14,9,10,15,12,8,13,11,10,16,15,11,9,6,8,14,12,13,7,21,18,12,6,19,14,7,22,8,9,17,4,20,10,13,5,11,16,1,3,15,2,6,15,13,14,12,13,15,9,16,11,14,10,17,9,11,8,7,6,10,12,10,5,4,1,2,7,3,8,6,11,9,14,16,12,15,13,11,7,10,6,8,12,9,5,17,19,18,16,15,13,14,10,7,3,12,1,9,8,6,11,4,2,5",1:M17 M56 M171 M236 M263 M295 | 2:M19 M71 M113 M122 M134 M239 M264 M301 | 3:M15 M51 M65 M73 M111 M123 M124 M180 M237 M266 M293 | 4:M16 M35 M47 M54 M70 M137 M161 M173 M181 M229 M262 M300 | 5:M29 M38 M50 M74 M77 M112 M118 M126 M133 M159 M164 M178 M233 M261 M283 M302 | 6:M66 M69 M81 M101 M110 M115 M120 M130 M140 M151 M158 M185 M212 M221 M240 M257 M268 M279 M298 | 7:M5 M20 M28 M41 M48 M85 M100 M131 M135 M157 M160 M166 M176 M217 M224 M256 M265 M277 M292 | 8:M12 M30 M34 M45 M58 M72 M82 M89 M107 M109 M128 M153 M172 M184 M196 M204 M213 M226 M255 M267 M280 M297 | 9:M3 M18 M31 M49 M53 M87 M91 M105 M114 M117 M125 M150 M182 M192 M200 M211 M227 M247 M253 M270 M282 M296 | 10:M14 M25 M39 M55 M75 M97 M108 M116 M127 M132 M147 M155 M163 M193 M201 M207 M231 M251 M258 M260 M278 M291 | 11:M6 M22 M52 M68 M80 M94 M96 M104 M119 M141 M145 M175 M188 M195 M206 M210 M234 M249 M254 M269 M276 M299 | 12:M7 M13 M43 M57 M90 M95 M98 M102 M121 M129 M139 M168 M186 M198 M203 M215 M220 M244 M259 M273 M281 M294 | 13:M4 M21 M37 M44 M64 M79 M92 M99 M103 M143 M144 M156 M165 M177 M197 M205 M216 M232 M242 M245 M275 M289 | 14:M2 M10 M11 M24 M33 M59 M67 M76 M93 M138 M174 M179 M194 M199 M214 M223 M243 M250 M271 M290 | 15:M9 M23 M26 M46 M61 M84 M106 M136 M162 M183 M189 M202 M209 M238 M241 M246 M274 M288 | 16:M8 M27 M42 M62 M146 M152 M170 M187 M208 M235 M248 M272 M287 | 17:M32 M88 M142 M149 M154 M190 M228 M252 M284 | 18:M1 M36 M60 M148 M191 M219 M286 | 19:M40 M86 M167 M222 M285 | 20:M63 M78 M169 M230 | 21:M83 M218 | 22:M225,,"domain reduction: sessions, fixed meetings, forbidden slots | precedence domain propagation: fixed point over direct edges | full precedence closure: cycle detection and graph statistics only | (20),(22)-(27) exactly once over reduced domains | (19) participant atMost-one per slot | (46),(47) clustered table capacity with full channeling | (28) traditional pairwise precedence over direct E | usedSlot channeling + exact per-idle-slot break cost | (43) exactly |Mp| reduced usedSlot variables | (44) atMost 2|L| busy participants per slot | (45) exact even number of busy participants | exact unary internal-idle counts and range objective over P*",,,result,364008,,4,364008
table03,forum-14.original,forum-14.original,SAT,OPTIMAL,109.102369,144247,364008,0,0,364008,,peak_process_tree_rss_mb,multiple,staircase,direct,yes,imp12+,lexicographic_internal_idle_range_pstar_then_idle_max_then_idle_sum,lexicographic,4,4,5,5,72,"1,2,3,4,5,6,8,9,11,12,14,17,19,20,21,22,23,24,25,26,27,28,29,30,31,32,33,34,35,36,37,38,39,40,41,42,43,44,45,46,47,48,49,50,51,52,53,54,55,56,57,58,59,60,61,62,63,64,65,66,67,68,69,70,71,72,73,74,75,76,77,78",5,4,4,4,0,0,0,0,20,20,"0,0,0,0,0,0,0,0,0,0,0,0,0,0,0,0,0,0,0,0,0,0,0,0,0,0,0,0,0,0,0,0,0,4,0,0,0,0,0,0,0,0,0,0,0,0,0,0,0,0,0,0,0,0,0,0,0,0,0,0,0,0,1,0,0,0,0,0,0,0,0,0,0,0,0,0,0,0","12,16,22,24,32,38,38,44,44,44,44,44,44,40,36,26,18,14,10,8,4,2","18,14,9,13,7,11,12,16,15,14,14,8,12,10,3,4,1,9,2,7,13,11,15,14,10,15,16,7,5,8,9,17,14,8,4,18,13,5,10,19,7,16,12,13,8,15,4,7,9,5,3,11,9,4,10,1,12,8,14,18,15,16,20,13,3,6,14,11,6,4,2,8,3,5,10,14,5,20,13,11,6,8,21,15,7,19,9,17,8,12,9,13,14,11,12,11,10,12,13,7,6,12,13,11,9,15,8,10,8,6,3,5,2,9,6,10,9,5,11,6,12,2,3,3,9,5,10,8,12,6,7,10,5,2,7,15,4,14,12,6,11,17,13,13,11,16,10,18,17,9,6,16,8,17,10,13,7,6,5,7,4,15,10,5,13,7,19,12,20,16,1,8,4,14,11,7,13,5,14,3,4,9,15,8,6,12,16,11,15,17,18,9,10,14,11,8,13,12,14,9,10,15,12,8,13,11,10,16,15,11,9,6,8,14,12,13,7,21,18,12,6,19,14,7,22,8,9,17,4,20,10,13,5,11,16,1,3,15,2,6,15,13,14,12,13,15,9,16,11,14,10,17,9,11,8,7,6,10,12,10,5,4,1,2,7,3,8,6,11,9,14,16,12,15,13,11,7,10,6,8,12,9,5,17,19,18,16,15,13,14,10,7,3,12,1,9,8,6,11,4,2,5",1:M17 M56 M171 M236 M263 M295 | 2:M19 M71 M113 M122 M134 M239 M264 M301 | 3:M15 M51 M65 M73 M111 M123 M124 M180 M237 M266 M293 | 4:M16 M35 M47 M54 M70 M137 M161 M173 M181 M229 M262 M300 | 5:M29 M38 M50 M74 M77 M112 M118 M126 M133 M159 M164 M178 M233 M261 M283 M302 | 6:M66 M69 M81 M101 M110 M115 M120 M130 M140 M151 M158 M185 M212 M221 M240 M257 M268 M279 M298 | 7:M5 M20 M28 M41 M48 M85 M100 M131 M135 M157 M160 M166 M176 M217 M224 M256 M265 M277 M292 | 8:M12 M30 M34 M45 M58 M72 M82 M89 M107 M109 M128 M153 M172 M184 M196 M204 M213 M226 M255 M267 M280 M297 | 9:M3 M18 M31 M49 M53 M87 M91 M105 M114 M117 M125 M150 M182 M192 M200 M211 M227 M247 M253 M270 M282 M296 | 10:M14 M25 M39 M55 M75 M97 M108 M116 M127 M132 M147 M155 M163 M193 M201 M207 M231 M251 M258 M260 M278 M291 | 11:M6 M22 M52 M68 M80 M94 M96 M104 M119 M141 M145 M175 M188 M195 M206 M210 M234 M249 M254 M269 M276 M299 | 12:M7 M13 M43 M57 M90 M95 M98 M102 M121 M129 M139 M168 M186 M198 M203 M215 M220 M244 M259 M273 M281 M294 | 13:M4 M21 M37 M44 M64 M79 M92 M99 M103 M143 M144 M156 M165 M177 M197 M205 M216 M232 M242 M245 M275 M289 | 14:M2 M10 M11 M24 M33 M59 M67 M76 M93 M138 M174 M179 M194 M199 M214 M223 M243 M250 M271 M290 | 15:M9 M23 M26 M46 M61 M84 M106 M136 M162 M183 M189 M202 M209 M238 M241 M246 M274 M288 | 16:M8 M27 M42 M62 M146 M152 M170 M187 M208 M235 M248 M272 M287 | 17:M32 M88 M142 M149 M154 M190 M228 M252 M284 | 18:M1 M36 M60 M148 M191 M219 M286 | 19:M40 M86 M167 M222 M285 | 20:M63 M78 M169 M230 | 21:M83 M218 | 22:M225,,"domain reduction: sessions, fixed meetings, forbidden slots | precedence domain propagation: fixed point over direct edges | full precedence closure: cycle detection and graph statistics only | (20),(22)-(27) exactly once over reduced domains | (19) participant atMost-one per slot | (46),(47) clustered table capacity with full channeling | (28) staircase/support precedence over reduced domains and direct E | usedSlot channeling + exact per-idle-slot break cost | (43) exactly |Mp| reduced usedSlot variables | (44) atMost 2|L| busy participants per slot | (45) exact even number of busy participants | exact unary internal-idle counts and range objective over P*",,,result,364008,,4,364008
table03,forumt-14.original,forumt-14.original,SAT,OPTIMAL,1.450406,26599,76985,0,0,76985,,peak_process_tree_rss_mb,multiple,traditional,direct,no,imp12+,lexicographic_internal_idle_range_pstar_then_idle_max_then_idle_sum,lexicographic,2,2,10,10,59,"1,2,3,4,5,6,7,8,9,10,11,12,13,14,15,16,17,18,20,21,22,23,24,25,26,27,28,29,30,31,32,33,34,35,36,37,38,39,40,41,42,43,44,45,46,47,48,49,50,51,52,53,54,55,56,57,58,59,60",10,2,2,2,0,0,0,0,7,7,"0,0,0,0,2,0,0,0,0,0,0,0,0,0,0,0,2,2,0,0,0,0,0,0,0,0,0,0,0,0,0,0,0,0,0,0,0,0,0,0,0,0,0,0,0,0,0,0,0,0,0,0,0,0,2,0,2,0,0,0","40,46,48,54,54,50,50,48,44,40","7,10,6,4,2,3,9,8,2,2,5,3,8,1,6,4,7,9,7,10,7,4,6,1,5,9,8,2,3,5,10,2,5,4,3,2,4,9,10,5,1,2,8,10,3,5,4,6,3,10,4,7,8,4,1,10,9,6,8,2,5,10,5,7,9,8,2,3,1,6,10,9,1,4,7,2,3,8,5,4,6,10,7,2,9,1,2,7,3,6,5,4,10,6,8,4,5,7,6,4,7,9,1,8,3,9,10,7,4,2,3,6,5,10,6,1,7,2,5,3,8,7,6,5,3,7,2,5,6,8,9,3,4,10,1,7,9,2,6,8,3,8,5,4,10,6,9,8,6,1,8,9,2,10,3,5,1,6,7,4,8,2,9,6,4,10,1,7,5,10,7,3,8,1,8,9,6,7,4,4,5,6,9,5,8,3,6,4,3,2,1,5,9,1,3,2,8,7,10,9,4,7,1,4,8,2,5,9,6,3,7,5,10,4,9,5,2,1,7,2,7,5,1,8,6,9,4,3,4,5,3,6,8,1,4,5,3",1:M14 M24 M41 M55 M69 M73 M86 M103 M116 M135 M150 M157 M167 M174 M191 M194 M203 M218 M223 M234 | 2:M5 M9 M10 M28 M32 M36 M42 M60 M67 M76 M84 M87 M110 M118 M127 M138 M153 M162 M190 M196 M206 M217 M220 | 3:M6 M12 M29 M35 M45 M49 M68 M77 M89 M105 M111 M120 M125 M132 M141 M155 M172 M186 M189 M195 M210 M228 M231 M237 | 4:M4 M16 M22 M34 M37 M47 M51 M54 M74 M80 M92 M96 M100 M109 M133 M144 M160 M165 M179 M180 M188 M201 M204 M214 M227 M229 M235 | 5:M11 M25 M30 M33 M40 M46 M61 M63 M79 M91 M97 M113 M119 M124 M128 M143 M156 M169 M181 M184 M192 M207 M212 M216 M222 M230 M236 | 6:M3 M15 M23 M48 M58 M70 M81 M90 M94 M99 M112 M115 M123 M129 M139 M146 M149 M158 M164 M177 M182 M187 M209 M225 M232 | 7:M1 M17 M19 M21 M52 M64 M75 M83 M88 M98 M101 M108 M117 M122 M126 M136 M159 M168 M171 M178 M198 M202 M211 M219 M221 | 8:M8 M13 M27 M43 M53 M59 M66 M78 M95 M104 M121 M130 M140 M142 M148 M151 M161 M173 M175 M185 M197 M205 M224 M233 | 9:M7 M18 M26 M38 M57 M65 M72 M85 M102 M106 M131 M137 M147 M152 M163 M176 M183 M193 M200 M208 M215 M226 | 10:M2 M20 M31 M39 M44 M50 M56 M62 M71 M82 M93 M107 M114 M134 M145 M154 M166 M170 M199 M213,,"domain reduction: sessions, fixed meetings, forbidden slots | precedence domain propagation: fixed point over direct edges | full precedence closure: cycle detection and graph statistics only | (20),(22)-(27) exactly once over reduced domains | (19) participant atMost-one per slot | (46),(47) clustered table capacity with full channeling | (28) traditional pairwise precedence over direct E | usedSlot channeling + exact per-idle-slot break cost | (43) exactly |Mp| reduced usedSlot variables | (44) atMost 2|L| busy participants per slot | (45) exact even number of busy participants | exact unary internal-idle counts and range objective over P*",,,result,76985,,2,76985
table03,forumt-14.original,forumt-14.original,SAT,OPTIMAL,1.482202,26599,76985,0,0,76985,,peak_process_tree_rss_mb,multiple,staircase,direct,yes,imp12+,lexicographic_internal_idle_range_pstar_then_idle_max_then_idle_sum,lexicographic,2,2,10,10,59,"1,2,3,4,5,6,7,8,9,10,11,12,13,14,15,16,17,18,20,21,22,23,24,25,26,27,28,29,30,31,32,33,34,35,36,37,38,39,40,41,42,43,44,45,46,47,48,49,50,51,52,53,54,55,56,57,58,59,60",10,2,2,2,0,0,0,0,7,7,"0,0,0,0,2,0,0,0,0,0,0,0,0,0,0,0,2,2,0,0,0,0,0,0,0,0,0,0,0,0,0,0,0,0,0,0,0,0,0,0,0,0,0,0,0,0,0,0,0,0,0,0,0,0,2,0,2,0,0,0","40,46,48,54,54,50,50,48,44,40","7,10,6,4,2,3,9,8,2,2,5,3,8,1,6,4,7,9,7,10,7,4,6,1,5,9,8,2,3,5,10,2,5,4,3,2,4,9,10,5,1,2,8,10,3,5,4,6,3,10,4,7,8,4,1,10,9,6,8,2,5,10,5,7,9,8,2,3,1,6,10,9,1,4,7,2,3,8,5,4,6,10,7,2,9,1,2,7,3,6,5,4,10,6,8,4,5,7,6,4,7,9,1,8,3,9,10,7,4,2,3,6,5,10,6,1,7,2,5,3,8,7,6,5,3,7,2,5,6,8,9,3,4,10,1,7,9,2,6,8,3,8,5,4,10,6,9,8,6,1,8,9,2,10,3,5,1,6,7,4,8,2,9,6,4,10,1,7,5,10,7,3,8,1,8,9,6,7,4,4,5,6,9,5,8,3,6,4,3,2,1,5,9,1,3,2,8,7,10,9,4,7,1,4,8,2,5,9,6,3,7,5,10,4,9,5,2,1,7,2,7,5,1,8,6,9,4,3,4,5,3,6,8,1,4,5,3",1:M14 M24 M41 M55 M69 M73 M86 M103 M116 M135 M150 M157 M167 M174 M191 M194 M203 M218 M223 M234 | 2:M5 M9 M10 M28 M32 M36 M42 M60 M67 M76 M84 M87 M110 M118 M127 M138 M153 M162 M190 M196 M206 M217 M220 | 3:M6 M12 M29 M35 M45 M49 M68 M77 M89 M105 M111 M120 M125 M132 M141 M155 M172 M186 M189 M195 M210 M228 M231 M237 | 4:M4 M16 M22 M34 M37 M47 M51 M54 M74 M80 M92 M96 M100 M109 M133 M144 M160 M165 M179 M180 M188 M201 M204 M214 M227 M229 M235 | 5:M11 M25 M30 M33 M40 M46 M61 M63 M79 M91 M97 M113 M119 M124 M128 M143 M156 M169 M181 M184 M192 M207 M212 M216 M222 M230 M236 | 6:M3 M15 M23 M48 M58 M70 M81 M90 M94 M99 M112 M115 M123 M129 M139 M146 M149 M158 M164 M177 M182 M187 M209 M225 M232 | 7:M1 M17 M19 M21 M52 M64 M75 M83 M88 M98 M101 M108 M117 M122 M126 M136 M159 M168 M171 M178 M198 M202 M211 M219 M221 | 8:M8 M13 M27 M43 M53 M59 M66 M78 M95 M104 M121 M130 M140 M142 M148 M151 M161 M173 M175 M185 M197 M205 M224 M233 | 9:M7 M18 M26 M38 M57 M65 M72 M85 M102 M106 M131 M137 M147 M152 M163 M176 M183 M193 M200 M208 M215 M226 | 10:M2 M20 M31 M39 M44 M50 M56 M62 M71 M82 M93 M107 M114 M134 M145 M154 M166 M170 M199 M213,,"domain reduction: sessions, fixed meetings, forbidden slots | precedence domain propagation: fixed point over direct edges | full precedence closure: cycle detection and graph statistics only | (20),(22)-(27) exactly once over reduced domains | (19) participant atMost-one per slot | (46),(47) clustered table capacity with full channeling | (28) staircase/support precedence over reduced domains and direct E | usedSlot channeling + exact per-idle-slot break cost | (43) exactly |Mp| reduced usedSlot variables | (44) atMost 2|L| busy participants per slot | (45) exact even number of busy participants | exact unary internal-idle counts and range objective over P*",,,result,76985,,2,76985
table03,forumt-14crafc.original,forumt-14crafc.original,SAT,OPTIMAL,1.669872,26843,77513,0,0,77513,,peak_process_tree_rss_mb,multiple,traditional,direct,no,imp12+,lexicographic_internal_idle_range_pstar_then_idle_max_then_idle_sum,lexicographic,2,2,10,10,59,"1,2,3,4,5,6,7,8,9,10,11,12,13,14,15,16,17,18,20,21,22,23,24,25,26,27,28,29,30,31,32,33,34,35,36,37,38,39,40,41,42,43,44,45,46,47,48,49,50,51,52,53,54,55,56,57,58,59,60",10,2,2,2,0,0,0,0,7,7,"0,0,0,0,2,0,0,0,0,0,0,0,0,0,0,0,2,2,0,0,0,0,0,0,0,0,0,0,0,0,0,0,0,0,0,0,0,0,0,0,0,0,0,0,0,0,0,0,0,0,0,0,0,0,2,0,2,0,0,0","42,48,50,48,50,50,50,50,46,40","2,7,3,6,5,10,9,8,5,7,1,7,3,2,9,8,6,4,6,8,7,10,3,8,5,2,9,7,4,10,3,4,9,10,10,2,7,9,10,4,5,7,1,2,3,4,10,4,8,3,9,6,5,10,1,6,7,4,5,9,2,1,9,6,5,3,7,2,4,8,10,7,6,5,2,8,8,7,6,9,10,1,4,3,2,5,7,10,9,8,5,6,9,5,4,6,7,3,8,3,6,1,4,5,2,5,8,6,8,2,1,7,4,10,3,1,8,7,9,6,2,4,6,5,4,7,2,3,5,1,4,1,2,5,4,3,9,7,1,8,10,9,1,3,6,8,5,7,8,6,8,2,7,3,4,10,9,1,5,6,9,10,4,6,3,5,2,1,8,7,2,6,3,9,8,1,2,7,4,9,8,4,8,1,6,9,6,4,3,1,2,5,1,1,6,5,10,2,3,9,3,10,1,4,9,2,7,3,6,8,6,10,7,8,9,5,2,10,3,6,8,10,3,5,9,4,7,2,3,5,8,2,7,1,3,4,5",1:M11 M43 M55 M62 M82 M102 M111 M116 M130 M132 M139 M143 M158 M168 M176 M184 M190 M193 M194 M203 M234 | 2:M1 M14 M26 M36 M44 M61 M68 M75 M85 M105 M110 M121 M127 M133 M152 M167 M171 M177 M191 M198 M206 M217 M228 M232 | 3:M3 M13 M23 M31 M45 M50 M66 M84 M98 M100 M115 M128 M136 M144 M154 M165 M173 M189 M199 M201 M208 M219 M223 M229 M235 | 4:M18 M29 M32 M40 M46 M48 M58 M69 M83 M95 M103 M113 M122 M125 M131 M135 M155 M163 M179 M182 M188 M204 M226 M236 | 5:M5 M9 M25 M41 M53 M59 M65 M74 M86 M91 M94 M104 M106 M124 M129 M134 M147 M159 M166 M192 M196 M216 M224 M230 M237 | 6:M4 M17 M19 M52 M56 M64 M73 M79 M92 M96 M101 M108 M120 M123 M145 M150 M160 M164 M172 M185 M187 M195 M209 M211 M220 | 7:M2 M10 M12 M21 M28 M37 M42 M57 M67 M72 M78 M87 M97 M112 M118 M126 M138 M148 M153 M170 M178 M207 M213 M227 M233 | 8:M8 M16 M20 M24 M49 M70 M76 M77 M90 M99 M107 M109 M117 M140 M146 M149 M151 M169 M175 M181 M183 M210 M214 M221 M231 | 9:M7 M15 M27 M33 M38 M51 M60 M63 M80 M89 M93 M119 M137 M142 M157 M161 M174 M180 M186 M200 M205 M215 M225 | 10:M6 M22 M30 M34 M35 M39 M47 M54 M71 M81 M88 M114 M141 M156 M162 M197 M202 M212 M218 M222,,"domain reduction: sessions, fixed meetings, forbidden slots | precedence domain propagation: fixed point over direct edges | full precedence closure: cycle detection and graph statistics only | (20),(22)-(27) exactly once over reduced domains | (19) participant atMost-one per slot | (46),(47) clustered table capacity with full channeling | (28) traditional pairwise precedence over direct E | usedSlot channeling + exact per-idle-slot break cost | (43) exactly |Mp| reduced usedSlot variables | (44) atMost 2|L| busy participants per slot | (45) exact even number of busy participants | exact unary internal-idle counts and range objective over P*",,,result,77513,,2,77513
table03,forumt-14crafc.original,forumt-14crafc.original,SAT,OPTIMAL,1.71274,26843,77513,0,0,77513,,peak_process_tree_rss_mb,multiple,staircase,direct,yes,imp12+,lexicographic_internal_idle_range_pstar_then_idle_max_then_idle_sum,lexicographic,2,2,10,10,59,"1,2,3,4,5,6,7,8,9,10,11,12,13,14,15,16,17,18,20,21,22,23,24,25,26,27,28,29,30,31,32,33,34,35,36,37,38,39,40,41,42,43,44,45,46,47,48,49,50,51,52,53,54,55,56,57,58,59,60",10,2,2,2,0,0,0,0,7,7,"0,0,0,0,2,0,0,0,0,0,0,0,0,0,0,0,2,2,0,0,0,0,0,0,0,0,0,0,0,0,0,0,0,0,0,0,0,0,0,0,0,0,0,0,0,0,0,0,0,0,0,0,0,0,2,0,2,0,0,0","42,48,50,48,50,50,50,50,46,40","2,7,3,6,5,10,9,8,5,7,1,7,3,2,9,8,6,4,6,8,7,10,3,8,5,2,9,7,4,10,3,4,9,10,10,2,7,9,10,4,5,7,1,2,3,4,10,4,8,3,9,6,5,10,1,6,7,4,5,9,2,1,9,6,5,3,7,2,4,8,10,7,6,5,2,8,8,7,6,9,10,1,4,3,2,5,7,10,9,8,5,6,9,5,4,6,7,3,8,3,6,1,4,5,2,5,8,6,8,2,1,7,4,10,3,1,8,7,9,6,2,4,6,5,4,7,2,3,5,1,4,1,2,5,4,3,9,7,1,8,10,9,1,3,6,8,5,7,8,6,8,2,7,3,4,10,9,1,5,6,9,10,4,6,3,5,2,1,8,7,2,6,3,9,8,1,2,7,4,9,8,4,8,1,6,9,6,4,3,1,2,5,1,1,6,5,10,2,3,9,3,10,1,4,9,2,7,3,6,8,6,10,7,8,9,5,2,10,3,6,8,10,3,5,9,4,7,2,3,5,8,2,7,1,3,4,5",1:M11 M43 M55 M62 M82 M102 M111 M116 M130 M132 M139 M143 M158 M168 M176 M184 M190 M193 M194 M203 M234 | 2:M1 M14 M26 M36 M44 M61 M68 M75 M85 M105 M110 M121 M127 M133 M152 M167 M171 M177 M191 M198 M206 M217 M228 M232 | 3:M3 M13 M23 M31 M45 M50 M66 M84 M98 M100 M115 M128 M136 M144 M154 M165 M173 M189 M199 M201 M208 M219 M223 M229 M235 | 4:M18 M29 M32 M40 M46 M48 M58 M69 M83 M95 M103 M113 M122 M125 M131 M135 M155 M163 M179 M182 M188 M204 M226 M236 | 5:M5 M9 M25 M41 M53 M59 M65 M74 M86 M91 M94 M104 M106 M124 M129 M134 M147 M159 M166 M192 M196 M216 M224 M230 M237 | 6:M4 M17 M19 M52 M56 M64 M73 M79 M92 M96 M101 M108 M120 M123 M145 M150 M160 M164 M172 M185 M187 M195 M209 M211 M220 | 7:M2 M10 M12 M21 M28 M37 M42 M57 M67 M72 M78 M87 M97 M112 M118 M126 M138 M148 M153 M170 M178 M207 M213 M227 M233 | 8:M8 M16 M20 M24 M49 M70 M76 M77 M90 M99 M107 M109 M117 M140 M146 M149 M151 M169 M175 M181 M183 M210 M214 M221 M231 | 9:M7 M15 M27 M33 M38 M51 M60 M63 M80 M89 M93 M119 M137 M142 M157 M161 M174 M180 M186 M200 M205 M215 M225 | 10:M6 M22 M30 M34 M35 M39 M47 M54 M71 M81 M88 M114 M141 M156 M162 M197 M202 M212 M218 M222,,"domain reduction: sessions, fixed meetings, forbidden slots | precedence domain propagation: fixed point over direct edges | full precedence closure: cycle detection and graph statistics only | (20),(22)-(27) exactly once over reduced domains | (19) participant atMost-one per slot | (46),(47) clustered table capacity with full channeling | (28) staircase/support precedence over reduced domains and direct E | usedSlot channeling + exact per-idle-slot break cost | (43) exactly |Mp| reduced usedSlot variables | (44) atMost 2|L| busy participants per slot | (45) exact even number of busy participants | exact unary internal-idle counts and range objective over P*",,,result,77513,,2,77513
table03,forumt-14crafd.original,forumt-14crafd.original,SAT,OPTIMAL,1.755503,26575,77022,0,0,77022,,peak_process_tree_rss_mb,multiple,traditional,direct,no,imp12+,lexicographic_internal_idle_range_pstar_then_idle_max_then_idle_sum,lexicographic,2,2,8,8,59,"1,2,3,4,5,6,7,8,9,10,11,12,13,14,15,16,17,18,20,21,22,23,24,25,26,27,28,29,30,31,32,33,34,35,36,37,38,39,40,41,42,43,44,45,46,47,48,49,50,51,52,53,54,55,56,57,58,59,60",8,2,2,2,0,0,0,0,8,8,"0,0,0,0,0,0,0,0,0,0,0,0,0,0,0,0,2,2,0,0,0,0,0,0,0,0,0,0,0,0,0,0,0,0,0,0,0,0,0,0,0,0,0,0,0,0,0,0,0,0,0,0,0,0,0,0,2,0,0,2","40,46,48,50,48,48,48,50,50,44","7,3,4,2,5,10,9,8,2,10,3,4,3,8,10,9,4,1,5,6,7,5,6,6,2,4,3,9,10,1,3,5,10,4,2,4,2,7,10,1,2,7,4,1,8,9,6,3,5,10,8,1,4,6,9,10,9,1,6,8,2,5,5,9,4,10,7,2,6,8,1,3,6,1,4,5,3,9,10,2,3,8,6,1,4,7,5,3,7,4,9,5,8,6,2,9,3,8,7,1,8,10,7,9,1,3,10,6,9,7,8,7,6,9,1,5,3,8,2,8,4,2,7,3,5,4,2,8,9,6,7,4,10,8,2,10,6,9,1,3,5,7,5,3,2,4,10,8,1,9,9,6,5,8,10,3,7,4,2,1,9,6,10,8,2,5,3,3,9,1,5,6,4,7,9,4,10,8,6,2,3,2,7,8,9,4,9,10,6,8,7,5,5,5,2,3,9,4,7,6,8,5,4,7,3,8,10,2,6,1,4,7,6,8,7,1,2,3,5,10,9,6,7,8,4,7,2,6,3,5,4,1,1,9,5,10",1:M18 M30 M40 M44 M52 M58 M71 M74 M84 M100 M105 M115 M139 M149 M160 M170 M210 M216 M232 M233 | 2:M4 M9 M25 M35 M37 M41 M61 M68 M80 M95 M119 M122 M127 M135 M145 M159 M165 M180 M182 M195 M208 M217 M227 | 3:M2 M11 M13 M27 M31 M48 M72 M77 M81 M88 M97 M106 M117 M124 M140 M144 M156 M167 M168 M181 M196 M205 M218 M229 | 4:M3 M12 M17 M26 M34 M36 M43 M53 M65 M75 M85 M90 M121 M126 M132 M146 M158 M173 M176 M186 M198 M203 M211 M225 M231 | 5:M5 M19 M22 M32 M49 M62 M63 M76 M87 M92 M116 M125 M141 M143 M153 M166 M171 M192 M193 M194 M202 M219 M230 M235 | 6:M20 M23 M24 M47 M54 M59 M69 M73 M83 M94 M108 M113 M130 M137 M152 M162 M172 M179 M189 M200 M209 M213 M222 M228 | 7:M1 M21 M38 M42 M67 M86 M89 M99 M103 M110 M112 M123 M131 M142 M157 M174 M183 M191 M199 M204 M212 M215 M223 M226 | 8:M8 M14 M45 M51 M60 M70 M82 M93 M98 M101 M111 M118 M120 M128 M134 M148 M154 M164 M178 M184 M190 M201 M206 M214 M224 | 9:M7 M16 M28 M46 M55 M57 M64 M78 M91 M96 M104 M109 M114 M129 M138 M150 M151 M161 M169 M175 M185 M187 M197 M221 M234 | 10:M6 M10 M15 M29 M33 M39 M50 M56 M66 M79 M102 M107 M133 M136 M147 M155 M163 M177 M188 M207 M220 M236,,"domain reduction: sessions, fixed meetings, forbidden slots | precedence domain propagation: fixed point over direct edges | full precedence closure: cycle detection and graph statistics only | (20),(22)-(27) exactly once over reduced domains | (19) participant atMost-one per slot | (46),(47) clustered table capacity with full channeling | (28) traditional pairwise precedence over direct E | usedSlot channeling + exact per-idle-slot break cost | (43) exactly |Mp| reduced usedSlot variables | (44) atMost 2|L| busy participants per slot | (45) exact even number of busy participants | exact unary internal-idle counts and range objective over P*",,,result,77022,,2,77022
table03,forumt-14crafd.original,forumt-14crafd.original,SAT,OPTIMAL,1.772076,26575,77022,0,0,77022,,peak_process_tree_rss_mb,multiple,staircase,direct,yes,imp12+,lexicographic_internal_idle_range_pstar_then_idle_max_then_idle_sum,lexicographic,2,2,8,8,59,"1,2,3,4,5,6,7,8,9,10,11,12,13,14,15,16,17,18,20,21,22,23,24,25,26,27,28,29,30,31,32,33,34,35,36,37,38,39,40,41,42,43,44,45,46,47,48,49,50,51,52,53,54,55,56,57,58,59,60",8,2,2,2,0,0,0,0,8,8,"0,0,0,0,0,0,0,0,0,0,0,0,0,0,0,0,2,2,0,0,0,0,0,0,0,0,0,0,0,0,0,0,0,0,0,0,0,0,0,0,0,0,0,0,0,0,0,0,0,0,0,0,0,0,0,0,2,0,0,2","40,46,48,50,48,48,48,50,50,44","7,3,4,2,5,10,9,8,2,10,3,4,3,8,10,9,4,1,5,6,7,5,6,6,2,4,3,9,10,1,3,5,10,4,2,4,2,7,10,1,2,7,4,1,8,9,6,3,5,10,8,1,4,6,9,10,9,1,6,8,2,5,5,9,4,10,7,2,6,8,1,3,6,1,4,5,3,9,10,2,3,8,6,1,4,7,5,3,7,4,9,5,8,6,2,9,3,8,7,1,8,10,7,9,1,3,10,6,9,7,8,7,6,9,1,5,3,8,2,8,4,2,7,3,5,4,2,8,9,6,7,4,10,8,2,10,6,9,1,3,5,7,5,3,2,4,10,8,1,9,9,6,5,8,10,3,7,4,2,1,9,6,10,8,2,5,3,3,9,1,5,6,4,7,9,4,10,8,6,2,3,2,7,8,9,4,9,10,6,8,7,5,5,5,2,3,9,4,7,6,8,5,4,7,3,8,10,2,6,1,4,7,6,8,7,1,2,3,5,10,9,6,7,8,4,7,2,6,3,5,4,1,1,9,5,10",1:M18 M30 M40 M44 M52 M58 M71 M74 M84 M100 M105 M115 M139 M149 M160 M170 M210 M216 M232 M233 | 2:M4 M9 M25 M35 M37 M41 M61 M68 M80 M95 M119 M122 M127 M135 M145 M159 M165 M180 M182 M195 M208 M217 M227 | 3:M2 M11 M13 M27 M31 M48 M72 M77 M81 M88 M97 M106 M117 M124 M140 M144 M156 M167 M168 M181 M196 M205 M218 M229 | 4:M3 M12 M17 M26 M34 M36 M43 M53 M65 M75 M85 M90 M121 M126 M132 M146 M158 M173 M176 M186 M198 M203 M211 M225 M231 | 5:M5 M19 M22 M32 M49 M62 M63 M76 M87 M92 M116 M125 M141 M143 M153 M166 M171 M192 M193 M194 M202 M219 M230 M235 | 6:M20 M23 M24 M47 M54 M59 M69 M73 M83 M94 M108 M113 M130 M137 M152 M162 M172 M179 M189 M200 M209 M213 M222 M228 | 7:M1 M21 M38 M42 M67 M86 M89 M99 M103 M110 M112 M123 M131 M142 M157 M174 M183 M191 M199 M204 M212 M215 M223 M226 | 8:M8 M14 M45 M51 M60 M70 M82 M93 M98 M101 M111 M118 M120 M128 M134 M148 M154 M164 M178 M184 M190 M201 M206 M214 M224 | 9:M7 M16 M28 M46 M55 M57 M64 M78 M91 M96 M104 M109 M114 M129 M138 M150 M151 M161 M169 M175 M185 M187 M197 M221 M234 | 10:M6 M10 M15 M29 M33 M39 M50 M56 M66 M79 M102 M107 M133 M136 M147 M155 M163 M177 M188 M207 M220 M236,,"domain reduction: sessions, fixed meetings, forbidden slots | precedence domain propagation: fixed point over direct edges | full precedence closure: cycle detection and graph statistics only | (20),(22)-(27) exactly once over reduced domains | (19) participant atMost-one per slot | (46),(47) clustered table capacity with full channeling | (28) staircase/support precedence over reduced domains and direct E | usedSlot channeling + exact per-idle-slot break cost | (43) exactly |Mp| reduced usedSlot variables | (44) atMost 2|L| busy participants per slot | (45) exact even number of busy participants | exact unary internal-idle counts and range objective over P*",,,result,77022,,2,77022
table03,forumt-14crafe.original,forumt-14crafe.original,SAT,OPTIMAL,3.279129,26665,77222,0,0,77222,,peak_process_tree_rss_mb,multiple,traditional,direct,no,imp12+,lexicographic_internal_idle_range_pstar_then_idle_max_then_idle_sum,lexicographic,2,2,9,9,59,"1,2,3,4,5,6,7,8,9,10,11,12,13,14,15,16,17,18,20,21,22,23,24,25,26,27,28,29,30,31,32,33,34,35,36,37,38,39,40,41,42,43,44,45,46,47,48,49,50,51,52,53,54,55,56,57,58,59,60",9,2,2,2,0,0,0,0,8,8,"0,0,0,0,0,0,0,0,0,0,0,0,0,0,0,0,2,2,0,0,0,0,0,0,0,0,0,0,0,0,0,0,0,0,0,0,0,0,0,0,0,0,0,0,0,0,0,0,0,0,0,0,0,0,0,0,2,0,1,2","48,48,48,48,48,48,48,48,46,42","1,2,3,7,4,6,10,8,1,3,2,1,1,2,3,4,5,7,9,6,8,9,7,8,7,5,2,1,2,3,5,8,7,1,3,2,4,3,10,4,1,4,5,2,10,6,7,2,5,3,10,6,9,7,1,10,7,9,2,8,6,5,3,8,2,1,4,5,6,10,9,7,6,1,9,2,4,1,5,10,8,6,9,3,7,4,2,8,6,5,3,4,7,1,2,8,4,5,10,9,8,9,10,5,6,1,3,5,2,4,6,7,8,3,6,4,10,5,9,6,1,3,5,8,1,6,2,7,3,4,9,3,7,2,4,10,6,7,5,3,9,8,7,6,2,1,8,10,9,8,3,2,4,9,7,5,6,8,1,10,9,1,10,7,4,8,3,9,8,2,4,10,1,4,8,6,2,1,10,7,3,4,10,6,7,3,5,1,6,2,4,3,5,10,4,5,8,2,9,7,9,10,1,2,4,8,6,9,3,5,5,7,6,9,10,6,4,1,2,3,10,5,9,8,7,4,1,7,8,9,6,5,3,8,5,9",1:M1 M9 M12 M13 M28 M34 M41 M55 M66 M74 M78 M94 M106 M121 M125 M146 M159 M162 M173 M178 M188 M203 M218 M227 | 2:M2 M11 M14 M27 M29 M36 M44 M48 M59 M65 M76 M87 M95 M109 M127 M134 M145 M152 M170 M177 M190 M198 M204 M219 | 3:M3 M10 M15 M30 M35 M38 M50 M63 M84 M91 M107 M114 M122 M129 M132 M140 M151 M167 M181 M186 M192 M209 M220 M233 | 4:M5 M16 M37 M40 M42 M67 M77 M86 M92 M97 M110 M116 M130 M135 M153 M165 M171 M174 M182 M191 M195 M205 M217 M226 | 5:M17 M26 M31 M43 M49 M62 M68 M79 M90 M98 M104 M108 M118 M123 M139 M156 M187 M193 M196 M210 M211 M222 M232 M235 | 6:M6 M20 M46 M52 M61 M69 M73 M82 M89 M105 M111 M115 M120 M126 M137 M144 M157 M176 M184 M189 M207 M213 M216 M231 | 7:M4 M18 M23 M25 M33 M47 M54 M57 M72 M85 M93 M112 M128 M133 M138 M143 M155 M164 M180 M185 M200 M212 M225 M228 | 8:M8 M21 M24 M32 M60 M64 M81 M88 M96 M101 M113 M124 M142 M147 M150 M158 M166 M169 M175 M197 M206 M224 M229 M234 | 9:M19 M22 M53 M58 M71 M75 M83 M100 M102 M119 M131 M141 M149 M154 M161 M168 M199 M201 M208 M214 M223 M230 M236 | 10:M7 M39 M45 M51 M56 M70 M80 M99 M103 M117 M136 M148 M160 M163 M172 M179 M183 M194 M202 M215 M221,,"domain reduction: sessions, fixed meetings, forbidden slots | precedence domain propagation: fixed point over direct edges | full precedence closure: cycle detection and graph statistics only | (20),(22)-(27) exactly once over reduced domains | (19) participant atMost-one per slot | (46),(47) clustered table capacity with full channeling | (28) traditional pairwise precedence over direct E | usedSlot channeling + exact per-idle-slot break cost | (43) exactly |Mp| reduced usedSlot variables | (44) atMost 2|L| busy participants per slot | (45) exact even number of busy participants | exact unary internal-idle counts and range objective over P*",,,result,77222,,2,77222
table03,forumt-14crafe.original,forumt-14crafe.original,SAT,OPTIMAL,3.248151,26665,77222,0,0,77222,,peak_process_tree_rss_mb,multiple,staircase,direct,yes,imp12+,lexicographic_internal_idle_range_pstar_then_idle_max_then_idle_sum,lexicographic,2,2,9,9,59,"1,2,3,4,5,6,7,8,9,10,11,12,13,14,15,16,17,18,20,21,22,23,24,25,26,27,28,29,30,31,32,33,34,35,36,37,38,39,40,41,42,43,44,45,46,47,48,49,50,51,52,53,54,55,56,57,58,59,60",9,2,2,2,0,0,0,0,8,8,"0,0,0,0,0,0,0,0,0,0,0,0,0,0,0,0,2,2,0,0,0,0,0,0,0,0,0,0,0,0,0,0,0,0,0,0,0,0,0,0,0,0,0,0,0,0,0,0,0,0,0,0,0,0,0,0,2,0,1,2","48,48,48,48,48,48,48,48,46,42","1,2,3,7,4,6,10,8,1,3,2,1,1,2,3,4,5,7,9,6,8,9,7,8,7,5,2,1,2,3,5,8,7,1,3,2,4,3,10,4,1,4,5,2,10,6,7,2,5,3,10,6,9,7,1,10,7,9,2,8,6,5,3,8,2,1,4,5,6,10,9,7,6,1,9,2,4,1,5,10,8,6,9,3,7,4,2,8,6,5,3,4,7,1,2,8,4,5,10,9,8,9,10,5,6,1,3,5,2,4,6,7,8,3,6,4,10,5,9,6,1,3,5,8,1,6,2,7,3,4,9,3,7,2,4,10,6,7,5,3,9,8,7,6,2,1,8,10,9,8,3,2,4,9,7,5,6,8,1,10,9,1,10,7,4,8,3,9,8,2,4,10,1,4,8,6,2,1,10,7,3,4,10,6,7,3,5,1,6,2,4,3,5,10,4,5,8,2,9,7,9,10,1,2,4,8,6,9,3,5,5,7,6,9,10,6,4,1,2,3,10,5,9,8,7,4,1,7,8,9,6,5,3,8,5,9",1:M1 M9 M12 M13 M28 M34 M41 M55 M66 M74 M78 M94 M106 M121 M125 M146 M159 M162 M173 M178 M188 M203 M218 M227 | 2:M2 M11 M14 M27 M29 M36 M44 M48 M59 M65 M76 M87 M95 M109 M127 M134 M145 M152 M170 M177 M190 M198 M204 M219 | 3:M3 M10 M15 M30 M35 M38 M50 M63 M84 M91 M107 M114 M122 M129 M132 M140 M151 M167 M181 M186 M192 M209 M220 M233 | 4:M5 M16 M37 M40 M42 M67 M77 M86 M92 M97 M110 M116 M130 M135 M153 M165 M171 M174 M182 M191 M195 M205 M217 M226 | 5:M17 M26 M31 M43 M49 M62 M68 M79 M90 M98 M104 M108 M118 M123 M139 M156 M187 M193 M196 M210 M211 M222 M232 M235 | 6:M6 M20 M46 M52 M61 M69 M73 M82 M89 M105 M111 M115 M120 M126 M137 M144 M157 M176 M184 M189 M207 M213 M216 M231 | 7:M4 M18 M23 M25 M33 M47 M54 M57 M72 M85 M93 M112 M128 M133 M138 M143 M155 M164 M180 M185 M200 M212 M225 M228 | 8:M8 M21 M24 M32 M60 M64 M81 M88 M96 M101 M113 M124 M142 M147 M150 M158 M166 M169 M175 M197 M206 M224 M229 M234 | 9:M19 M22 M53 M58 M71 M75 M83 M100 M102 M119 M131 M141 M149 M154 M161 M168 M199 M201 M208 M214 M223 M230 M236 | 10:M7 M39 M45 M51 M56 M70 M80 M99 M103 M117 M136 M148 M160 M163 M172 M179 M183 M194 M202 M215 M221,,"domain reduction: sessions, fixed meetings, forbidden slots | precedence domain propagation: fixed point over direct edges | full precedence closure: cycle detection and graph statistics only | (20),(22)-(27) exactly once over reduced domains | (19) participant atMost-one per slot | (46),(47) clustered table capacity with full channeling | (28) staircase/support precedence over reduced domains and direct E | usedSlot channeling + exact per-idle-slot break cost | (43) exactly |Mp| reduced usedSlot variables | (44) atMost 2|L| busy participants per slot | (45) exact even number of busy participants | exact unary internal-idle counts and range objective over P*",,,result,77222,,2,77222
table03,tic-12.original,tic-12.original,SAT,OPTIMAL,0.143412,5457,22376,0,0,22376,,peak_process_tree_rss_mb,multiple,traditional,direct,no,imp12+,lexicographic_internal_idle_range_pstar_then_idle_max_then_idle_sum,lexicographic,0,0,0,0,39,"1,2,3,4,5,6,7,8,9,10,11,12,13,14,15,16,17,18,19,20,21,22,23,24,25,26,27,28,29,30,31,32,33,34,35,36,39,41,42",0,0,0,0,0,0,0,0,6,6,"0,0,0,0,0,0,0,0,0,0,0,0,0,0,0,0,0,0,0,0,0,0,0,0,0,0,0,0,0,0,0,0,0,0,0,0,0,0,0,0,0,0","24,30,32,34,36,34,32,28","6,1,7,8,2,5,4,1,6,6,5,4,8,6,7,5,2,1,4,6,2,1,8,7,2,1,5,7,6,4,8,3,4,3,7,6,8,2,6,3,8,2,4,7,5,4,3,5,8,6,2,5,7,8,3,4,6,7,3,2,1,5,4,8,3,5,6,3,8,7,1,8,5,4,7,3,5,3,7,2,5,3,4,6,1,8,3,7,5,2,4,4,3,7,8,5,1,2,6,3,4,7,2,6,5,4,3,1,6,5,2,7,6,2,5,4,1,5,3,8,2,4,7,6,1",1:M2 M8 M18 M22 M26 M61 M71 M85 M97 M108 M117 M125 | 2:M5 M17 M21 M25 M38 M42 M51 M60 M80 M90 M98 M103 M111 M114 M121 | 3:M32 M34 M40 M47 M55 M59 M65 M68 M76 M78 M82 M87 M93 M100 M107 M119 | 4:M7 M12 M19 M30 M33 M43 M46 M56 M63 M74 M83 M91 M92 M101 M106 M116 M122 | 5:M6 M11 M16 M27 M45 M48 M52 M62 M66 M73 M77 M81 M89 M96 M105 M110 M115 M118 | 6:M1 M9 M10 M14 M20 M29 M36 M39 M50 M57 M67 M84 M99 M104 M109 M113 M124 | 7:M3 M15 M24 M28 M35 M44 M53 M58 M70 M75 M79 M88 M94 M102 M112 M123 | 8:M4 M13 M23 M31 M37 M41 M49 M54 M64 M69 M72 M86 M95 M120,,"domain reduction: sessions, fixed meetings, forbidden slots | precedence domain propagation: fixed point over direct edges | full precedence closure: cycle detection and graph statistics only | (20),(22)-(27) exactly once over reduced domains | (19) participant atMost-one per slot | (46),(47) clustered table capacity with full channeling | (28) traditional pairwise precedence over direct E | usedSlot channeling + exact per-idle-slot break cost | (43) exactly |Mp| reduced usedSlot variables | (44) atMost 2|L| busy participants per slot | (45) exact even number of busy participants | exact unary internal-idle counts and range objective over P*",,,result,22376,,0,22376
table03,tic-12.original,tic-12.original,SAT,OPTIMAL,0.140563,5457,22376,0,0,22376,,peak_process_tree_rss_mb,multiple,staircase,direct,yes,imp12+,lexicographic_internal_idle_range_pstar_then_idle_max_then_idle_sum,lexicographic,0,0,0,0,39,"1,2,3,4,5,6,7,8,9,10,11,12,13,14,15,16,17,18,19,20,21,22,23,24,25,26,27,28,29,30,31,32,33,34,35,36,39,41,42",0,0,0,0,0,0,0,0,6,6,"0,0,0,0,0,0,0,0,0,0,0,0,0,0,0,0,0,0,0,0,0,0,0,0,0,0,0,0,0,0,0,0,0,0,0,0,0,0,0,0,0,0","24,30,32,34,36,34,32,28","6,1,7,8,2,5,4,1,6,6,5,4,8,6,7,5,2,1,4,6,2,1,8,7,2,1,5,7,6,4,8,3,4,3,7,6,8,2,6,3,8,2,4,7,5,4,3,5,8,6,2,5,7,8,3,4,6,7,3,2,1,5,4,8,3,5,6,3,8,7,1,8,5,4,7,3,5,3,7,2,5,3,4,6,1,8,3,7,5,2,4,4,3,7,8,5,1,2,6,3,4,7,2,6,5,4,3,1,6,5,2,7,6,2,5,4,1,5,3,8,2,4,7,6,1",1:M2 M8 M18 M22 M26 M61 M71 M85 M97 M108 M117 M125 | 2:M5 M17 M21 M25 M38 M42 M51 M60 M80 M90 M98 M103 M111 M114 M121 | 3:M32 M34 M40 M47 M55 M59 M65 M68 M76 M78 M82 M87 M93 M100 M107 M119 | 4:M7 M12 M19 M30 M33 M43 M46 M56 M63 M74 M83 M91 M92 M101 M106 M116 M122 | 5:M6 M11 M16 M27 M45 M48 M52 M62 M66 M73 M77 M81 M89 M96 M105 M110 M115 M118 | 6:M1 M9 M10 M14 M20 M29 M36 M39 M50 M57 M67 M84 M99 M104 M109 M113 M124 | 7:M3 M15 M24 M28 M35 M44 M53 M58 M70 M75 M79 M88 M94 M102 M112 M123 | 8:M4 M13 M23 M31 M37 M41 M49 M54 M64 M69 M72 M86 M95 M120,,"domain reduction: sessions, fixed meetings, forbidden slots | precedence domain propagation: fixed point over direct edges | full precedence closure: cycle detection and graph statistics only | (20),(22)-(27) exactly once over reduced domains | (19) participant atMost-one per slot | (46),(47) clustered table capacity with full channeling | (28) staircase/support precedence over reduced domains and direct E | usedSlot channeling + exact per-idle-slot break cost | (43) exactly |Mp| reduced usedSlot variables | (44) atMost 2|L| busy participants per slot | (45) exact even number of busy participants | exact unary internal-idle counts and range objective over P*",,,result,22376,,0,22376
table03,tic-12crafc.original,tic-12crafc.original,SAT,OPTIMAL,0.275946,14593,36384,0,0,36384,,peak_process_tree_rss_mb,multiple,traditional,direct,no,imp12+,lexicographic_internal_idle_range_pstar_then_idle_max_then_idle_sum,lexicographic,0,0,0,0,39,"1,2,3,4,5,6,7,8,9,10,11,12,13,14,15,16,17,18,19,20,21,22,23,24,25,26,27,28,29,30,31,32,33,34,35,36,39,41,42",0,0,0,0,0,0,0,0,6,6,"0,0,0,0,0,0,0,0,0,0,0,0,0,0,0,0,0,0,0,0,0,0,0,0,0,0,0,0,0,0,0,0,0,0,0,0,0,0,0,0,0,0","28,32,32,32,32,32,32,30","6,7,8,2,5,6,2,4,8,4,7,3,8,2,5,1,7,6,5,6,8,4,8,7,7,1,2,4,6,3,8,5,7,8,4,6,3,2,6,4,1,3,8,5,7,2,1,4,5,6,5,3,6,2,1,7,4,1,3,2,1,7,3,6,5,4,3,2,1,8,8,3,2,5,7,1,4,2,7,8,3,6,5,4,1,2,3,2,1,5,4,4,1,3,5,7,2,6,8,5,6,3,7,2,1,5,3,7,6,4,8,6,7,3,5,8,4,6,7,4,2,5,1,8,3",1:M16 M26 M41 M47 M55 M58 M61 M69 M76 M85 M89 M93 M105 M123 | 2:M4 M7 M14 M27 M38 M46 M54 M60 M68 M73 M78 M86 M88 M97 M104 M121 | 3:M12 M30 M37 M42 M52 M59 M63 M67 M72 M81 M87 M94 M102 M107 M114 M125 | 4:M8 M10 M22 M28 M35 M40 M48 M57 M66 M77 M84 M91 M92 M110 M117 M120 | 5:M5 M15 M19 M32 M44 M49 M51 M65 M74 M83 M90 M95 M100 M106 M115 M122 | 6:M1 M6 M18 M20 M29 M36 M39 M50 M53 M64 M82 M98 M101 M109 M112 M118 | 7:M2 M11 M17 M24 M25 M33 M45 M56 M62 M75 M79 M96 M103 M108 M113 M119 | 8:M3 M9 M13 M21 M23 M31 M34 M43 M70 M71 M80 M99 M111 M116 M124,,"domain reduction: sessions, fixed meetings, forbidden slots | precedence domain propagation: fixed point over direct edges | full precedence closure: cycle detection and graph statistics only | (20),(22)-(27) exactly once over reduced domains | (19) participant atMost-one per slot | (46),(47) clustered table capacity with full channeling | (28) traditional pairwise precedence over direct E | usedSlot channeling + exact per-idle-slot break cost | (43) exactly |Mp| reduced usedSlot variables | (44) atMost 2|L| busy participants per slot | (45) exact even number of busy participants | exact unary internal-idle counts and range objective over P*",,,result,36384,,0,36384
table03,tic-12crafc.original,tic-12crafc.original,SAT,OPTIMAL,0.271623,14593,36384,0,0,36384,,peak_process_tree_rss_mb,multiple,staircase,direct,yes,imp12+,lexicographic_internal_idle_range_pstar_then_idle_max_then_idle_sum,lexicographic,0,0,0,0,39,"1,2,3,4,5,6,7,8,9,10,11,12,13,14,15,16,17,18,19,20,21,22,23,24,25,26,27,28,29,30,31,32,33,34,35,36,39,41,42",0,0,0,0,0,0,0,0,6,6,"0,0,0,0,0,0,0,0,0,0,0,0,0,0,0,0,0,0,0,0,0,0,0,0,0,0,0,0,0,0,0,0,0,0,0,0,0,0,0,0,0,0","28,32,32,32,32,32,32,30","6,7,8,2,5,6,2,4,8,4,7,3,8,2,5,1,7,6,5,6,8,4,8,7,7,1,2,4,6,3,8,5,7,8,4,6,3,2,6,4,1,3,8,5,7,2,1,4,5,6,5,3,6,2,1,7,4,1,3,2,1,7,3,6,5,4,3,2,1,8,8,3,2,5,7,1,4,2,7,8,3,6,5,4,1,2,3,2,1,5,4,4,1,3,5,7,2,6,8,5,6,3,7,2,1,5,3,7,6,4,8,6,7,3,5,8,4,6,7,4,2,5,1,8,3",1:M16 M26 M41 M47 M55 M58 M61 M69 M76 M85 M89 M93 M105 M123 | 2:M4 M7 M14 M27 M38 M46 M54 M60 M68 M73 M78 M86 M88 M97 M104 M121 | 3:M12 M30 M37 M42 M52 M59 M63 M67 M72 M81 M87 M94 M102 M107 M114 M125 | 4:M8 M10 M22 M28 M35 M40 M48 M57 M66 M77 M84 M91 M92 M110 M117 M120 | 5:M5 M15 M19 M32 M44 M49 M51 M65 M74 M83 M90 M95 M100 M106 M115 M122 | 6:M1 M6 M18 M20 M29 M36 M39 M50 M53 M64 M82 M98 M101 M109 M112 M118 | 7:M2 M11 M17 M24 M25 M33 M45 M56 M62 M75 M79 M96 M103 M108 M113 M119 | 8:M3 M9 M13 M21 M23 M31 M34 M43 M70 M71 M80 M99 M111 M116 M124,,"domain reduction: sessions, fixed meetings, forbidden slots | precedence domain propagation: fixed point over direct edges | full precedence closure: cycle detection and graph statistics only | (20),(22)-(27) exactly once over reduced domains | (19) participant atMost-one per slot | (46),(47) clustered table capacity with full channeling | (28) staircase/support precedence over reduced domains and direct E | usedSlot channeling + exact per-idle-slot break cost | (43) exactly |Mp| reduced usedSlot variables | (44) atMost 2|L| busy participants per slot | (45) exact even number of busy participants | exact unary internal-idle counts and range objective over P*",,,result,36384,,0,36384
table03,tic-13.original,tic-13.original,SAT,OPTIMAL,0.67017,24812,66388,0,0,66388,,peak_process_tree_rss_mb,multiple,traditional,direct,no,imp12+,lexicographic_internal_idle_range_pstar_then_idle_max_then_idle_sum,lexicographic,0,0,0,0,45,"1,3,4,5,6,7,8,9,10,11,12,13,14,15,16,17,18,19,20,21,22,23,24,25,26,27,28,29,30,31,32,33,34,35,36,37,38,40,41,42,43,44,45,46,47",0,0,0,0,0,0,0,0,6,6,"0,0,0,0,0,0,0,0,0,0,0,0,0,0,0,0,0,0,0,0,0,0,0,0,0,0,0,0,0,0,0,0,0,0,0,0,0,0,0,0,0,0,0,0,0,0,0","24,30,38,40,42,42,42,40,38,24","4,10,1,8,9,7,5,6,2,3,9,8,5,7,6,8,4,2,3,6,5,7,6,3,4,5,8,7,9,5,10,3,8,9,4,6,7,7,6,9,5,7,5,6,9,10,3,8,4,2,5,3,4,1,9,7,5,3,8,5,2,6,3,4,10,1,4,2,1,3,10,2,9,6,8,7,4,1,5,7,1,8,3,10,5,9,7,4,6,3,1,8,6,7,5,9,2,4,9,10,8,3,9,4,7,6,1,8,3,4,9,2,8,7,10,6,8,10,6,7,8,4,3,5,8,2,7,6,9,4,6,9,1,4,2,8,5,4,2,5,6,7,10,6,4,5,8,9,7,4,2,3,6,5,6,2,7,5,1,4,9,7,2,9,8,1,3,3,8,1,5,9,10,7,10,5,6,3,3,2",1:M3 M54 M66 M69 M78 M81 M91 M107 M133 M159 M166 M170 | 2:M9 M18 M50 M61 M68 M72 M97 M112 M126 M135 M139 M151 M156 M163 M180 | 3:M10 M19 M24 M32 M47 M52 M58 M63 M70 M83 M90 M102 M109 M123 M152 M167 M168 M178 M179 | 4:M1 M17 M25 M35 M49 M53 M64 M67 M77 M88 M98 M104 M110 M122 M130 M134 M138 M145 M150 M160 | 5:M7 M13 M21 M26 M30 M41 M43 M51 M57 M60 M79 M85 M95 M124 M137 M140 M146 M154 M158 M171 M176 | 6:M8 M15 M20 M23 M36 M39 M44 M62 M74 M89 M93 M106 M116 M119 M128 M131 M141 M144 M153 M155 M177 | 7:M6 M14 M22 M28 M37 M38 M42 M56 M76 M80 M87 M94 M105 M114 M120 M127 M142 M149 M157 M162 M174 | 8:M4 M12 M16 M27 M33 M48 M59 M75 M82 M92 M101 M108 M113 M117 M121 M125 M136 M147 M165 M169 | 9:M5 M11 M29 M34 M40 M45 M55 M73 M86 M96 M99 M103 M111 M129 M132 M148 M161 M164 M172 | 10:M2 M31 M46 M65 M71 M84 M100 M115 M118 M143 M173 M175,,"domain reduction: sessions, fixed meetings, forbidden slots | precedence domain propagation: fixed point over direct edges | full precedence closure: cycle detection and graph statistics only | (20),(22)-(27) exactly once over reduced domains | (19) participant atMost-one per slot | (46),(47) clustered table capacity with full channeling | (28) traditional pairwise precedence over direct E | usedSlot channeling + exact per-idle-slot break cost | (43) exactly |Mp| reduced usedSlot variables | (44) atMost 2|L| busy participants per slot | (45) exact even number of busy participants | exact unary internal-idle counts and range objective over P*",,,result,66388,,0,66388
table03,tic-13.original,tic-13.original,SAT,OPTIMAL,0.669916,24812,66388,0,0,66388,,peak_process_tree_rss_mb,multiple,staircase,direct,yes,imp12+,lexicographic_internal_idle_range_pstar_then_idle_max_then_idle_sum,lexicographic,0,0,0,0,45,"1,3,4,5,6,7,8,9,10,11,12,13,14,15,16,17,18,19,20,21,22,23,24,25,26,27,28,29,30,31,32,33,34,35,36,37,38,40,41,42,43,44,45,46,47",0,0,0,0,0,0,0,0,6,6,"0,0,0,0,0,0,0,0,0,0,0,0,0,0,0,0,0,0,0,0,0,0,0,0,0,0,0,0,0,0,0,0,0,0,0,0,0,0,0,0,0,0,0,0,0,0,0","24,30,38,40,42,42,42,40,38,24","4,10,1,8,9,7,5,6,2,3,9,8,5,7,6,8,4,2,3,6,5,7,6,3,4,5,8,7,9,5,10,3,8,9,4,6,7,7,6,9,5,7,5,6,9,10,3,8,4,2,5,3,4,1,9,7,5,3,8,5,2,6,3,4,10,1,4,2,1,3,10,2,9,6,8,7,4,1,5,7,1,8,3,10,5,9,7,4,6,3,1,8,6,7,5,9,2,4,9,10,8,3,9,4,7,6,1,8,3,4,9,2,8,7,10,6,8,10,6,7,8,4,3,5,8,2,7,6,9,4,6,9,1,4,2,8,5,4,2,5,6,7,10,6,4,5,8,9,7,4,2,3,6,5,6,2,7,5,1,4,9,7,2,9,8,1,3,3,8,1,5,9,10,7,10,5,6,3,3,2",1:M3 M54 M66 M69 M78 M81 M91 M107 M133 M159 M166 M170 | 2:M9 M18 M50 M61 M68 M72 M97 M112 M126 M135 M139 M151 M156 M163 M180 | 3:M10 M19 M24 M32 M47 M52 M58 M63 M70 M83 M90 M102 M109 M123 M152 M167 M168 M178 M179 | 4:M1 M17 M25 M35 M49 M53 M64 M67 M77 M88 M98 M104 M110 M122 M130 M134 M138 M145 M150 M160 | 5:M7 M13 M21 M26 M30 M41 M43 M51 M57 M60 M79 M85 M95 M124 M137 M140 M146 M154 M158 M171 M176 | 6:M8 M15 M20 M23 M36 M39 M44 M62 M74 M89 M93 M106 M116 M119 M128 M131 M141 M144 M153 M155 M177 | 7:M6 M14 M22 M28 M37 M38 M42 M56 M76 M80 M87 M94 M105 M114 M120 M127 M142 M149 M157 M162 M174 | 8:M4 M12 M16 M27 M33 M48 M59 M75 M82 M92 M101 M108 M113 M117 M121 M125 M136 M147 M165 M169 | 9:M5 M11 M29 M34 M40 M45 M55 M73 M86 M96 M99 M103 M111 M129 M132 M148 M161 M164 M172 | 10:M2 M31 M46 M65 M71 M84 M100 M115 M118 M143 M173 M175,,"domain reduction: sessions, fixed meetings, forbidden slots | precedence domain propagation: fixed point over direct edges | full precedence closure: cycle detection and graph statistics only | (20),(22)-(27) exactly once over reduced domains | (19) participant atMost-one per slot | (46),(47) clustered table capacity with full channeling | (28) staircase/support precedence over reduced domains and direct E | usedSlot channeling + exact per-idle-slot break cost | (43) exactly |Mp| reduced usedSlot variables | (44) atMost 2|L| busy participants per slot | (45) exact even number of busy participants | exact unary internal-idle counts and range objective over P*",,,result,66388,,0,66388
table03,tic-13crafb.original,tic-13crafb.original,SAT,OPTIMAL,0.484426,23197,64493,0,0,64493,,peak_process_tree_rss_mb,multiple,traditional,direct,no,imp12+,lexicographic_internal_idle_range_pstar_then_idle_max_then_idle_sum,lexicographic,0,0,0,0,44,"1,2,3,4,5,6,7,8,9,10,11,12,13,14,15,16,17,18,19,20,21,22,24,25,26,27,28,29,30,31,32,33,34,35,36,37,38,40,41,42,43,44,45,46",0,0,0,0,0,0,0,0,8,8,"0,0,0,0,0,0,0,0,0,0,0,0,0,0,0,0,0,0,0,0,0,0,0,0,0,0,0,0,0,0,0,0,0,0,0,0,0,0,0,0,0,0,0,0,0,0","32,36,42,42,42,40,38,36,32,28","9,1,7,3,5,8,6,8,3,4,2,3,10,6,4,6,1,10,6,9,5,1,7,6,4,5,8,7,3,9,2,1,5,8,7,6,10,3,9,2,3,7,2,10,4,5,9,6,4,6,10,7,1,8,2,5,5,8,9,4,2,1,7,7,4,8,5,3,8,9,10,4,8,3,10,1,9,5,6,7,2,5,6,3,4,6,1,5,2,7,4,9,3,7,4,1,2,3,10,9,5,3,9,4,3,1,5,8,2,3,1,7,10,6,8,7,9,4,3,7,2,5,6,9,4,8,10,10,3,1,6,7,2,8,2,4,8,3,10,6,9,5,4,5,7,9,10,8,4,6,5,1,2,8,2,1,6,2,3,6,4,7,5,4,5,2,6,1,8,9,3,7,10,4,6,5,3,7,8,1,4,5,2,3",1:M2 M17 M22 M32 M53 M62 M76 M87 M96 M106 M111 M130 M152 M156 M168 M180 | 2:M11 M31 M40 M43 M55 M61 M81 M89 M97 M109 M121 M133 M135 M153 M155 M158 M166 M183 | 3:M4 M9 M12 M29 M38 M41 M68 M74 M84 M93 M98 M102 M105 M110 M119 M129 M138 M159 M171 M177 M184 | 4:M10 M15 M25 M45 M49 M60 M65 M72 M85 M91 M95 M104 M118 M125 M136 M143 M149 M161 M164 M174 M181 | 5:M5 M21 M26 M33 M46 M56 M57 M67 M78 M82 M88 M101 M107 M122 M142 M144 M151 M163 M165 M176 M182 | 6:M7 M14 M16 M19 M24 M36 M48 M50 M79 M83 M86 M114 M123 M131 M140 M150 M157 M160 M167 M175 | 7:M3 M23 M28 M35 M42 M52 M63 M64 M80 M90 M94 M112 M116 M120 M132 M145 M162 M172 M178 | 8:M6 M8 M27 M34 M54 M58 M66 M69 M73 M108 M115 M126 M134 M137 M148 M154 M169 M179 | 9:M1 M20 M30 M39 M47 M59 M70 M77 M92 M100 M103 M117 M124 M141 M146 M170 | 10:M13 M18 M37 M44 M51 M71 M75 M99 M113 M127 M128 M139 M147 M173,,"domain reduction: sessions, fixed meetings, forbidden slots | precedence domain propagation: fixed point over direct edges | full precedence closure: cycle detection and graph statistics only | (20),(22)-(27) exactly once over reduced domains | (19) participant atMost-one per slot | (46),(47) clustered table capacity with full channeling | (28) traditional pairwise precedence over direct E | usedSlot channeling + exact per-idle-slot break cost | (43) exactly |Mp| reduced usedSlot variables | (44) atMost 2|L| busy participants per slot | (45) exact even number of busy participants | exact unary internal-idle counts and range objective over P*",,,result,64493,,0,64493
table03,tic-13crafb.original,tic-13crafb.original,SAT,OPTIMAL,0.484303,23197,64493,0,0,64493,,peak_process_tree_rss_mb,multiple,staircase,direct,yes,imp12+,lexicographic_internal_idle_range_pstar_then_idle_max_then_idle_sum,lexicographic,0,0,0,0,44,"1,2,3,4,5,6,7,8,9,10,11,12,13,14,15,16,17,18,19,20,21,22,24,25,26,27,28,29,30,31,32,33,34,35,36,37,38,40,41,42,43,44,45,46",0,0,0,0,0,0,0,0,8,8,"0,0,0,0,0,0,0,0,0,0,0,0,0,0,0,0,0,0,0,0,0,0,0,0,0,0,0,0,0,0,0,0,0,0,0,0,0,0,0,0,0,0,0,0,0,0","32,36,42,42,42,40,38,36,32,28","9,1,7,3,5,8,6,8,3,4,2,3,10,6,4,6,1,10,6,9,5,1,7,6,4,5,8,7,3,9,2,1,5,8,7,6,10,3,9,2,3,7,2,10,4,5,9,6,4,6,10,7,1,8,2,5,5,8,9,4,2,1,7,7,4,8,5,3,8,9,10,4,8,3,10,1,9,5,6,7,2,5,6,3,4,6,1,5,2,7,4,9,3,7,4,1,2,3,10,9,5,3,9,4,3,1,5,8,2,3,1,7,10,6,8,7,9,4,3,7,2,5,6,9,4,8,10,10,3,1,6,7,2,8,2,4,8,3,10,6,9,5,4,5,7,9,10,8,4,6,5,1,2,8,2,1,6,2,3,6,4,7,5,4,5,2,6,1,8,9,3,7,10,4,6,5,3,7,8,1,4,5,2,3",1:M2 M17 M22 M32 M53 M62 M76 M87 M96 M106 M111 M130 M152 M156 M168 M180 | 2:M11 M31 M40 M43 M55 M61 M81 M89 M97 M109 M121 M133 M135 M153 M155 M158 M166 M183 | 3:M4 M9 M12 M29 M38 M41 M68 M74 M84 M93 M98 M102 M105 M110 M119 M129 M138 M159 M171 M177 M184 | 4:M10 M15 M25 M45 M49 M60 M65 M72 M85 M91 M95 M104 M118 M125 M136 M143 M149 M161 M164 M174 M181 | 5:M5 M21 M26 M33 M46 M56 M57 M67 M78 M82 M88 M101 M107 M122 M142 M144 M151 M163 M165 M176 M182 | 6:M7 M14 M16 M19 M24 M36 M48 M50 M79 M83 M86 M114 M123 M131 M140 M150 M157 M160 M167 M175 | 7:M3 M23 M28 M35 M42 M52 M63 M64 M80 M90 M94 M112 M116 M120 M132 M145 M162 M172 M178 | 8:M6 M8 M27 M34 M54 M58 M66 M69 M73 M108 M115 M126 M134 M137 M148 M154 M169 M179 | 9:M1 M20 M30 M39 M47 M59 M70 M77 M92 M100 M103 M117 M124 M141 M146 M170 | 10:M13 M18 M37 M44 M51 M71 M75 M99 M113 M127 M128 M139 M147 M173,,"domain reduction: sessions, fixed meetings, forbidden slots | precedence domain propagation: fixed point over direct edges | full precedence closure: cycle detection and graph statistics only | (20),(22)-(27) exactly once over reduced domains | (19) participant atMost-one per slot | (46),(47) clustered table capacity with full channeling | (28) staircase/support precedence over reduced domains and direct E | usedSlot channeling + exact per-idle-slot break cost | (43) exactly |Mp| reduced usedSlot variables | (44) atMost 2|L| busy participants per slot | (45) exact even number of busy participants | exact unary internal-idle counts and range objective over P*",,,result,64493,,0,64493
table03,tic-13crafc.original,tic-13crafc.original,SAT,OPTIMAL,215.397793,24972,66748,0,0,66748,,peak_process_tree_rss_mb,multiple,traditional,direct,no,imp12+,lexicographic_internal_idle_range_pstar_then_idle_max_then_idle_sum,lexicographic,1,1,8,8,45,"1,3,4,5,6,7,8,9,10,11,12,13,14,15,16,17,18,19,20,21,22,23,24,25,26,27,28,29,30,31,32,33,34,35,36,37,38,40,41,42,43,44,45,46,47",8,1,1,1,0,0,0,0,6,6,"0,0,0,0,0,0,0,0,0,0,0,0,0,0,0,0,1,0,0,0,0,1,0,0,1,1,1,0,0,1,0,0,1,0,0,0,0,0,0,0,0,0,0,0,0,1,0","32,36,38,38,38,38,38,38,36,28","3,2,9,8,5,10,7,1,6,4,4,1,5,2,3,7,9,6,3,10,5,8,6,4,3,5,2,7,1,4,8,5,7,9,2,3,6,10,6,9,8,7,9,3,5,2,6,8,4,4,2,3,5,1,7,4,1,2,5,9,4,6,5,3,8,2,4,1,2,3,1,2,5,9,7,10,6,3,8,10,2,9,8,5,7,1,8,10,7,1,6,2,3,5,7,8,1,10,9,8,2,3,10,3,4,6,2,7,5,7,8,10,4,6,9,6,8,7,8,9,7,6,4,8,1,6,9,3,10,5,8,4,6,5,10,7,9,5,1,6,3,4,9,6,3,3,1,4,6,10,9,7,2,1,3,10,8,7,5,5,9,10,8,9,2,4,9,2,7,4,8,7,5,4,2,6,3,1,4,1",1:M8 M12 M29 M54 M57 M68 M71 M86 M90 M97 M125 M139 M147 M154 M178 M180 | 2:M2 M14 M27 M35 M46 M51 M58 M66 M69 M72 M81 M92 M101 M107 M153 M165 M168 M175 | 3:M1 M15 M19 M25 M36 M44 M52 M64 M70 M78 M93 M102 M104 M128 M141 M145 M146 M155 M177 | 4:M10 M11 M24 M30 M49 M50 M56 M61 M67 M105 M113 M123 M132 M142 M148 M166 M170 M174 M179 | 5:M5 M13 M21 M26 M32 M45 M53 M59 M63 M73 M84 M94 M109 M130 M134 M138 M159 M160 M173 | 6:M9 M18 M23 M37 M39 M47 M62 M77 M91 M106 M114 M116 M122 M126 M133 M140 M144 M149 M176 | 7:M7 M16 M28 M33 M42 M55 M75 M85 M89 M95 M108 M110 M118 M121 M136 M152 M158 M169 M172 | 8:M4 M22 M31 M41 M48 M65 M79 M83 M87 M96 M100 M111 M117 M119 M124 M131 M157 M163 M171 | 9:M3 M17 M34 M40 M43 M60 M74 M82 M99 M115 M120 M127 M137 M143 M151 M161 M164 M167 | 10:M6 M20 M38 M76 M80 M88 M98 M103 M112 M129 M135 M150 M156 M162,,"domain reduction: sessions, fixed meetings, forbidden slots | precedence domain propagation: fixed point over direct edges | full precedence closure: cycle detection and graph statistics only | (20),(22)-(27) exactly once over reduced domains | (19) participant atMost-one per slot | (46),(47) clustered table capacity with full channeling | (28) traditional pairwise precedence over direct E | usedSlot channeling + exact per-idle-slot break cost | (43) exactly |Mp| reduced usedSlot variables | (44) atMost 2|L| busy participants per slot | (45) exact even number of busy participants | exact unary internal-idle counts and range objective over P*",,,result,66748,,1,66748
table03,tic-13crafc.original,tic-13crafc.original,SAT,OPTIMAL,215.37304,24972,66748,0,0,66748,,peak_process_tree_rss_mb,multiple,staircase,direct,yes,imp12+,lexicographic_internal_idle_range_pstar_then_idle_max_then_idle_sum,lexicographic,1,1,8,8,45,"1,3,4,5,6,7,8,9,10,11,12,13,14,15,16,17,18,19,20,21,22,23,24,25,26,27,28,29,30,31,32,33,34,35,36,37,38,40,41,42,43,44,45,46,47",8,1,1,1,0,0,0,0,6,6,"0,0,0,0,0,0,0,0,0,0,0,0,0,0,0,0,1,0,0,0,0,1,0,0,1,1,1,0,0,1,0,0,1,0,0,0,0,0,0,0,0,0,0,0,0,1,0","32,36,38,38,38,38,38,38,36,28","3,2,9,8,5,10,7,1,6,4,4,1,5,2,3,7,9,6,3,10,5,8,6,4,3,5,2,7,1,4,8,5,7,9,2,3,6,10,6,9,8,7,9,3,5,2,6,8,4,4,2,3,5,1,7,4,1,2,5,9,4,6,5,3,8,2,4,1,2,3,1,2,5,9,7,10,6,3,8,10,2,9,8,5,7,1,8,10,7,1,6,2,3,5,7,8,1,10,9,8,2,3,10,3,4,6,2,7,5,7,8,10,4,6,9,6,8,7,8,9,7,6,4,8,1,6,9,3,10,5,8,4,6,5,10,7,9,5,1,6,3,4,9,6,3,3,1,4,6,10,9,7,2,1,3,10,8,7,5,5,9,10,8,9,2,4,9,2,7,4,8,7,5,4,2,6,3,1,4,1",1:M8 M12 M29 M54 M57 M68 M71 M86 M90 M97 M125 M139 M147 M154 M178 M180 | 2:M2 M14 M27 M35 M46 M51 M58 M66 M69 M72 M81 M92 M101 M107 M153 M165 M168 M175 | 3:M1 M15 M19 M25 M36 M44 M52 M64 M70 M78 M93 M102 M104 M128 M141 M145 M146 M155 M177 | 4:M10 M11 M24 M30 M49 M50 M56 M61 M67 M105 M113 M123 M132 M142 M148 M166 M170 M174 M179 | 5:M5 M13 M21 M26 M32 M45 M53 M59 M63 M73 M84 M94 M109 M130 M134 M138 M159 M160 M173 | 6:M9 M18 M23 M37 M39 M47 M62 M77 M91 M106 M114 M116 M122 M126 M133 M140 M144 M149 M176 | 7:M7 M16 M28 M33 M42 M55 M75 M85 M89 M95 M108 M110 M118 M121 M136 M152 M158 M169 M172 | 8:M4 M22 M31 M41 M48 M65 M79 M83 M87 M96 M100 M111 M117 M119 M124 M131 M157 M163 M171 | 9:M3 M17 M34 M40 M43 M60 M74 M82 M99 M115 M120 M127 M137 M143 M151 M161 M164 M167 | 10:M6 M20 M38 M76 M80 M88 M98 M103 M112 M129 M135 M150 M156 M162,,"domain reduction: sessions, fixed meetings, forbidden slots | precedence domain propagation: fixed point over direct edges | full precedence closure: cycle detection and graph statistics only | (20),(22)-(27) exactly once over reduced domains | (19) participant atMost-one per slot | (46),(47) clustered table capacity with full channeling | (28) staircase/support precedence over reduced domains and direct E | usedSlot channeling + exact per-idle-slot break cost | (43) exactly |Mp| reduced usedSlot variables | (44) atMost 2|L| busy participants per slot | (45) exact even number of busy participants | exact unary internal-idle counts and range objective over P*",,,result,66748,,1,66748
table03,tic-14crafa.original,tic-14crafa.original,SAT,OPTIMAL,0.702627,28369,81278,0,0,81278,,peak_process_tree_rss_mb,multiple,traditional,direct,no,imp12+,lexicographic_internal_idle_range_pstar_then_idle_max_then_idle_sum,lexicographic,0,0,0,0,59,"1,2,3,4,5,6,7,8,9,10,11,12,13,14,15,16,17,18,20,21,22,23,24,25,26,27,28,29,30,31,32,33,34,35,36,37,38,39,40,41,42,43,44,45,46,47,48,49,50,51,52,53,54,55,56,57,58,59,60",0,0,0,0,0,0,0,0,7,7,"0,0,0,0,0,0,0,0,0,0,0,0,0,0,0,0,0,0,0,0,0,0,0,0,0,0,0,0,0,0,0,0,0,0,0,0,0,0,0,0,0,0,0,0,0,0,0,0,0,0,0,0,0,0,0,0,0,0,0,0","34,40,48,52,54,54,54,52,46,40","7,4,9,5,8,1,2,10,1,9,5,9,2,3,7,6,1,4,5,8,2,5,3,2,8,3,6,4,5,6,9,4,1,5,3,5,1,4,7,8,3,7,8,10,1,6,9,7,10,4,6,2,8,3,5,6,1,4,8,9,7,6,3,2,1,5,4,7,10,8,1,6,5,10,2,4,6,7,4,8,10,2,1,3,9,5,2,5,3,4,6,7,7,3,5,4,6,8,10,9,3,2,6,8,5,6,8,5,7,4,10,9,5,4,9,2,7,8,3,10,6,7,6,8,3,4,9,8,7,6,7,8,5,8,6,10,2,3,9,1,7,5,3,9,8,4,9,4,5,1,10,1,4,3,7,5,2,9,8,6,4,1,7,6,2,5,8,3,10,10,9,8,1,5,10,6,7,4,2,8,9,8,9,3,2,10,6,5,8,7,10,9,9,1,6,8,3,10,7,9,4,10,9,1,6,7,5,3,4,2,6,3,7,5,4,10,7,5,2,9,8,7,10,6,3,5,4,2,6,4,2,7,3,6,4,3,7",1:M6 M9 M17 M33 M37 M45 M57 M65 M71 M83 M140 M150 M152 M162 M173 M194 M204 | 2:M7 M13 M21 M24 M52 M64 M75 M82 M87 M102 M116 M137 M157 M165 M179 M185 M210 M219 M228 M231 | 3:M14 M23 M26 M35 M41 M54 M63 M84 M89 M94 M101 M119 M125 M138 M143 M154 M168 M184 M197 M208 M212 M225 M233 M236 | 4:M2 M18 M28 M32 M38 M50 M58 M67 M76 M79 M90 M96 M110 M114 M126 M146 M148 M153 M161 M178 M201 M209 M215 M227 M230 M235 | 5:M4 M11 M19 M22 M29 M34 M36 M55 M66 M73 M86 M88 M95 M105 M108 M113 M133 M142 M149 M156 M166 M174 M188 M207 M214 M218 M226 | 6:M16 M27 M30 M46 M51 M56 M62 M72 M77 M91 M97 M103 M106 M121 M123 M130 M135 M160 M164 M176 M187 M195 M205 M211 M224 M229 M234 | 7:M1 M15 M39 M42 M48 M61 M68 M78 M92 M93 M109 M117 M122 M129 M131 M141 M155 M163 M177 M190 M199 M206 M213 M217 M222 M232 M237 | 8:M5 M20 M25 M40 M43 M53 M59 M70 M80 M98 M104 M107 M118 M124 M128 M132 M134 M145 M159 M167 M172 M180 M182 M189 M196 M221 | 9:M3 M10 M12 M31 M47 M60 M85 M100 M112 M115 M127 M139 M144 M147 M158 M171 M181 M183 M192 M193 M200 M203 M220 | 10:M8 M44 M49 M69 M74 M81 M99 M111 M120 M136 M151 M169 M170 M175 M186 M191 M198 M202 M216 M223,,"domain reduction: sessions, fixed meetings, forbidden slots | precedence domain propagation: fixed point over direct edges | full precedence closure: cycle detection and graph statistics only | (20),(22)-(27) exactly once over reduced domains | (19) participant atMost-one per slot | (46),(47) clustered table capacity with full channeling | (28) traditional pairwise precedence over direct E | usedSlot channeling + exact per-idle-slot break cost | (43) exactly |Mp| reduced usedSlot variables | (44) atMost 2|L| busy participants per slot | (45) exact even number of busy participants | exact unary internal-idle counts and range objective over P*",,,result,81278,,0,81278
table03,tic-14crafa.original,tic-14crafa.original,SAT,OPTIMAL,0.699404,28369,81278,0,0,81278,,peak_process_tree_rss_mb,multiple,staircase,direct,yes,imp12+,lexicographic_internal_idle_range_pstar_then_idle_max_then_idle_sum,lexicographic,0,0,0,0,59,"1,2,3,4,5,6,7,8,9,10,11,12,13,14,15,16,17,18,20,21,22,23,24,25,26,27,28,29,30,31,32,33,34,35,36,37,38,39,40,41,42,43,44,45,46,47,48,49,50,51,52,53,54,55,56,57,58,59,60",0,0,0,0,0,0,0,0,7,7,"0,0,0,0,0,0,0,0,0,0,0,0,0,0,0,0,0,0,0,0,0,0,0,0,0,0,0,0,0,0,0,0,0,0,0,0,0,0,0,0,0,0,0,0,0,0,0,0,0,0,0,0,0,0,0,0,0,0,0,0","34,40,48,52,54,54,54,52,46,40","7,4,9,5,8,1,2,10,1,9,5,9,2,3,7,6,1,4,5,8,2,5,3,2,8,3,6,4,5,6,9,4,1,5,3,5,1,4,7,8,3,7,8,10,1,6,9,7,10,4,6,2,8,3,5,6,1,4,8,9,7,6,3,2,1,5,4,7,10,8,1,6,5,10,2,4,6,7,4,8,10,2,1,3,9,5,2,5,3,4,6,7,7,3,5,4,6,8,10,9,3,2,6,8,5,6,8,5,7,4,10,9,5,4,9,2,7,8,3,10,6,7,6,8,3,4,9,8,7,6,7,8,5,8,6,10,2,3,9,1,7,5,3,9,8,4,9,4,5,1,10,1,4,3,7,5,2,9,8,6,4,1,7,6,2,5,8,3,10,10,9,8,1,5,10,6,7,4,2,8,9,8,9,3,2,10,6,5,8,7,10,9,9,1,6,8,3,10,7,9,4,10,9,1,6,7,5,3,4,2,6,3,7,5,4,10,7,5,2,9,8,7,10,6,3,5,4,2,6,4,2,7,3,6,4,3,7",1:M6 M9 M17 M33 M37 M45 M57 M65 M71 M83 M140 M150 M152 M162 M173 M194 M204 | 2:M7 M13 M21 M24 M52 M64 M75 M82 M87 M102 M116 M137 M157 M165 M179 M185 M210 M219 M228 M231 | 3:M14 M23 M26 M35 M41 M54 M63 M84 M89 M94 M101 M119 M125 M138 M143 M154 M168 M184 M197 M208 M212 M225 M233 M236 | 4:M2 M18 M28 M32 M38 M50 M58 M67 M76 M79 M90 M96 M110 M114 M126 M146 M148 M153 M161 M178 M201 M209 M215 M227 M230 M235 | 5:M4 M11 M19 M22 M29 M34 M36 M55 M66 M73 M86 M88 M95 M105 M108 M113 M133 M142 M149 M156 M166 M174 M188 M207 M214 M218 M226 | 6:M16 M27 M30 M46 M51 M56 M62 M72 M77 M91 M97 M103 M106 M121 M123 M130 M135 M160 M164 M176 M187 M195 M205 M211 M224 M229 M234 | 7:M1 M15 M39 M42 M48 M61 M68 M78 M92 M93 M109 M117 M122 M129 M131 M141 M155 M163 M177 M190 M199 M206 M213 M217 M222 M232 M237 | 8:M5 M20 M25 M40 M43 M53 M59 M70 M80 M98 M104 M107 M118 M124 M128 M132 M134 M145 M159 M167 M172 M180 M182 M189 M196 M221 | 9:M3 M10 M12 M31 M47 M60 M85 M100 M112 M115 M127 M139 M144 M147 M158 M171 M181 M183 M192 M193 M200 M203 M220 | 10:M8 M44 M49 M69 M74 M81 M99 M111 M120 M136 M151 M169 M170 M175 M186 M191 M198 M202 M216 M223,,"domain reduction: sessions, fixed meetings, forbidden slots | precedence domain propagation: fixed point over direct edges | full precedence closure: cycle detection and graph statistics only | (20),(22)-(27) exactly once over reduced domains | (19) participant atMost-one per slot | (46),(47) clustered table capacity with full channeling | (28) staircase/support precedence over reduced domains and direct E | usedSlot channeling + exact per-idle-slot break cost | (43) exactly |Mp| reduced usedSlot variables | (44) atMost 2|L| busy participants per slot | (45) exact even number of busy participants | exact unary internal-idle counts and range objective over P*",,,result,81278,,0,81278
table03,tic-14crafc.original,tic-14crafc.original,SAT,OPTIMAL,0.811277,28589,81758,0,0,81758,,peak_process_tree_rss_mb,multiple,traditional,direct,no,imp12+,lexicographic_internal_idle_range_pstar_then_idle_max_then_idle_sum,lexicographic,0,0,0,0,59,"1,2,3,4,5,6,7,8,9,10,11,12,13,14,15,16,17,18,20,21,22,23,24,25,26,27,28,29,30,31,32,33,34,35,36,37,38,39,40,41,42,43,44,45,46,47,48,49,50,51,52,53,54,55,56,57,58,59,60",0,0,0,0,0,0,0,0,7,7,"0,0,0,0,0,0,0,0,0,0,0,0,0,0,0,0,0,0,0,0,0,0,0,0,0,0,0,0,0,0,0,0,0,0,0,0,0,0,0,0,0,0,0,0,0,0,0,0,0,0,0,0,0,0,0,0,0,0,0,0","40,46,50,50,50,50,50,50,46,42","8,6,1,9,7,4,3,10,4,2,4,1,8,9,5,6,3,2,10,10,4,2,7,6,5,4,1,3,8,2,1,5,4,6,4,10,5,7,7,9,1,2,3,7,10,9,8,7,8,9,2,3,4,10,8,1,9,5,6,4,7,1,5,7,3,10,4,2,6,9,6,4,7,10,2,9,4,3,9,6,2,1,8,7,10,5,3,2,4,6,1,5,8,5,2,7,3,6,8,9,7,3,6,5,1,2,1,4,6,5,1,3,8,10,1,4,9,2,5,8,6,6,5,8,7,4,8,5,10,6,3,9,10,8,2,3,5,6,7,4,1,7,5,6,10,4,3,8,1,4,9,3,4,10,8,1,2,7,6,5,2,5,7,4,9,6,3,10,8,5,2,3,10,1,5,9,8,3,2,1,3,10,4,2,9,8,8,7,10,5,9,6,9,5,8,7,6,9,10,3,3,6,3,9,10,5,1,7,4,2,2,3,9,8,4,7,8,7,3,9,2,3,10,5,8,4,6,7,7,5,1,6,2,9,7,6,8",1:M3 M12 M27 M31 M41 M56 M62 M82 M91 M105 M107 M111 M115 M141 M149 M156 M174 M180 M207 M231 | 2:M10 M18 M22 M30 M42 M51 M68 M75 M81 M88 M95 M106 M118 M135 M157 M161 M171 M179 M184 M210 M211 M221 M233 | 3:M7 M17 M28 M43 M52 M65 M78 M87 M97 M102 M112 M131 M136 M147 M152 M167 M172 M178 M181 M200 M201 M203 M212 M219 M222 | 4:M6 M9 M11 M21 M26 M33 M35 M53 M60 M67 M72 M77 M89 M108 M116 M126 M140 M146 M150 M153 M164 M183 M209 M215 M226 | 5:M15 M25 M32 M37 M58 M63 M86 M92 M94 M104 M110 M119 M123 M128 M137 M143 M160 M162 M170 M175 M190 M194 M206 M224 M230 | 6:M2 M16 M24 M34 M59 M69 M71 M80 M90 M98 M103 M109 M121 M122 M130 M138 M144 M159 M166 M192 M197 M202 M227 M232 M236 | 7:M5 M23 M38 M39 M44 M48 M61 M64 M73 M84 M96 M101 M125 M139 M142 M158 M163 M188 M196 M208 M216 M218 M228 M229 M235 | 8:M1 M13 M29 M47 M49 M55 M83 M93 M99 M113 M120 M124 M127 M134 M148 M155 M169 M177 M186 M187 M195 M214 M217 M225 M237 | 9:M4 M14 M40 M46 M50 M57 M70 M76 M79 M100 M117 M132 M151 M165 M176 M185 M191 M193 M198 M204 M213 M220 M234 | 10:M8 M19 M20 M36 M45 M54 M66 M74 M85 M114 M129 M133 M145 M154 M168 M173 M182 M189 M199 M205 M223,,"domain reduction: sessions, fixed meetings, forbidden slots | precedence domain propagation: fixed point over direct edges | full precedence closure: cycle detection and graph statistics only | (20),(22)-(27) exactly once over reduced domains | (19) participant atMost-one per slot | (46),(47) clustered table capacity with full channeling | (28) traditional pairwise precedence over direct E | usedSlot channeling + exact per-idle-slot break cost | (43) exactly |Mp| reduced usedSlot variables | (44) atMost 2|L| busy participants per slot | (45) exact even number of busy participants | exact unary internal-idle counts and range objective over P*",,,result,81758,,0,81758
table03,tic-14crafc.original,tic-14crafc.original,SAT,OPTIMAL,0.812444,28589,81758,0,0,81758,,peak_process_tree_rss_mb,multiple,staircase,direct,yes,imp12+,lexicographic_internal_idle_range_pstar_then_idle_max_then_idle_sum,lexicographic,0,0,0,0,59,"1,2,3,4,5,6,7,8,9,10,11,12,13,14,15,16,17,18,20,21,22,23,24,25,26,27,28,29,30,31,32,33,34,35,36,37,38,39,40,41,42,43,44,45,46,47,48,49,50,51,52,53,54,55,56,57,58,59,60",0,0,0,0,0,0,0,0,7,7,"0,0,0,0,0,0,0,0,0,0,0,0,0,0,0,0,0,0,0,0,0,0,0,0,0,0,0,0,0,0,0,0,0,0,0,0,0,0,0,0,0,0,0,0,0,0,0,0,0,0,0,0,0,0,0,0,0,0,0,0","40,46,50,50,50,50,50,50,46,42","8,6,1,9,7,4,3,10,4,2,4,1,8,9,5,6,3,2,10,10,4,2,7,6,5,4,1,3,8,2,1,5,4,6,4,10,5,7,7,9,1,2,3,7,10,9,8,7,8,9,2,3,4,10,8,1,9,5,6,4,7,1,5,7,3,10,4,2,6,9,6,4,7,10,2,9,4,3,9,6,2,1,8,7,10,5,3,2,4,6,1,5,8,5,2,7,3,6,8,9,7,3,6,5,1,2,1,4,6,5,1,3,8,10,1,4,9,2,5,8,6,6,5,8,7,4,8,5,10,6,3,9,10,8,2,3,5,6,7,4,1,7,5,6,10,4,3,8,1,4,9,3,4,10,8,1,2,7,6,5,2,5,7,4,9,6,3,10,8,5,2,3,10,1,5,9,8,3,2,1,3,10,4,2,9,8,8,7,10,5,9,6,9,5,8,7,6,9,10,3,3,6,3,9,10,5,1,7,4,2,2,3,9,8,4,7,8,7,3,9,2,3,10,5,8,4,6,7,7,5,1,6,2,9,7,6,8",1:M3 M12 M27 M31 M41 M56 M62 M82 M91 M105 M107 M111 M115 M141 M149 M156 M174 M180 M207 M231 | 2:M10 M18 M22 M30 M42 M51 M68 M75 M81 M88 M95 M106 M118 M135 M157 M161 M171 M179 M184 M210 M211 M221 M233 | 3:M7 M17 M28 M43 M52 M65 M78 M87 M97 M102 M112 M131 M136 M147 M152 M167 M172 M178 M181 M200 M201 M203 M212 M219 M222 | 4:M6 M9 M11 M21 M26 M33 M35 M53 M60 M67 M72 M77 M89 M108 M116 M126 M140 M146 M150 M153 M164 M183 M209 M215 M226 | 5:M15 M25 M32 M37 M58 M63 M86 M92 M94 M104 M110 M119 M123 M128 M137 M143 M160 M162 M170 M175 M190 M194 M206 M224 M230 | 6:M2 M16 M24 M34 M59 M69 M71 M80 M90 M98 M103 M109 M121 M122 M130 M138 M144 M159 M166 M192 M197 M202 M227 M232 M236 | 7:M5 M23 M38 M39 M44 M48 M61 M64 M73 M84 M96 M101 M125 M139 M142 M158 M163 M188 M196 M208 M216 M218 M228 M229 M235 | 8:M1 M13 M29 M47 M49 M55 M83 M93 M99 M113 M120 M124 M127 M134 M148 M155 M169 M177 M186 M187 M195 M214 M217 M225 M237 | 9:M4 M14 M40 M46 M50 M57 M70 M76 M79 M100 M117 M132 M151 M165 M176 M185 M191 M193 M198 M204 M213 M220 M234 | 10:M8 M19 M20 M36 M45 M54 M66 M74 M85 M114 M129 M133 M145 M154 M168 M173 M182 M189 M199 M205 M223,,"domain reduction: sessions, fixed meetings, forbidden slots | precedence domain propagation: fixed point over direct edges | full precedence closure: cycle detection and graph statistics only | (20),(22)-(27) exactly once over reduced domains | (19) participant atMost-one per slot | (46),(47) clustered table capacity with full channeling | (28) staircase/support precedence over reduced domains and direct E | usedSlot channeling + exact per-idle-slot break cost | (43) exactly |Mp| reduced usedSlot variables | (44) atMost 2|L| busy participants per slot | (45) exact even number of busy participants | exact unary internal-idle counts and range objective over P*",,,result,81758,,0,81758
table03,tic-14crafd.original,tic-14crafd.original,SAT,OPTIMAL,0.903678,28267,81105,0,0,81105,,peak_process_tree_rss_mb,multiple,traditional,direct,no,imp12+,lexicographic_internal_idle_range_pstar_then_idle_max_then_idle_sum,lexicographic,0,0,0,0,59,"1,2,3,4,5,6,7,8,9,10,11,12,13,14,15,16,17,18,20,21,22,23,24,25,26,27,28,29,30,31,32,33,34,35,36,37,38,39,40,41,42,43,44,45,46,47,48,49,50,51,52,53,54,55,56,57,58,59,60",0,0,0,0,0,0,0,0,8,8,"0,0,0,0,0,0,0,0,0,0,0,0,0,0,0,0,0,0,0,0,0,0,0,0,0,0,0,0,0,0,0,0,0,0,0,0,0,0,0,0,0,0,0,0,0,0,0,0,0,0,0,0,0,0,0,0,0,0,0,0","44,48,48,48,50,50,50,50,44,40","3,5,6,2,10,8,9,4,6,1,5,7,8,7,4,3,2,5,10,1,6,8,10,1,6,7,2,2,8,1,7,2,4,8,9,1,3,6,4,6,6,7,9,4,3,2,10,8,7,5,3,6,4,10,1,3,5,4,9,1,8,2,5,6,10,1,7,9,8,3,2,4,8,6,7,1,4,8,3,9,5,2,7,4,10,1,6,1,5,7,2,4,6,3,8,2,3,9,5,7,2,3,5,4,9,8,5,3,2,1,4,2,9,4,5,7,8,1,10,2,9,7,3,7,6,4,2,8,5,9,1,3,10,5,3,10,2,4,1,6,8,9,8,4,1,7,5,6,9,10,10,8,9,2,4,1,5,3,6,7,3,1,5,4,9,7,10,7,8,6,9,4,10,6,7,9,5,10,3,4,8,6,7,3,2,4,7,6,5,9,10,8,3,5,2,9,7,3,1,6,10,2,10,8,1,5,7,3,9,6,9,6,8,10,5,8,5,4,7,3,9,1,2,6,10,5,3,4,8,6,2,1,7,2,8,5",1:M10 M20 M24 M30 M36 M55 M60 M66 M76 M86 M88 M110 M118 M131 M139 M145 M156 M162 M199 M205 M222 M232 | 2:M4 M17 M27 M28 M32 M46 M62 M71 M82 M91 M96 M101 M109 M112 M120 M127 M137 M154 M185 M195 M202 M223 M231 M234 | 3:M1 M16 M37 M45 M51 M56 M70 M79 M94 M97 M102 M108 M123 M132 M135 M158 M161 M179 M184 M193 M198 M208 M220 M227 | 4:M8 M15 M33 M39 M44 M53 M58 M72 M77 M84 M92 M104 M111 M114 M126 M138 M144 M155 M164 M172 M180 M186 M218 M228 | 5:M2 M11 M18 M50 M57 M63 M81 M89 M99 M103 M107 M115 M129 M134 M147 M157 M163 M177 M189 M194 M206 M215 M217 M226 M236 | 6:M3 M9 M21 M25 M38 M40 M41 M52 M64 M74 M87 M93 M125 M140 M148 M159 M170 M174 M182 M188 M200 M210 M212 M224 M230 | 7:M12 M14 M26 M31 M42 M49 M67 M75 M83 M90 M100 M116 M122 M124 M146 M160 M166 M168 M175 M183 M187 M197 M207 M219 M233 | 8:M6 M13 M22 M29 M34 M48 M61 M69 M73 M78 M95 M106 M117 M128 M141 M143 M152 M169 M181 M192 M204 M213 M216 M229 M235 | 9:M7 M35 M43 M59 M68 M80 M98 M105 M113 M121 M130 M142 M149 M153 M165 M171 M176 M190 M196 M209 M211 M221 | 10:M5 M19 M23 M47 M54 M65 M85 M119 M133 M136 M150 M151 M167 M173 M178 M191 M201 M203 M214 M225,,"domain reduction: sessions, fixed meetings, forbidden slots | precedence domain propagation: fixed point over direct edges | full precedence closure: cycle detection and graph statistics only | (20),(22)-(27) exactly once over reduced domains | (19) participant atMost-one per slot | (46),(47) clustered table capacity with full channeling | (28) traditional pairwise precedence over direct E | usedSlot channeling + exact per-idle-slot break cost | (43) exactly |Mp| reduced usedSlot variables | (44) atMost 2|L| busy participants per slot | (45) exact even number of busy participants | exact unary internal-idle counts and range objective over P*",,,result,81105,,0,81105
table03,tic-14crafd.original,tic-14crafd.original,SAT,OPTIMAL,0.916669,28267,81105,0,0,81105,,peak_process_tree_rss_mb,multiple,staircase,direct,yes,imp12+,lexicographic_internal_idle_range_pstar_then_idle_max_then_idle_sum,lexicographic,0,0,0,0,59,"1,2,3,4,5,6,7,8,9,10,11,12,13,14,15,16,17,18,20,21,22,23,24,25,26,27,28,29,30,31,32,33,34,35,36,37,38,39,40,41,42,43,44,45,46,47,48,49,50,51,52,53,54,55,56,57,58,59,60",0,0,0,0,0,0,0,0,8,8,"0,0,0,0,0,0,0,0,0,0,0,0,0,0,0,0,0,0,0,0,0,0,0,0,0,0,0,0,0,0,0,0,0,0,0,0,0,0,0,0,0,0,0,0,0,0,0,0,0,0,0,0,0,0,0,0,0,0,0,0","44,48,48,48,50,50,50,50,44,40","3,5,6,2,10,8,9,4,6,1,5,7,8,7,4,3,2,5,10,1,6,8,10,1,6,7,2,2,8,1,7,2,4,8,9,1,3,6,4,6,6,7,9,4,3,2,10,8,7,5,3,6,4,10,1,3,5,4,9,1,8,2,5,6,10,1,7,9,8,3,2,4,8,6,7,1,4,8,3,9,5,2,7,4,10,1,6,1,5,7,2,4,6,3,8,2,3,9,5,7,2,3,5,4,9,8,5,3,2,1,4,2,9,4,5,7,8,1,10,2,9,7,3,7,6,4,2,8,5,9,1,3,10,5,3,10,2,4,1,6,8,9,8,4,1,7,5,6,9,10,10,8,9,2,4,1,5,3,6,7,3,1,5,4,9,7,10,7,8,6,9,4,10,6,7,9,5,10,3,4,8,6,7,3,2,4,7,6,5,9,10,8,3,5,2,9,7,3,1,6,10,2,10,8,1,5,7,3,9,6,9,6,8,10,5,8,5,4,7,3,9,1,2,6,10,5,3,4,8,6,2,1,7,2,8,5",1:M10 M20 M24 M30 M36 M55 M60 M66 M76 M86 M88 M110 M118 M131 M139 M145 M156 M162 M199 M205 M222 M232 | 2:M4 M17 M27 M28 M32 M46 M62 M71 M82 M91 M96 M101 M109 M112 M120 M127 M137 M154 M185 M195 M202 M223 M231 M234 | 3:M1 M16 M37 M45 M51 M56 M70 M79 M94 M97 M102 M108 M123 M132 M135 M158 M161 M179 M184 M193 M198 M208 M220 M227 | 4:M8 M15 M33 M39 M44 M53 M58 M72 M77 M84 M92 M104 M111 M114 M126 M138 M144 M155 M164 M172 M180 M186 M218 M228 | 5:M2 M11 M18 M50 M57 M63 M81 M89 M99 M103 M107 M115 M129 M134 M147 M157 M163 M177 M189 M194 M206 M215 M217 M226 M236 | 6:M3 M9 M21 M25 M38 M40 M41 M52 M64 M74 M87 M93 M125 M140 M148 M159 M170 M174 M182 M188 M200 M210 M212 M224 M230 | 7:M12 M14 M26 M31 M42 M49 M67 M75 M83 M90 M100 M116 M122 M124 M146 M160 M166 M168 M175 M183 M187 M197 M207 M219 M233 | 8:M6 M13 M22 M29 M34 M48 M61 M69 M73 M78 M95 M106 M117 M128 M141 M143 M152 M169 M181 M192 M204 M213 M216 M229 M235 | 9:M7 M35 M43 M59 M68 M80 M98 M105 M113 M121 M130 M142 M149 M153 M165 M171 M176 M190 M196 M209 M211 M221 | 10:M5 M19 M23 M47 M54 M65 M85 M119 M133 M136 M150 M151 M167 M173 M178 M191 M201 M203 M214 M225,,"domain reduction: sessions, fixed meetings, forbidden slots | precedence domain propagation: fixed point over direct edges | full precedence closure: cycle detection and graph statistics only | (20),(22)-(27) exactly once over reduced domains | (19) participant atMost-one per slot | (46),(47) clustered table capacity with full channeling | (28) staircase/support precedence over reduced domains and direct E | usedSlot channeling + exact per-idle-slot break cost | (43) exactly |Mp| reduced usedSlot variables | (44) atMost 2|L| busy participants per slot | (45) exact even number of busy participants | exact unary internal-idle counts and range objective over P*",,,result,81105,,0,81105
table03,ticf-13crafa.original,ticf-13crafa.original,SAT,OPTIMAL,7.409814,87052,208120,0,0,208120,,peak_process_tree_rss_mb,multiple,traditional,direct,no,imp12+,lexicographic_internal_idle_range_pstar_then_idle_max_then_idle_sum,lexicographic,0,0,0,0,58,"1,2,3,4,5,6,7,8,9,10,11,12,13,14,15,16,18,19,23,24,25,26,27,28,29,30,31,32,33,34,35,36,37,38,39,40,41,42,44,45,46,47,48,49,50,52,53,54,56,57,59,60,62,63,64,65,66,70",0,0,0,0,0,0,0,0,19,19,"0,0,0,0,0,0,0,0,0,0,0,0,0,0,0,0,0,0,0,0,0,0,0,0,0,0,0,0,0,0,0,0,0,0,0,0,0,0,0,0,0,0,0,0,0,0,0,0,0,0,0,0,0,0,0,0,0,0,0,0,0,0,0,0,0,0,0,0,0,0","8,10,20,24,28,28,28,28,26,28,22,22,20,10,4,2,0,0,0,0,0","4,9,3,6,11,8,10,5,7,14,5,8,7,4,1,3,6,2,2,6,5,1,4,3,5,6,8,5,7,10,9,6,4,10,8,12,9,7,13,11,12,13,14,16,15,7,8,12,10,7,8,6,12,5,9,13,11,11,13,10,12,4,7,3,5,6,4,1,4,10,9,8,6,7,3,2,5,9,7,12,11,13,8,4,10,5,3,6,5,12,9,8,6,7,14,13,11,10,13,8,10,12,11,9,4,6,7,3,2,9,10,8,5,5,10,9,4,7,11,3,6,9,3,12,14,11,5,7,6,4,10,13,8,3,11,2,6,7,1,15,14,9,10,4,5,13,12,8,13,11,8,12,10,9",1:M15 M22 M68 M139 | 2:M18 M19 M76 M109 M136 | 3:M3 M16 M24 M64 M75 M87 M108 M120 M123 M134 | 4:M1 M14 M23 M33 M62 M67 M69 M84 M105 M117 M130 M144 | 5:M8 M11 M21 M25 M28 M54 M65 M77 M86 M89 M113 M114 M127 M145 | 6:M4 M17 M20 M26 M32 M52 M66 M73 M88 M93 M106 M121 M129 M137 | 7:M9 M13 M29 M38 M46 M50 M63 M74 M79 M94 M107 M118 M128 M138 | 8:M6 M12 M27 M35 M47 M51 M72 M83 M92 M100 M112 M133 M148 M151 | 9:M2 M31 M37 M55 M71 M78 M91 M104 M110 M116 M122 M142 M154 | 10:M7 M30 M34 M49 M60 M70 M85 M98 M101 M111 M115 M131 M143 M153 | 11:M5 M40 M57 M58 M81 M97 M103 M119 M126 M135 M150 | 12:M36 M41 M48 M53 M61 M80 M90 M102 M124 M147 M152 | 13:M39 M42 M56 M59 M82 M96 M99 M132 M146 M149 | 14:M10 M43 M95 M125 M141 | 15:M45 M140 | 16:M44 | 17: | 18: | 19: | 20: | 21:,,"domain reduction: sessions, fixed meetings, forbidden slots | precedence domain propagation: fixed point over direct edges | full precedence closure: cycle detection and graph statistics only | (20),(22)-(27) exactly once over reduced domains | (19) participant atMost-one per slot | (46),(47) clustered table capacity with full channeling | (28) traditional pairwise precedence over direct E | usedSlot channeling + exact per-idle-slot break cost | (43) exactly |Mp| reduced usedSlot variables | (44) atMost 2|L| busy participants per slot | (45) exact even number of busy participants | exact unary internal-idle counts and range objective over P*",,,result,208120,,0,208120
table03,ticf-13crafa.original,ticf-13crafa.original,SAT,OPTIMAL,7.391877,87052,208120,0,0,208120,,peak_process_tree_rss_mb,multiple,staircase,direct,yes,imp12+,lexicographic_internal_idle_range_pstar_then_idle_max_then_idle_sum,lexicographic,0,0,0,0,58,"1,2,3,4,5,6,7,8,9,10,11,12,13,14,15,16,18,19,23,24,25,26,27,28,29,30,31,32,33,34,35,36,37,38,39,40,41,42,44,45,46,47,48,49,50,52,53,54,56,57,59,60,62,63,64,65,66,70",0,0,0,0,0,0,0,0,19,19,"0,0,0,0,0,0,0,0,0,0,0,0,0,0,0,0,0,0,0,0,0,0,0,0,0,0,0,0,0,0,0,0,0,0,0,0,0,0,0,0,0,0,0,0,0,0,0,0,0,0,0,0,0,0,0,0,0,0,0,0,0,0,0,0,0,0,0,0,0,0","8,10,20,24,28,28,28,28,26,28,22,22,20,10,4,2,0,0,0,0,0","4,9,3,6,11,8,10,5,7,14,5,8,7,4,1,3,6,2,2,6,5,1,4,3,5,6,8,5,7,10,9,6,4,10,8,12,9,7,13,11,12,13,14,16,15,7,8,12,10,7,8,6,12,5,9,13,11,11,13,10,12,4,7,3,5,6,4,1,4,10,9,8,6,7,3,2,5,9,7,12,11,13,8,4,10,5,3,6,5,12,9,8,6,7,14,13,11,10,13,8,10,12,11,9,4,6,7,3,2,9,10,8,5,5,10,9,4,7,11,3,6,9,3,12,14,11,5,7,6,4,10,13,8,3,11,2,6,7,1,15,14,9,10,4,5,13,12,8,13,11,8,12,10,9",1:M15 M22 M68 M139 | 2:M18 M19 M76 M109 M136 | 3:M3 M16 M24 M64 M75 M87 M108 M120 M123 M134 | 4:M1 M14 M23 M33 M62 M67 M69 M84 M105 M117 M130 M144 | 5:M8 M11 M21 M25 M28 M54 M65 M77 M86 M89 M113 M114 M127 M145 | 6:M4 M17 M20 M26 M32 M52 M66 M73 M88 M93 M106 M121 M129 M137 | 7:M9 M13 M29 M38 M46 M50 M63 M74 M79 M94 M107 M118 M128 M138 | 8:M6 M12 M27 M35 M47 M51 M72 M83 M92 M100 M112 M133 M148 M151 | 9:M2 M31 M37 M55 M71 M78 M91 M104 M110 M116 M122 M142 M154 | 10:M7 M30 M34 M49 M60 M70 M85 M98 M101 M111 M115 M131 M143 M153 | 11:M5 M40 M57 M58 M81 M97 M103 M119 M126 M135 M150 | 12:M36 M41 M48 M53 M61 M80 M90 M102 M124 M147 M152 | 13:M39 M42 M56 M59 M82 M96 M99 M132 M146 M149 | 14:M10 M43 M95 M125 M141 | 15:M45 M140 | 16:M44 | 17: | 18: | 19: | 20: | 21:,,"domain reduction: sessions, fixed meetings, forbidden slots | precedence domain propagation: fixed point over direct edges | full precedence closure: cycle detection and graph statistics only | (20),(22)-(27) exactly once over reduced domains | (19) participant atMost-one per slot | (46),(47) clustered table capacity with full channeling | (28) staircase/support precedence over reduced domains and direct E | usedSlot channeling + exact per-idle-slot break cost | (43) exactly |Mp| reduced usedSlot variables | (44) atMost 2|L| busy participants per slot | (45) exact even number of busy participants | exact unary internal-idle counts and range objective over P*",,,result,208120,,0,208120
table03,ticf-13crafb.original,ticf-13crafb.original,TIMEOUT,TIMEOUT,3600.011516,104066,257521,0,0,257521,,peak_process_tree_rss_mb,multiple,traditional,direct,no,imp12+,lexicographic_internal_idle_range_pstar_then_idle_max_then_idle_sum,lexicographic,,,,,56,"1,2,3,4,7,8,9,10,12,13,14,15,16,17,18,19,20,21,22,23,24,25,26,28,29,30,31,32,33,36,37,38,39,40,41,42,43,44,45,47,48,51,53,54,56,57,58,59,60,61,62,63,64,65,66,76",,,,,0,0,0,0,20,1334,,,,,,,,,,,,,257521
table03,ticf-13crafb.original,ticf-13crafb.original,TIMEOUT,TIMEOUT,3600.010869,104066,257521,0,0,257521,,peak_process_tree_rss_mb,multiple,staircase,direct,yes,imp12+,lexicographic_internal_idle_range_pstar_then_idle_max_then_idle_sum,lexicographic,,,,,56,"1,2,3,4,7,8,9,10,12,13,14,15,16,17,18,19,20,21,22,23,24,25,26,28,29,30,31,32,33,36,37,38,39,40,41,42,43,44,45,47,48,51,53,54,56,57,58,59,60,61,62,63,64,65,66,76",,,,,0,0,0,0,20,1334,,,,,,,,,,,,,257521
table03,ticf-13crafc.original,ticf-13crafc.original,SAT,OPTIMAL,24.882298,87182,208432,0,0,208432,,peak_process_tree_rss_mb,multiple,traditional,direct,no,imp12+,lexicographic_internal_idle_range_pstar_then_idle_max_then_idle_sum,lexicographic,1,1,58,58,58,"1,2,3,4,5,6,7,8,9,10,11,12,13,14,15,16,18,19,23,24,25,26,27,28,29,30,31,32,33,34,35,36,37,38,39,40,41,42,44,45,46,47,48,49,50,52,53,54,56,57,59,60,62,63,64,65,66,70",58,0,0,1,0,0,0,0,19,19,"1,1,1,1,1,1,1,1,1,1,1,1,1,1,1,1,0,1,1,0,0,0,1,1,1,1,1,1,1,1,1,1,1,1,1,1,1,1,1,1,1,1,0,1,1,1,1,1,1,1,0,1,1,1,0,1,1,0,1,1,0,1,1,1,1,1,0,0,0,1","10,10,14,18,22,24,24,24,24,24,24,24,24,14,10,10,4,2,2,0,0","5,9,2,3,10,4,8,1,7,14,12,10,17,9,14,16,13,15,3,6,4,1,7,5,9,8,11,7,6,12,8,10,13,10,5,11,9,6,12,7,13,12,14,15,16,11,6,9,9,12,10,8,11,5,13,14,7,9,12,11,13,13,3,6,8,5,4,3,4,11,7,2,10,6,5,1,8,8,6,10,11,13,4,3,12,2,9,5,7,13,12,16,6,14,15,9,8,11,13,8,7,11,12,10,4,9,8,13,11,5,6,12,10,4,6,7,2,9,5,1,3,19,15,18,17,16,7,13,11,12,14,8,10,6,14,5,2,11,12,16,8,1,10,4,3,13,7,15,9,5,7,10,4,6",1:M8 M22 M76 M120 M142 | 2:M3 M72 M86 M117 M137 | 3:M4 M19 M63 M68 M84 M121 M145 | 4:M6 M21 M67 M69 M83 M105 M114 M144 M153 | 5:M1 M24 M35 M54 M66 M75 M88 M110 M119 M136 M150 | 6:M20 M29 M38 M47 M64 M74 M79 M93 M111 M115 M134 M154 | 7:M9 M23 M28 M40 M57 M71 M89 M101 M116 M127 M147 M151 | 8:M7 M26 M31 M52 M65 M77 M78 M97 M100 M107 M132 M141 | 9:M2 M14 M25 M37 M48 M49 M58 M87 M96 M106 M118 M149 | 10:M5 M12 M32 M34 M51 M73 M80 M104 M113 M133 M143 M152 | 11:M27 M36 M46 M53 M60 M70 M81 M98 M102 M109 M129 M138 | 12:M11 M30 M39 M42 M50 M59 M85 M91 M103 M112 M130 M139 | 13:M17 M33 M41 M55 M61 M62 M82 M90 M99 M108 M128 M146 | 14:M10 M15 M43 M56 M94 M131 M135 | 15:M18 M44 M95 M123 M148 | 16:M16 M45 M92 M126 M140 | 17:M13 M125 | 18:M124 | 19:M122 | 20: | 21:,,"domain reduction: sessions, fixed meetings, forbidden slots | precedence domain propagation: fixed point over direct edges | full precedence closure: cycle detection and graph statistics only | (20),(22)-(27) exactly once over reduced domains | (19) participant atMost-one per slot | (46),(47) clustered table capacity with full channeling | (28) traditional pairwise precedence over direct E | usedSlot channeling + exact per-idle-slot break cost | (43) exactly |Mp| reduced usedSlot variables | (44) atMost 2|L| busy participants per slot | (45) exact even number of busy participants | exact unary internal-idle counts and range objective over P*",,,result,208432,,0,208432
table03,ticf-13crafc.original,ticf-13crafc.original,SAT,OPTIMAL,24.858952,87182,208432,0,0,208432,,peak_process_tree_rss_mb,multiple,staircase,direct,yes,imp12+,lexicographic_internal_idle_range_pstar_then_idle_max_then_idle_sum,lexicographic,1,1,58,58,58,"1,2,3,4,5,6,7,8,9,10,11,12,13,14,15,16,18,19,23,24,25,26,27,28,29,30,31,32,33,34,35,36,37,38,39,40,41,42,44,45,46,47,48,49,50,52,53,54,56,57,59,60,62,63,64,65,66,70",58,0,0,1,0,0,0,0,19,19,"1,1,1,1,1,1,1,1,1,1,1,1,1,1,1,1,0,1,1,0,0,0,1,1,1,1,1,1,1,1,1,1,1,1,1,1,1,1,1,1,1,1,0,1,1,1,1,1,1,1,0,1,1,1,0,1,1,0,1,1,0,1,1,1,1,1,0,0,0,1","10,10,14,18,22,24,24,24,24,24,24,24,24,14,10,10,4,2,2,0,0","5,9,2,3,10,4,8,1,7,14,12,10,17,9,14,16,13,15,3,6,4,1,7,5,9,8,11,7,6,12,8,10,13,10,5,11,9,6,12,7,13,12,14,15,16,11,6,9,9,12,10,8,11,5,13,14,7,9,12,11,13,13,3,6,8,5,4,3,4,11,7,2,10,6,5,1,8,8,6,10,11,13,4,3,12,2,9,5,7,13,12,16,6,14,15,9,8,11,13,8,7,11,12,10,4,9,8,13,11,5,6,12,10,4,6,7,2,9,5,1,3,19,15,18,17,16,7,13,11,12,14,8,10,6,14,5,2,11,12,16,8,1,10,4,3,13,7,15,9,5,7,10,4,6",1:M8 M22 M76 M120 M142 | 2:M3 M72 M86 M117 M137 | 3:M4 M19 M63 M68 M84 M121 M145 | 4:M6 M21 M67 M69 M83 M105 M114 M144 M153 | 5:M1 M24 M35 M54 M66 M75 M88 M110 M119 M136 M150 | 6:M20 M29 M38 M47 M64 M74 M79 M93 M111 M115 M134 M154 | 7:M9 M23 M28 M40 M57 M71 M89 M101 M116 M127 M147 M151 | 8:M7 M26 M31 M52 M65 M77 M78 M97 M100 M107 M132 M141 | 9:M2 M14 M25 M37 M48 M49 M58 M87 M96 M106 M118 M149 | 10:M5 M12 M32 M34 M51 M73 M80 M104 M113 M133 M143 M152 | 11:M27 M36 M46 M53 M60 M70 M81 M98 M102 M109 M129 M138 | 12:M11 M30 M39 M42 M50 M59 M85 M91 M103 M112 M130 M139 | 13:M17 M33 M41 M55 M61 M62 M82 M90 M99 M108 M128 M146 | 14:M10 M15 M43 M56 M94 M131 M135 | 15:M18 M44 M95 M123 M148 | 16:M16 M45 M92 M126 M140 | 17:M13 M125 | 18:M124 | 19:M122 | 20: | 21:,,"domain reduction: sessions, fixed meetings, forbidden slots | precedence domain propagation: fixed point over direct edges | full precedence closure: cycle detection and graph statistics only | (20),(22)-(27) exactly once over reduced domains | (19) participant atMost-one per slot | (46),(47) clustered table capacity with full channeling | (28) staircase/support precedence over reduced domains and direct E | usedSlot channeling + exact per-idle-slot break cost | (43) exactly |Mp| reduced usedSlot variables | (44) atMost 2|L| busy participants per slot | (45) exact even number of busy participants | exact unary internal-idle counts and range objective over P*",,,result,208432,,0,208432
table03,ticf-14crafa.original,ticf-14crafa.original,SAT,OPTIMAL,30.592483,154663,394419,0,0,394419,,peak_process_tree_rss_mb,multiple,traditional,direct,no,imp12+,lexicographic_internal_idle_range_pstar_then_idle_max_then_idle_sum,lexicographic,0,0,0,0,72,"1,2,3,4,5,6,8,9,11,12,14,17,19,20,21,22,23,24,25,26,27,28,29,30,31,32,33,34,35,36,37,38,39,40,41,42,43,44,45,46,47,48,49,50,51,52,53,54,55,56,57,58,59,60,61,62,63,64,65,66,67,68,69,70,71,72,73,74,75,76,77,78",0,0,0,0,0,0,0,0,20,20,"0,0,0,0,0,0,0,0,0,0,0,0,0,0,0,0,0,0,0,0,0,0,0,0,0,0,0,0,0,0,0,0,0,0,0,0,0,0,0,0,0,0,0,0,0,0,0,0,0,0,0,0,0,0,0,0,0,0,0,0,0,0,0,0,0,0,0,0,0,0,0,0,0,0,0,0,0,0","12,16,20,28,38,44,44,44,42,44,44,44,40,34,28,22,20,16,10,8,4,2","10,14,18,13,15,12,18,16,15,17,13,3,7,12,6,8,1,10,5,2,8,3,5,12,5,13,10,15,10,16,13,10,17,11,5,6,8,9,15,16,7,12,14,14,20,19,13,16,17,7,9,11,7,4,6,12,9,12,9,10,7,15,12,14,17,13,16,16,11,18,14,13,9,15,10,4,6,5,11,18,14,15,16,10,17,13,3,15,12,6,9,5,14,11,8,6,11,8,14,10,12,17,19,14,13,15,12,18,9,14,13,15,8,11,7,5,4,8,11,10,9,12,6,4,7,10,3,2,9,6,8,16,9,11,12,7,10,14,6,5,13,11,8,10,11,13,12,16,17,11,14,8,9,11,12,13,4,8,6,4,7,19,9,13,15,10,4,8,20,18,7,17,2,14,6,13,2,4,9,11,5,3,15,1,14,12,13,9,10,5,8,6,7,11,12,7,11,10,13,11,6,12,7,8,10,9,20,11,19,17,21,14,15,12,18,16,13,22,21,2,3,9,6,11,13,18,12,19,5,8,4,7,14,15,20,17,10,16,1,8,14,12,13,6,4,3,7,2,9,5,1,8,5,10,9,7,6,8,10,5,8,11,9,6,2,4,1,12,7,3,6,8,4,5,7,6,5,4,10,3,11,9,7,5,8,7,6,7,5,6,10,4,3,12,6,7,9,8,5,2,1,11",1:M17 M184 M239 M251 M267 M301 | 2:M20 M128 M173 M177 M220 M248 M265 M300 | 3:M12 M22 M87 M127 M182 M221 M246 M270 M280 M293 | 4:M54 M76 M117 M124 M157 M160 M167 M178 M231 M245 M266 M273 M278 M292 | 5:M19 M23 M25 M35 M78 M92 M116 M140 M181 M190 M229 M250 M253 M260 M274 M277 M284 M289 M299 | 6:M15 M36 M55 M77 M90 M96 M123 M130 M139 M159 M175 M192 M201 M223 M244 M257 M264 M271 M276 M287 M290 M295 | 7:M13 M41 M50 M53 M61 M115 M125 M136 M161 M171 M193 M196 M203 M232 M247 M256 M269 M275 M283 M286 M288 M296 | 8:M16 M21 M37 M95 M98 M113 M118 M131 M143 M152 M158 M168 M191 M204 M230 M240 M252 M258 M261 M272 M285 M298 | 9:M38 M51 M57 M59 M73 M91 M109 M121 M129 M133 M153 M163 M179 M188 M206 M222 M249 M255 M263 M282 M297 | 10:M1 M18 M27 M29 M32 M60 M75 M84 M100 M120 M126 M137 M144 M166 M189 M198 M205 M237 M254 M259 M279 M291 | 11:M34 M52 M69 M79 M94 M97 M114 M119 M134 M142 M145 M150 M154 M180 M194 M197 M200 M208 M224 M262 M281 M302 | 12:M6 M14 M24 M42 M56 M58 M63 M89 M101 M107 M122 M135 M147 M155 M186 M195 M202 M214 M227 M242 M268 M294 | 13:M4 M11 M26 M31 M47 M66 M72 M86 M105 M111 M141 M146 M156 M164 M176 M187 M199 M217 M225 M243 | 14:M2 M43 M44 M64 M71 M81 M93 M99 M104 M110 M138 M151 M174 M185 M212 M233 M241 | 15:M5 M9 M28 M39 M62 M74 M82 M88 M106 M112 M165 M183 M213 M234 | 16:M8 M30 M40 M48 M67 M68 M83 M132 M148 M216 M238 | 17:M10 M33 M49 M65 M85 M102 M149 M172 M210 M236 | 18:M3 M7 M70 M80 M108 M170 M215 M226 | 19:M46 M103 M162 M209 M228 | 20:M45 M169 M207 M235 | 21:M211 M219 | 22:M218,,"domain reduction: sessions, fixed meetings, forbidden slots | precedence domain propagation: fixed point over direct edges | full precedence closure: cycle detection and graph statistics only | (20),(22)-(27) exactly once over reduced domains | (19) participant atMost-one per slot | (46),(47) clustered table capacity with full channeling | (28) traditional pairwise precedence over direct E | usedSlot channeling + exact per-idle-slot break cost | (43) exactly |Mp| reduced usedSlot variables | (44) atMost 2|L| busy participants per slot | (45) exact even number of busy participants | exact unary internal-idle counts and range objective over P*",,,result,394419,,0,394419
table03,ticf-14crafa.original,ticf-14crafa.original,SAT,OPTIMAL,30.692111,154663,394419,0,0,394419,,peak_process_tree_rss_mb,multiple,staircase,direct,yes,imp12+,lexicographic_internal_idle_range_pstar_then_idle_max_then_idle_sum,lexicographic,0,0,0,0,72,"1,2,3,4,5,6,8,9,11,12,14,17,19,20,21,22,23,24,25,26,27,28,29,30,31,32,33,34,35,36,37,38,39,40,41,42,43,44,45,46,47,48,49,50,51,52,53,54,55,56,57,58,59,60,61,62,63,64,65,66,67,68,69,70,71,72,73,74,75,76,77,78",0,0,0,0,0,0,0,0,20,20,"0,0,0,0,0,0,0,0,0,0,0,0,0,0,0,0,0,0,0,0,0,0,0,0,0,0,0,0,0,0,0,0,0,0,0,0,0,0,0,0,0,0,0,0,0,0,0,0,0,0,0,0,0,0,0,0,0,0,0,0,0,0,0,0,0,0,0,0,0,0,0,0,0,0,0,0,0,0","12,16,20,28,38,44,44,44,42,44,44,44,40,34,28,22,20,16,10,8,4,2","10,14,18,13,15,12,18,16,15,17,13,3,7,12,6,8,1,10,5,2,8,3,5,12,5,13,10,15,10,16,13,10,17,11,5,6,8,9,15,16,7,12,14,14,20,19,13,16,17,7,9,11,7,4,6,12,9,12,9,10,7,15,12,14,17,13,16,16,11,18,14,13,9,15,10,4,6,5,11,18,14,15,16,10,17,13,3,15,12,6,9,5,14,11,8,6,11,8,14,10,12,17,19,14,13,15,12,18,9,14,13,15,8,11,7,5,4,8,11,10,9,12,6,4,7,10,3,2,9,6,8,16,9,11,12,7,10,14,6,5,13,11,8,10,11,13,12,16,17,11,14,8,9,11,12,13,4,8,6,4,7,19,9,13,15,10,4,8,20,18,7,17,2,14,6,13,2,4,9,11,5,3,15,1,14,12,13,9,10,5,8,6,7,11,12,7,11,10,13,11,6,12,7,8,10,9,20,11,19,17,21,14,15,12,18,16,13,22,21,2,3,9,6,11,13,18,12,19,5,8,4,7,14,15,20,17,10,16,1,8,14,12,13,6,4,3,7,2,9,5,1,8,5,10,9,7,6,8,10,5,8,11,9,6,2,4,1,12,7,3,6,8,4,5,7,6,5,4,10,3,11,9,7,5,8,7,6,7,5,6,10,4,3,12,6,7,9,8,5,2,1,11",1:M17 M184 M239 M251 M267 M301 | 2:M20 M128 M173 M177 M220 M248 M265 M300 | 3:M12 M22 M87 M127 M182 M221 M246 M270 M280 M293 | 4:M54 M76 M117 M124 M157 M160 M167 M178 M231 M245 M266 M273 M278 M292 | 5:M19 M23 M25 M35 M78 M92 M116 M140 M181 M190 M229 M250 M253 M260 M274 M277 M284 M289 M299 | 6:M15 M36 M55 M77 M90 M96 M123 M130 M139 M159 M175 M192 M201 M223 M244 M257 M264 M271 M276 M287 M290 M295 | 7:M13 M41 M50 M53 M61 M115 M125 M136 M161 M171 M193 M196 M203 M232 M247 M256 M269 M275 M283 M286 M288 M296 | 8:M16 M21 M37 M95 M98 M113 M118 M131 M143 M152 M158 M168 M191 M204 M230 M240 M252 M258 M261 M272 M285 M298 | 9:M38 M51 M57 M59 M73 M91 M109 M121 M129 M133 M153 M163 M179 M188 M206 M222 M249 M255 M263 M282 M297 | 10:M1 M18 M27 M29 M32 M60 M75 M84 M100 M120 M126 M137 M144 M166 M189 M198 M205 M237 M254 M259 M279 M291 | 11:M34 M52 M69 M79 M94 M97 M114 M119 M134 M142 M145 M150 M154 M180 M194 M197 M200 M208 M224 M262 M281 M302 | 12:M6 M14 M24 M42 M56 M58 M63 M89 M101 M107 M122 M135 M147 M155 M186 M195 M202 M214 M227 M242 M268 M294 | 13:M4 M11 M26 M31 M47 M66 M72 M86 M105 M111 M141 M146 M156 M164 M176 M187 M199 M217 M225 M243 | 14:M2 M43 M44 M64 M71 M81 M93 M99 M104 M110 M138 M151 M174 M185 M212 M233 M241 | 15:M5 M9 M28 M39 M62 M74 M82 M88 M106 M112 M165 M183 M213 M234 | 16:M8 M30 M40 M48 M67 M68 M83 M132 M148 M216 M238 | 17:M10 M33 M49 M65 M85 M102 M149 M172 M210 M236 | 18:M3 M7 M70 M80 M108 M170 M215 M226 | 19:M46 M103 M162 M209 M228 | 20:M45 M169 M207 M235 | 21:M211 M219 | 22:M218,,"domain reduction: sessions, fixed meetings, forbidden slots | precedence domain propagation: fixed point over direct edges | full precedence closure: cycle detection and graph statistics only | (20),(22)-(27) exactly once over reduced domains | (19) participant atMost-one per slot | (46),(47) clustered table capacity with full channeling | (28) staircase/support precedence over reduced domains and direct E | usedSlot channeling + exact per-idle-slot break cost | (43) exactly |Mp| reduced usedSlot variables | (44) atMost 2|L| busy participants per slot | (45) exact even number of busy participants | exact unary internal-idle counts and range objective over P*",,,result,394419,,0,394419
table06,forum-13.forb0003,forum-13.forb0003,SAT,OPTIMAL,4.643785,87032,207942,0,0,207942,,peak_process_tree_rss_mb,multiple,traditional,direct,no,imp12+,lexicographic_internal_idle_range_pstar_then_idle_max_then_idle_sum,lexicographic,0,0,0,0,58,"1,2,3,4,5,6,7,8,9,10,11,12,13,14,15,16,18,19,23,24,25,26,27,28,29,30,31,32,33,34,35,36,37,38,39,40,41,42,44,45,46,47,48,49,50,52,53,54,56,57,59,60,62,63,64,65,66,70",0,0,0,0,0,0,0,0,19,19,"0,0,0,0,0,0,0,0,0,0,0,0,0,0,0,0,0,0,0,0,0,0,0,0,0,0,0,0,0,0,0,0,0,0,0,0,0,0,0,0,0,0,0,0,0,0,0,0,0,0,0,0,0,0,0,0,0,0,0,0,0,0,0,0,0,0,0,0,0,0","4,8,16,24,28,28,28,28,28,28,24,24,18,10,6,4,2,0,0,0,0","8,11,12,7,13,6,9,10,5,14,10,12,14,11,17,15,16,13,6,4,5,2,3,7,4,8,9,8,5,10,4,6,7,7,6,11,8,9,10,5,12,13,14,16,15,7,5,6,5,7,6,2,1,3,9,8,4,9,12,10,11,8,7,5,3,6,4,9,11,8,13,12,5,7,4,6,10,9,7,12,11,13,8,4,10,3,6,5,9,10,7,12,6,3,11,4,5,8,13,8,11,12,9,10,10,9,11,12,5,8,4,6,7,10,2,7,3,9,5,6,4,13,6,12,14,9,7,4,11,5,10,3,8,7,8,11,12,1,2,15,3,10,9,6,5,13,4,14,12,8,10,13,11,9",1:M53 M138 | 2:M22 M52 M115 M139 | 3:M23 M54 M65 M86 M94 M117 M132 M141 | 4:M20 M25 M31 M57 M67 M75 M84 M96 M111 M121 M128 M147 | 5:M9 M21 M29 M40 M47 M49 M64 M73 M88 M97 M109 M119 M130 M145 | 6:M6 M19 M32 M35 M48 M51 M66 M76 M87 M93 M112 M120 M123 M144 | 7:M4 M24 M33 M34 M46 M50 M63 M74 M79 M91 M113 M116 M127 M134 | 8:M1 M26 M28 M37 M56 M62 M70 M83 M98 M100 M110 M133 M135 M150 | 9:M7 M27 M38 M55 M58 M68 M78 M89 M103 M106 M118 M126 M143 M154 | 10:M8 M11 M30 M39 M60 M77 M85 M90 M104 M105 M114 M131 M142 M151 | 11:M2 M14 M36 M61 M69 M81 M95 M101 M107 M129 M136 M153 | 12:M3 M12 M41 M59 M72 M80 M92 M102 M108 M124 M137 M149 | 13:M5 M18 M42 M71 M82 M99 M122 M146 M152 | 14:M10 M13 M43 M125 M148 | 15:M16 M45 M140 | 16:M17 M44 | 17:M15 | 18: | 19: | 20: | 21:,,"domain reduction: sessions, fixed meetings, forbidden slots | precedence domain propagation: fixed point over direct edges | full precedence closure: cycle detection and graph statistics only | (20),(22)-(27) exactly once over reduced domains | (19) participant atMost-one per slot | (46),(47) clustered table capacity with full channeling | (28) traditional pairwise precedence over direct E | usedSlot channeling + exact per-idle-slot break cost | (43) exactly |Mp| reduced usedSlot variables | (44) atMost 2|L| busy participants per slot | (45) exact even number of busy participants | exact unary internal-idle counts and range objective over P*",,,result,207942,,0,207942
table06,forum-13.forb0003,forum-13.forb0003,SAT,OPTIMAL,4.663209,87032,207942,0,0,207942,,peak_process_tree_rss_mb,multiple,staircase,direct,yes,imp12+,lexicographic_internal_idle_range_pstar_then_idle_max_then_idle_sum,lexicographic,0,0,0,0,58,"1,2,3,4,5,6,7,8,9,10,11,12,13,14,15,16,18,19,23,24,25,26,27,28,29,30,31,32,33,34,35,36,37,38,39,40,41,42,44,45,46,47,48,49,50,52,53,54,56,57,59,60,62,63,64,65,66,70",0,0,0,0,0,0,0,0,19,19,"0,0,0,0,0,0,0,0,0,0,0,0,0,0,0,0,0,0,0,0,0,0,0,0,0,0,0,0,0,0,0,0,0,0,0,0,0,0,0,0,0,0,0,0,0,0,0,0,0,0,0,0,0,0,0,0,0,0,0,0,0,0,0,0,0,0,0,0,0,0","4,8,16,24,28,28,28,28,28,28,24,24,18,10,6,4,2,0,0,0,0","8,11,12,7,13,6,9,10,5,14,10,12,14,11,17,15,16,13,6,4,5,2,3,7,4,8,9,8,5,10,4,6,7,7,6,11,8,9,10,5,12,13,14,16,15,7,5,6,5,7,6,2,1,3,9,8,4,9,12,10,11,8,7,5,3,6,4,9,11,8,13,12,5,7,4,6,10,9,7,12,11,13,8,4,10,3,6,5,9,10,7,12,6,3,11,4,5,8,13,8,11,12,9,10,10,9,11,12,5,8,4,6,7,10,2,7,3,9,5,6,4,13,6,12,14,9,7,4,11,5,10,3,8,7,8,11,12,1,2,15,3,10,9,6,5,13,4,14,12,8,10,13,11,9",1:M53 M138 | 2:M22 M52 M115 M139 | 3:M23 M54 M65 M86 M94 M117 M132 M141 | 4:M20 M25 M31 M57 M67 M75 M84 M96 M111 M121 M128 M147 | 5:M9 M21 M29 M40 M47 M49 M64 M73 M88 M97 M109 M119 M130 M145 | 6:M6 M19 M32 M35 M48 M51 M66 M76 M87 M93 M112 M120 M123 M144 | 7:M4 M24 M33 M34 M46 M50 M63 M74 M79 M91 M113 M116 M127 M134 | 8:M1 M26 M28 M37 M56 M62 M70 M83 M98 M100 M110 M133 M135 M150 | 9:M7 M27 M38 M55 M58 M68 M78 M89 M103 M106 M118 M126 M143 M154 | 10:M8 M11 M30 M39 M60 M77 M85 M90 M104 M105 M114 M131 M142 M151 | 11:M2 M14 M36 M61 M69 M81 M95 M101 M107 M129 M136 M153 | 12:M3 M12 M41 M59 M72 M80 M92 M102 M108 M124 M137 M149 | 13:M5 M18 M42 M71 M82 M99 M122 M146 M152 | 14:M10 M13 M43 M125 M148 | 15:M16 M45 M140 | 16:M17 M44 | 17:M15 | 18: | 19: | 20: | 21:,,"domain reduction: sessions, fixed meetings, forbidden slots | precedence domain propagation: fixed point over direct edges | full precedence closure: cycle detection and graph statistics only | (20),(22)-(27) exactly once over reduced domains | (19) participant atMost-one per slot | (46),(47) clustered table capacity with full channeling | (28) staircase/support precedence over reduced domains and direct E | usedSlot channeling + exact per-idle-slot break cost | (43) exactly |Mp| reduced usedSlot variables | (44) atMost 2|L| busy participants per slot | (45) exact even number of busy participants | exact unary internal-idle counts and range objective over P*",,,result,207942,,0,207942
table06,forum-13.forb0007,forum-13.forb0007,SAT,OPTIMAL,7.995892,86892,207412,0,0,207412,,peak_process_tree_rss_mb,multiple,traditional,direct,no,imp12+,lexicographic_internal_idle_range_pstar_then_idle_max_then_idle_sum,lexicographic,0,0,0,0,58,"1,2,3,4,5,6,7,8,9,10,11,12,13,14,15,16,18,19,23,24,25,26,27,28,29,30,31,32,33,34,35,36,37,38,39,40,41,42,44,45,46,47,48,49,50,52,53,54,56,57,59,60,62,63,64,65,66,70",0,0,0,0,0,0,0,0,19,19,"0,0,0,0,0,0,0,0,0,0,0,0,0,0,0,0,0,0,0,0,0,0,0,0,0,0,0,0,0,0,0,0,0,0,0,0,0,0,0,0,0,0,0,0,0,0,0,0,0,0,0,0,0,0,0,0,0,0,0,0,0,0,0,0,0,0,0,0,0,0","6,8,18,20,22,24,28,28,28,28,26,26,24,10,6,4,2,0,0,0,0","4,11,6,7,10,8,9,3,5,14,14,10,12,11,15,17,16,13,6,7,3,4,5,8,6,12,12,8,9,13,7,10,11,13,8,11,7,10,12,9,13,12,14,16,15,12,7,11,6,8,3,4,5,2,10,7,9,8,11,9,10,13,6,3,4,7,5,7,2,4,8,9,3,6,1,10,5,9,10,11,12,13,7,3,8,6,5,4,5,10,6,13,4,9,11,8,12,7,12,8,9,11,13,10,10,11,9,12,7,8,13,5,6,9,7,2,3,4,6,5,1,11,10,13,14,9,5,6,3,4,12,7,8,7,14,9,1,3,8,15,6,11,10,4,2,12,5,13,12,9,11,13,10,8",1:M75 M121 M137 | 2:M54 M69 M116 M145 | 3:M8 M21 M51 M64 M73 M84 M117 M129 M138 | 4:M1 M22 M52 M65 M70 M88 M93 M118 M130 M144 | 5:M9 M23 M53 M67 M77 M87 M89 M112 M120 M127 M147 | 6:M3 M19 M25 M49 M63 M74 M86 M91 M113 M119 M128 M141 | 7:M4 M20 M31 M37 M47 M56 M66 M68 M83 M98 M109 M115 M132 M134 | 8:M6 M24 M28 M35 M50 M58 M71 M85 M96 M100 M110 M133 M139 M154 | 9:M7 M29 M40 M57 M60 M72 M78 M94 M101 M107 M114 M126 M136 M150 | 10:M5 M12 M32 M38 M55 M61 M76 M79 M90 M104 M105 M123 M143 M153 | 11:M2 M14 M33 M36 M48 M59 M80 M95 M102 M106 M122 M142 M151 | 12:M13 M26 M27 M39 M42 M46 M81 M97 M99 M108 M131 M146 M149 | 13:M18 M30 M34 M41 M62 M82 M92 M103 M111 M124 M148 M152 | 14:M10 M11 M43 M125 M135 | 15:M15 M45 M140 | 16:M17 M44 | 17:M16 | 18: | 19: | 20: | 21:,,"domain reduction: sessions, fixed meetings, forbidden slots | precedence domain propagation: fixed point over direct edges | full precedence closure: cycle detection and graph statistics only | (20),(22)-(27) exactly once over reduced domains | (19) participant atMost-one per slot | (46),(47) clustered table capacity with full channeling | (28) traditional pairwise precedence over direct E | usedSlot channeling + exact per-idle-slot break cost | (43) exactly |Mp| reduced usedSlot variables | (44) atMost 2|L| busy participants per slot | (45) exact even number of busy participants | exact unary internal-idle counts and range objective over P*",,,result,207412,,0,207412
table06,forum-13.forb0007,forum-13.forb0007,SAT,OPTIMAL,8.017739,86892,207412,0,0,207412,,peak_process_tree_rss_mb,multiple,staircase,direct,yes,imp12+,lexicographic_internal_idle_range_pstar_then_idle_max_then_idle_sum,lexicographic,0,0,0,0,58,"1,2,3,4,5,6,7,8,9,10,11,12,13,14,15,16,18,19,23,24,25,26,27,28,29,30,31,32,33,34,35,36,37,38,39,40,41,42,44,45,46,47,48,49,50,52,53,54,56,57,59,60,62,63,64,65,66,70",0,0,0,0,0,0,0,0,19,19,"0,0,0,0,0,0,0,0,0,0,0,0,0,0,0,0,0,0,0,0,0,0,0,0,0,0,0,0,0,0,0,0,0,0,0,0,0,0,0,0,0,0,0,0,0,0,0,0,0,0,0,0,0,0,0,0,0,0,0,0,0,0,0,0,0,0,0,0,0,0","6,8,18,20,22,24,28,28,28,28,26,26,24,10,6,4,2,0,0,0,0","4,11,6,7,10,8,9,3,5,14,14,10,12,11,15,17,16,13,6,7,3,4,5,8,6,12,12,8,9,13,7,10,11,13,8,11,7,10,12,9,13,12,14,16,15,12,7,11,6,8,3,4,5,2,10,7,9,8,11,9,10,13,6,3,4,7,5,7,2,4,8,9,3,6,1,10,5,9,10,11,12,13,7,3,8,6,5,4,5,10,6,13,4,9,11,8,12,7,12,8,9,11,13,10,10,11,9,12,7,8,13,5,6,9,7,2,3,4,6,5,1,11,10,13,14,9,5,6,3,4,12,7,8,7,14,9,1,3,8,15,6,11,10,4,2,12,5,13,12,9,11,13,10,8",1:M75 M121 M137 | 2:M54 M69 M116 M145 | 3:M8 M21 M51 M64 M73 M84 M117 M129 M138 | 4:M1 M22 M52 M65 M70 M88 M93 M118 M130 M144 | 5:M9 M23 M53 M67 M77 M87 M89 M112 M120 M127 M147 | 6:M3 M19 M25 M49 M63 M74 M86 M91 M113 M119 M128 M141 | 7:M4 M20 M31 M37 M47 M56 M66 M68 M83 M98 M109 M115 M132 M134 | 8:M6 M24 M28 M35 M50 M58 M71 M85 M96 M100 M110 M133 M139 M154 | 9:M7 M29 M40 M57 M60 M72 M78 M94 M101 M107 M114 M126 M136 M150 | 10:M5 M12 M32 M38 M55 M61 M76 M79 M90 M104 M105 M123 M143 M153 | 11:M2 M14 M33 M36 M48 M59 M80 M95 M102 M106 M122 M142 M151 | 12:M13 M26 M27 M39 M42 M46 M81 M97 M99 M108 M131 M146 M149 | 13:M18 M30 M34 M41 M62 M82 M92 M103 M111 M124 M148 M152 | 14:M10 M11 M43 M125 M135 | 15:M15 M45 M140 | 16:M17 M44 | 17:M16 | 18: | 19: | 20: | 21:,,"domain reduction: sessions, fixed meetings, forbidden slots | precedence domain propagation: fixed point over direct edges | full precedence closure: cycle detection and graph statistics only | (20),(22)-(27) exactly once over reduced domains | (19) participant atMost-one per slot | (46),(47) clustered table capacity with full channeling | (28) staircase/support precedence over reduced domains and direct E | usedSlot channeling + exact per-idle-slot break cost | (43) exactly |Mp| reduced usedSlot variables | (44) atMost 2|L| busy participants per slot | (45) exact even number of busy participants | exact unary internal-idle counts and range objective over P*",,,result,207412,,0,207412
table06,forum-13crafb.forb0003,forum-13crafb.forb0003,TIMEOUT,TIMEOUT,3600.008802,103339,255852,0,0,255852,,peak_process_tree_rss_mb,multiple,traditional,direct,no,imp12+,lexicographic_internal_idle_range_pstar_then_idle_max_then_idle_sum,lexicographic,,,,,56,"1,2,3,4,7,8,9,10,12,13,14,15,16,17,18,19,20,21,22,23,24,25,26,28,29,30,31,32,33,36,37,38,39,40,41,42,43,44,45,47,48,51,53,54,56,57,58,59,60,61,62,63,64,65,66,76",,,,,0,0,0,0,20,1334,,,,,,,,,,,,,255852
table06,forum-13crafb.forb0003,forum-13crafb.forb0003,TIMEOUT,TIMEOUT,3600.017969,103339,255852,0,0,255852,,peak_process_tree_rss_mb,multiple,staircase,direct,yes,imp12+,lexicographic_internal_idle_range_pstar_then_idle_max_then_idle_sum,lexicographic,,,,,56,"1,2,3,4,7,8,9,10,12,13,14,15,16,17,18,19,20,21,22,23,24,25,26,28,29,30,31,32,33,36,37,38,39,40,41,42,43,44,45,47,48,51,53,54,56,57,58,59,60,61,62,63,64,65,66,76",,,,,0,0,0,0,20,1334,,,,,,,,,,,,,255852
table06,forum-13crafb.forb0007,forum-13crafb.forb0007,TIMEOUT,TIMEOUT,3600.011978,103208,255073,0,0,255073,,peak_process_tree_rss_mb,multiple,traditional,direct,no,imp12+,lexicographic_internal_idle_range_pstar_then_idle_max_then_idle_sum,lexicographic,,,,,56,"1,2,3,4,7,8,9,10,12,13,14,15,16,17,18,19,20,21,22,23,24,25,26,28,29,30,31,32,33,36,37,38,39,40,41,42,43,44,45,47,48,51,53,54,56,57,58,59,60,61,62,63,64,65,66,76",,,,,0,0,0,0,20,1332,,,,,,,,,,,,,255073
table06,forum-13crafb.forb0007,forum-13crafb.forb0007,TIMEOUT,TIMEOUT,3600.023343,103208,255073,0,0,255073,,peak_process_tree_rss_mb,multiple,staircase,direct,yes,imp12+,lexicographic_internal_idle_range_pstar_then_idle_max_then_idle_sum,lexicographic,,,,,56,"1,2,3,4,7,8,9,10,12,13,14,15,16,17,18,19,20,21,22,23,24,25,26,28,29,30,31,32,33,36,37,38,39,40,41,42,43,44,45,47,48,51,53,54,56,57,58,59,60,61,62,63,64,65,66,76",,,,,0,0,0,0,20,1332,,,,,,,,,,,,,255073
table06,forum-13crafc.forb0003,forum-13crafc.forb0003,SAT,OPTIMAL,10.085295,87162,208254,0,0,208254,,peak_process_tree_rss_mb,multiple,traditional,direct,no,imp12+,lexicographic_internal_idle_range_pstar_then_idle_max_then_idle_sum,lexicographic,1,1,58,58,58,"1,2,3,4,5,6,7,8,9,10,11,12,13,14,15,16,18,19,23,24,25,26,27,28,29,30,31,32,33,34,35,36,37,38,39,40,41,42,44,45,46,47,48,49,50,52,53,54,56,57,59,60,62,63,64,65,66,70",58,0,0,1,0,0,0,0,19,19,"1,1,1,1,1,1,1,1,1,1,1,1,1,1,1,1,0,1,1,0,0,0,1,1,1,1,1,1,1,1,1,1,1,1,1,1,1,1,1,1,1,1,0,1,1,1,1,1,1,1,0,1,1,1,0,1,1,0,1,1,0,1,1,1,1,1,0,0,0,1","4,8,14,22,24,24,24,24,24,24,24,24,24,12,10,10,6,4,2,0,0","11,7,2,8,9,3,5,4,6,14,10,14,16,12,18,15,17,13,10,5,6,4,7,9,10,11,5,3,7,10,4,6,9,6,10,12,9,7,13,11,12,13,14,15,16,7,5,4,2,4,7,6,8,1,10,5,3,10,13,12,9,9,3,8,6,5,4,6,5,8,11,9,7,4,3,12,13,8,7,11,12,13,4,3,6,2,9,5,14,10,11,17,8,16,15,13,7,12,13,7,9,12,11,8,4,6,13,11,12,9,5,8,10,8,12,9,6,11,13,5,4,19,15,18,17,8,7,11,14,12,13,16,10,12,8,1,2,9,13,16,10,11,6,5,4,14,15,3,11,5,7,10,8,6",1:M54 M136 | 2:M3 M49 M86 M137 | 3:M6 M28 M57 M63 M75 M84 M148 | 4:M8 M22 M31 M48 M50 M67 M74 M83 M105 M121 M145 | 5:M7 M20 M27 M47 M56 M66 M69 M88 M111 M120 M144 M150 | 6:M9 M21 M32 M34 M52 M65 M68 M85 M106 M117 M143 M154 | 7:M2 M23 M29 M38 M46 M51 M73 M79 M97 M100 M127 M151 | 8:M4 M53 M64 M70 M78 M93 M104 M112 M114 M126 M135 M153 | 9:M5 M24 M33 M37 M61 M62 M72 M87 M101 M110 M116 M138 | 10:M11 M19 M25 M30 M35 M55 M58 M90 M113 M133 M141 M152 | 11:M1 M26 M40 M71 M80 M91 M103 M108 M118 M128 M142 M149 | 12:M14 M36 M41 M60 M76 M81 M98 M102 M109 M115 M130 M134 | 13:M18 M39 M42 M59 M77 M82 M96 M99 M107 M119 M131 M139 | 14:M10 M12 M43 M89 M129 M146 | 15:M16 M44 M95 M123 M147 | 16:M13 M45 M94 M132 M140 | 17:M17 M92 M125 | 18:M15 M124 | 19:M122 | 20: | 21:,,"domain reduction: sessions, fixed meetings, forbidden slots | precedence domain propagation: fixed point over direct edges | full precedence closure: cycle detection and graph statistics only | (20),(22)-(27) exactly once over reduced domains | (19) participant atMost-one per slot | (46),(47) clustered table capacity with full channeling | (28) traditional pairwise precedence over direct E | usedSlot channeling + exact per-idle-slot break cost | (43) exactly |Mp| reduced usedSlot variables | (44) atMost 2|L| busy participants per slot | (45) exact even number of busy participants | exact unary internal-idle counts and range objective over P*",,,result,208254,,0,208254
table06,forum-13crafc.forb0003,forum-13crafc.forb0003,SAT,OPTIMAL,10.093144,87162,208254,0,0,208254,,peak_process_tree_rss_mb,multiple,staircase,direct,yes,imp12+,lexicographic_internal_idle_range_pstar_then_idle_max_then_idle_sum,lexicographic,1,1,58,58,58,"1,2,3,4,5,6,7,8,9,10,11,12,13,14,15,16,18,19,23,24,25,26,27,28,29,30,31,32,33,34,35,36,37,38,39,40,41,42,44,45,46,47,48,49,50,52,53,54,56,57,59,60,62,63,64,65,66,70",58,0,0,1,0,0,0,0,19,19,"1,1,1,1,1,1,1,1,1,1,1,1,1,1,1,1,0,1,1,0,0,0,1,1,1,1,1,1,1,1,1,1,1,1,1,1,1,1,1,1,1,1,0,1,1,1,1,1,1,1,0,1,1,1,0,1,1,0,1,1,0,1,1,1,1,1,0,0,0,1","4,8,14,22,24,24,24,24,24,24,24,24,24,12,10,10,6,4,2,0,0","11,7,2,8,9,3,5,4,6,14,10,14,16,12,18,15,17,13,10,5,6,4,7,9,10,11,5,3,7,10,4,6,9,6,10,12,9,7,13,11,12,13,14,15,16,7,5,4,2,4,7,6,8,1,10,5,3,10,13,12,9,9,3,8,6,5,4,6,5,8,11,9,7,4,3,12,13,8,7,11,12,13,4,3,6,2,9,5,14,10,11,17,8,16,15,13,7,12,13,7,9,12,11,8,4,6,13,11,12,9,5,8,10,8,12,9,6,11,13,5,4,19,15,18,17,8,7,11,14,12,13,16,10,12,8,1,2,9,13,16,10,11,6,5,4,14,15,3,11,5,7,10,8,6",1:M54 M136 | 2:M3 M49 M86 M137 | 3:M6 M28 M57 M63 M75 M84 M148 | 4:M8 M22 M31 M48 M50 M67 M74 M83 M105 M121 M145 | 5:M7 M20 M27 M47 M56 M66 M69 M88 M111 M120 M144 M150 | 6:M9 M21 M32 M34 M52 M65 M68 M85 M106 M117 M143 M154 | 7:M2 M23 M29 M38 M46 M51 M73 M79 M97 M100 M127 M151 | 8:M4 M53 M64 M70 M78 M93 M104 M112 M114 M126 M135 M153 | 9:M5 M24 M33 M37 M61 M62 M72 M87 M101 M110 M116 M138 | 10:M11 M19 M25 M30 M35 M55 M58 M90 M113 M133 M141 M152 | 11:M1 M26 M40 M71 M80 M91 M103 M108 M118 M128 M142 M149 | 12:M14 M36 M41 M60 M76 M81 M98 M102 M109 M115 M130 M134 | 13:M18 M39 M42 M59 M77 M82 M96 M99 M107 M119 M131 M139 | 14:M10 M12 M43 M89 M129 M146 | 15:M16 M44 M95 M123 M147 | 16:M13 M45 M94 M132 M140 | 17:M17 M92 M125 | 18:M15 M124 | 19:M122 | 20: | 21:,,"domain reduction: sessions, fixed meetings, forbidden slots | precedence domain propagation: fixed point over direct edges | full precedence closure: cycle detection and graph statistics only | (20),(22)-(27) exactly once over reduced domains | (19) participant atMost-one per slot | (46),(47) clustered table capacity with full channeling | (28) staircase/support precedence over reduced domains and direct E | usedSlot channeling + exact per-idle-slot break cost | (43) exactly |Mp| reduced usedSlot variables | (44) atMost 2|L| busy participants per slot | (45) exact even number of busy participants | exact unary internal-idle counts and range objective over P*",,,result,208254,,0,208254
table06,forum-13crafc.forb0007,forum-13crafc.forb0007,SAT,OPTIMAL,14.912338,87024,207728,0,0,207728,,peak_process_tree_rss_mb,multiple,traditional,direct,no,imp12+,lexicographic_internal_idle_range_pstar_then_idle_max_then_idle_sum,lexicographic,1,1,58,58,58,"1,2,3,4,5,6,7,8,9,10,11,12,13,14,15,16,18,19,23,24,25,26,27,28,29,30,31,32,33,34,35,36,37,38,39,40,41,42,44,45,46,47,48,49,50,52,53,54,56,57,59,60,62,63,64,65,66,70",58,0,0,1,0,0,0,0,19,19,"1,1,1,1,1,1,1,1,1,1,1,1,1,1,1,1,0,1,1,0,0,0,1,1,1,1,1,1,1,1,1,1,1,1,1,1,1,1,1,1,1,1,0,1,1,1,1,1,1,1,0,1,1,1,0,1,1,0,1,1,0,1,1,1,1,1,0,0,0,1","12,14,18,24,24,24,24,24,24,24,24,24,16,12,8,8,2,2,0,0,0","9,7,11,6,13,4,5,12,10,14,5,3,6,7,2,1,9,4,8,7,9,3,5,4,3,9,3,6,4,8,1,2,5,8,7,12,6,5,11,10,13,12,14,15,16,2,7,4,2,3,6,4,7,1,5,10,8,11,10,7,9,1,11,16,12,14,15,8,11,5,4,6,13,12,3,9,10,9,5,10,11,12,8,3,7,13,4,2,6,5,8,9,11,4,10,12,7,14,13,11,9,10,12,7,9,4,1,2,8,6,5,10,3,6,8,11,4,13,12,10,5,8,10,17,13,11,18,16,12,6,14,15,9,10,4,7,14,2,6,12,11,5,3,15,1,8,13,16,11,6,7,12,8,9",1:M16 M31 M54 M62 M107 M145 | 2:M15 M32 M46 M49 M88 M108 M138 | 3:M12 M22 M25 M27 M50 M75 M84 M113 M143 | 4:M6 M18 M24 M29 M48 M52 M71 M87 M94 M106 M117 M135 | 5:M7 M11 M23 M33 M38 M55 M70 M79 M90 M111 M121 M142 | 6:M4 M13 M28 M37 M51 M72 M89 M110 M114 M130 M139 M150 | 7:M2 M14 M20 M35 M47 M53 M60 M85 M97 M104 M136 M151 | 8:M19 M30 M34 M57 M68 M83 M91 M109 M115 M122 M146 M153 | 9:M1 M17 M21 M26 M61 M76 M78 M92 M101 M105 M133 M154 | 10:M9 M40 M56 M59 M77 M80 M95 M102 M112 M120 M123 M134 | 11:M3 M39 M58 M63 M69 M81 M93 M100 M116 M126 M141 M149 | 12:M8 M36 M42 M65 M74 M82 M96 M103 M119 M129 M140 M152 | 13:M5 M41 M73 M86 M99 M118 M125 M147 | 14:M10 M43 M66 M98 M131 M137 | 15:M44 M67 M132 M144 | 16:M45 M64 M128 M148 | 17:M124 | 18:M127 | 19: | 20: | 21:,,"domain reduction: sessions, fixed meetings, forbidden slots | precedence domain propagation: fixed point over direct edges | full precedence closure: cycle detection and graph statistics only | (20),(22)-(27) exactly once over reduced domains | (19) participant atMost-one per slot | (46),(47) clustered table capacity with full channeling | (28) traditional pairwise precedence over direct E | usedSlot channeling + exact per-idle-slot break cost | (43) exactly |Mp| reduced usedSlot variables | (44) atMost 2|L| busy participants per slot | (45) exact even number of busy participants | exact unary internal-idle counts and range objective over P*",,,result,207728,,0,207728
table06,forum-13crafc.forb0007,forum-13crafc.forb0007,SAT,OPTIMAL,14.932369,87024,207728,0,0,207728,,peak_process_tree_rss_mb,multiple,staircase,direct,yes,imp12+,lexicographic_internal_idle_range_pstar_then_idle_max_then_idle_sum,lexicographic,1,1,58,58,58,"1,2,3,4,5,6,7,8,9,10,11,12,13,14,15,16,18,19,23,24,25,26,27,28,29,30,31,32,33,34,35,36,37,38,39,40,41,42,44,45,46,47,48,49,50,52,53,54,56,57,59,60,62,63,64,65,66,70",58,0,0,1,0,0,0,0,19,19,"1,1,1,1,1,1,1,1,1,1,1,1,1,1,1,1,0,1,1,0,0,0,1,1,1,1,1,1,1,1,1,1,1,1,1,1,1,1,1,1,1,1,0,1,1,1,1,1,1,1,0,1,1,1,0,1,1,0,1,1,0,1,1,1,1,1,0,0,0,1","12,14,18,24,24,24,24,24,24,24,24,24,16,12,8,8,2,2,0,0,0","9,7,11,6,13,4,5,12,10,14,5,3,6,7,2,1,9,4,8,7,9,3,5,4,3,9,3,6,4,8,1,2,5,8,7,12,6,5,11,10,13,12,14,15,16,2,7,4,2,3,6,4,7,1,5,10,8,11,10,7,9,1,11,16,12,14,15,8,11,5,4,6,13,12,3,9,10,9,5,10,11,12,8,3,7,13,4,2,6,5,8,9,11,4,10,12,7,14,13,11,9,10,12,7,9,4,1,2,8,6,5,10,3,6,8,11,4,13,12,10,5,8,10,17,13,11,18,16,12,6,14,15,9,10,4,7,14,2,6,12,11,5,3,15,1,8,13,16,11,6,7,12,8,9",1:M16 M31 M54 M62 M107 M145 | 2:M15 M32 M46 M49 M88 M108 M138 | 3:M12 M22 M25 M27 M50 M75 M84 M113 M143 | 4:M6 M18 M24 M29 M48 M52 M71 M87 M94 M106 M117 M135 | 5:M7 M11 M23 M33 M38 M55 M70 M79 M90 M111 M121 M142 | 6:M4 M13 M28 M37 M51 M72 M89 M110 M114 M130 M139 M150 | 7:M2 M14 M20 M35 M47 M53 M60 M85 M97 M104 M136 M151 | 8:M19 M30 M34 M57 M68 M83 M91 M109 M115 M122 M146 M153 | 9:M1 M17 M21 M26 M61 M76 M78 M92 M101 M105 M133 M154 | 10:M9 M40 M56 M59 M77 M80 M95 M102 M112 M120 M123 M134 | 11:M3 M39 M58 M63 M69 M81 M93 M100 M116 M126 M141 M149 | 12:M8 M36 M42 M65 M74 M82 M96 M103 M119 M129 M140 M152 | 13:M5 M41 M73 M86 M99 M118 M125 M147 | 14:M10 M43 M66 M98 M131 M137 | 15:M44 M67 M132 M144 | 16:M45 M64 M128 M148 | 17:M124 | 18:M127 | 19: | 20: | 21:,,"domain reduction: sessions, fixed meetings, forbidden slots | precedence domain propagation: fixed point over direct edges | full precedence closure: cycle detection and graph statistics only | (20),(22)-(27) exactly once over reduced domains | (19) participant atMost-one per slot | (46),(47) clustered table capacity with full channeling | (28) staircase/support precedence over reduced domains and direct E | usedSlot channeling + exact per-idle-slot break cost | (43) exactly |Mp| reduced usedSlot variables | (44) atMost 2|L| busy participants per slot | (45) exact even number of busy participants | exact unary internal-idle counts and range objective over P*",,,result,207728,,0,207728
table06,forum-14.forb0003,forum-14.forb0003,SAT,OPTIMAL,19.449454,154546,393367,0,0,393367,,peak_process_tree_rss_mb,multiple,traditional,direct,no,imp12+,lexicographic_internal_idle_range_pstar_then_idle_max_then_idle_sum,lexicographic,0,0,0,0,72,"1,2,3,4,5,6,8,9,11,12,14,17,19,20,21,22,23,24,25,26,27,28,29,30,31,32,33,34,35,36,37,38,39,40,41,42,43,44,45,46,47,48,49,50,51,52,53,54,55,56,57,58,59,60,61,62,63,64,65,66,67,68,69,70,71,72,73,74,75,76,77,78",0,0,0,0,0,0,0,0,20,20,"0,0,0,0,0,0,0,0,0,0,0,0,0,0,0,0,0,0,0,0,0,0,0,0,0,0,0,0,0,0,0,0,0,0,0,0,0,0,0,0,0,0,0,0,0,0,0,0,0,0,0,0,0,0,0,0,0,0,0,0,0,0,0,0,0,0,0,0,0,0,0,0,0,0,0,0,0,0","10,12,12,18,24,28,30,36,42,42,42,44,44,44,42,34,28,24,20,16,8,4","19,11,12,13,17,12,18,14,13,15,15,8,10,5,9,7,4,11,12,6,12,15,16,7,9,8,1,12,14,9,13,13,17,16,8,5,6,9,11,15,12,19,14,11,19,10,6,16,18,14,15,9,11,5,10,8,12,11,10,13,12,15,14,10,11,7,14,19,14,15,17,20,21,13,18,14,10,6,4,18,8,15,11,13,16,12,7,20,10,8,18,16,15,9,9,6,17,15,16,14,19,16,13,15,9,12,8,11,18,20,14,12,13,17,10,12,7,6,11,10,9,5,3,9,2,7,11,5,6,12,8,11,16,10,9,14,19,13,20,17,15,8,5,13,10,7,8,6,9,9,16,19,13,17,21,14,15,14,11,13,16,15,8,14,16,17,7,5,4,12,10,13,20,18,3,6,16,12,8,2,4,13,18,5,7,12,15,13,9,11,10,16,14,17,10,9,14,13,14,16,10,15,17,13,11,12,9,11,2,1,3,10,8,4,5,7,6,20,13,5,16,18,14,12,9,8,22,19,11,17,4,7,1,21,10,15,6,2,3,7,14,15,13,18,17,15,14,21,16,22,19,20,8,13,11,9,10,12,5,4,11,6,3,8,1,7,10,9,12,2,14,17,18,16,15,9,7,12,4,8,10,11,6,17,18,20,19,14,13,15,10,7,4,12,2,9,3,8,6,11,1,5",1:M27 M210 M233 M265 M301 | 2:M125 M180 M209 M238 M270 M295 | 3:M123 M175 M211 M239 M263 M297 | 4:M17 M79 M169 M181 M214 M231 M260 M279 M293 | 5:M14 M36 M54 M122 M128 M143 M168 M184 M215 M220 M259 M302 | 6:M20 M37 M47 M78 M96 M118 M129 M148 M176 M217 M237 M262 M283 M299 | 7:M16 M24 M66 M87 M117 M126 M146 M167 M185 M216 M232 M240 M266 M277 M292 | 8:M12 M26 M35 M56 M81 M90 M107 M131 M142 M147 M163 M179 M213 M226 M253 M264 M280 M298 | 9:M15 M25 M30 M38 M52 M94 M95 M105 M121 M124 M135 M149 M150 M189 M196 M207 M225 M256 M268 M276 M296 | 10:M13 M46 M55 M59 M64 M77 M89 M115 M120 M134 M145 M171 M191 M195 M201 M212 M235 M257 M267 M281 M291 | 11:M2 M18 M39 M44 M53 M58 M65 M83 M108 M119 M127 M132 M159 M190 M205 M208 M229 M255 M261 M282 M300 | 12:M3 M6 M19 M21 M28 M41 M57 M61 M86 M106 M112 M116 M130 M170 M178 M186 M206 M224 M258 M269 M278 M294 | 13:M4 M9 M31 M32 M60 M74 M84 M103 M113 M138 M144 M153 M160 M172 M182 M188 M198 M204 M219 M243 M254 M289 | 14:M8 M29 M43 M50 M63 M67 M69 M76 M100 M111 M136 M156 M158 M164 M193 M197 M199 M223 M241 M247 M271 M288 | 15:M10 M11 M22 M40 M51 M62 M70 M82 M93 M98 M104 M141 M157 M162 M187 M202 M236 M242 M246 M275 M290 | 16:M23 M34 M48 M85 M92 M99 M102 M133 M151 M161 M165 M177 M192 M200 M221 M249 M274 | 17:M5 M33 M71 M97 M114 M140 M154 M166 M194 M203 M230 M245 M272 M284 | 18:M7 M49 M75 M80 M91 M109 M174 M183 M222 M244 M273 M285 | 19:M1 M42 M45 M68 M101 M137 M152 M228 M251 M287 | 20:M72 M88 M110 M139 M173 M218 M252 M286 | 21:M73 M155 M234 M248 | 22:M227 M250,,"domain reduction: sessions, fixed meetings, forbidden slots | precedence domain propagation: fixed point over direct edges | full precedence closure: cycle detection and graph statistics only | (20),(22)-(27) exactly once over reduced domains | (19) participant atMost-one per slot | (46),(47) clustered table capacity with full channeling | (28) traditional pairwise precedence over direct E | usedSlot channeling + exact per-idle-slot break cost | (43) exactly |Mp| reduced usedSlot variables | (44) atMost 2|L| busy participants per slot | (45) exact even number of busy participants | exact unary internal-idle counts and range objective over P*",,,result,393367,,0,393367
table06,forum-14.forb0003,forum-14.forb0003,SAT,OPTIMAL,18.389559,154546,393367,0,0,393367,,peak_process_tree_rss_mb,multiple,staircase,direct,yes,imp12+,lexicographic_internal_idle_range_pstar_then_idle_max_then_idle_sum,lexicographic,0,0,0,0,72,"1,2,3,4,5,6,8,9,11,12,14,17,19,20,21,22,23,24,25,26,27,28,29,30,31,32,33,34,35,36,37,38,39,40,41,42,43,44,45,46,47,48,49,50,51,52,53,54,55,56,57,58,59,60,61,62,63,64,65,66,67,68,69,70,71,72,73,74,75,76,77,78",0,0,0,0,0,0,0,0,20,20,"0,0,0,0,0,0,0,0,0,0,0,0,0,0,0,0,0,0,0,0,0,0,0,0,0,0,0,0,0,0,0,0,0,0,0,0,0,0,0,0,0,0,0,0,0,0,0,0,0,0,0,0,0,0,0,0,0,0,0,0,0,0,0,0,0,0,0,0,0,0,0,0,0,0,0,0,0,0","10,12,12,18,24,28,30,36,42,42,42,44,44,44,42,34,28,24,20,16,8,4","19,11,12,13,17,12,18,14,13,15,15,8,10,5,9,7,4,11,12,6,12,15,16,7,9,8,1,12,14,9,13,13,17,16,8,5,6,9,11,15,12,19,14,11,19,10,6,16,18,14,15,9,11,5,10,8,12,11,10,13,12,15,14,10,11,7,14,19,14,15,17,20,21,13,18,14,10,6,4,18,8,15,11,13,16,12,7,20,10,8,18,16,15,9,9,6,17,15,16,14,19,16,13,15,9,12,8,11,18,20,14,12,13,17,10,12,7,6,11,10,9,5,3,9,2,7,11,5,6,12,8,11,16,10,9,14,19,13,20,17,15,8,5,13,10,7,8,6,9,9,16,19,13,17,21,14,15,14,11,13,16,15,8,14,16,17,7,5,4,12,10,13,20,18,3,6,16,12,8,2,4,13,18,5,7,12,15,13,9,11,10,16,14,17,10,9,14,13,14,16,10,15,17,13,11,12,9,11,2,1,3,10,8,4,5,7,6,20,13,5,16,18,14,12,9,8,22,19,11,17,4,7,1,21,10,15,6,2,3,7,14,15,13,18,17,15,14,21,16,22,19,20,8,13,11,9,10,12,5,4,11,6,3,8,1,7,10,9,12,2,14,17,18,16,15,9,7,12,4,8,10,11,6,17,18,20,19,14,13,15,10,7,4,12,2,9,3,8,6,11,1,5",1:M27 M210 M233 M265 M301 | 2:M125 M180 M209 M238 M270 M295 | 3:M123 M175 M211 M239 M263 M297 | 4:M17 M79 M169 M181 M214 M231 M260 M279 M293 | 5:M14 M36 M54 M122 M128 M143 M168 M184 M215 M220 M259 M302 | 6:M20 M37 M47 M78 M96 M118 M129 M148 M176 M217 M237 M262 M283 M299 | 7:M16 M24 M66 M87 M117 M126 M146 M167 M185 M216 M232 M240 M266 M277 M292 | 8:M12 M26 M35 M56 M81 M90 M107 M131 M142 M147 M163 M179 M213 M226 M253 M264 M280 M298 | 9:M15 M25 M30 M38 M52 M94 M95 M105 M121 M124 M135 M149 M150 M189 M196 M207 M225 M256 M268 M276 M296 | 10:M13 M46 M55 M59 M64 M77 M89 M115 M120 M134 M145 M171 M191 M195 M201 M212 M235 M257 M267 M281 M291 | 11:M2 M18 M39 M44 M53 M58 M65 M83 M108 M119 M127 M132 M159 M190 M205 M208 M229 M255 M261 M282 M300 | 12:M3 M6 M19 M21 M28 M41 M57 M61 M86 M106 M112 M116 M130 M170 M178 M186 M206 M224 M258 M269 M278 M294 | 13:M4 M9 M31 M32 M60 M74 M84 M103 M113 M138 M144 M153 M160 M172 M182 M188 M198 M204 M219 M243 M254 M289 | 14:M8 M29 M43 M50 M63 M67 M69 M76 M100 M111 M136 M156 M158 M164 M193 M197 M199 M223 M241 M247 M271 M288 | 15:M10 M11 M22 M40 M51 M62 M70 M82 M93 M98 M104 M141 M157 M162 M187 M202 M236 M242 M246 M275 M290 | 16:M23 M34 M48 M85 M92 M99 M102 M133 M151 M161 M165 M177 M192 M200 M221 M249 M274 | 17:M5 M33 M71 M97 M114 M140 M154 M166 M194 M203 M230 M245 M272 M284 | 18:M7 M49 M75 M80 M91 M109 M174 M183 M222 M244 M273 M285 | 19:M1 M42 M45 M68 M101 M137 M152 M228 M251 M287 | 20:M72 M88 M110 M139 M173 M218 M252 M286 | 21:M73 M155 M234 M248 | 22:M227 M250,,"domain reduction: sessions, fixed meetings, forbidden slots | precedence domain propagation: fixed point over direct edges | full precedence closure: cycle detection and graph statistics only | (20),(22)-(27) exactly once over reduced domains | (19) participant atMost-one per slot | (46),(47) clustered table capacity with full channeling | (28) staircase/support precedence over reduced domains and direct E | usedSlot channeling + exact per-idle-slot break cost | (43) exactly |Mp| reduced usedSlot variables | (44) atMost 2|L| busy participants per slot | (45) exact even number of busy participants | exact unary internal-idle counts and range objective over P*",,,result,393367,,0,393367
table06,forumt-14.forb0003,forumt-14.forb0003,SAT,OPTIMAL,0.614029,28204,80900,0,0,80900,,peak_process_tree_rss_mb,multiple,traditional,direct,no,imp12+,lexicographic_internal_idle_range_pstar_then_idle_max_then_idle_sum,lexicographic,0,0,0,0,59,"1,2,3,4,5,6,7,8,9,10,11,12,13,14,15,16,17,18,20,21,22,23,24,25,26,27,28,29,30,31,32,33,34,35,36,37,38,39,40,41,42,43,44,45,46,47,48,49,50,51,52,53,54,55,56,57,58,59,60",0,0,0,0,0,0,0,0,7,7,"0,0,0,0,0,0,0,0,0,0,0,0,0,0,0,0,0,0,0,0,0,0,0,0,0,0,0,0,0,0,0,0,0,0,0,0,0,0,0,0,0,0,0,0,0,0,0,0,0,0,0,0,0,0,0,0,0,0,0,0","38,48,52,52,52,52,52,48,44,36","4,1,3,5,8,7,6,2,5,8,5,2,1,3,6,7,8,4,3,2,10,9,6,2,5,4,3,6,7,1,1,3,10,8,3,2,5,4,10,3,2,8,10,4,9,7,1,8,7,10,9,6,4,2,3,7,9,8,5,10,6,9,7,6,2,8,10,5,3,4,7,2,8,9,6,5,10,2,7,4,8,6,9,3,1,5,7,8,6,5,9,10,7,3,2,5,4,8,4,5,2,9,7,6,3,4,1,3,3,8,6,9,10,1,5,10,6,8,4,9,7,7,6,5,7,4,3,6,2,8,3,1,4,3,9,1,6,5,10,8,2,3,10,8,1,6,1,5,7,8,7,9,2,10,1,3,8,5,4,6,8,10,6,3,4,1,5,7,9,2,4,1,7,10,5,4,6,9,8,9,7,3,6,4,2,5,4,3,1,6,5,2,9,2,3,9,5,4,7,1,2,2,9,1,7,8,10,5,6,4,7,9,2,4,8,6,2,3,7,8,5,7,2,6,3,10,9,4,7,4,5,6,9,3,4,1,5",1:M2 M13 M30 M31 M47 M85 M107 M114 M132 M136 M145 M147 M155 M166 M172 M189 M200 M204 M236 | 2:M8 M12 M20 M24 M36 M41 M54 M65 M72 M78 M95 M101 M129 M141 M153 M170 M185 M192 M194 M201 M202 M213 M217 M223 | 3:M3 M14 M19 M27 M32 M35 M40 M55 M69 M84 M94 M105 M108 M109 M127 M131 M134 M142 M156 M164 M182 M188 M195 M218 M225 M234 | 4:M1 M18 M26 M38 M44 M53 M70 M80 M97 M99 M106 M119 M126 M133 M159 M165 M171 M176 M184 M187 M198 M210 M214 M228 M230 M235 | 5:M4 M9 M11 M25 M37 M59 M68 M76 M86 M90 M96 M100 M115 M124 M138 M148 M158 M167 M175 M186 M191 M197 M208 M221 M231 M237 | 6:M7 M15 M23 M28 M52 M61 M64 M75 M82 M89 M104 M111 M117 M123 M128 M137 M146 M160 M163 M177 M183 M190 M209 M216 M224 M232 | 7:M6 M16 M29 M46 M49 M56 M63 M71 M79 M87 M93 M103 M121 M122 M125 M149 M151 M168 M173 M181 M199 M205 M211 M219 M222 M229 | 8:M5 M10 M17 M34 M42 M48 M58 M66 M73 M81 M88 M98 M110 M118 M130 M140 M144 M150 M157 M161 M179 M206 M215 M220 | 9:M22 M45 M51 M57 M62 M74 M83 M91 M102 M112 M120 M135 M152 M169 M178 M180 M193 M196 M203 M212 M227 M233 | 10:M21 M33 M39 M43 M50 M60 M67 M77 M92 M113 M116 M139 M143 M154 M162 M174 M207 M226,,"domain reduction: sessions, fixed meetings, forbidden slots | precedence domain propagation: fixed point over direct edges | full precedence closure: cycle detection and graph statistics only | (20),(22)-(27) exactly once over reduced domains | (19) participant atMost-one per slot | (46),(47) clustered table capacity with full channeling | (28) traditional pairwise precedence over direct E | usedSlot channeling + exact per-idle-slot break cost | (43) exactly |Mp| reduced usedSlot variables | (44) atMost 2|L| busy participants per slot | (45) exact even number of busy participants | exact unary internal-idle counts and range objective over P*",,,result,80900,,0,80900
table06,forumt-14.forb0003,forumt-14.forb0003,SAT,OPTIMAL,0.613185,28204,80900,0,0,80900,,peak_process_tree_rss_mb,multiple,staircase,direct,yes,imp12+,lexicographic_internal_idle_range_pstar_then_idle_max_then_idle_sum,lexicographic,0,0,0,0,59,"1,2,3,4,5,6,7,8,9,10,11,12,13,14,15,16,17,18,20,21,22,23,24,25,26,27,28,29,30,31,32,33,34,35,36,37,38,39,40,41,42,43,44,45,46,47,48,49,50,51,52,53,54,55,56,57,58,59,60",0,0,0,0,0,0,0,0,7,7,"0,0,0,0,0,0,0,0,0,0,0,0,0,0,0,0,0,0,0,0,0,0,0,0,0,0,0,0,0,0,0,0,0,0,0,0,0,0,0,0,0,0,0,0,0,0,0,0,0,0,0,0,0,0,0,0,0,0,0,0","38,48,52,52,52,52,52,48,44,36","4,1,3,5,8,7,6,2,5,8,5,2,1,3,6,7,8,4,3,2,10,9,6,2,5,4,3,6,7,1,1,3,10,8,3,2,5,4,10,3,2,8,10,4,9,7,1,8,7,10,9,6,4,2,3,7,9,8,5,10,6,9,7,6,2,8,10,5,3,4,7,2,8,9,6,5,10,2,7,4,8,6,9,3,1,5,7,8,6,5,9,10,7,3,2,5,4,8,4,5,2,9,7,6,3,4,1,3,3,8,6,9,10,1,5,10,6,8,4,9,7,7,6,5,7,4,3,6,2,8,3,1,4,3,9,1,6,5,10,8,2,3,10,8,1,6,1,5,7,8,7,9,2,10,1,3,8,5,4,6,8,10,6,3,4,1,5,7,9,2,4,1,7,10,5,4,6,9,8,9,7,3,6,4,2,5,4,3,1,6,5,2,9,2,3,9,5,4,7,1,2,2,9,1,7,8,10,5,6,4,7,9,2,4,8,6,2,3,7,8,5,7,2,6,3,10,9,4,7,4,5,6,9,3,4,1,5",1:M2 M13 M30 M31 M47 M85 M107 M114 M132 M136 M145 M147 M155 M166 M172 M189 M200 M204 M236 | 2:M8 M12 M20 M24 M36 M41 M54 M65 M72 M78 M95 M101 M129 M141 M153 M170 M185 M192 M194 M201 M202 M213 M217 M223 | 3:M3 M14 M19 M27 M32 M35 M40 M55 M69 M84 M94 M105 M108 M109 M127 M131 M134 M142 M156 M164 M182 M188 M195 M218 M225 M234 | 4:M1 M18 M26 M38 M44 M53 M70 M80 M97 M99 M106 M119 M126 M133 M159 M165 M171 M176 M184 M187 M198 M210 M214 M228 M230 M235 | 5:M4 M9 M11 M25 M37 M59 M68 M76 M86 M90 M96 M100 M115 M124 M138 M148 M158 M167 M175 M186 M191 M197 M208 M221 M231 M237 | 6:M7 M15 M23 M28 M52 M61 M64 M75 M82 M89 M104 M111 M117 M123 M128 M137 M146 M160 M163 M177 M183 M190 M209 M216 M224 M232 | 7:M6 M16 M29 M46 M49 M56 M63 M71 M79 M87 M93 M103 M121 M122 M125 M149 M151 M168 M173 M181 M199 M205 M211 M219 M222 M229 | 8:M5 M10 M17 M34 M42 M48 M58 M66 M73 M81 M88 M98 M110 M118 M130 M140 M144 M150 M157 M161 M179 M206 M215 M220 | 9:M22 M45 M51 M57 M62 M74 M83 M91 M102 M112 M120 M135 M152 M169 M178 M180 M193 M196 M203 M212 M227 M233 | 10:M21 M33 M39 M43 M50 M60 M67 M77 M92 M113 M116 M139 M143 M154 M162 M174 M207 M226,,"domain reduction: sessions, fixed meetings, forbidden slots | precedence domain propagation: fixed point over direct edges | full precedence closure: cycle detection and graph statistics only | (20),(22)-(27) exactly once over reduced domains | (19) participant atMost-one per slot | (46),(47) clustered table capacity with full channeling | (28) staircase/support precedence over reduced domains and direct E | usedSlot channeling + exact per-idle-slot break cost | (43) exactly |Mp| reduced usedSlot variables | (44) atMost 2|L| busy participants per slot | (45) exact even number of busy participants | exact unary internal-idle counts and range objective over P*",,,result,80900,,0,80900
table06,forumt-14crafc.forb0003,forumt-14crafc.forb0003,SAT,OPTIMAL,0.653984,28424,81380,0,0,81380,,peak_process_tree_rss_mb,multiple,traditional,direct,no,imp12+,lexicographic_internal_idle_range_pstar_then_idle_max_then_idle_sum,lexicographic,0,0,0,0,59,"1,2,3,4,5,6,7,8,9,10,11,12,13,14,15,16,17,18,20,21,22,23,24,25,26,27,28,29,30,31,32,33,34,35,36,37,38,39,40,41,42,43,44,45,46,47,48,49,50,51,52,53,54,55,56,57,58,59,60",0,0,0,0,0,0,0,0,7,7,"0,0,0,0,0,0,0,0,0,0,0,0,0,0,0,0,0,0,0,0,0,0,0,0,0,0,0,0,0,0,0,0,0,0,0,0,0,0,0,0,0,0,0,0,0,0,0,0,0,0,0,0,0,0,0,0,0,0,0,0","46,48,50,50,50,50,50,48,44,38","1,2,3,4,5,6,7,8,1,1,1,2,3,4,5,6,7,8,10,1,5,4,2,1,3,2,4,5,2,3,1,2,3,4,2,7,4,5,3,1,4,1,2,3,5,8,6,3,5,1,2,4,6,4,2,1,5,3,6,10,7,3,1,7,10,5,9,8,2,4,10,9,8,7,6,5,4,8,3,5,1,7,2,10,9,6,5,7,6,10,8,9,8,4,7,10,5,6,9,4,7,10,8,6,2,10,7,9,5,7,9,10,8,5,2,3,6,4,1,8,7,2,4,1,10,6,9,7,8,5,6,8,1,5,10,9,7,8,6,2,4,7,9,8,1,3,9,5,4,3,9,7,1,8,4,10,3,5,6,2,3,9,1,5,6,7,10,8,4,9,6,10,7,5,4,9,7,3,2,2,3,2,9,1,6,8,5,9,10,7,6,8,6,7,8,9,5,6,10,4,3,10,6,9,7,4,1,3,2,8,4,1,8,7,3,3,9,2,3,9,8,3,7,5,2,1,4,6,5,3,2,4,6,8,9,10,6",1:M1 M9 M10 M11 M20 M24 M31 M40 M42 M50 M56 M63 M81 M119 M124 M133 M145 M153 M163 M184 M207 M212 M226 | 2:M2 M12 M23 M26 M29 M32 M35 M43 M51 M55 M69 M83 M105 M115 M122 M140 M160 M179 M180 M182 M209 M218 M225 M231 | 3:M3 M13 M25 M30 M33 M39 M44 M48 M58 M62 M79 M116 M146 M150 M157 M161 M178 M181 M201 M208 M215 M216 M219 M222 M230 | 4:M4 M14 M22 M27 M34 M37 M41 M52 M54 M70 M77 M94 M100 M118 M123 M141 M149 M155 M169 M175 M200 M206 M211 M227 M232 | 5:M5 M15 M21 M28 M38 M45 M49 M57 M66 M76 M80 M87 M97 M109 M114 M130 M134 M148 M158 M164 M174 M187 M197 M224 M229 | 6:M6 M16 M47 M53 M59 M75 M86 M89 M98 M104 M117 M126 M131 M139 M159 M165 M171 M185 M191 M193 M198 M203 M228 M233 M237 | 7:M7 M17 M36 M61 M64 M74 M82 M88 M95 M101 M107 M110 M121 M128 M137 M142 M152 M166 M173 M177 M190 M194 M205 M214 M223 | 8:M8 M18 M46 M68 M73 M78 M91 M93 M103 M113 M120 M129 M132 M138 M144 M154 M168 M186 M192 M195 M210 M213 M221 M234 | 9:M67 M72 M85 M92 M99 M108 M111 M127 M136 M143 M147 M151 M162 M170 M176 M183 M188 M196 M204 M217 M220 M235 | 10:M19 M60 M65 M71 M84 M90 M96 M102 M106 M112 M125 M135 M156 M167 M172 M189 M199 M202 M236,,"domain reduction: sessions, fixed meetings, forbidden slots | precedence domain propagation: fixed point over direct edges | full precedence closure: cycle detection and graph statistics only | (20),(22)-(27) exactly once over reduced domains | (19) participant atMost-one per slot | (46),(47) clustered table capacity with full channeling | (28) traditional pairwise precedence over direct E | usedSlot channeling + exact per-idle-slot break cost | (43) exactly |Mp| reduced usedSlot variables | (44) atMost 2|L| busy participants per slot | (45) exact even number of busy participants | exact unary internal-idle counts and range objective over P*",,,result,81380,,0,81380
table06,forumt-14crafc.forb0003,forumt-14crafc.forb0003,SAT,OPTIMAL,0.652946,28424,81380,0,0,81380,,peak_process_tree_rss_mb,multiple,staircase,direct,yes,imp12+,lexicographic_internal_idle_range_pstar_then_idle_max_then_idle_sum,lexicographic,0,0,0,0,59,"1,2,3,4,5,6,7,8,9,10,11,12,13,14,15,16,17,18,20,21,22,23,24,25,26,27,28,29,30,31,32,33,34,35,36,37,38,39,40,41,42,43,44,45,46,47,48,49,50,51,52,53,54,55,56,57,58,59,60",0,0,0,0,0,0,0,0,7,7,"0,0,0,0,0,0,0,0,0,0,0,0,0,0,0,0,0,0,0,0,0,0,0,0,0,0,0,0,0,0,0,0,0,0,0,0,0,0,0,0,0,0,0,0,0,0,0,0,0,0,0,0,0,0,0,0,0,0,0,0","46,48,50,50,50,50,50,48,44,38","1,2,3,4,5,6,7,8,1,1,1,2,3,4,5,6,7,8,10,1,5,4,2,1,3,2,4,5,2,3,1,2,3,4,2,7,4,5,3,1,4,1,2,3,5,8,6,3,5,1,2,4,6,4,2,1,5,3,6,10,7,3,1,7,10,5,9,8,2,4,10,9,8,7,6,5,4,8,3,5,1,7,2,10,9,6,5,7,6,10,8,9,8,4,7,10,5,6,9,4,7,10,8,6,2,10,7,9,5,7,9,10,8,5,2,3,6,4,1,8,7,2,4,1,10,6,9,7,8,5,6,8,1,5,10,9,7,8,6,2,4,7,9,8,1,3,9,5,4,3,9,7,1,8,4,10,3,5,6,2,3,9,1,5,6,7,10,8,4,9,6,10,7,5,4,9,7,3,2,2,3,2,9,1,6,8,5,9,10,7,6,8,6,7,8,9,5,6,10,4,3,10,6,9,7,4,1,3,2,8,4,1,8,7,3,3,9,2,3,9,8,3,7,5,2,1,4,6,5,3,2,4,6,8,9,10,6",1:M1 M9 M10 M11 M20 M24 M31 M40 M42 M50 M56 M63 M81 M119 M124 M133 M145 M153 M163 M184 M207 M212 M226 | 2:M2 M12 M23 M26 M29 M32 M35 M43 M51 M55 M69 M83 M105 M115 M122 M140 M160 M179 M180 M182 M209 M218 M225 M231 | 3:M3 M13 M25 M30 M33 M39 M44 M48 M58 M62 M79 M116 M146 M150 M157 M161 M178 M181 M201 M208 M215 M216 M219 M222 M230 | 4:M4 M14 M22 M27 M34 M37 M41 M52 M54 M70 M77 M94 M100 M118 M123 M141 M149 M155 M169 M175 M200 M206 M211 M227 M232 | 5:M5 M15 M21 M28 M38 M45 M49 M57 M66 M76 M80 M87 M97 M109 M114 M130 M134 M148 M158 M164 M174 M187 M197 M224 M229 | 6:M6 M16 M47 M53 M59 M75 M86 M89 M98 M104 M117 M126 M131 M139 M159 M165 M171 M185 M191 M193 M198 M203 M228 M233 M237 | 7:M7 M17 M36 M61 M64 M74 M82 M88 M95 M101 M107 M110 M121 M128 M137 M142 M152 M166 M173 M177 M190 M194 M205 M214 M223 | 8:M8 M18 M46 M68 M73 M78 M91 M93 M103 M113 M120 M129 M132 M138 M144 M154 M168 M186 M192 M195 M210 M213 M221 M234 | 9:M67 M72 M85 M92 M99 M108 M111 M127 M136 M143 M147 M151 M162 M170 M176 M183 M188 M196 M204 M217 M220 M235 | 10:M19 M60 M65 M71 M84 M90 M96 M102 M106 M112 M125 M135 M156 M167 M172 M189 M199 M202 M236,,"domain reduction: sessions, fixed meetings, forbidden slots | precedence domain propagation: fixed point over direct edges | full precedence closure: cycle detection and graph statistics only | (20),(22)-(27) exactly once over reduced domains | (19) participant atMost-one per slot | (46),(47) clustered table capacity with full channeling | (28) staircase/support precedence over reduced domains and direct E | usedSlot channeling + exact per-idle-slot break cost | (43) exactly |Mp| reduced usedSlot variables | (44) atMost 2|L| busy participants per slot | (45) exact even number of busy participants | exact unary internal-idle counts and range objective over P*",,,result,81380,,0,81380
table06,tic-13crafb.forb0003,tic-13crafb.forb0003,SAT,OPTIMAL,0.335702,23113,64260,0,0,64260,,peak_process_tree_rss_mb,multiple,traditional,direct,no,imp12+,lexicographic_internal_idle_range_pstar_then_idle_max_then_idle_sum,lexicographic,0,0,0,0,44,"1,2,3,4,5,6,7,8,9,10,11,12,13,14,15,16,17,18,19,20,21,22,24,25,26,27,28,29,30,31,32,33,34,35,36,37,38,40,41,42,43,44,45,46",0,0,0,0,0,0,0,0,8,8,"0,0,0,0,0,0,0,0,0,0,0,0,0,0,0,0,0,0,0,0,0,0,0,0,0,0,0,0,0,0,0,0,0,0,0,0,0,0,0,0,0,0,0,0,0,0","24,32,38,42,42,42,40,40,38,30","5,10,2,8,9,7,7,8,5,2,9,10,6,8,1,3,2,5,8,4,6,10,3,7,4,8,9,10,3,6,9,1,8,2,5,6,10,3,7,5,4,5,1,8,10,2,3,6,2,9,3,5,1,7,6,8,6,7,4,9,5,1,10,1,2,7,4,3,7,5,4,6,10,8,7,1,9,3,5,2,4,7,8,6,5,1,7,3,4,9,6,10,4,8,9,8,3,2,10,4,1,7,2,6,5,10,1,4,8,2,6,1,9,5,3,4,5,8,3,9,7,2,5,4,6,10,8,6,9,7,3,5,8,3,3,6,9,10,8,7,2,4,10,7,9,4,2,7,6,5,3,9,4,4,6,9,9,6,3,4,8,7,5,4,3,8,6,2,9,5,10,1,7,7,4,9,5,6,8,6,4,2,5,3",1:M15 M32 M43 M53 M62 M64 M76 M86 M101 M107 M112 M172 | 2:M3 M10 M17 M34 M46 M49 M65 M80 M98 M103 M110 M122 M141 M147 M168 M182 | 3:M16 M23 M29 M38 M47 M51 M68 M78 M88 M97 M115 M119 M131 M134 M135 M151 M159 M165 M184 | 4:M20 M25 M41 M59 M67 M71 M81 M89 M93 M100 M108 M116 M124 M142 M146 M153 M154 M160 M164 M175 M181 | 5:M1 M9 M18 M35 M40 M42 M52 M61 M70 M79 M85 M105 M114 M117 M123 M132 M150 M163 M170 M177 M183 | 6:M13 M21 M30 M36 M48 M55 M57 M72 M84 M91 M104 M111 M125 M128 M136 M149 M155 M158 M167 M178 M180 | 7:M6 M7 M24 M39 M54 M58 M66 M69 M75 M82 M87 M102 M121 M130 M140 M144 M148 M162 M173 M174 | 8:M4 M8 M14 M19 M26 M33 M44 M56 M74 M83 M94 M96 M109 M118 M127 M133 M139 M161 M166 M179 | 9:M5 M11 M27 M31 M50 M60 M77 M90 M95 M113 M120 M129 M137 M145 M152 M156 M157 M169 M176 | 10:M2 M12 M22 M28 M37 M45 M63 M73 M92 M99 M106 M126 M138 M143 M171,,"domain reduction: sessions, fixed meetings, forbidden slots | precedence domain propagation: fixed point over direct edges | full precedence closure: cycle detection and graph statistics only | (20),(22)-(27) exactly once over reduced domains | (19) participant atMost-one per slot | (46),(47) clustered table capacity with full channeling | (28) traditional pairwise precedence over direct E | usedSlot channeling + exact per-idle-slot break cost | (43) exactly |Mp| reduced usedSlot variables | (44) atMost 2|L| busy participants per slot | (45) exact even number of busy participants | exact unary internal-idle counts and range objective over P*",,,result,64260,,0,64260
table06,tic-13crafb.forb0003,tic-13crafb.forb0003,SAT,OPTIMAL,0.332682,23113,64260,0,0,64260,,peak_process_tree_rss_mb,multiple,staircase,direct,yes,imp12+,lexicographic_internal_idle_range_pstar_then_idle_max_then_idle_sum,lexicographic,0,0,0,0,44,"1,2,3,4,5,6,7,8,9,10,11,12,13,14,15,16,17,18,19,20,21,22,24,25,26,27,28,29,30,31,32,33,34,35,36,37,38,40,41,42,43,44,45,46",0,0,0,0,0,0,0,0,8,8,"0,0,0,0,0,0,0,0,0,0,0,0,0,0,0,0,0,0,0,0,0,0,0,0,0,0,0,0,0,0,0,0,0,0,0,0,0,0,0,0,0,0,0,0,0,0","24,32,38,42,42,42,40,40,38,30","5,10,2,8,9,7,7,8,5,2,9,10,6,8,1,3,2,5,8,4,6,10,3,7,4,8,9,10,3,6,9,1,8,2,5,6,10,3,7,5,4,5,1,8,10,2,3,6,2,9,3,5,1,7,6,8,6,7,4,9,5,1,10,1,2,7,4,3,7,5,4,6,10,8,7,1,9,3,5,2,4,7,8,6,5,1,7,3,4,9,6,10,4,8,9,8,3,2,10,4,1,7,2,6,5,10,1,4,8,2,6,1,9,5,3,4,5,8,3,9,7,2,5,4,6,10,8,6,9,7,3,5,8,3,3,6,9,10,8,7,2,4,10,7,9,4,2,7,6,5,3,9,4,4,6,9,9,6,3,4,8,7,5,4,3,8,6,2,9,5,10,1,7,7,4,9,5,6,8,6,4,2,5,3",1:M15 M32 M43 M53 M62 M64 M76 M86 M101 M107 M112 M172 | 2:M3 M10 M17 M34 M46 M49 M65 M80 M98 M103 M110 M122 M141 M147 M168 M182 | 3:M16 M23 M29 M38 M47 M51 M68 M78 M88 M97 M115 M119 M131 M134 M135 M151 M159 M165 M184 | 4:M20 M25 M41 M59 M67 M71 M81 M89 M93 M100 M108 M116 M124 M142 M146 M153 M154 M160 M164 M175 M181 | 5:M1 M9 M18 M35 M40 M42 M52 M61 M70 M79 M85 M105 M114 M117 M123 M132 M150 M163 M170 M177 M183 | 6:M13 M21 M30 M36 M48 M55 M57 M72 M84 M91 M104 M111 M125 M128 M136 M149 M155 M158 M167 M178 M180 | 7:M6 M7 M24 M39 M54 M58 M66 M69 M75 M82 M87 M102 M121 M130 M140 M144 M148 M162 M173 M174 | 8:M4 M8 M14 M19 M26 M33 M44 M56 M74 M83 M94 M96 M109 M118 M127 M133 M139 M161 M166 M179 | 9:M5 M11 M27 M31 M50 M60 M77 M90 M95 M113 M120 M129 M137 M145 M152 M156 M157 M169 M176 | 10:M2 M12 M22 M28 M37 M45 M63 M73 M92 M99 M106 M126 M138 M143 M171,,"domain reduction: sessions, fixed meetings, forbidden slots | precedence domain propagation: fixed point over direct edges | full precedence closure: cycle detection and graph statistics only | (20),(22)-(27) exactly once over reduced domains | (19) participant atMost-one per slot | (46),(47) clustered table capacity with full channeling | (28) staircase/support precedence over reduced domains and direct E | usedSlot channeling + exact per-idle-slot break cost | (43) exactly |Mp| reduced usedSlot variables | (44) atMost 2|L| busy participants per slot | (45) exact even number of busy participants | exact unary internal-idle counts and range objective over P*",,,result,64260,,0,64260
table07,forum-13.fixed020-Forb,forum-13.fixed020-Forb,SAT,OPTIMAL,133.791435,83762,193329,0,0,193329,,peak_process_tree_rss_mb,multiple,traditional,direct,no,imp12+,lexicographic_internal_idle_range_pstar_then_idle_max_then_idle_sum,lexicographic,12,12,155,155,58,"1,2,3,4,5,6,7,8,9,10,11,12,13,14,15,16,18,19,23,24,25,26,27,28,29,30,31,32,33,34,35,36,37,38,39,40,41,42,44,45,46,47,48,49,50,52,53,54,56,57,59,60,62,63,64,65,66,70",155,10,10,12,0,0,0,0,19,19,"2,2,6,2,2,2,2,2,2,2,2,2,2,2,2,2,0,5,2,0,0,0,2,2,2,5,2,2,2,2,2,2,2,2,2,2,2,2,5,3,2,4,0,7,3,12,2,2,2,3,0,2,2,2,0,5,2,0,2,2,0,2,2,2,2,5,0,0,0,2","4,6,8,12,16,24,24,28,28,28,28,26,22,16,6,6,6,4,8,4,4","3,11,4,6,9,8,7,5,1,14,14,15,17,8,13,12,10,9,4,5,8,6,11,7,7,6,10,7,2,8,5,9,4,13,5,7,11,12,9,8,12,10,14,16,15,13,12,10,10,13,8,16,12,14,11,9,19,6,10,8,11,9,14,9,20,10,11,8,7,4,11,2,3,6,13,5,12,13,4,7,9,12,10,11,6,8,5,1,8,20,7,19,11,9,13,14,6,18,12,8,10,5,9,6,10,11,13,6,3,9,12,7,8,9,13,8,12,11,10,7,6,21,11,13,17,10,8,19,15,9,12,14,16,7,19,6,3,9,10,21,11,5,14,4,17,2,12,18,11,7,10,13,6,12",1:M9 M88 | 2:M29 M72 M146 | 3:M1 M73 M109 M137 | 4:M3 M19 M33 M70 M79 M144 | 5:M8 M20 M31 M35 M76 M87 M102 M142 | 6:M4 M22 M26 M58 M74 M85 M97 M104 M108 M121 M136 M153 | 7:M7 M24 M25 M28 M36 M69 M80 M91 M112 M120 M134 M150 | 8:M6 M14 M21 M30 M40 M51 M60 M68 M86 M89 M100 M113 M116 M127 | 9:M5 M18 M32 M39 M56 M62 M64 M81 M94 M103 M110 M114 M130 M138 | 10:M17 M27 M42 M48 M49 M59 M66 M83 M101 M105 M119 M126 M139 M151 | 11:M2 M23 M37 M55 M61 M67 M71 M84 M93 M106 M118 M123 M141 M149 | 12:M16 M38 M41 M47 M53 M77 M82 M99 M111 M117 M131 M147 M154 | 13:M15 M34 M46 M50 M75 M78 M95 M107 M115 M124 M152 | 14:M10 M11 M43 M54 M63 M96 M132 M143 | 15:M12 M45 M129 | 16:M44 M52 M133 | 17:M13 M125 M145 | 18:M98 M148 | 19:M57 M92 M128 M135 | 20:M65 M90 | 21:M122 M140,,"domain reduction: sessions, fixed meetings, forbidden slots | precedence domain propagation: fixed point over direct edges | full precedence closure: cycle detection and graph statistics only | (20),(22)-(27) exactly once over reduced domains | (19) participant atMost-one per slot | (46),(47) clustered table capacity with full channeling | (28) traditional pairwise precedence over direct E | usedSlot channeling + exact per-idle-slot break cost | (43) exactly |Mp| reduced usedSlot variables | (44) atMost 2|L| busy participants per slot | (45) exact even number of busy participants | exact unary internal-idle counts and range objective over P*",,,result,193329,,10,193329
table07,forum-13.fixed020-Forb,forum-13.fixed020-Forb,SAT,OPTIMAL,131.581317,83762,193329,0,0,193329,,peak_process_tree_rss_mb,multiple,staircase,direct,yes,imp12+,lexicographic_internal_idle_range_pstar_then_idle_max_then_idle_sum,lexicographic,12,12,155,155,58,"1,2,3,4,5,6,7,8,9,10,11,12,13,14,15,16,18,19,23,24,25,26,27,28,29,30,31,32,33,34,35,36,37,38,39,40,41,42,44,45,46,47,48,49,50,52,53,54,56,57,59,60,62,63,64,65,66,70",155,10,10,12,0,0,0,0,19,19,"2,2,6,2,2,2,2,2,2,2,2,2,2,2,2,2,0,5,2,0,0,0,2,2,2,5,2,2,2,2,2,2,2,2,2,2,2,2,5,3,2,4,0,7,3,12,2,2,2,3,0,2,2,2,0,5,2,0,2,2,0,2,2,2,2,5,0,0,0,2","4,6,8,12,16,24,24,28,28,28,28,26,22,16,6,6,6,4,8,4,4","3,11,4,6,9,8,7,5,1,14,14,15,17,8,13,12,10,9,4,5,8,6,11,7,7,6,10,7,2,8,5,9,4,13,5,7,11,12,9,8,12,10,14,16,15,13,12,10,10,13,8,16,12,14,11,9,19,6,10,8,11,9,14,9,20,10,11,8,7,4,11,2,3,6,13,5,12,13,4,7,9,12,10,11,6,8,5,1,8,20,7,19,11,9,13,14,6,18,12,8,10,5,9,6,10,11,13,6,3,9,12,7,8,9,13,8,12,11,10,7,6,21,11,13,17,10,8,19,15,9,12,14,16,7,19,6,3,9,10,21,11,5,14,4,17,2,12,18,11,7,10,13,6,12",1:M9 M88 | 2:M29 M72 M146 | 3:M1 M73 M109 M137 | 4:M3 M19 M33 M70 M79 M144 | 5:M8 M20 M31 M35 M76 M87 M102 M142 | 6:M4 M22 M26 M58 M74 M85 M97 M104 M108 M121 M136 M153 | 7:M7 M24 M25 M28 M36 M69 M80 M91 M112 M120 M134 M150 | 8:M6 M14 M21 M30 M40 M51 M60 M68 M86 M89 M100 M113 M116 M127 | 9:M5 M18 M32 M39 M56 M62 M64 M81 M94 M103 M110 M114 M130 M138 | 10:M17 M27 M42 M48 M49 M59 M66 M83 M101 M105 M119 M126 M139 M151 | 11:M2 M23 M37 M55 M61 M67 M71 M84 M93 M106 M118 M123 M141 M149 | 12:M16 M38 M41 M47 M53 M77 M82 M99 M111 M117 M131 M147 M154 | 13:M15 M34 M46 M50 M75 M78 M95 M107 M115 M124 M152 | 14:M10 M11 M43 M54 M63 M96 M132 M143 | 15:M12 M45 M129 | 16:M44 M52 M133 | 17:M13 M125 M145 | 18:M98 M148 | 19:M57 M92 M128 M135 | 20:M65 M90 | 21:M122 M140,,"domain reduction: sessions, fixed meetings, forbidden slots | precedence domain propagation: fixed point over direct edges | full precedence closure: cycle detection and graph statistics only | (20),(22)-(27) exactly once over reduced domains | (19) participant atMost-one per slot | (46),(47) clustered table capacity with full channeling | (28) staircase/support precedence over reduced domains and direct E | usedSlot channeling + exact per-idle-slot break cost | (43) exactly |Mp| reduced usedSlot variables | (44) atMost 2|L| busy participants per slot | (45) exact even number of busy participants | exact unary internal-idle counts and range objective over P*",,,result,193329,,10,193329
table07,forum-13.fixed040-Forb,forum-13.fixed040-Forb,SAT,OPTIMAL,151.967195,71466,164598,0,0,164598,,peak_process_tree_rss_mb,multiple,traditional,direct,no,imp12+,lexicographic_internal_idle_range_pstar_then_idle_max_then_idle_sum,lexicographic,14,14,245,245,58,"1,2,3,4,5,6,7,8,9,10,11,12,13,14,15,16,18,19,23,24,25,26,27,28,29,30,31,32,33,34,35,36,37,38,39,40,41,42,44,45,46,47,48,49,50,52,53,54,56,57,59,60,62,63,64,65,66,70",245,12,12,14,0,0,0,0,19,19,"2,2,8,4,2,3,2,2,7,2,5,2,2,10,2,3,0,5,2,0,0,0,3,2,2,5,4,2,9,2,8,2,2,2,2,9,2,7,7,10,2,4,0,8,2,12,2,2,2,14,0,2,2,2,0,6,7,0,10,2,0,2,2,8,2,5,0,0,0,2","12,12,14,12,20,18,22,28,28,26,24,22,14,14,10,8,6,2,2,8,6","8,9,2,6,11,5,7,4,1,14,14,12,21,11,15,9,10,17,4,2,3,1,8,7,7,8,10,7,2,8,6,5,4,8,5,10,11,6,9,1,12,4,14,16,15,13,12,10,3,9,7,16,10,20,12,21,19,6,10,9,11,9,11,8,20,10,14,9,7,5,8,2,3,6,11,13,12,7,2,1,9,13,8,10,12,11,5,3,5,20,8,9,7,11,13,14,6,15,12,8,10,13,9,1,10,11,9,13,3,8,12,5,6,5,9,8,1,11,10,3,4,15,10,20,18,16,7,11,8,9,12,14,17,9,14,3,13,15,5,21,11,6,7,4,17,2,12,16,6,8,10,12,5,7",1:M9 M22 M40 M80 M104 M117 | 2:M3 M20 M29 M72 M79 M146 | 3:M21 M49 M73 M88 M109 M120 M136 | 4:M8 M19 M33 M42 M121 M144 | 5:M6 M32 M35 M70 M87 M89 M112 M114 M139 M153 | 6:M4 M31 M38 M58 M74 M97 M113 M142 M149 | 7:M7 M24 M25 M28 M51 M69 M78 M93 M127 M143 M154 | 8:M1 M23 M26 M30 M34 M64 M71 M83 M91 M100 M110 M116 M129 M150 | 9:M2 M16 M39 M50 M60 M62 M68 M81 M92 M103 M107 M115 M130 M134 | 10:M17 M27 M36 M48 M53 M59 M66 M84 M101 M105 M119 M123 M151 | 11:M5 M14 M37 M61 M63 M75 M86 M94 M106 M118 M128 M141 | 12:M12 M41 M47 M55 M77 M85 M99 M111 M131 M147 M152 | 13:M46 M76 M82 M95 M102 M108 M137 | 14:M10 M11 M43 M67 M96 M132 M135 | 15:M15 M45 M98 M122 M138 | 16:M44 M52 M126 M148 | 17:M18 M133 M145 | 18:M125 | 19:M57 | 20:M54 M65 M90 M124 | 21:M13 M56 M140,,"domain reduction: sessions, fixed meetings, forbidden slots | precedence domain propagation: fixed point over direct edges | full precedence closure: cycle detection and graph statistics only | (20),(22)-(27) exactly once over reduced domains | (19) participant atMost-one per slot | (46),(47) clustered table capacity with full channeling | (28) traditional pairwise precedence over direct E | usedSlot channeling + exact per-idle-slot break cost | (43) exactly |Mp| reduced usedSlot variables | (44) atMost 2|L| busy participants per slot | (45) exact even number of busy participants | exact unary internal-idle counts and range objective over P*",,,result,164598,,12,164598
table07,forum-13.fixed040-Forb,forum-13.fixed040-Forb,SAT,OPTIMAL,153.363605,71466,164598,0,0,164598,,peak_process_tree_rss_mb,multiple,staircase,direct,yes,imp12+,lexicographic_internal_idle_range_pstar_then_idle_max_then_idle_sum,lexicographic,14,14,245,245,58,"1,2,3,4,5,6,7,8,9,10,11,12,13,14,15,16,18,19,23,24,25,26,27,28,29,30,31,32,33,34,35,36,37,38,39,40,41,42,44,45,46,47,48,49,50,52,53,54,56,57,59,60,62,63,64,65,66,70",245,12,12,14,0,0,0,0,19,19,"2,2,8,4,2,3,2,2,7,2,5,2,2,10,2,3,0,5,2,0,0,0,3,2,2,5,4,2,9,2,8,2,2,2,2,9,2,7,7,10,2,4,0,8,2,12,2,2,2,14,0,2,2,2,0,6,7,0,10,2,0,2,2,8,2,5,0,0,0,2","12,12,14,12,20,18,22,28,28,26,24,22,14,14,10,8,6,2,2,8,6","8,9,2,6,11,5,7,4,1,14,14,12,21,11,15,9,10,17,4,2,3,1,8,7,7,8,10,7,2,8,6,5,4,8,5,10,11,6,9,1,12,4,14,16,15,13,12,10,3,9,7,16,10,20,12,21,19,6,10,9,11,9,11,8,20,10,14,9,7,5,8,2,3,6,11,13,12,7,2,1,9,13,8,10,12,11,5,3,5,20,8,9,7,11,13,14,6,15,12,8,10,13,9,1,10,11,9,13,3,8,12,5,6,5,9,8,1,11,10,3,4,15,10,20,18,16,7,11,8,9,12,14,17,9,14,3,13,15,5,21,11,6,7,4,17,2,12,16,6,8,10,12,5,7",1:M9 M22 M40 M80 M104 M117 | 2:M3 M20 M29 M72 M79 M146 | 3:M21 M49 M73 M88 M109 M120 M136 | 4:M8 M19 M33 M42 M121 M144 | 5:M6 M32 M35 M70 M87 M89 M112 M114 M139 M153 | 6:M4 M31 M38 M58 M74 M97 M113 M142 M149 | 7:M7 M24 M25 M28 M51 M69 M78 M93 M127 M143 M154 | 8:M1 M23 M26 M30 M34 M64 M71 M83 M91 M100 M110 M116 M129 M150 | 9:M2 M16 M39 M50 M60 M62 M68 M81 M92 M103 M107 M115 M130 M134 | 10:M17 M27 M36 M48 M53 M59 M66 M84 M101 M105 M119 M123 M151 | 11:M5 M14 M37 M61 M63 M75 M86 M94 M106 M118 M128 M141 | 12:M12 M41 M47 M55 M77 M85 M99 M111 M131 M147 M152 | 13:M46 M76 M82 M95 M102 M108 M137 | 14:M10 M11 M43 M67 M96 M132 M135 | 15:M15 M45 M98 M122 M138 | 16:M44 M52 M126 M148 | 17:M18 M133 M145 | 18:M125 | 19:M57 | 20:M54 M65 M90 M124 | 21:M13 M56 M140,,"domain reduction: sessions, fixed meetings, forbidden slots | precedence domain propagation: fixed point over direct edges | full precedence closure: cycle detection and graph statistics only | (20),(22)-(27) exactly once over reduced domains | (19) participant atMost-one per slot | (46),(47) clustered table capacity with full channeling | (28) staircase/support precedence over reduced domains and direct E | usedSlot channeling + exact per-idle-slot break cost | (43) exactly |Mp| reduced usedSlot variables | (44) atMost 2|L| busy participants per slot | (45) exact even number of busy participants | exact unary internal-idle counts and range objective over P*",,,result,164598,,12,164598
table07,forum-13crafb.fixed020-Forb,forum-13crafb.fixed020-Forb,SAT,OPTIMAL,773.704981,85160,211558,0,0,211558,,peak_process_tree_rss_mb,multiple,traditional,direct,no,imp12+,lexicographic_internal_idle_range_pstar_then_idle_max_then_idle_sum,lexicographic,17,17,156,156,56,"1,2,3,4,7,8,9,10,12,13,14,15,16,17,18,19,20,21,22,23,24,25,26,28,29,30,31,32,33,36,37,38,39,40,41,42,43,44,45,47,48,51,53,54,56,57,58,59,60,61,62,63,64,65,66,76",156,17,17,17,0,0,0,0,20,20,"0,8,5,1,0,0,0,3,4,4,0,0,0,2,0,10,0,1,5,10,3,3,2,0,6,8,0,0,0,1,0,0,9,0,0,6,0,0,8,6,0,0,2,0,0,0,0,0,0,0,6,0,1,1,0,0,8,2,0,9,0,0,0,0,0,17,0,0,0,0,0,0,0,0,0,5","16,16,10,16,20,24,28,28,28,28,28,28,28,24,18,10,12,8,8,6,2,4","6,15,11,12,10,7,11,13,15,8,6,5,12,6,15,13,11,14,14,16,13,10,17,7,8,11,7,6,9,6,12,9,9,2,1,9,4,7,8,17,18,14,13,2,17,16,13,8,12,9,14,11,15,19,4,3,5,7,8,10,14,7,8,19,20,13,9,17,18,5,8,9,7,10,5,15,14,2,4,11,12,5,1,2,16,15,14,10,10,11,12,13,12,19,21,18,20,17,14,16,22,15,13,13,22,14,10,8,10,1,7,6,11,10,6,5,1,4,12,7,9,11,2,3,9,7,8,6,4,6,2,10,3,5,13,18,11,20,16,17,14,15,7,1,19,11,12,9,8,12,13,2,1,7,9,12,10,8,5,6,13,11,4,6,3,5,10,7,9,8,4,2,11,12,1,1,8,14,3,13,4,9,5,6,7,10,12,15,9,8,12,11,10,13,14",1:M35 M83 M110 M117 M144 M153 M175 M176 | 2:M34 M44 M78 M84 M123 M131 M152 M172 | 3:M56 M124 M133 M165 M179 | 4:M37 M55 M79 M118 M129 M163 M171 M181 | 5:M12 M57 M70 M75 M82 M116 M134 M159 M166 M183 | 6:M1 M11 M14 M28 M30 M112 M115 M128 M130 M160 M164 M184 | 7:M6 M24 M27 M38 M58 M62 M73 M111 M120 M126 M143 M154 M168 M185 | 8:M10 M25 M39 M48 M59 M63 M71 M108 M127 M149 M158 M170 M177 M190 | 9:M29 M32 M33 M36 M50 M67 M72 M121 M125 M148 M155 M169 M182 M189 | 10:M5 M22 M60 M74 M88 M89 M107 M109 M114 M132 M157 M167 M186 M193 | 11:M3 M7 M17 M26 M52 M80 M90 M113 M122 M137 M146 M162 M173 M192 | 12:M4 M13 M31 M49 M81 M91 M93 M119 M147 M150 M156 M174 M187 M191 | 13:M8 M16 M21 M43 M47 M66 M92 M103 M104 M135 M151 M161 M180 M194 | 14:M18 M19 M42 M51 M61 M77 M87 M99 M106 M141 M178 M195 | 15:M2 M9 M15 M53 M76 M86 M102 M142 M188 | 16:M20 M46 M85 M100 M139 | 17:M23 M40 M45 M68 M98 M140 | 18:M41 M69 M96 M136 | 19:M54 M64 M94 M145 | 20:M65 M97 M138 | 21:M95 | 22:M101 M105,,"domain reduction: sessions, fixed meetings, forbidden slots | precedence domain propagation: fixed point over direct edges | full precedence closure: cycle detection and graph statistics only | (20),(22)-(27) exactly once over reduced domains | (19) participant atMost-one per slot | (46),(47) clustered table capacity with full channeling | (28) traditional pairwise precedence over direct E | usedSlot channeling + exact per-idle-slot break cost | (43) exactly |Mp| reduced usedSlot variables | (44) atMost 2|L| busy participants per slot | (45) exact even number of busy participants | exact unary internal-idle counts and range objective over P*",,,result,211558,,17,211558
table07,forum-13crafb.fixed020-Forb,forum-13crafb.fixed020-Forb,SAT,OPTIMAL,1090.105978,85160,211558,0,0,211558,,peak_process_tree_rss_mb,multiple,staircase,direct,yes,imp12+,lexicographic_internal_idle_range_pstar_then_idle_max_then_idle_sum,lexicographic,17,17,156,156,56,"1,2,3,4,7,8,9,10,12,13,14,15,16,17,18,19,20,21,22,23,24,25,26,28,29,30,31,32,33,36,37,38,39,40,41,42,43,44,45,47,48,51,53,54,56,57,58,59,60,61,62,63,64,65,66,76",156,17,17,17,0,0,0,0,20,20,"0,8,5,1,0,0,0,3,4,4,0,0,0,2,0,10,0,1,5,10,3,3,2,0,6,8,0,0,0,1,0,0,9,0,0,6,0,0,8,6,0,0,2,0,0,0,0,0,0,0,6,0,1,1,0,0,8,2,0,9,0,0,0,0,0,17,0,0,0,0,0,0,0,0,0,5","16,16,10,16,20,24,28,28,28,28,28,28,28,24,18,10,12,8,8,6,2,4","6,15,11,12,10,7,11,13,15,8,6,5,12,6,15,13,11,14,14,16,13,10,17,7,8,11,7,6,9,6,12,9,9,2,1,9,4,7,8,17,18,14,13,2,17,16,13,8,12,9,14,11,15,19,4,3,5,7,8,10,14,7,8,19,20,13,9,17,18,5,8,9,7,10,5,15,14,2,4,11,12,5,1,2,16,15,14,10,10,11,12,13,12,19,21,18,20,17,14,16,22,15,13,13,22,14,10,8,10,1,7,6,11,10,6,5,1,4,12,7,9,11,2,3,9,7,8,6,4,6,2,10,3,5,13,18,11,20,16,17,14,15,7,1,19,11,12,9,8,12,13,2,1,7,9,12,10,8,5,6,13,11,4,6,3,5,10,7,9,8,4,2,11,12,1,1,8,14,3,13,4,9,5,6,7,10,12,15,9,8,12,11,10,13,14",1:M35 M83 M110 M117 M144 M153 M175 M176 | 2:M34 M44 M78 M84 M123 M131 M152 M172 | 3:M56 M124 M133 M165 M179 | 4:M37 M55 M79 M118 M129 M163 M171 M181 | 5:M12 M57 M70 M75 M82 M116 M134 M159 M166 M183 | 6:M1 M11 M14 M28 M30 M112 M115 M128 M130 M160 M164 M184 | 7:M6 M24 M27 M38 M58 M62 M73 M111 M120 M126 M143 M154 M168 M185 | 8:M10 M25 M39 M48 M59 M63 M71 M108 M127 M149 M158 M170 M177 M190 | 9:M29 M32 M33 M36 M50 M67 M72 M121 M125 M148 M155 M169 M182 M189 | 10:M5 M22 M60 M74 M88 M89 M107 M109 M114 M132 M157 M167 M186 M193 | 11:M3 M7 M17 M26 M52 M80 M90 M113 M122 M137 M146 M162 M173 M192 | 12:M4 M13 M31 M49 M81 M91 M93 M119 M147 M150 M156 M174 M187 M191 | 13:M8 M16 M21 M43 M47 M66 M92 M103 M104 M135 M151 M161 M180 M194 | 14:M18 M19 M42 M51 M61 M77 M87 M99 M106 M141 M178 M195 | 15:M2 M9 M15 M53 M76 M86 M102 M142 M188 | 16:M20 M46 M85 M100 M139 | 17:M23 M40 M45 M68 M98 M140 | 18:M41 M69 M96 M136 | 19:M54 M64 M94 M145 | 20:M65 M97 M138 | 21:M95 | 22:M101 M105,,"domain reduction: sessions, fixed meetings, forbidden slots | precedence domain propagation: fixed point over direct edges | full precedence closure: cycle detection and graph statistics only | (20),(22)-(27) exactly once over reduced domains | (19) participant atMost-one per slot | (46),(47) clustered table capacity with full channeling | (28) staircase/support precedence over reduced domains and direct E | usedSlot channeling + exact per-idle-slot break cost | (43) exactly |Mp| reduced usedSlot variables | (44) atMost 2|L| busy participants per slot | (45) exact even number of busy participants | exact unary internal-idle counts and range objective over P*",,,result,211558,,17,211558
table07,forum-13crafc.fixed020-Forb,forum-13crafc.fixed020-Forb,SAT,OPTIMAL,239.434619,83896,193649,0,0,193649,,peak_process_tree_rss_mb,multiple,traditional,direct,no,imp12+,lexicographic_internal_idle_range_pstar_then_idle_max_then_idle_sum,lexicographic,12,12,155,155,58,"1,2,3,4,5,6,7,8,9,10,11,12,13,14,15,16,18,19,23,24,25,26,27,28,29,30,31,32,33,34,35,36,37,38,39,40,41,42,44,45,46,47,48,49,50,52,53,54,56,57,59,60,62,63,64,65,66,70",155,10,10,12,0,0,0,0,19,19,"2,2,6,2,2,2,2,2,2,2,2,2,2,2,2,2,0,5,2,0,0,0,2,2,2,5,2,2,2,2,2,2,2,2,2,2,2,2,5,3,2,4,0,7,3,12,2,2,2,3,0,2,2,2,0,5,2,0,2,2,0,2,2,2,2,5,0,0,0,2","8,8,14,16,22,24,24,24,24,24,24,24,22,12,12,8,4,2,6,4,2","3,11,4,6,7,5,8,2,1,14,14,15,18,9,17,13,10,11,4,5,6,1,8,3,7,6,10,7,2,8,6,9,4,12,5,13,11,7,9,8,12,11,14,15,16,13,12,10,10,14,8,16,13,9,11,12,19,6,10,8,11,9,15,9,20,10,13,5,1,4,11,2,3,6,12,7,8,12,4,8,9,11,13,6,7,10,5,1,8,20,7,19,9,12,13,14,6,15,12,7,10,5,6,11,10,11,13,8,5,9,12,4,3,5,9,7,13,4,10,3,6,15,11,16,13,10,8,5,6,7,3,14,12,7,19,9,5,15,8,21,12,6,16,4,17,2,13,3,9,7,10,12,5,11",1:M9 M22 M69 M88 | 2:M8 M29 M72 M146 | 3:M1 M24 M73 M113 M120 M131 M148 | 4:M3 M19 M33 M70 M79 M112 M118 M144 | 5:M6 M20 M35 M68 M87 M102 M109 M114 M128 M137 M153 | 6:M4 M21 M26 M31 M58 M74 M84 M97 M103 M121 M129 M142 | 7:M5 M25 M28 M38 M76 M85 M91 M100 M116 M130 M134 M150 | 8:M7 M23 M30 M40 M51 M60 M77 M80 M89 M108 M127 M139 | 9:M14 M32 M39 M54 M62 M64 M81 M93 M110 M115 M136 M149 | 10:M17 M27 M48 M49 M59 M66 M86 M101 M105 M119 M126 M151 | 11:M2 M18 M37 M42 M55 M61 M71 M82 M104 M106 M123 M154 | 12:M34 M41 M47 M56 M75 M78 M94 M99 M111 M133 M141 M152 | 13:M16 M36 M46 M53 M67 M83 M95 M107 M117 M125 M147 | 14:M10 M11 M43 M50 M96 M132 | 15:M12 M44 M63 M98 M122 M138 | 16:M45 M52 M124 M143 | 17:M15 M145 | 18:M13 | 19:M57 M92 M135 | 20:M65 M90 | 21:M140,,"domain reduction: sessions, fixed meetings, forbidden slots | precedence domain propagation: fixed point over direct edges | full precedence closure: cycle detection and graph statistics only | (20),(22)-(27) exactly once over reduced domains | (19) participant atMost-one per slot | (46),(47) clustered table capacity with full channeling | (28) traditional pairwise precedence over direct E | usedSlot channeling + exact per-idle-slot break cost | (43) exactly |Mp| reduced usedSlot variables | (44) atMost 2|L| busy participants per slot | (45) exact even number of busy participants | exact unary internal-idle counts and range objective over P*",,,result,193649,,10,193649
table07,forum-13crafc.fixed020-Forb,forum-13crafc.fixed020-Forb,SAT,OPTIMAL,243.24362,83896,193649,0,0,193649,,peak_process_tree_rss_mb,multiple,staircase,direct,yes,imp12+,lexicographic_internal_idle_range_pstar_then_idle_max_then_idle_sum,lexicographic,12,12,155,155,58,"1,2,3,4,5,6,7,8,9,10,11,12,13,14,15,16,18,19,23,24,25,26,27,28,29,30,31,32,33,34,35,36,37,38,39,40,41,42,44,45,46,47,48,49,50,52,53,54,56,57,59,60,62,63,64,65,66,70",155,10,10,12,0,0,0,0,19,19,"2,2,6,2,2,2,2,2,2,2,2,2,2,2,2,2,0,5,2,0,0,0,2,2,2,5,2,2,2,2,2,2,2,2,2,2,2,2,5,3,2,4,0,7,3,12,2,2,2,3,0,2,2,2,0,5,2,0,2,2,0,2,2,2,2,5,0,0,0,2","8,8,14,16,22,24,24,24,24,24,24,24,22,12,12,8,4,2,6,4,2","3,11,4,6,7,5,8,2,1,14,14,15,18,9,17,13,10,11,4,5,6,1,8,3,7,6,10,7,2,8,6,9,4,12,5,13,11,7,9,8,12,11,14,15,16,13,12,10,10,14,8,16,13,9,11,12,19,6,10,8,11,9,15,9,20,10,13,5,1,4,11,2,3,6,12,7,8,12,4,8,9,11,13,6,7,10,5,1,8,20,7,19,9,12,13,14,6,15,12,7,10,5,6,11,10,11,13,8,5,9,12,4,3,5,9,7,13,4,10,3,6,15,11,16,13,10,8,5,6,7,3,14,12,7,19,9,5,15,8,21,12,6,16,4,17,2,13,3,9,7,10,12,5,11",1:M9 M22 M69 M88 | 2:M8 M29 M72 M146 | 3:M1 M24 M73 M113 M120 M131 M148 | 4:M3 M19 M33 M70 M79 M112 M118 M144 | 5:M6 M20 M35 M68 M87 M102 M109 M114 M128 M137 M153 | 6:M4 M21 M26 M31 M58 M74 M84 M97 M103 M121 M129 M142 | 7:M5 M25 M28 M38 M76 M85 M91 M100 M116 M130 M134 M150 | 8:M7 M23 M30 M40 M51 M60 M77 M80 M89 M108 M127 M139 | 9:M14 M32 M39 M54 M62 M64 M81 M93 M110 M115 M136 M149 | 10:M17 M27 M48 M49 M59 M66 M86 M101 M105 M119 M126 M151 | 11:M2 M18 M37 M42 M55 M61 M71 M82 M104 M106 M123 M154 | 12:M34 M41 M47 M56 M75 M78 M94 M99 M111 M133 M141 M152 | 13:M16 M36 M46 M53 M67 M83 M95 M107 M117 M125 M147 | 14:M10 M11 M43 M50 M96 M132 | 15:M12 M44 M63 M98 M122 M138 | 16:M45 M52 M124 M143 | 17:M15 M145 | 18:M13 | 19:M57 M92 M135 | 20:M65 M90 | 21:M140,,"domain reduction: sessions, fixed meetings, forbidden slots | precedence domain propagation: fixed point over direct edges | full precedence closure: cycle detection and graph statistics only | (20),(22)-(27) exactly once over reduced domains | (19) participant atMost-one per slot | (46),(47) clustered table capacity with full channeling | (28) staircase/support precedence over reduced domains and direct E | usedSlot channeling + exact per-idle-slot break cost | (43) exactly |Mp| reduced usedSlot variables | (44) atMost 2|L| busy participants per slot | (45) exact even number of busy participants | exact unary internal-idle counts and range objective over P*",,,result,193649,,10,193649
table07,forum-13crafc.fixed040-Forb,forum-13crafc.fixed040-Forb,SAT,OPTIMAL,180.756588,71624,164966,0,0,164966,,peak_process_tree_rss_mb,multiple,traditional,direct,no,imp12+,lexicographic_internal_idle_range_pstar_then_idle_max_then_idle_sum,lexicographic,14,14,245,245,58,"1,2,3,4,5,6,7,8,9,10,11,12,13,14,15,16,18,19,23,24,25,26,27,28,29,30,31,32,33,34,35,36,37,38,39,40,41,42,44,45,46,47,48,49,50,52,53,54,56,57,59,60,62,63,64,65,66,70",245,12,12,14,0,0,0,0,19,19,"2,3,8,4,2,3,2,2,7,2,5,2,2,10,2,3,0,5,2,0,0,0,3,2,2,5,4,2,9,4,6,2,2,2,2,9,2,7,7,10,2,4,0,8,2,12,2,2,2,14,0,2,2,2,0,5,7,0,10,2,0,2,2,8,2,5,0,0,0,2","12,12,14,14,22,20,24,24,24,24,24,20,20,12,6,8,6,4,4,8,6","5,9,2,6,11,8,7,4,1,14,14,12,21,11,13,9,10,17,4,2,3,1,8,5,7,9,10,7,2,9,6,5,8,8,5,7,11,6,9,1,12,6,14,16,15,13,12,8,3,8,5,16,12,20,4,21,19,6,10,7,11,9,11,8,20,10,15,8,5,7,11,2,3,6,4,13,12,8,2,1,9,11,7,10,13,12,5,3,10,20,8,9,7,11,13,14,6,16,12,7,10,13,5,1,10,11,8,13,3,9,12,5,6,7,3,4,1,11,10,13,12,18,10,20,13,16,7,11,15,9,8,14,17,9,18,3,13,14,5,21,10,6,7,4,17,2,12,19,6,5,10,11,4,9",1:M9 M22 M40 M80 M104 M117 | 2:M3 M20 M29 M72 M79 M146 | 3:M21 M49 M73 M88 M109 M115 M136 | 4:M8 M19 M55 M75 M116 M144 M153 | 5:M1 M24 M32 M35 M51 M69 M87 M103 M112 M139 M150 | 6:M4 M31 M38 M42 M58 M74 M97 M113 M142 M149 | 7:M7 M25 M28 M36 M60 M70 M83 M93 M100 M114 M127 M143 | 8:M6 M23 M33 M34 M48 M50 M64 M68 M78 M91 M107 M131 | 9:M2 M16 M26 M30 M39 M62 M81 M92 M110 M130 M134 M154 | 10:M17 M27 M59 M66 M84 M89 M101 M105 M119 M123 M141 M151 | 11:M5 M14 M37 M61 M63 M71 M82 M94 M106 M118 M128 M152 | 12:M12 M41 M47 M53 M77 M86 M99 M111 M121 M147 | 13:M15 M46 M76 M85 M95 M102 M108 M120 M125 M137 | 14:M10 M11 M43 M96 M132 M138 | 15:M45 M67 M129 | 16:M44 M52 M98 M126 | 17:M18 M133 M145 | 18:M122 M135 | 19:M57 M148 | 20:M54 M65 M90 M124 | 21:M13 M56 M140,,"domain reduction: sessions, fixed meetings, forbidden slots | precedence domain propagation: fixed point over direct edges | full precedence closure: cycle detection and graph statistics only | (20),(22)-(27) exactly once over reduced domains | (19) participant atMost-one per slot | (46),(47) clustered table capacity with full channeling | (28) traditional pairwise precedence over direct E | usedSlot channeling + exact per-idle-slot break cost | (43) exactly |Mp| reduced usedSlot variables | (44) atMost 2|L| busy participants per slot | (45) exact even number of busy participants | exact unary internal-idle counts and range objective over P*",,,result,164966,,12,164966
table07,forum-13crafc.fixed040-Forb,forum-13crafc.fixed040-Forb,SAT,OPTIMAL,182.528465,71624,164966,0,0,164966,,peak_process_tree_rss_mb,multiple,staircase,direct,yes,imp12+,lexicographic_internal_idle_range_pstar_then_idle_max_then_idle_sum,lexicographic,14,14,245,245,58,"1,2,3,4,5,6,7,8,9,10,11,12,13,14,15,16,18,19,23,24,25,26,27,28,29,30,31,32,33,34,35,36,37,38,39,40,41,42,44,45,46,47,48,49,50,52,53,54,56,57,59,60,62,63,64,65,66,70",245,12,12,14,0,0,0,0,19,19,"2,3,8,4,2,3,2,2,7,2,5,2,2,10,2,3,0,5,2,0,0,0,3,2,2,5,4,2,9,4,6,2,2,2,2,9,2,7,7,10,2,4,0,8,2,12,2,2,2,14,0,2,2,2,0,5,7,0,10,2,0,2,2,8,2,5,0,0,0,2","12,12,14,14,22,20,24,24,24,24,24,20,20,12,6,8,6,4,4,8,6","5,9,2,6,11,8,7,4,1,14,14,12,21,11,13,9,10,17,4,2,3,1,8,5,7,9,10,7,2,9,6,5,8,8,5,7,11,6,9,1,12,6,14,16,15,13,12,8,3,8,5,16,12,20,4,21,19,6,10,7,11,9,11,8,20,10,15,8,5,7,11,2,3,6,4,13,12,8,2,1,9,11,7,10,13,12,5,3,10,20,8,9,7,11,13,14,6,16,12,7,10,13,5,1,10,11,8,13,3,9,12,5,6,7,3,4,1,11,10,13,12,18,10,20,13,16,7,11,15,9,8,14,17,9,18,3,13,14,5,21,10,6,7,4,17,2,12,19,6,5,10,11,4,9",1:M9 M22 M40 M80 M104 M117 | 2:M3 M20 M29 M72 M79 M146 | 3:M21 M49 M73 M88 M109 M115 M136 | 4:M8 M19 M55 M75 M116 M144 M153 | 5:M1 M24 M32 M35 M51 M69 M87 M103 M112 M139 M150 | 6:M4 M31 M38 M42 M58 M74 M97 M113 M142 M149 | 7:M7 M25 M28 M36 M60 M70 M83 M93 M100 M114 M127 M143 | 8:M6 M23 M33 M34 M48 M50 M64 M68 M78 M91 M107 M131 | 9:M2 M16 M26 M30 M39 M62 M81 M92 M110 M130 M134 M154 | 10:M17 M27 M59 M66 M84 M89 M101 M105 M119 M123 M141 M151 | 11:M5 M14 M37 M61 M63 M71 M82 M94 M106 M118 M128 M152 | 12:M12 M41 M47 M53 M77 M86 M99 M111 M121 M147 | 13:M15 M46 M76 M85 M95 M102 M108 M120 M125 M137 | 14:M10 M11 M43 M96 M132 M138 | 15:M45 M67 M129 | 16:M44 M52 M98 M126 | 17:M18 M133 M145 | 18:M122 M135 | 19:M57 M148 | 20:M54 M65 M90 M124 | 21:M13 M56 M140,,"domain reduction: sessions, fixed meetings, forbidden slots | precedence domain propagation: fixed point over direct edges | full precedence closure: cycle detection and graph statistics only | (20),(22)-(27) exactly once over reduced domains | (19) participant atMost-one per slot | (46),(47) clustered table capacity with full channeling | (28) staircase/support precedence over reduced domains and direct E | usedSlot channeling + exact per-idle-slot break cost | (43) exactly |Mp| reduced usedSlot variables | (44) atMost 2|L| busy participants per slot | (45) exact even number of busy participants | exact unary internal-idle counts and range objective over P*",,,result,164966,,12,164966
table07,forum-14.fixed020-Forb,forum-14.fixed020-Forb,SAT,OPTIMAL,215.013813,136725,330847,0,0,330847,,peak_process_tree_rss_mb,multiple,traditional,direct,no,imp12+,lexicographic_internal_idle_range_pstar_then_idle_max_then_idle_sum,lexicographic,10,10,82,82,72,"1,2,3,4,5,6,8,9,11,12,14,17,19,20,21,22,23,24,25,26,27,28,29,30,31,32,33,34,35,36,37,38,39,40,41,42,43,44,45,46,47,48,49,50,51,52,53,54,55,56,57,58,59,60,61,62,63,64,65,66,67,68,69,70,71,72,73,74,75,76,77,78",82,10,10,10,0,0,0,0,20,20,"3,0,1,0,0,10,0,0,0,0,0,0,0,0,0,0,5,0,2,0,0,0,3,0,0,0,0,0,0,3,0,0,0,6,9,2,0,4,0,0,5,0,5,0,0,0,0,0,1,1,0,0,0,0,0,0,0,0,2,0,0,3,1,5,0,0,0,0,0,10,0,0,0,0,0,1,0,0","12,16,20,24,30,34,42,44,44,44,44,44,44,32,32,28,20,16,12,10,6,6","22,8,16,13,12,10,14,14,15,13,13,8,11,12,4,7,5,9,10,6,12,11,17,14,10,8,9,15,10,17,21,17,13,9,7,8,5,4,12,16,3,18,19,13,7,15,5,10,4,9,11,9,8,3,10,11,12,9,12,13,16,17,18,15,16,14,20,16,22,19,7,12,4,5,13,16,8,6,15,10,4,13,14,19,20,18,9,16,5,7,8,15,13,20,11,12,6,13,11,10,9,10,11,16,13,7,8,15,11,6,2,8,5,9,8,2,10,4,12,9,7,6,3,9,11,3,6,8,12,7,10,5,15,14,7,11,3,13,10,8,6,15,13,6,4,11,2,5,3,1,13,14,12,15,7,16,6,13,9,12,14,19,16,8,15,17,7,13,6,18,2,14,12,11,6,2,10,1,14,7,13,8,17,5,11,14,17,18,16,10,12,9,15,11,9,7,11,8,10,9,6,3,4,5,7,8,18,12,19,16,11,14,9,17,10,15,13,20,17,9,1,16,14,11,19,18,8,22,3,21,10,13,2,7,12,4,6,15,5,7,12,1,13,12,14,15,13,9,11,8,7,10,9,10,13,11,14,12,12,7,10,6,3,5,8,2,4,9,11,1,8,5,6,4,7,8,5,9,12,11,7,10,6,17,20,21,18,14,15,16,11,8,2,12,1,9,7,3,6,5,4,10",1:M150 M178 M221 M242 M270 M295 | 2:M111 M116 M147 M171 M176 M233 M266 M293 | 3:M41 M54 M123 M126 M137 M149 M202 M229 M263 M298 | 4:M15 M38 M49 M73 M81 M118 M145 M203 M236 M267 M274 M301 | 5:M17 M37 M47 M74 M89 M113 M132 M148 M184 M204 M239 M264 M272 M277 M300 | 6:M20 M78 M97 M110 M122 M127 M141 M144 M157 M169 M175 M201 M237 M262 M273 M283 M299 | 7:M16 M35 M45 M71 M90 M106 M121 M130 M135 M155 M167 M180 M196 M205 M234 M240 M251 M260 M275 M281 M297 | 8:M2 M12 M26 M36 M53 M77 M91 M107 M112 M115 M128 M140 M164 M182 M198 M206 M227 M250 M265 M271 M276 M292 | 9:M18 M27 M34 M50 M52 M58 M87 M101 M114 M120 M124 M159 M192 M195 M200 M213 M220 M248 M253 M268 M278 M296 | 10:M6 M19 M25 M29 M48 M55 M80 M100 M102 M117 M131 M139 M177 M190 M199 M215 M231 M252 M254 M261 M282 M302 | 11:M13 M22 M51 M56 M95 M99 M103 M109 M125 M136 M146 M174 M185 M194 M197 M211 M224 M249 M256 M269 M280 M291 | 12:M5 M14 M21 M39 M57 M59 M72 M96 M119 M129 M153 M160 M173 M191 M208 M235 M241 M244 M258 M259 M279 M294 | 13:M4 M10 M11 M33 M44 M60 M75 M82 M93 M98 M105 M138 M143 M151 M158 M168 M181 M217 M232 M243 M247 M255 | 14:M7 M8 M24 M66 M83 M134 M152 M161 M172 M179 M186 M212 M223 M245 M257 M288 | 15:M9 M28 M46 M64 M79 M92 M108 M133 M142 M154 M165 M193 M216 M238 M246 M289 | 16:M3 M40 M61 M65 M68 M76 M88 M104 M156 M163 M189 M210 M222 M290 | 17:M23 M30 M32 M62 M166 M183 M187 M214 M219 M284 | 18:M42 M63 M86 M170 M188 M207 M226 M287 | 19:M43 M70 M84 M162 M209 M225 | 20:M67 M85 M94 M218 M285 | 21:M31 M230 M286 | 22:M1 M69 M228,,"domain reduction: sessions, fixed meetings, forbidden slots | precedence domain propagation: fixed point over direct edges | full precedence closure: cycle detection and graph statistics only | (20),(22)-(27) exactly once over reduced domains | (19) participant atMost-one per slot | (46),(47) clustered table capacity with full channeling | (28) traditional pairwise precedence over direct E | usedSlot channeling + exact per-idle-slot break cost | (43) exactly |Mp| reduced usedSlot variables | (44) atMost 2|L| busy participants per slot | (45) exact even number of busy participants | exact unary internal-idle counts and range objective over P*",,,result,330847,,10,330847
table07,forum-14.fixed020-Forb,forum-14.fixed020-Forb,SAT,OPTIMAL,214.626489,136725,330847,0,0,330847,,peak_process_tree_rss_mb,multiple,staircase,direct,yes,imp12+,lexicographic_internal_idle_range_pstar_then_idle_max_then_idle_sum,lexicographic,10,10,82,82,72,"1,2,3,4,5,6,8,9,11,12,14,17,19,20,21,22,23,24,25,26,27,28,29,30,31,32,33,34,35,36,37,38,39,40,41,42,43,44,45,46,47,48,49,50,51,52,53,54,55,56,57,58,59,60,61,62,63,64,65,66,67,68,69,70,71,72,73,74,75,76,77,78",82,10,10,10,0,0,0,0,20,20,"3,0,1,0,0,10,0,0,0,0,0,0,0,0,0,0,5,0,2,0,0,0,3,0,0,0,0,0,0,3,0,0,0,6,9,2,0,4,0,0,5,0,5,0,0,0,0,0,1,1,0,0,0,0,0,0,0,0,2,0,0,3,1,5,0,0,0,0,0,10,0,0,0,0,0,1,0,0","12,16,20,24,30,34,42,44,44,44,44,44,44,32,32,28,20,16,12,10,6,6","22,8,16,13,12,10,14,14,15,13,13,8,11,12,4,7,5,9,10,6,12,11,17,14,10,8,9,15,10,17,21,17,13,9,7,8,5,4,12,16,3,18,19,13,7,15,5,10,4,9,11,9,8,3,10,11,12,9,12,13,16,17,18,15,16,14,20,16,22,19,7,12,4,5,13,16,8,6,15,10,4,13,14,19,20,18,9,16,5,7,8,15,13,20,11,12,6,13,11,10,9,10,11,16,13,7,8,15,11,6,2,8,5,9,8,2,10,4,12,9,7,6,3,9,11,3,6,8,12,7,10,5,15,14,7,11,3,13,10,8,6,15,13,6,4,11,2,5,3,1,13,14,12,15,7,16,6,13,9,12,14,19,16,8,15,17,7,13,6,18,2,14,12,11,6,2,10,1,14,7,13,8,17,5,11,14,17,18,16,10,12,9,15,11,9,7,11,8,10,9,6,3,4,5,7,8,18,12,19,16,11,14,9,17,10,15,13,20,17,9,1,16,14,11,19,18,8,22,3,21,10,13,2,7,12,4,6,15,5,7,12,1,13,12,14,15,13,9,11,8,7,10,9,10,13,11,14,12,12,7,10,6,3,5,8,2,4,9,11,1,8,5,6,4,7,8,5,9,12,11,7,10,6,17,20,21,18,14,15,16,11,8,2,12,1,9,7,3,6,5,4,10",1:M150 M178 M221 M242 M270 M295 | 2:M111 M116 M147 M171 M176 M233 M266 M293 | 3:M41 M54 M123 M126 M137 M149 M202 M229 M263 M298 | 4:M15 M38 M49 M73 M81 M118 M145 M203 M236 M267 M274 M301 | 5:M17 M37 M47 M74 M89 M113 M132 M148 M184 M204 M239 M264 M272 M277 M300 | 6:M20 M78 M97 M110 M122 M127 M141 M144 M157 M169 M175 M201 M237 M262 M273 M283 M299 | 7:M16 M35 M45 M71 M90 M106 M121 M130 M135 M155 M167 M180 M196 M205 M234 M240 M251 M260 M275 M281 M297 | 8:M2 M12 M26 M36 M53 M77 M91 M107 M112 M115 M128 M140 M164 M182 M198 M206 M227 M250 M265 M271 M276 M292 | 9:M18 M27 M34 M50 M52 M58 M87 M101 M114 M120 M124 M159 M192 M195 M200 M213 M220 M248 M253 M268 M278 M296 | 10:M6 M19 M25 M29 M48 M55 M80 M100 M102 M117 M131 M139 M177 M190 M199 M215 M231 M252 M254 M261 M282 M302 | 11:M13 M22 M51 M56 M95 M99 M103 M109 M125 M136 M146 M174 M185 M194 M197 M211 M224 M249 M256 M269 M280 M291 | 12:M5 M14 M21 M39 M57 M59 M72 M96 M119 M129 M153 M160 M173 M191 M208 M235 M241 M244 M258 M259 M279 M294 | 13:M4 M10 M11 M33 M44 M60 M75 M82 M93 M98 M105 M138 M143 M151 M158 M168 M181 M217 M232 M243 M247 M255 | 14:M7 M8 M24 M66 M83 M134 M152 M161 M172 M179 M186 M212 M223 M245 M257 M288 | 15:M9 M28 M46 M64 M79 M92 M108 M133 M142 M154 M165 M193 M216 M238 M246 M289 | 16:M3 M40 M61 M65 M68 M76 M88 M104 M156 M163 M189 M210 M222 M290 | 17:M23 M30 M32 M62 M166 M183 M187 M214 M219 M284 | 18:M42 M63 M86 M170 M188 M207 M226 M287 | 19:M43 M70 M84 M162 M209 M225 | 20:M67 M85 M94 M218 M285 | 21:M31 M230 M286 | 22:M1 M69 M228,,"domain reduction: sessions, fixed meetings, forbidden slots | precedence domain propagation: fixed point over direct edges | full precedence closure: cycle detection and graph statistics only | (20),(22)-(27) exactly once over reduced domains | (19) participant atMost-one per slot | (46),(47) clustered table capacity with full channeling | (28) staircase/support precedence over reduced domains and direct E | usedSlot channeling + exact per-idle-slot break cost | (43) exactly |Mp| reduced usedSlot variables | (44) atMost 2|L| busy participants per slot | (45) exact even number of busy participants | exact unary internal-idle counts and range objective over P*",,,result,330847,,10,330847
table07,forum-14.fixed040-Forb,forum-14.fixed040-Forb,SAT,OPTIMAL,683.213918,127277,295357,0,0,295357,,peak_process_tree_rss_mb,multiple,traditional,direct,no,imp12+,lexicographic_internal_idle_range_pstar_then_idle_max_then_idle_sum,lexicographic,16,16,244,244,72,"1,2,3,4,5,6,8,9,11,12,14,17,19,20,21,22,23,24,25,26,27,28,29,30,31,32,33,34,35,36,37,38,39,40,41,42,43,44,45,46,47,48,49,50,51,52,53,54,55,56,57,58,59,60,61,62,63,64,65,66,67,68,69,70,71,72,73,74,75,76,77,78",244,16,16,16,0,0,0,0,20,20,"9,7,2,2,9,13,0,0,0,0,16,0,0,7,0,0,5,0,5,0,0,3,8,2,2,2,2,6,1,4,2,1,4,7,9,0,0,3,0,0,6,7,11,5,6,0,1,0,0,7,12,0,0,3,0,6,0,0,4,0,0,3,5,4,2,1,4,0,0,10,0,0,0,6,0,0,10,0","16,12,28,28,36,36,40,44,38,44,36,44,34,28,28,24,24,20,16,12,10,6","22,8,17,13,12,7,8,14,15,13,13,12,9,8,10,11,4,7,5,6,12,11,17,13,10,19,17,15,10,5,21,17,12,21,11,8,4,20,9,14,3,18,19,14,2,10,5,15,9,7,12,8,10,3,9,6,12,8,10,17,8,16,12,16,19,15,20,6,22,17,16,12,4,14,18,19,12,9,15,16,6,18,11,14,7,17,13,11,7,12,15,16,18,20,5,8,6,7,20,10,19,1,10,15,13,16,8,11,18,6,4,13,12,17,21,5,6,2,12,7,10,1,3,10,9,3,6,11,12,5,8,4,16,11,7,10,5,13,15,8,6,16,13,19,4,15,14,17,18,1,9,13,12,14,8,11,6,3,4,13,14,4,10,9,13,6,7,16,5,18,14,15,12,11,9,2,10,13,7,3,1,8,16,5,6,10,17,18,14,8,15,5,16,9,5,7,3,8,9,5,10,3,4,6,7,11,11,3,4,5,7,9,14,17,12,8,13,22,17,3,1,19,4,9,21,5,8,20,11,14,10,6,2,18,12,16,13,15,7,7,3,1,13,8,14,15,11,9,12,10,7,13,9,8,7,11,10,6,1,7,10,6,4,12,8,3,9,11,5,2,14,5,9,4,10,8,5,11,12,9,7,10,6,18,19,21,20,12,3,15,11,8,2,5,6,10,12,3,9,4,1,7",1:M102 M122 M150 M181 M221 M242 M259 M301 | 2:M45 M118 M176 M233 M270 M293 | 3:M41 M54 M123 M126 M158 M180 M197 M202 M208 M220 M241 M266 M289 M298 | 4:M17 M37 M73 M111 M132 M145 M159 M162 M203 M209 M223 M263 M274 M300 | 5:M19 M30 M47 M95 M116 M130 M137 M169 M184 M192 M195 M200 M210 M226 M269 M272 M277 M294 | 6:M20 M56 M68 M81 M97 M110 M117 M127 M141 M157 M166 M185 M204 M232 M258 M262 M283 M295 | 7:M6 M18 M50 M85 M89 M98 M120 M135 M167 M179 M196 M205 M211 M239 M240 M251 M255 M260 M281 M302 | 8:M2 M7 M14 M36 M52 M58 M61 M96 M107 M131 M140 M155 M182 M190 M198 M216 M227 M244 M254 M265 M276 M292 | 9:M13 M39 M49 M55 M78 M125 M151 M164 M175 M194 M199 M212 M224 M248 M253 M267 M273 M280 M299 | 10:M15 M25 M29 M46 M53 M59 M100 M103 M121 M124 M136 M163 M177 M186 M201 M231 M250 M257 M261 M275 M282 M296 | 11:M16 M22 M35 M83 M88 M108 M128 M134 M156 M174 M206 M207 M229 M247 M256 M268 M278 M291 | 12:M5 M12 M21 M33 M51 M57 M63 M72 M77 M90 M113 M119 M129 M153 M173 M215 M235 M249 M264 M279 M288 M297 | 13:M4 M10 M11 M24 M87 M105 M112 M138 M143 M152 M160 M165 M178 M217 M237 M243 M252 | 14:M8 M40 M44 M74 M84 M147 M154 M161 M171 M189 M213 M230 M245 M271 | 15:M9 M28 M48 M66 M79 M91 M104 M139 M146 M172 M191 M238 M246 M290 | 16:M62 M64 M71 M80 M92 M106 M133 M142 M168 M183 M193 M236 | 17:M3 M23 M27 M32 M60 M70 M86 M114 M148 M187 M214 M219 | 18:M42 M75 M82 M93 M109 M149 M170 M188 M234 M284 | 19:M26 M43 M65 M76 M101 M144 M222 M285 | 20:M38 M67 M94 M99 M228 M287 | 21:M31 M34 M115 M225 M286 | 22:M1 M69 M218,,"domain reduction: sessions, fixed meetings, forbidden slots | precedence domain propagation: fixed point over direct edges | full precedence closure: cycle detection and graph statistics only | (20),(22)-(27) exactly once over reduced domains | (19) participant atMost-one per slot | (46),(47) clustered table capacity with full channeling | (28) traditional pairwise precedence over direct E | usedSlot channeling + exact per-idle-slot break cost | (43) exactly |Mp| reduced usedSlot variables | (44) atMost 2|L| busy participants per slot | (45) exact even number of busy participants | exact unary internal-idle counts and range objective over P*",,,result,295357,,16,295357
table07,forum-14.fixed040-Forb,forum-14.fixed040-Forb,SAT,OPTIMAL,600.83799,127277,295357,0,0,295357,,peak_process_tree_rss_mb,multiple,staircase,direct,yes,imp12+,lexicographic_internal_idle_range_pstar_then_idle_max_then_idle_sum,lexicographic,16,16,244,244,72,"1,2,3,4,5,6,8,9,11,12,14,17,19,20,21,22,23,24,25,26,27,28,29,30,31,32,33,34,35,36,37,38,39,40,41,42,43,44,45,46,47,48,49,50,51,52,53,54,55,56,57,58,59,60,61,62,63,64,65,66,67,68,69,70,71,72,73,74,75,76,77,78",244,16,16,16,0,0,0,0,20,20,"9,7,2,2,9,13,0,0,0,0,16,0,0,7,0,0,5,0,5,0,0,3,8,2,2,2,2,6,1,4,2,1,4,7,9,0,0,3,0,0,6,7,11,5,6,0,1,0,0,7,12,0,0,3,0,6,0,0,4,0,0,3,5,4,2,1,4,0,0,10,0,0,0,6,0,0,10,0","16,12,28,28,36,36,40,44,38,44,36,44,34,28,28,24,24,20,16,12,10,6","22,8,17,13,12,7,8,14,15,13,13,12,9,8,10,11,4,7,5,6,12,11,17,13,10,19,17,15,10,5,21,17,12,21,11,8,4,20,9,14,3,18,19,14,2,10,5,15,9,7,12,8,10,3,9,6,12,8,10,17,8,16,12,16,19,15,20,6,22,17,16,12,4,14,18,19,12,9,15,16,6,18,11,14,7,17,13,11,7,12,15,16,18,20,5,8,6,7,20,10,19,1,10,15,13,16,8,11,18,6,4,13,12,17,21,5,6,2,12,7,10,1,3,10,9,3,6,11,12,5,8,4,16,11,7,10,5,13,15,8,6,16,13,19,4,15,14,17,18,1,9,13,12,14,8,11,6,3,4,13,14,4,10,9,13,6,7,16,5,18,14,15,12,11,9,2,10,13,7,3,1,8,16,5,6,10,17,18,14,8,15,5,16,9,5,7,3,8,9,5,10,3,4,6,7,11,11,3,4,5,7,9,14,17,12,8,13,22,17,3,1,19,4,9,21,5,8,20,11,14,10,6,2,18,12,16,13,15,7,7,3,1,13,8,14,15,11,9,12,10,7,13,9,8,7,11,10,6,1,7,10,6,4,12,8,3,9,11,5,2,14,5,9,4,10,8,5,11,12,9,7,10,6,18,19,21,20,12,3,15,11,8,2,5,6,10,12,3,9,4,1,7",1:M102 M122 M150 M181 M221 M242 M259 M301 | 2:M45 M118 M176 M233 M270 M293 | 3:M41 M54 M123 M126 M158 M180 M197 M202 M208 M220 M241 M266 M289 M298 | 4:M17 M37 M73 M111 M132 M145 M159 M162 M203 M209 M223 M263 M274 M300 | 5:M19 M30 M47 M95 M116 M130 M137 M169 M184 M192 M195 M200 M210 M226 M269 M272 M277 M294 | 6:M20 M56 M68 M81 M97 M110 M117 M127 M141 M157 M166 M185 M204 M232 M258 M262 M283 M295 | 7:M6 M18 M50 M85 M89 M98 M120 M135 M167 M179 M196 M205 M211 M239 M240 M251 M255 M260 M281 M302 | 8:M2 M7 M14 M36 M52 M58 M61 M96 M107 M131 M140 M155 M182 M190 M198 M216 M227 M244 M254 M265 M276 M292 | 9:M13 M39 M49 M55 M78 M125 M151 M164 M175 M194 M199 M212 M224 M248 M253 M267 M273 M280 M299 | 10:M15 M25 M29 M46 M53 M59 M100 M103 M121 M124 M136 M163 M177 M186 M201 M231 M250 M257 M261 M275 M282 M296 | 11:M16 M22 M35 M83 M88 M108 M128 M134 M156 M174 M206 M207 M229 M247 M256 M268 M278 M291 | 12:M5 M12 M21 M33 M51 M57 M63 M72 M77 M90 M113 M119 M129 M153 M173 M215 M235 M249 M264 M279 M288 M297 | 13:M4 M10 M11 M24 M87 M105 M112 M138 M143 M152 M160 M165 M178 M217 M237 M243 M252 | 14:M8 M40 M44 M74 M84 M147 M154 M161 M171 M189 M213 M230 M245 M271 | 15:M9 M28 M48 M66 M79 M91 M104 M139 M146 M172 M191 M238 M246 M290 | 16:M62 M64 M71 M80 M92 M106 M133 M142 M168 M183 M193 M236 | 17:M3 M23 M27 M32 M60 M70 M86 M114 M148 M187 M214 M219 | 18:M42 M75 M82 M93 M109 M149 M170 M188 M234 M284 | 19:M26 M43 M65 M76 M101 M144 M222 M285 | 20:M38 M67 M94 M99 M228 M287 | 21:M31 M34 M115 M225 M286 | 22:M1 M69 M218,,"domain reduction: sessions, fixed meetings, forbidden slots | precedence domain propagation: fixed point over direct edges | full precedence closure: cycle detection and graph statistics only | (20),(22)-(27) exactly once over reduced domains | (19) participant atMost-one per slot | (46),(47) clustered table capacity with full channeling | (28) staircase/support precedence over reduced domains and direct E | usedSlot channeling + exact per-idle-slot break cost | (43) exactly |Mp| reduced usedSlot variables | (44) atMost 2|L| busy participants per slot | (45) exact even number of busy participants | exact unary internal-idle counts and range objective over P*",,,result,295357,,16,295357
table07,forumt-14.fixed020-Forb,forumt-14.fixed020-Forb,SAT,OPTIMAL,1.555603,25741,67982,0,0,67982,,peak_process_tree_rss_mb,multiple,traditional,direct,no,imp12+,lexicographic_internal_idle_range_pstar_then_idle_max_then_idle_sum,lexicographic,2,2,12,12,59,"1,2,3,4,5,6,7,8,9,10,11,12,13,14,15,16,17,18,20,21,22,23,24,25,26,27,28,29,30,31,32,33,34,35,36,37,38,39,40,41,42,43,44,45,46,47,48,49,50,51,52,53,54,55,56,57,58,59,60",12,2,2,2,0,0,0,0,7,7,"0,0,0,0,2,0,0,0,0,0,0,0,0,0,0,0,2,2,0,0,0,0,0,0,0,0,0,0,0,0,0,0,0,0,0,0,0,0,0,0,0,0,0,0,1,0,0,0,0,0,0,0,0,0,2,0,2,1,0,0","42,48,50,54,52,48,50,46,46,38","10,8,6,5,3,7,1,2,5,4,7,2,8,3,4,10,5,9,2,4,8,6,7,10,3,4,9,8,9,1,8,6,7,2,3,1,2,7,5,4,10,3,4,6,9,5,8,3,10,9,5,8,7,6,9,1,3,2,4,10,5,7,5,9,10,4,3,2,6,1,7,10,5,1,9,8,3,9,7,4,2,10,5,6,1,8,2,5,4,1,3,6,7,3,4,9,6,8,2,9,6,10,4,1,5,10,8,7,2,5,8,4,6,8,2,7,9,1,3,6,5,2,5,3,4,6,2,7,3,1,1,4,9,5,4,8,2,6,1,10,3,7,9,8,4,1,2,7,6,9,1,9,6,3,2,4,10,8,7,5,4,7,10,3,6,8,1,9,5,6,9,1,5,2,8,5,1,10,3,1,3,7,5,4,3,2,7,4,5,8,6,9,7,2,4,6,9,8,7,5,6,1,6,2,4,9,10,3,8,7,9,7,5,4,10,8,3,7,10,9,5,2,3,8,4,1,6,10,6,3,7,2,4,4,3,5,2",1:M7 M30 M36 M56 M70 M74 M85 M90 M104 M118 M130 M131 M139 M146 M151 M167 M172 M177 M180 M202 M226 | 2:M8 M12 M19 M34 M37 M58 M68 M81 M87 M99 M109 M115 M122 M127 M137 M147 M155 M174 M186 M194 M204 M222 M232 M237 | 3:M5 M14 M25 M35 M42 M48 M57 M67 M77 M91 M94 M119 M124 M129 M141 M154 M164 M179 M181 M185 M208 M217 M223 M230 M235 | 4:M10 M15 M20 M26 M40 M43 M59 M66 M80 M89 M95 M103 M112 M125 M132 M135 M145 M156 M161 M184 M188 M195 M205 M214 M225 M233 M234 | 5:M4 M9 M17 M39 M46 M51 M61 M63 M73 M83 M88 M105 M110 M121 M123 M134 M160 M169 M173 M176 M183 M189 M200 M213 M221 M236 | 6:M3 M22 M32 M44 M54 M69 M84 M92 M97 M101 M113 M120 M126 M138 M149 M153 M165 M170 M191 M196 M201 M203 M227 M229 | 7:M6 M11 M23 M33 M38 M53 M62 M71 M79 M93 M108 M116 M128 M142 M148 M159 M162 M182 M187 M193 M199 M210 M212 M218 M231 | 8:M2 M13 M21 M28 M31 M47 M52 M76 M86 M98 M107 M111 M114 M136 M144 M158 M166 M175 M190 M198 M209 M216 M224 | 9:M18 M27 M29 M45 M50 M55 M64 M75 M78 M96 M100 M117 M133 M143 M150 M152 M168 M171 M192 M197 M206 M211 M220 | 10:M1 M16 M24 M41 M49 M60 M65 M72 M82 M102 M106 M140 M157 M163 M178 M207 M215 M219 M228,,"domain reduction: sessions, fixed meetings, forbidden slots | precedence domain propagation: fixed point over direct edges | full precedence closure: cycle detection and graph statistics only | (20),(22)-(27) exactly once over reduced domains | (19) participant atMost-one per slot | (46),(47) clustered table capacity with full channeling | (28) traditional pairwise precedence over direct E | usedSlot channeling + exact per-idle-slot break cost | (43) exactly |Mp| reduced usedSlot variables | (44) atMost 2|L| busy participants per slot | (45) exact even number of busy participants | exact unary internal-idle counts and range objective over P*",,,result,67982,,2,67982
table07,forumt-14.fixed020-Forb,forumt-14.fixed020-Forb,SAT,OPTIMAL,1.545754,25741,67982,0,0,67982,,peak_process_tree_rss_mb,multiple,staircase,direct,yes,imp12+,lexicographic_internal_idle_range_pstar_then_idle_max_then_idle_sum,lexicographic,2,2,12,12,59,"1,2,3,4,5,6,7,8,9,10,11,12,13,14,15,16,17,18,20,21,22,23,24,25,26,27,28,29,30,31,32,33,34,35,36,37,38,39,40,41,42,43,44,45,46,47,48,49,50,51,52,53,54,55,56,57,58,59,60",12,2,2,2,0,0,0,0,7,7,"0,0,0,0,2,0,0,0,0,0,0,0,0,0,0,0,2,2,0,0,0,0,0,0,0,0,0,0,0,0,0,0,0,0,0,0,0,0,0,0,0,0,0,0,1,0,0,0,0,0,0,0,0,0,2,0,2,1,0,0","42,48,50,54,52,48,50,46,46,38","10,8,6,5,3,7,1,2,5,4,7,2,8,3,4,10,5,9,2,4,8,6,7,10,3,4,9,8,9,1,8,6,7,2,3,1,2,7,5,4,10,3,4,6,9,5,8,3,10,9,5,8,7,6,9,1,3,2,4,10,5,7,5,9,10,4,3,2,6,1,7,10,5,1,9,8,3,9,7,4,2,10,5,6,1,8,2,5,4,1,3,6,7,3,4,9,6,8,2,9,6,10,4,1,5,10,8,7,2,5,8,4,6,8,2,7,9,1,3,6,5,2,5,3,4,6,2,7,3,1,1,4,9,5,4,8,2,6,1,10,3,7,9,8,4,1,2,7,6,9,1,9,6,3,2,4,10,8,7,5,4,7,10,3,6,8,1,9,5,6,9,1,5,2,8,5,1,10,3,1,3,7,5,4,3,2,7,4,5,8,6,9,7,2,4,6,9,8,7,5,6,1,6,2,4,9,10,3,8,7,9,7,5,4,10,8,3,7,10,9,5,2,3,8,4,1,6,10,6,3,7,2,4,4,3,5,2",1:M7 M30 M36 M56 M70 M74 M85 M90 M104 M118 M130 M131 M139 M146 M151 M167 M172 M177 M180 M202 M226 | 2:M8 M12 M19 M34 M37 M58 M68 M81 M87 M99 M109 M115 M122 M127 M137 M147 M155 M174 M186 M194 M204 M222 M232 M237 | 3:M5 M14 M25 M35 M42 M48 M57 M67 M77 M91 M94 M119 M124 M129 M141 M154 M164 M179 M181 M185 M208 M217 M223 M230 M235 | 4:M10 M15 M20 M26 M40 M43 M59 M66 M80 M89 M95 M103 M112 M125 M132 M135 M145 M156 M161 M184 M188 M195 M205 M214 M225 M233 M234 | 5:M4 M9 M17 M39 M46 M51 M61 M63 M73 M83 M88 M105 M110 M121 M123 M134 M160 M169 M173 M176 M183 M189 M200 M213 M221 M236 | 6:M3 M22 M32 M44 M54 M69 M84 M92 M97 M101 M113 M120 M126 M138 M149 M153 M165 M170 M191 M196 M201 M203 M227 M229 | 7:M6 M11 M23 M33 M38 M53 M62 M71 M79 M93 M108 M116 M128 M142 M148 M159 M162 M182 M187 M193 M199 M210 M212 M218 M231 | 8:M2 M13 M21 M28 M31 M47 M52 M76 M86 M98 M107 M111 M114 M136 M144 M158 M166 M175 M190 M198 M209 M216 M224 | 9:M18 M27 M29 M45 M50 M55 M64 M75 M78 M96 M100 M117 M133 M143 M150 M152 M168 M171 M192 M197 M206 M211 M220 | 10:M1 M16 M24 M41 M49 M60 M65 M72 M82 M102 M106 M140 M157 M163 M178 M207 M215 M219 M228,,"domain reduction: sessions, fixed meetings, forbidden slots | precedence domain propagation: fixed point over direct edges | full precedence closure: cycle detection and graph statistics only | (20),(22)-(27) exactly once over reduced domains | (19) participant atMost-one per slot | (46),(47) clustered table capacity with full channeling | (28) staircase/support precedence over reduced domains and direct E | usedSlot channeling + exact per-idle-slot break cost | (43) exactly |Mp| reduced usedSlot variables | (44) atMost 2|L| busy participants per slot | (45) exact even number of busy participants | exact unary internal-idle counts and range objective over P*",,,result,67982,,2,67982
table07,forumt-14crafc.fixed020-Forb,forumt-14crafc.fixed020-Forb,SAT,OPTIMAL,1.241655,26003,68546,0,0,68546,,peak_process_tree_rss_mb,multiple,traditional,direct,no,imp12+,lexicographic_internal_idle_range_pstar_then_idle_max_then_idle_sum,lexicographic,2,2,12,12,59,"1,2,3,4,5,6,7,8,9,10,11,12,13,14,15,16,17,18,20,21,22,23,24,25,26,27,28,29,30,31,32,33,34,35,36,37,38,39,40,41,42,43,44,45,46,47,48,49,50,51,52,53,54,55,56,57,58,59,60",12,2,2,2,0,0,0,0,7,7,"0,0,0,0,2,0,0,0,0,0,0,0,0,0,0,0,2,2,0,0,0,0,0,0,0,0,0,0,0,0,0,0,0,0,0,0,0,0,0,0,0,0,0,0,1,0,0,0,0,0,0,0,0,0,2,0,2,1,0,0","44,46,46,50,50,50,50,48,48,42","8,2,7,5,6,10,1,9,5,4,3,5,7,4,8,10,6,9,1,8,6,9,7,9,3,6,4,10,2,1,8,9,10,3,4,1,2,3,5,4,10,3,4,6,8,5,9,3,6,9,1,5,2,10,9,8,7,2,4,6,5,10,8,1,5,4,3,2,6,7,9,8,5,1,2,10,3,9,5,6,2,7,1,4,10,8,4,5,3,1,2,6,6,4,9,7,5,10,1,9,2,7,8,4,5,10,8,7,4,5,3,8,6,6,8,7,9,1,3,2,4,2,5,3,4,6,9,8,7,10,1,10,7,6,4,3,2,8,1,10,9,7,3,8,2,6,2,7,9,6,4,9,2,3,6,7,5,8,1,10,8,7,1,3,10,9,2,6,4,8,9,6,5,6,7,5,3,1,8,1,3,7,8,4,6,2,7,10,6,8,5,9,7,4,1,2,9,3,7,5,6,5,2,8,4,3,10,7,9,1,1,7,9,5,10,10,4,7,1,5,3,2,8,6,4,1,9,10,5,3,7,2,4,5,2,3,4",1:M7 M19 M30 M36 M51 M64 M74 M83 M90 M99 M118 M131 M139 M159 M163 M178 M180 M195 M210 M211 M219 M226 | 2:M2 M29 M37 M53 M58 M68 M75 M81 M91 M101 M120 M122 M137 M145 M147 M153 M167 M186 M196 M203 M222 M232 M235 | 3:M11 M25 M34 M38 M42 M48 M67 M77 M89 M111 M119 M124 M136 M143 M154 M164 M177 M181 M198 M206 M221 M230 M236 | 4:M10 M14 M27 M35 M40 M43 M59 M66 M84 M87 M94 M104 M109 M121 M125 M135 M151 M169 M184 M194 M205 M217 M225 M233 M237 | 5:M4 M9 M12 M39 M46 M52 M61 M65 M73 M79 M88 M97 M105 M110 M123 M157 M173 M176 M191 M200 M202 M214 M220 M229 M234 | 6:M5 M17 M21 M26 M44 M49 M60 M69 M80 M92 M93 M113 M114 M126 M134 M146 M150 M155 M168 M172 M174 M185 M189 M201 M224 | 7:M3 M13 M23 M57 M70 M82 M96 M102 M108 M116 M129 M133 M142 M148 M156 M162 M175 M182 M187 M193 M199 M208 M212 M218 M231 | 8:M1 M15 M20 M31 M45 M56 M63 M72 M86 M103 M107 M112 M115 M128 M138 M144 M158 M161 M170 M179 M183 M190 M204 M223 | 9:M8 M18 M22 M24 M32 M47 M50 M55 M71 M78 M95 M100 M117 M127 M141 M149 M152 M166 M171 M192 M197 M209 M213 M227 | 10:M6 M16 M28 M33 M41 M54 M62 M76 M85 M98 M106 M130 M132 M140 M160 M165 M188 M207 M215 M216 M228,,"domain reduction: sessions, fixed meetings, forbidden slots | precedence domain propagation: fixed point over direct edges | full precedence closure: cycle detection and graph statistics only | (20),(22)-(27) exactly once over reduced domains | (19) participant atMost-one per slot | (46),(47) clustered table capacity with full channeling | (28) traditional pairwise precedence over direct E | usedSlot channeling + exact per-idle-slot break cost | (43) exactly |Mp| reduced usedSlot variables | (44) atMost 2|L| busy participants per slot | (45) exact even number of busy participants | exact unary internal-idle counts and range objective over P*",,,result,68546,,2,68546
table07,forumt-14crafc.fixed020-Forb,forumt-14crafc.fixed020-Forb,SAT,OPTIMAL,1.24341,26003,68546,0,0,68546,,peak_process_tree_rss_mb,multiple,staircase,direct,yes,imp12+,lexicographic_internal_idle_range_pstar_then_idle_max_then_idle_sum,lexicographic,2,2,12,12,59,"1,2,3,4,5,6,7,8,9,10,11,12,13,14,15,16,17,18,20,21,22,23,24,25,26,27,28,29,30,31,32,33,34,35,36,37,38,39,40,41,42,43,44,45,46,47,48,49,50,51,52,53,54,55,56,57,58,59,60",12,2,2,2,0,0,0,0,7,7,"0,0,0,0,2,0,0,0,0,0,0,0,0,0,0,0,2,2,0,0,0,0,0,0,0,0,0,0,0,0,0,0,0,0,0,0,0,0,0,0,0,0,0,0,1,0,0,0,0,0,0,0,0,0,2,0,2,1,0,0","44,46,46,50,50,50,50,48,48,42","8,2,7,5,6,10,1,9,5,4,3,5,7,4,8,10,6,9,1,8,6,9,7,9,3,6,4,10,2,1,8,9,10,3,4,1,2,3,5,4,10,3,4,6,8,5,9,3,6,9,1,5,2,10,9,8,7,2,4,6,5,10,8,1,5,4,3,2,6,7,9,8,5,1,2,10,3,9,5,6,2,7,1,4,10,8,4,5,3,1,2,6,6,4,9,7,5,10,1,9,2,7,8,4,5,10,8,7,4,5,3,8,6,6,8,7,9,1,3,2,4,2,5,3,4,6,9,8,7,10,1,10,7,6,4,3,2,8,1,10,9,7,3,8,2,6,2,7,9,6,4,9,2,3,6,7,5,8,1,10,8,7,1,3,10,9,2,6,4,8,9,6,5,6,7,5,3,1,8,1,3,7,8,4,6,2,7,10,6,8,5,9,7,4,1,2,9,3,7,5,6,5,2,8,4,3,10,7,9,1,1,7,9,5,10,10,4,7,1,5,3,2,8,6,4,1,9,10,5,3,7,2,4,5,2,3,4",1:M7 M19 M30 M36 M51 M64 M74 M83 M90 M99 M118 M131 M139 M159 M163 M178 M180 M195 M210 M211 M219 M226 | 2:M2 M29 M37 M53 M58 M68 M75 M81 M91 M101 M120 M122 M137 M145 M147 M153 M167 M186 M196 M203 M222 M232 M235 | 3:M11 M25 M34 M38 M42 M48 M67 M77 M89 M111 M119 M124 M136 M143 M154 M164 M177 M181 M198 M206 M221 M230 M236 | 4:M10 M14 M27 M35 M40 M43 M59 M66 M84 M87 M94 M104 M109 M121 M125 M135 M151 M169 M184 M194 M205 M217 M225 M233 M237 | 5:M4 M9 M12 M39 M46 M52 M61 M65 M73 M79 M88 M97 M105 M110 M123 M157 M173 M176 M191 M200 M202 M214 M220 M229 M234 | 6:M5 M17 M21 M26 M44 M49 M60 M69 M80 M92 M93 M113 M114 M126 M134 M146 M150 M155 M168 M172 M174 M185 M189 M201 M224 | 7:M3 M13 M23 M57 M70 M82 M96 M102 M108 M116 M129 M133 M142 M148 M156 M162 M175 M182 M187 M193 M199 M208 M212 M218 M231 | 8:M1 M15 M20 M31 M45 M56 M63 M72 M86 M103 M107 M112 M115 M128 M138 M144 M158 M161 M170 M179 M183 M190 M204 M223 | 9:M8 M18 M22 M24 M32 M47 M50 M55 M71 M78 M95 M100 M117 M127 M141 M149 M152 M166 M171 M192 M197 M209 M213 M227 | 10:M6 M16 M28 M33 M41 M54 M62 M76 M85 M98 M106 M130 M132 M140 M160 M165 M188 M207 M215 M216 M228,,"domain reduction: sessions, fixed meetings, forbidden slots | precedence domain propagation: fixed point over direct edges | full precedence closure: cycle detection and graph statistics only | (20),(22)-(27) exactly once over reduced domains | (19) participant atMost-one per slot | (46),(47) clustered table capacity with full channeling | (28) staircase/support precedence over reduced domains and direct E | usedSlot channeling + exact per-idle-slot break cost | (43) exactly |Mp| reduced usedSlot variables | (44) atMost 2|L| busy participants per slot | (45) exact even number of busy participants | exact unary internal-idle counts and range objective over P*",,,result,68546,,2,68546
table07,forumt-14crafd.fixed020-Forb,forumt-14crafd.fixed020-Forb,SAT,OPTIMAL,1.26082,25679,68141,0,0,68141,,peak_process_tree_rss_mb,multiple,traditional,direct,no,imp12+,lexicographic_internal_idle_range_pstar_then_idle_max_then_idle_sum,lexicographic,4,4,17,17,59,"1,2,3,4,5,6,7,8,9,10,11,12,13,14,15,16,17,18,20,21,22,23,24,25,26,27,28,29,30,31,32,33,34,35,36,37,38,39,40,41,42,43,44,45,46,47,48,49,50,51,52,53,54,55,56,57,58,59,60",17,4,4,4,0,0,0,0,8,8,"0,0,0,0,4,0,0,0,0,0,0,0,0,0,0,0,2,2,0,0,0,0,0,0,0,0,0,0,0,0,0,0,0,1,0,0,0,0,0,0,0,0,0,0,0,0,0,0,0,3,0,0,1,0,0,0,2,0,0,2","42,46,48,50,48,48,50,50,46,44","4,1,7,5,8,10,2,3,8,2,4,2,7,6,4,8,3,10,9,1,5,8,10,9,4,6,10,7,2,8,1,5,7,10,1,2,1,8,7,5,4,9,10,3,6,7,1,2,5,9,3,4,1,6,7,1,8,2,3,5,6,10,8,2,3,1,9,6,10,5,4,7,4,9,8,5,10,6,7,2,3,5,9,1,10,8,4,5,10,3,8,6,7,4,9,3,2,7,8,6,5,4,8,10,6,3,8,10,9,7,6,1,5,3,2,9,8,7,10,10,3,5,8,2,9,5,6,7,3,4,6,5,4,4,5,9,3,8,6,7,2,10,9,6,2,1,7,4,3,3,2,3,5,4,7,6,9,10,1,8,6,7,2,9,1,10,8,3,1,6,8,4,2,9,7,8,1,2,5,10,1,4,4,5,2,9,7,6,2,10,5,3,6,6,8,5,9,4,3,7,4,2,4,5,9,7,1,3,10,6,9,8,7,6,5,7,3,4,2,9,5,1,8,6,10,7,9,8,3,4,1,2,1,4,9,3",1:M2 M20 M31 M35 M37 M47 M53 M56 M66 M84 M112 M146 M159 M165 M169 M177 M181 M207 M222 M231 M233 | 2:M7 M10 M12 M29 M36 M48 M58 M64 M80 M97 M115 M124 M141 M145 M151 M163 M173 M178 M185 M189 M202 M219 M232 | 3:M8 M17 M44 M51 M59 M65 M81 M90 M96 M106 M114 M121 M129 M137 M149 M150 M152 M168 M192 M199 M208 M217 M229 M236 | 4:M1 M11 M15 M25 M41 M52 M71 M73 M87 M94 M102 M130 M133 M134 M148 M154 M172 M182 M183 M198 M201 M203 M218 M230 M234 | 5:M4 M21 M32 M40 M49 M60 M70 M76 M82 M88 M101 M113 M122 M126 M132 M135 M153 M179 M184 M191 M196 M204 M215 M221 | 6:M14 M26 M45 M54 M61 M68 M78 M92 M100 M105 M111 M127 M131 M139 M144 M156 M161 M170 M188 M193 M194 M210 M214 M224 | 7:M3 M13 M28 M33 M39 M46 M55 M72 M79 M93 M98 M110 M118 M128 M140 M147 M155 M162 M175 M187 M200 M206 M213 M216 M226 | 8:M5 M9 M16 M22 M30 M38 M57 M63 M75 M86 M91 M99 M103 M107 M117 M123 M138 M160 M167 M171 M176 M195 M212 M223 M228 | 9:M19 M24 M42 M50 M67 M74 M83 M95 M109 M116 M125 M136 M143 M157 M164 M174 M186 M197 M205 M211 M220 M227 M235 | 10:M6 M18 M23 M27 M34 M43 M62 M69 M77 M85 M89 M104 M108 M119 M120 M142 M158 M166 M180 M190 M209 M225,,"domain reduction: sessions, fixed meetings, forbidden slots | precedence domain propagation: fixed point over direct edges | full precedence closure: cycle detection and graph statistics only | (20),(22)-(27) exactly once over reduced domains | (19) participant atMost-one per slot | (46),(47) clustered table capacity with full channeling | (28) traditional pairwise precedence over direct E | usedSlot channeling + exact per-idle-slot break cost | (43) exactly |Mp| reduced usedSlot variables | (44) atMost 2|L| busy participants per slot | (45) exact even number of busy participants | exact unary internal-idle counts and range objective over P*",,,result,68141,,4,68141
table07,forumt-14crafd.fixed020-Forb,forumt-14crafd.fixed020-Forb,SAT,OPTIMAL,0.874593,25679,68141,0,0,68141,,peak_process_tree_rss_mb,multiple,staircase,direct,yes,imp12+,lexicographic_internal_idle_range_pstar_then_idle_max_then_idle_sum,lexicographic,4,4,17,17,59,"1,2,3,4,5,6,7,8,9,10,11,12,13,14,15,16,17,18,20,21,22,23,24,25,26,27,28,29,30,31,32,33,34,35,36,37,38,39,40,41,42,43,44,45,46,47,48,49,50,51,52,53,54,55,56,57,58,59,60",17,4,4,4,0,0,0,0,8,8,"0,0,0,0,4,0,0,0,0,0,0,0,0,0,0,0,2,2,0,0,0,0,0,0,0,0,0,0,0,0,0,0,0,1,0,0,0,0,0,0,0,0,0,0,0,0,0,0,0,3,0,0,1,0,0,0,2,0,0,2","42,46,48,50,48,48,50,50,46,44","4,1,7,5,8,10,2,3,8,2,4,2,7,6,4,8,3,10,9,1,5,8,10,9,4,6,10,7,2,8,1,5,7,10,1,2,1,8,7,5,4,9,10,3,6,7,1,2,5,9,3,4,1,6,7,1,8,2,3,5,6,10,8,2,3,1,9,6,10,5,4,7,4,9,8,5,10,6,7,2,3,5,9,1,10,8,4,5,10,3,8,6,7,4,9,3,2,7,8,6,5,4,8,10,6,3,8,10,9,7,6,1,5,3,2,9,8,7,10,10,3,5,8,2,9,5,6,7,3,4,6,5,4,4,5,9,3,8,6,7,2,10,9,6,2,1,7,4,3,3,2,3,5,4,7,6,9,10,1,8,6,7,2,9,1,10,8,3,1,6,8,4,2,9,7,8,1,2,5,10,1,4,4,5,2,9,7,6,2,10,5,3,6,6,8,5,9,4,3,7,4,2,4,5,9,7,1,3,10,6,9,8,7,6,5,7,3,4,2,9,5,1,8,6,10,7,9,8,3,4,1,2,1,4,9,3",1:M2 M20 M31 M35 M37 M47 M53 M56 M66 M84 M112 M146 M159 M165 M169 M177 M181 M207 M222 M231 M233 | 2:M7 M10 M12 M29 M36 M48 M58 M64 M80 M97 M115 M124 M141 M145 M151 M163 M173 M178 M185 M189 M202 M219 M232 | 3:M8 M17 M44 M51 M59 M65 M81 M90 M96 M106 M114 M121 M129 M137 M149 M150 M152 M168 M192 M199 M208 M217 M229 M236 | 4:M1 M11 M15 M25 M41 M52 M71 M73 M87 M94 M102 M130 M133 M134 M148 M154 M172 M182 M183 M198 M201 M203 M218 M230 M234 | 5:M4 M21 M32 M40 M49 M60 M70 M76 M82 M88 M101 M113 M122 M126 M132 M135 M153 M179 M184 M191 M196 M204 M215 M221 | 6:M14 M26 M45 M54 M61 M68 M78 M92 M100 M105 M111 M127 M131 M139 M144 M156 M161 M170 M188 M193 M194 M210 M214 M224 | 7:M3 M13 M28 M33 M39 M46 M55 M72 M79 M93 M98 M110 M118 M128 M140 M147 M155 M162 M175 M187 M200 M206 M213 M216 M226 | 8:M5 M9 M16 M22 M30 M38 M57 M63 M75 M86 M91 M99 M103 M107 M117 M123 M138 M160 M167 M171 M176 M195 M212 M223 M228 | 9:M19 M24 M42 M50 M67 M74 M83 M95 M109 M116 M125 M136 M143 M157 M164 M174 M186 M197 M205 M211 M220 M227 M235 | 10:M6 M18 M23 M27 M34 M43 M62 M69 M77 M85 M89 M104 M108 M119 M120 M142 M158 M166 M180 M190 M209 M225,,"domain reduction: sessions, fixed meetings, forbidden slots | precedence domain propagation: fixed point over direct edges | full precedence closure: cycle detection and graph statistics only | (20),(22)-(27) exactly once over reduced domains | (19) participant atMost-one per slot | (46),(47) clustered table capacity with full channeling | (28) staircase/support precedence over reduced domains and direct E | usedSlot channeling + exact per-idle-slot break cost | (43) exactly |Mp| reduced usedSlot variables | (44) atMost 2|L| busy participants per slot | (45) exact even number of busy participants | exact unary internal-idle counts and range objective over P*",,,result,68141,,4,68141
table07,forumt-14crafe.fixed020-Forb,forumt-14crafe.fixed020-Forb,SAT,OPTIMAL,0.868037,25778,68359,0,0,68359,,peak_process_tree_rss_mb,multiple,traditional,direct,no,imp12+,lexicographic_internal_idle_range_pstar_then_idle_max_then_idle_sum,lexicographic,4,4,17,17,59,"1,2,3,4,5,6,7,8,9,10,11,12,13,14,15,16,17,18,20,21,22,23,24,25,26,27,28,29,30,31,32,33,34,35,36,37,38,39,40,41,42,43,44,45,46,47,48,49,50,51,52,53,54,55,56,57,58,59,60",17,4,4,4,0,0,0,0,8,8,"0,0,0,0,4,0,0,0,0,0,0,0,0,0,0,0,2,2,0,0,0,0,0,0,0,0,0,0,0,0,0,0,0,1,0,0,0,0,0,0,0,0,0,0,0,0,0,0,0,3,0,0,1,0,0,0,2,0,0,2","44,48,48,48,48,48,48,48,48,44","1,4,7,5,6,8,2,3,1,2,4,2,8,1,2,3,7,10,9,4,5,6,10,8,1,7,2,7,2,1,6,6,9,4,1,8,9,3,7,6,4,9,10,3,5,2,1,1,5,2,6,4,10,7,9,10,7,2,6,5,9,8,4,2,8,10,1,9,6,5,3,7,4,8,5,3,10,7,5,6,3,2,9,1,10,8,4,7,9,8,10,5,3,4,6,5,10,8,7,2,5,4,8,10,6,2,8,6,7,10,9,1,8,3,2,9,5,4,7,10,3,5,9,10,6,4,5,7,3,8,1,6,9,5,1,7,4,9,10,3,6,8,9,8,3,2,7,4,1,3,2,3,10,1,7,6,9,5,4,8,6,10,8,1,3,5,9,1,6,7,8,3,2,9,10,8,4,2,5,1,3,4,3,5,2,1,9,6,2,10,5,7,1,7,3,5,4,10,6,9,4,8,4,2,5,7,1,3,10,6,9,6,8,7,5,9,1,7,2,10,5,4,8,6,3,4,3,8,9,6,7,2,2,3,9,4",1:M1 M9 M14 M25 M30 M35 M47 M48 M67 M84 M112 M131 M135 M149 M154 M164 M168 M180 M186 M193 M207 M217 | 2:M7 M10 M12 M15 M27 M29 M46 M50 M58 M64 M82 M100 M106 M115 M146 M151 M173 M178 M185 M189 M204 M219 M232 M233 | 3:M8 M16 M38 M44 M71 M76 M81 M93 M114 M121 M129 M140 M145 M150 M152 M165 M172 M181 M183 M195 M208 M225 M227 M234 | 4:M2 M11 M20 M34 M41 M52 M63 M73 M87 M94 M102 M118 M126 M137 M148 M159 M177 M182 M197 M201 M203 M222 M226 M236 | 5:M4 M21 M45 M49 M60 M70 M75 M79 M92 M96 M101 M117 M122 M127 M134 M158 M166 M179 M184 M191 M196 M205 M215 M221 | 6:M5 M22 M31 M32 M40 M51 M59 M69 M80 M95 M105 M108 M125 M132 M141 M156 M161 M169 M188 M199 M210 M212 M224 M230 | 7:M3 M17 M26 M28 M39 M54 M57 M72 M78 M88 M99 M109 M119 M128 M136 M147 M155 M170 M192 M194 M206 M214 M218 M231 | 8:M6 M13 M24 M36 M62 M65 M74 M86 M90 M98 M103 M107 M113 M130 M142 M144 M160 M163 M171 M176 M202 M213 M223 M228 | 9:M19 M33 M37 M42 M55 M61 M68 M83 M89 M111 M116 M123 M133 M138 M143 M157 M167 M174 M187 M200 M211 M216 M229 M235 | 10:M18 M23 M43 M53 M56 M66 M77 M85 M91 M97 M104 M110 M120 M124 M139 M153 M162 M175 M190 M198 M209 M220,,"domain reduction: sessions, fixed meetings, forbidden slots | precedence domain propagation: fixed point over direct edges | full precedence closure: cycle detection and graph statistics only | (20),(22)-(27) exactly once over reduced domains | (19) participant atMost-one per slot | (46),(47) clustered table capacity with full channeling | (28) traditional pairwise precedence over direct E | usedSlot channeling + exact per-idle-slot break cost | (43) exactly |Mp| reduced usedSlot variables | (44) atMost 2|L| busy participants per slot | (45) exact even number of busy participants | exact unary internal-idle counts and range objective over P*",,,result,68359,,4,68359
table07,forumt-14crafe.fixed020-Forb,forumt-14crafe.fixed020-Forb,SAT,OPTIMAL,0.863588,25778,68359,0,0,68359,,peak_process_tree_rss_mb,multiple,staircase,direct,yes,imp12+,lexicographic_internal_idle_range_pstar_then_idle_max_then_idle_sum,lexicographic,4,4,17,17,59,"1,2,3,4,5,6,7,8,9,10,11,12,13,14,15,16,17,18,20,21,22,23,24,25,26,27,28,29,30,31,32,33,34,35,36,37,38,39,40,41,42,43,44,45,46,47,48,49,50,51,52,53,54,55,56,57,58,59,60",17,4,4,4,0,0,0,0,8,8,"0,0,0,0,4,0,0,0,0,0,0,0,0,0,0,0,2,2,0,0,0,0,0,0,0,0,0,0,0,0,0,0,0,1,0,0,0,0,0,0,0,0,0,0,0,0,0,0,0,3,0,0,1,0,0,0,2,0,0,2","44,48,48,48,48,48,48,48,48,44","1,4,7,5,6,8,2,3,1,2,4,2,8,1,2,3,7,10,9,4,5,6,10,8,1,7,2,7,2,1,6,6,9,4,1,8,9,3,7,6,4,9,10,3,5,2,1,1,5,2,6,4,10,7,9,10,7,2,6,5,9,8,4,2,8,10,1,9,6,5,3,7,4,8,5,3,10,7,5,6,3,2,9,1,10,8,4,7,9,8,10,5,3,4,6,5,10,8,7,2,5,4,8,10,6,2,8,6,7,10,9,1,8,3,2,9,5,4,7,10,3,5,9,10,6,4,5,7,3,8,1,6,9,5,1,7,4,9,10,3,6,8,9,8,3,2,7,4,1,3,2,3,10,1,7,6,9,5,4,8,6,10,8,1,3,5,9,1,6,7,8,3,2,9,10,8,4,2,5,1,3,4,3,5,2,1,9,6,2,10,5,7,1,7,3,5,4,10,6,9,4,8,4,2,5,7,1,3,10,6,9,6,8,7,5,9,1,7,2,10,5,4,8,6,3,4,3,8,9,6,7,2,2,3,9,4",1:M1 M9 M14 M25 M30 M35 M47 M48 M67 M84 M112 M131 M135 M149 M154 M164 M168 M180 M186 M193 M207 M217 | 2:M7 M10 M12 M15 M27 M29 M46 M50 M58 M64 M82 M100 M106 M115 M146 M151 M173 M178 M185 M189 M204 M219 M232 M233 | 3:M8 M16 M38 M44 M71 M76 M81 M93 M114 M121 M129 M140 M145 M150 M152 M165 M172 M181 M183 M195 M208 M225 M227 M234 | 4:M2 M11 M20 M34 M41 M52 M63 M73 M87 M94 M102 M118 M126 M137 M148 M159 M177 M182 M197 M201 M203 M222 M226 M236 | 5:M4 M21 M45 M49 M60 M70 M75 M79 M92 M96 M101 M117 M122 M127 M134 M158 M166 M179 M184 M191 M196 M205 M215 M221 | 6:M5 M22 M31 M32 M40 M51 M59 M69 M80 M95 M105 M108 M125 M132 M141 M156 M161 M169 M188 M199 M210 M212 M224 M230 | 7:M3 M17 M26 M28 M39 M54 M57 M72 M78 M88 M99 M109 M119 M128 M136 M147 M155 M170 M192 M194 M206 M214 M218 M231 | 8:M6 M13 M24 M36 M62 M65 M74 M86 M90 M98 M103 M107 M113 M130 M142 M144 M160 M163 M171 M176 M202 M213 M223 M228 | 9:M19 M33 M37 M42 M55 M61 M68 M83 M89 M111 M116 M123 M133 M138 M143 M157 M167 M174 M187 M200 M211 M216 M229 M235 | 10:M18 M23 M43 M53 M56 M66 M77 M85 M91 M97 M104 M110 M120 M124 M139 M153 M162 M175 M190 M198 M209 M220,,"domain reduction: sessions, fixed meetings, forbidden slots | precedence domain propagation: fixed point over direct edges | full precedence closure: cycle detection and graph statistics only | (20),(22)-(27) exactly once over reduced domains | (19) participant atMost-one per slot | (46),(47) clustered table capacity with full channeling | (28) staircase/support precedence over reduced domains and direct E | usedSlot channeling + exact per-idle-slot break cost | (43) exactly |Mp| reduced usedSlot variables | (44) atMost 2|L| busy participants per slot | (45) exact even number of busy participants | exact unary internal-idle counts and range objective over P*",,,result,68359,,4,68359
table07,tic-12.fixed020-Forb,tic-12.fixed020-Forb,SAT,OPTIMAL,0.14776,5066,18945,0,0,18945,,peak_process_tree_rss_mb,multiple,traditional,direct,no,imp12+,lexicographic_internal_idle_range_pstar_then_idle_max_then_idle_sum,lexicographic,4,4,4,4,39,"1,2,3,4,5,6,7,8,9,10,11,12,13,14,15,16,17,18,19,20,21,22,23,24,25,26,27,28,29,30,31,32,33,34,35,36,39,41,42",4,4,4,4,0,0,0,0,6,6,"0,0,0,0,0,0,0,0,0,0,0,0,0,0,0,0,0,0,0,0,0,0,0,0,0,0,0,0,4,0,0,0,0,0,0,0,0,0,0,0,0,0","26,30,32,34,36,34,30,28","6,4,7,8,5,8,8,4,2,1,6,2,4,5,1,7,3,8,7,3,5,8,4,5,5,6,2,1,4,7,3,8,4,3,6,5,2,1,5,6,1,8,4,2,3,5,3,8,4,7,7,5,1,3,6,4,2,6,8,3,5,2,6,4,7,1,3,2,6,7,6,3,1,7,5,4,6,8,1,7,8,5,4,3,2,6,2,4,6,5,3,4,6,1,5,3,7,8,2,7,4,6,5,2,1,5,6,3,4,7,2,3,2,8,7,5,1,5,2,3,7,1,4,8,6",1:M10 M15 M28 M38 M41 M53 M66 M73 M79 M94 M105 M117 M122 | 2:M9 M12 M27 M37 M44 M57 M62 M68 M85 M87 M99 M104 M111 M113 M119 | 3:M17 M20 M31 M34 M45 M47 M54 M60 M67 M72 M84 M91 M96 M108 M112 M120 | 4:M2 M8 M13 M23 M29 M33 M43 M49 M56 M64 M76 M83 M88 M92 M101 M109 M123 | 5:M5 M14 M21 M24 M25 M36 M39 M46 M52 M61 M75 M82 M90 M95 M103 M106 M116 M118 | 6:M1 M11 M26 M35 M40 M55 M58 M63 M69 M71 M77 M86 M89 M93 M102 M107 M125 | 7:M3 M16 M19 M30 M50 M51 M65 M70 M74 M80 M97 M100 M110 M115 M121 | 8:M4 M6 M7 M18 M22 M32 M42 M48 M59 M78 M81 M98 M114 M124,,"domain reduction: sessions, fixed meetings, forbidden slots | precedence domain propagation: fixed point over direct edges | full precedence closure: cycle detection and graph statistics only | (20),(22)-(27) exactly once over reduced domains | (19) participant atMost-one per slot | (46),(47) clustered table capacity with full channeling | (28) traditional pairwise precedence over direct E | usedSlot channeling + exact per-idle-slot break cost | (43) exactly |Mp| reduced usedSlot variables | (44) atMost 2|L| busy participants per slot | (45) exact even number of busy participants | exact unary internal-idle counts and range objective over P*",,,result,18945,,4,18945
table07,tic-12.fixed020-Forb,tic-12.fixed020-Forb,SAT,OPTIMAL,0.149172,5066,18945,0,0,18945,,peak_process_tree_rss_mb,multiple,staircase,direct,yes,imp12+,lexicographic_internal_idle_range_pstar_then_idle_max_then_idle_sum,lexicographic,4,4,4,4,39,"1,2,3,4,5,6,7,8,9,10,11,12,13,14,15,16,17,18,19,20,21,22,23,24,25,26,27,28,29,30,31,32,33,34,35,36,39,41,42",4,4,4,4,0,0,0,0,6,6,"0,0,0,0,0,0,0,0,0,0,0,0,0,0,0,0,0,0,0,0,0,0,0,0,0,0,0,0,4,0,0,0,0,0,0,0,0,0,0,0,0,0","26,30,32,34,36,34,30,28","6,4,7,8,5,8,8,4,2,1,6,2,4,5,1,7,3,8,7,3,5,8,4,5,5,6,2,1,4,7,3,8,4,3,6,5,2,1,5,6,1,8,4,2,3,5,3,8,4,7,7,5,1,3,6,4,2,6,8,3,5,2,6,4,7,1,3,2,6,7,6,3,1,7,5,4,6,8,1,7,8,5,4,3,2,6,2,4,6,5,3,4,6,1,5,3,7,8,2,7,4,6,5,2,1,5,6,3,4,7,2,3,2,8,7,5,1,5,2,3,7,1,4,8,6",1:M10 M15 M28 M38 M41 M53 M66 M73 M79 M94 M105 M117 M122 | 2:M9 M12 M27 M37 M44 M57 M62 M68 M85 M87 M99 M104 M111 M113 M119 | 3:M17 M20 M31 M34 M45 M47 M54 M60 M67 M72 M84 M91 M96 M108 M112 M120 | 4:M2 M8 M13 M23 M29 M33 M43 M49 M56 M64 M76 M83 M88 M92 M101 M109 M123 | 5:M5 M14 M21 M24 M25 M36 M39 M46 M52 M61 M75 M82 M90 M95 M103 M106 M116 M118 | 6:M1 M11 M26 M35 M40 M55 M58 M63 M69 M71 M77 M86 M89 M93 M102 M107 M125 | 7:M3 M16 M19 M30 M50 M51 M65 M70 M74 M80 M97 M100 M110 M115 M121 | 8:M4 M6 M7 M18 M22 M32 M42 M48 M59 M78 M81 M98 M114 M124,,"domain reduction: sessions, fixed meetings, forbidden slots | precedence domain propagation: fixed point over direct edges | full precedence closure: cycle detection and graph statistics only | (20),(22)-(27) exactly once over reduced domains | (19) participant atMost-one per slot | (46),(47) clustered table capacity with full channeling | (28) staircase/support precedence over reduced domains and direct E | usedSlot channeling + exact per-idle-slot break cost | (43) exactly |Mp| reduced usedSlot variables | (44) atMost 2|L| busy participants per slot | (45) exact even number of busy participants | exact unary internal-idle counts and range objective over P*",,,result,18945,,4,18945
table07,tic-12crafc.fixed020-Forb,tic-12crafc.fixed020-Forb,SAT,OPTIMAL,0.241783,14237,33023,0,0,33023,,peak_process_tree_rss_mb,multiple,traditional,direct,no,imp12+,lexicographic_internal_idle_range_pstar_then_idle_max_then_idle_sum,lexicographic,4,4,4,4,39,"1,2,3,4,5,6,7,8,9,10,11,12,13,14,15,16,17,18,19,20,21,22,23,24,25,26,27,28,29,30,31,32,33,34,35,36,39,41,42",4,4,4,4,0,0,0,0,6,6,"0,0,0,0,0,0,0,0,0,0,0,0,0,0,0,0,0,0,0,0,0,0,0,0,0,0,0,0,4,0,0,0,0,0,0,0,0,0,0,0,0,0","26,32,32,32,32,32,32,32","6,4,7,5,8,8,1,4,2,3,2,2,7,1,4,8,3,6,5,3,8,7,2,1,5,2,1,3,4,7,6,8,7,2,6,8,4,5,6,5,1,4,2,8,3,7,3,8,6,4,8,5,6,3,7,4,2,2,5,1,5,2,6,4,7,1,7,2,3,8,6,3,1,7,4,5,6,5,7,8,1,5,4,3,6,2,7,6,8,5,3,4,6,3,5,1,7,8,2,3,2,5,4,1,8,5,4,6,3,7,2,4,8,7,3,1,6,5,4,3,7,1,2,8,6",1:M7 M14 M24 M27 M41 M60 M66 M73 M81 M96 M104 M116 M122 | 2:M9 M11 M12 M23 M26 M34 M43 M57 M58 M62 M68 M86 M99 M101 M111 M123 | 3:M10 M17 M20 M28 M45 M47 M54 M69 M72 M84 M91 M94 M100 M109 M115 M120 | 4:M2 M8 M15 M29 M37 M42 M50 M56 M64 M75 M83 M92 M103 M107 M112 M119 | 5:M4 M19 M25 M38 M40 M52 M59 M61 M76 M78 M82 M90 M95 M102 M106 M118 | 6:M1 M18 M31 M35 M39 M49 M53 M63 M71 M77 M85 M88 M93 M108 M117 M125 | 7:M3 M13 M22 M30 M33 M46 M55 M65 M67 M74 M79 M87 M97 M110 M114 M121 | 8:M5 M6 M16 M21 M32 M36 M44 M48 M51 M70 M80 M89 M98 M105 M113 M124,,"domain reduction: sessions, fixed meetings, forbidden slots | precedence domain propagation: fixed point over direct edges | full precedence closure: cycle detection and graph statistics only | (20),(22)-(27) exactly once over reduced domains | (19) participant atMost-one per slot | (46),(47) clustered table capacity with full channeling | (28) traditional pairwise precedence over direct E | usedSlot channeling + exact per-idle-slot break cost | (43) exactly |Mp| reduced usedSlot variables | (44) atMost 2|L| busy participants per slot | (45) exact even number of busy participants | exact unary internal-idle counts and range objective over P*",,,result,33023,,4,33023
table07,tic-12crafc.fixed020-Forb,tic-12crafc.fixed020-Forb,SAT,OPTIMAL,0.242203,14237,33023,0,0,33023,,peak_process_tree_rss_mb,multiple,staircase,direct,yes,imp12+,lexicographic_internal_idle_range_pstar_then_idle_max_then_idle_sum,lexicographic,4,4,4,4,39,"1,2,3,4,5,6,7,8,9,10,11,12,13,14,15,16,17,18,19,20,21,22,23,24,25,26,27,28,29,30,31,32,33,34,35,36,39,41,42",4,4,4,4,0,0,0,0,6,6,"0,0,0,0,0,0,0,0,0,0,0,0,0,0,0,0,0,0,0,0,0,0,0,0,0,0,0,0,4,0,0,0,0,0,0,0,0,0,0,0,0,0","26,32,32,32,32,32,32,32","6,4,7,5,8,8,1,4,2,3,2,2,7,1,4,8,3,6,5,3,8,7,2,1,5,2,1,3,4,7,6,8,7,2,6,8,4,5,6,5,1,4,2,8,3,7,3,8,6,4,8,5,6,3,7,4,2,2,5,1,5,2,6,4,7,1,7,2,3,8,6,3,1,7,4,5,6,5,7,8,1,5,4,3,6,2,7,6,8,5,3,4,6,3,5,1,7,8,2,3,2,5,4,1,8,5,4,6,3,7,2,4,8,7,3,1,6,5,4,3,7,1,2,8,6",1:M7 M14 M24 M27 M41 M60 M66 M73 M81 M96 M104 M116 M122 | 2:M9 M11 M12 M23 M26 M34 M43 M57 M58 M62 M68 M86 M99 M101 M111 M123 | 3:M10 M17 M20 M28 M45 M47 M54 M69 M72 M84 M91 M94 M100 M109 M115 M120 | 4:M2 M8 M15 M29 M37 M42 M50 M56 M64 M75 M83 M92 M103 M107 M112 M119 | 5:M4 M19 M25 M38 M40 M52 M59 M61 M76 M78 M82 M90 M95 M102 M106 M118 | 6:M1 M18 M31 M35 M39 M49 M53 M63 M71 M77 M85 M88 M93 M108 M117 M125 | 7:M3 M13 M22 M30 M33 M46 M55 M65 M67 M74 M79 M87 M97 M110 M114 M121 | 8:M5 M6 M16 M21 M32 M36 M44 M48 M51 M70 M80 M89 M98 M105 M113 M124,,"domain reduction: sessions, fixed meetings, forbidden slots | precedence domain propagation: fixed point over direct edges | full precedence closure: cycle detection and graph statistics only | (20),(22)-(27) exactly once over reduced domains | (19) participant atMost-one per slot | (46),(47) clustered table capacity with full channeling | (28) staircase/support precedence over reduced domains and direct E | usedSlot channeling + exact per-idle-slot break cost | (43) exactly |Mp| reduced usedSlot variables | (44) atMost 2|L| busy participants per slot | (45) exact even number of busy participants | exact unary internal-idle counts and range objective over P*",,,result,33023,,4,33023
table07,tic-13.fixed020-Forb,tic-13.fixed020-Forb,SAT,OPTIMAL,0.806101,24371,59936,0,0,59936,,peak_process_tree_rss_mb,multiple,traditional,direct,no,imp12+,lexicographic_internal_idle_range_pstar_then_idle_max_then_idle_sum,lexicographic,3,3,4,4,45,"1,3,4,5,6,7,8,9,10,11,12,13,14,15,16,17,18,19,20,21,22,23,24,25,26,27,28,29,30,31,32,33,34,35,36,37,38,40,41,42,43,44,45,46,47",4,3,3,3,0,0,0,0,6,6,"0,0,3,0,0,0,0,0,0,0,0,1,0,0,0,0,0,0,0,0,0,0,0,0,0,0,0,0,0,0,0,0,0,0,0,0,0,0,0,0,0,0,0,0,0,0,0","24,34,40,42,42,42,42,40,30,24","3,1,7,10,2,8,9,5,4,6,8,5,3,4,10,1,6,3,7,4,2,5,7,3,5,4,2,1,6,6,8,7,10,4,9,3,5,3,2,4,5,3,7,1,5,2,6,8,4,10,6,7,9,8,6,4,2,5,1,4,10,2,1,8,9,7,8,4,7,6,8,10,5,2,9,6,4,7,1,8,7,4,6,9,3,1,7,5,6,4,9,5,8,2,7,3,9,4,7,10,5,8,2,5,3,10,6,4,5,3,8,4,9,7,2,5,6,7,1,6,5,3,6,8,3,5,4,2,7,9,3,5,6,9,1,10,2,4,3,5,8,6,7,9,3,6,9,2,4,8,2,9,4,10,1,8,6,8,7,3,2,6,7,8,3,10,4,5,3,6,1,8,7,2,5,3,7,8,10,9",1:M2 M16 M28 M44 M59 M63 M79 M86 M119 M135 M155 M171 | 2:M5 M21 M27 M39 M46 M57 M62 M74 M94 M103 M115 M128 M137 M148 M151 M161 M174 | 3:M1 M13 M18 M24 M36 M38 M42 M85 M96 M105 M110 M122 M125 M131 M139 M145 M160 M165 M169 M176 | 4:M9 M14 M20 M26 M34 M40 M49 M56 M60 M68 M77 M82 M90 M98 M108 M112 M127 M138 M149 M153 M167 | 5:M8 M12 M22 M25 M37 M41 M45 M58 M73 M88 M92 M101 M104 M109 M116 M121 M126 M132 M140 M168 M175 | 6:M10 M17 M29 M30 M47 M51 M55 M70 M76 M83 M89 M107 M117 M120 M123 M133 M142 M146 M157 M162 M170 | 7:M3 M19 M23 M32 M43 M52 M66 M69 M78 M81 M87 M95 M99 M114 M118 M129 M143 M159 M163 M173 M177 | 8:M6 M11 M31 M48 M54 M64 M67 M71 M80 M93 M102 M111 M124 M141 M150 M156 M158 M164 M172 M178 | 9:M7 M35 M53 M65 M75 M84 M91 M97 M113 M130 M134 M144 M147 M152 M180 | 10:M4 M15 M33 M50 M61 M72 M100 M106 M136 M154 M166 M179,,"domain reduction: sessions, fixed meetings, forbidden slots | precedence domain propagation: fixed point over direct edges | full precedence closure: cycle detection and graph statistics only | (20),(22)-(27) exactly once over reduced domains | (19) participant atMost-one per slot | (46),(47) clustered table capacity with full channeling | (28) traditional pairwise precedence over direct E | usedSlot channeling + exact per-idle-slot break cost | (43) exactly |Mp| reduced usedSlot variables | (44) atMost 2|L| busy participants per slot | (45) exact even number of busy participants | exact unary internal-idle counts and range objective over P*",,,result,59936,,3,59936
table07,tic-13.fixed020-Forb,tic-13.fixed020-Forb,SAT,OPTIMAL,0.812574,24371,59936,0,0,59936,,peak_process_tree_rss_mb,multiple,staircase,direct,yes,imp12+,lexicographic_internal_idle_range_pstar_then_idle_max_then_idle_sum,lexicographic,3,3,4,4,45,"1,3,4,5,6,7,8,9,10,11,12,13,14,15,16,17,18,19,20,21,22,23,24,25,26,27,28,29,30,31,32,33,34,35,36,37,38,40,41,42,43,44,45,46,47",4,3,3,3,0,0,0,0,6,6,"0,0,3,0,0,0,0,0,0,0,0,1,0,0,0,0,0,0,0,0,0,0,0,0,0,0,0,0,0,0,0,0,0,0,0,0,0,0,0,0,0,0,0,0,0,0,0","24,34,40,42,42,42,42,40,30,24","3,1,7,10,2,8,9,5,4,6,8,5,3,4,10,1,6,3,7,4,2,5,7,3,5,4,2,1,6,6,8,7,10,4,9,3,5,3,2,4,5,3,7,1,5,2,6,8,4,10,6,7,9,8,6,4,2,5,1,4,10,2,1,8,9,7,8,4,7,6,8,10,5,2,9,6,4,7,1,8,7,4,6,9,3,1,7,5,6,4,9,5,8,2,7,3,9,4,7,10,5,8,2,5,3,10,6,4,5,3,8,4,9,7,2,5,6,7,1,6,5,3,6,8,3,5,4,2,7,9,3,5,6,9,1,10,2,4,3,5,8,6,7,9,3,6,9,2,4,8,2,9,4,10,1,8,6,8,7,3,2,6,7,8,3,10,4,5,3,6,1,8,7,2,5,3,7,8,10,9",1:M2 M16 M28 M44 M59 M63 M79 M86 M119 M135 M155 M171 | 2:M5 M21 M27 M39 M46 M57 M62 M74 M94 M103 M115 M128 M137 M148 M151 M161 M174 | 3:M1 M13 M18 M24 M36 M38 M42 M85 M96 M105 M110 M122 M125 M131 M139 M145 M160 M165 M169 M176 | 4:M9 M14 M20 M26 M34 M40 M49 M56 M60 M68 M77 M82 M90 M98 M108 M112 M127 M138 M149 M153 M167 | 5:M8 M12 M22 M25 M37 M41 M45 M58 M73 M88 M92 M101 M104 M109 M116 M121 M126 M132 M140 M168 M175 | 6:M10 M17 M29 M30 M47 M51 M55 M70 M76 M83 M89 M107 M117 M120 M123 M133 M142 M146 M157 M162 M170 | 7:M3 M19 M23 M32 M43 M52 M66 M69 M78 M81 M87 M95 M99 M114 M118 M129 M143 M159 M163 M173 M177 | 8:M6 M11 M31 M48 M54 M64 M67 M71 M80 M93 M102 M111 M124 M141 M150 M156 M158 M164 M172 M178 | 9:M7 M35 M53 M65 M75 M84 M91 M97 M113 M130 M134 M144 M147 M152 M180 | 10:M4 M15 M33 M50 M61 M72 M100 M106 M136 M154 M166 M179,,"domain reduction: sessions, fixed meetings, forbidden slots | precedence domain propagation: fixed point over direct edges | full precedence closure: cycle detection and graph statistics only | (20),(22)-(27) exactly once over reduced domains | (19) participant atMost-one per slot | (46),(47) clustered table capacity with full channeling | (28) staircase/support precedence over reduced domains and direct E | usedSlot channeling + exact per-idle-slot break cost | (43) exactly |Mp| reduced usedSlot variables | (44) atMost 2|L| busy participants per slot | (45) exact even number of busy participants | exact unary internal-idle counts and range objective over P*",,,result,59936,,3,59936
table07,tic-13.fixed040-Forb,tic-13.fixed040-Forb,SAT,OPTIMAL,1.600709,23546,53613,0,0,53613,,peak_process_tree_rss_mb,multiple,traditional,direct,no,imp12+,lexicographic_internal_idle_range_pstar_then_idle_max_then_idle_sum,lexicographic,4,4,22,22,45,"1,3,4,5,6,7,8,9,10,11,12,13,14,15,16,17,18,19,20,21,22,23,24,25,26,27,28,29,30,31,32,33,34,35,36,37,38,40,41,42,43,44,45,46,47",22,4,4,4,0,0,0,0,6,6,"0,0,3,0,1,0,4,0,0,0,0,1,0,0,2,0,1,0,0,2,0,0,0,0,0,0,0,0,0,0,3,0,0,0,0,0,4,0,0,0,0,0,0,0,0,1,0","20,30,40,38,42,42,42,42,34,30","9,5,3,10,6,1,2,8,4,7,8,7,3,5,10,7,2,9,3,4,5,6,4,8,5,9,10,3,6,6,2,7,5,4,9,3,8,10,2,4,5,3,9,5,6,4,7,8,2,6,10,7,8,9,5,7,10,8,6,3,4,2,1,9,6,8,8,5,6,4,2,10,6,5,1,3,4,9,7,3,7,8,4,1,9,10,7,6,2,8,9,6,5,10,7,3,10,9,8,1,5,7,8,5,6,7,3,4,7,2,8,4,9,3,6,7,6,1,7,6,5,10,6,9,3,7,4,2,10,8,9,3,4,1,6,8,10,4,5,3,8,4,5,3,7,5,8,2,4,6,2,9,4,10,1,5,6,8,3,1,2,3,2,9,6,8,4,5,8,7,3,7,1,7,10,3,5,5,2,9",1:M6 M63 M75 M84 M100 M118 M134 M155 M160 M173 | 2:M7 M17 M31 M39 M49 M62 M71 M89 M110 M128 M148 M151 M161 M163 M179 | 3:M3 M13 M19 M28 M36 M42 M60 M76 M80 M96 M107 M114 M125 M132 M140 M144 M159 M162 M171 M176 | 4:M9 M20 M23 M34 M40 M46 M61 M70 M77 M83 M108 M112 M127 M133 M138 M142 M149 M153 M167 | 5:M2 M14 M21 M25 M33 M41 M44 M55 M68 M74 M93 M101 M104 M121 M139 M143 M146 M156 M168 M177 M178 | 6:M5 M22 M29 M30 M45 M50 M59 M65 M69 M73 M88 M92 M105 M115 M117 M120 M123 M135 M150 M157 M165 | 7:M10 M12 M16 M32 M47 M52 M56 M79 M81 M87 M95 M102 M106 M109 M116 M119 M126 M145 M170 M172 M174 | 8:M8 M11 M24 M37 M48 M53 M58 M66 M67 M82 M90 M99 M103 M111 M130 M136 M141 M147 M158 M166 M169 | 9:M1 M18 M26 M35 M43 M54 M64 M78 M85 M91 M98 M113 M124 M131 M152 M164 M180 | 10:M4 M15 M27 M38 M51 M57 M72 M86 M94 M97 M122 M129 M137 M154 M175,,"domain reduction: sessions, fixed meetings, forbidden slots | precedence domain propagation: fixed point over direct edges | full precedence closure: cycle detection and graph statistics only | (20),(22)-(27) exactly once over reduced domains | (19) participant atMost-one per slot | (46),(47) clustered table capacity with full channeling | (28) traditional pairwise precedence over direct E | usedSlot channeling + exact per-idle-slot break cost | (43) exactly |Mp| reduced usedSlot variables | (44) atMost 2|L| busy participants per slot | (45) exact even number of busy participants | exact unary internal-idle counts and range objective over P*",,,result,53613,,4,53613
table07,tic-13.fixed040-Forb,tic-13.fixed040-Forb,SAT,OPTIMAL,1.600223,23546,53613,0,0,53613,,peak_process_tree_rss_mb,multiple,staircase,direct,yes,imp12+,lexicographic_internal_idle_range_pstar_then_idle_max_then_idle_sum,lexicographic,4,4,22,22,45,"1,3,4,5,6,7,8,9,10,11,12,13,14,15,16,17,18,19,20,21,22,23,24,25,26,27,28,29,30,31,32,33,34,35,36,37,38,40,41,42,43,44,45,46,47",22,4,4,4,0,0,0,0,6,6,"0,0,3,0,1,0,4,0,0,0,0,1,0,0,2,0,1,0,0,2,0,0,0,0,0,0,0,0,0,0,3,0,0,0,0,0,4,0,0,0,0,0,0,0,0,1,0","20,30,40,38,42,42,42,42,34,30","9,5,3,10,6,1,2,8,4,7,8,7,3,5,10,7,2,9,3,4,5,6,4,8,5,9,10,3,6,6,2,7,5,4,9,3,8,10,2,4,5,3,9,5,6,4,7,8,2,6,10,7,8,9,5,7,10,8,6,3,4,2,1,9,6,8,8,5,6,4,2,10,6,5,1,3,4,9,7,3,7,8,4,1,9,10,7,6,2,8,9,6,5,10,7,3,10,9,8,1,5,7,8,5,6,7,3,4,7,2,8,4,9,3,6,7,6,1,7,6,5,10,6,9,3,7,4,2,10,8,9,3,4,1,6,8,10,4,5,3,8,4,5,3,7,5,8,2,4,6,2,9,4,10,1,5,6,8,3,1,2,3,2,9,6,8,4,5,8,7,3,7,1,7,10,3,5,5,2,9",1:M6 M63 M75 M84 M100 M118 M134 M155 M160 M173 | 2:M7 M17 M31 M39 M49 M62 M71 M89 M110 M128 M148 M151 M161 M163 M179 | 3:M3 M13 M19 M28 M36 M42 M60 M76 M80 M96 M107 M114 M125 M132 M140 M144 M159 M162 M171 M176 | 4:M9 M20 M23 M34 M40 M46 M61 M70 M77 M83 M108 M112 M127 M133 M138 M142 M149 M153 M167 | 5:M2 M14 M21 M25 M33 M41 M44 M55 M68 M74 M93 M101 M104 M121 M139 M143 M146 M156 M168 M177 M178 | 6:M5 M22 M29 M30 M45 M50 M59 M65 M69 M73 M88 M92 M105 M115 M117 M120 M123 M135 M150 M157 M165 | 7:M10 M12 M16 M32 M47 M52 M56 M79 M81 M87 M95 M102 M106 M109 M116 M119 M126 M145 M170 M172 M174 | 8:M8 M11 M24 M37 M48 M53 M58 M66 M67 M82 M90 M99 M103 M111 M130 M136 M141 M147 M158 M166 M169 | 9:M1 M18 M26 M35 M43 M54 M64 M78 M85 M91 M98 M113 M124 M131 M152 M164 M180 | 10:M4 M15 M27 M38 M51 M57 M72 M86 M94 M97 M122 M129 M137 M154 M175,,"domain reduction: sessions, fixed meetings, forbidden slots | precedence domain propagation: fixed point over direct edges | full precedence closure: cycle detection and graph statistics only | (20),(22)-(27) exactly once over reduced domains | (19) participant atMost-one per slot | (46),(47) clustered table capacity with full channeling | (28) staircase/support precedence over reduced domains and direct E | usedSlot channeling + exact per-idle-slot break cost | (43) exactly |Mp| reduced usedSlot variables | (44) atMost 2|L| busy participants per slot | (45) exact even number of busy participants | exact unary internal-idle counts and range objective over P*",,,result,53613,,4,53613
table07,tic-13crafb.fixed020-Forb,tic-13crafb.fixed020-Forb,SAT,OPTIMAL,0.977455,22765,57743,0,0,57743,,peak_process_tree_rss_mb,multiple,traditional,direct,no,imp12+,lexicographic_internal_idle_range_pstar_then_idle_max_then_idle_sum,lexicographic,1,1,1,1,44,"1,2,3,4,5,6,7,8,9,10,11,12,13,14,15,16,17,18,19,20,21,22,24,25,26,27,28,29,30,31,32,33,34,35,36,37,38,40,41,42,43,44,45,46",1,1,1,1,0,0,0,0,8,8,"0,0,0,0,0,0,0,0,0,0,1,0,0,0,0,0,0,0,0,0,0,0,0,0,0,0,0,0,0,0,0,0,0,0,0,0,0,0,0,0,0,0,0,0,0,0","30,34,38,40,40,40,40,40,36,30","8,2,5,1,3,10,7,4,2,8,8,10,7,5,8,9,6,7,5,8,3,9,6,2,5,4,8,6,9,3,1,3,8,10,6,7,4,9,5,10,7,6,2,5,4,9,10,8,4,2,1,8,3,9,7,6,7,1,10,3,2,6,4,3,6,1,4,7,9,8,1,4,8,1,6,10,5,2,7,3,9,2,9,8,4,7,9,4,5,6,8,2,5,6,7,9,3,5,4,1,2,10,4,7,3,8,6,5,10,8,9,10,3,6,7,5,4,10,4,6,5,7,3,10,9,2,8,6,10,1,9,4,3,7,9,6,3,5,1,2,7,8,2,7,9,1,7,6,4,5,1,3,5,2,3,10,8,3,2,1,4,6,5,4,6,5,7,3,10,2,8,1,9,9,8,7,6,5,4,3,2,5,4,1",1:M4 M31 M51 M58 M66 M71 M74 M100 M130 M139 M146 M151 M160 M172 M184 | 2:M2 M9 M24 M43 M50 M61 M78 M82 M92 M101 M126 M140 M143 M154 M159 M170 M181 | 3:M5 M21 M30 M32 M53 M60 M64 M80 M97 M105 M113 M123 M133 M137 M152 M155 M158 M168 M180 | 4:M8 M26 M37 M45 M49 M63 M67 M72 M85 M88 M99 M103 M117 M119 M132 M149 M161 M164 M179 M183 | 5:M3 M14 M19 M25 M39 M44 M77 M89 M93 M98 M108 M116 M121 M138 M150 M153 M163 M166 M178 M182 | 6:M17 M23 M28 M35 M42 M56 M62 M65 M75 M90 M94 M107 M114 M120 M128 M136 M148 M162 M165 M177 | 7:M7 M13 M18 M36 M41 M55 M57 M68 M79 M86 M95 M104 M115 M122 M134 M141 M144 M147 M167 M176 | 8:M1 M10 M11 M15 M20 M27 M33 M48 M52 M70 M73 M84 M91 M106 M110 M127 M142 M157 M171 M175 | 9:M16 M22 M29 M38 M46 M54 M69 M81 M83 M87 M96 M111 M125 M131 M135 M145 M173 M174 | 10:M6 M12 M34 M40 M47 M59 M76 M102 M109 M112 M118 M124 M129 M156 M169,,"domain reduction: sessions, fixed meetings, forbidden slots | precedence domain propagation: fixed point over direct edges | full precedence closure: cycle detection and graph statistics only | (20),(22)-(27) exactly once over reduced domains | (19) participant atMost-one per slot | (46),(47) clustered table capacity with full channeling | (28) traditional pairwise precedence over direct E | usedSlot channeling + exact per-idle-slot break cost | (43) exactly |Mp| reduced usedSlot variables | (44) atMost 2|L| busy participants per slot | (45) exact even number of busy participants | exact unary internal-idle counts and range objective over P*",,,result,57743,,1,57743
table07,tic-13crafb.fixed020-Forb,tic-13crafb.fixed020-Forb,SAT,OPTIMAL,0.982227,22765,57743,0,0,57743,,peak_process_tree_rss_mb,multiple,staircase,direct,yes,imp12+,lexicographic_internal_idle_range_pstar_then_idle_max_then_idle_sum,lexicographic,1,1,1,1,44,"1,2,3,4,5,6,7,8,9,10,11,12,13,14,15,16,17,18,19,20,21,22,24,25,26,27,28,29,30,31,32,33,34,35,36,37,38,40,41,42,43,44,45,46",1,1,1,1,0,0,0,0,8,8,"0,0,0,0,0,0,0,0,0,0,1,0,0,0,0,0,0,0,0,0,0,0,0,0,0,0,0,0,0,0,0,0,0,0,0,0,0,0,0,0,0,0,0,0,0,0","30,34,38,40,40,40,40,40,36,30","8,2,5,1,3,10,7,4,2,8,8,10,7,5,8,9,6,7,5,8,3,9,6,2,5,4,8,6,9,3,1,3,8,10,6,7,4,9,5,10,7,6,2,5,4,9,10,8,4,2,1,8,3,9,7,6,7,1,10,3,2,6,4,3,6,1,4,7,9,8,1,4,8,1,6,10,5,2,7,3,9,2,9,8,4,7,9,4,5,6,8,2,5,6,7,9,3,5,4,1,2,10,4,7,3,8,6,5,10,8,9,10,3,6,7,5,4,10,4,6,5,7,3,10,9,2,8,6,10,1,9,4,3,7,9,6,3,5,1,2,7,8,2,7,9,1,7,6,4,5,1,3,5,2,3,10,8,3,2,1,4,6,5,4,6,5,7,3,10,2,8,1,9,9,8,7,6,5,4,3,2,5,4,1",1:M4 M31 M51 M58 M66 M71 M74 M100 M130 M139 M146 M151 M160 M172 M184 | 2:M2 M9 M24 M43 M50 M61 M78 M82 M92 M101 M126 M140 M143 M154 M159 M170 M181 | 3:M5 M21 M30 M32 M53 M60 M64 M80 M97 M105 M113 M123 M133 M137 M152 M155 M158 M168 M180 | 4:M8 M26 M37 M45 M49 M63 M67 M72 M85 M88 M99 M103 M117 M119 M132 M149 M161 M164 M179 M183 | 5:M3 M14 M19 M25 M39 M44 M77 M89 M93 M98 M108 M116 M121 M138 M150 M153 M163 M166 M178 M182 | 6:M17 M23 M28 M35 M42 M56 M62 M65 M75 M90 M94 M107 M114 M120 M128 M136 M148 M162 M165 M177 | 7:M7 M13 M18 M36 M41 M55 M57 M68 M79 M86 M95 M104 M115 M122 M134 M141 M144 M147 M167 M176 | 8:M1 M10 M11 M15 M20 M27 M33 M48 M52 M70 M73 M84 M91 M106 M110 M127 M142 M157 M171 M175 | 9:M16 M22 M29 M38 M46 M54 M69 M81 M83 M87 M96 M111 M125 M131 M135 M145 M173 M174 | 10:M6 M12 M34 M40 M47 M59 M76 M102 M109 M112 M118 M124 M129 M156 M169,,"domain reduction: sessions, fixed meetings, forbidden slots | precedence domain propagation: fixed point over direct edges | full precedence closure: cycle detection and graph statistics only | (20),(22)-(27) exactly once over reduced domains | (19) participant atMost-one per slot | (46),(47) clustered table capacity with full channeling | (28) staircase/support precedence over reduced domains and direct E | usedSlot channeling + exact per-idle-slot break cost | (43) exactly |Mp| reduced usedSlot variables | (44) atMost 2|L| busy participants per slot | (45) exact even number of busy participants | exact unary internal-idle counts and range objective over P*",,,result,57743,,1,57743
table07,tic-13crafb.fixed040-Forb,tic-13crafb.fixed040-Forb,SAT,OPTIMAL,1.751945,21934,51012,0,0,51012,,peak_process_tree_rss_mb,multiple,traditional,direct,no,imp12+,lexicographic_internal_idle_range_pstar_then_idle_max_then_idle_sum,lexicographic,4,4,30,30,44,"1,2,3,4,5,6,7,8,9,10,11,12,13,14,15,16,17,18,19,20,21,22,24,25,26,27,28,29,30,31,32,33,34,35,36,37,38,40,41,42,43,44,45,46",30,4,4,4,0,0,0,0,8,8,"0,2,0,0,3,0,0,0,2,0,1,0,0,1,0,0,0,4,0,0,1,0,0,0,0,0,0,0,1,0,1,0,2,1,4,0,0,2,0,0,0,0,0,0,1,4","32,38,38,38,40,38,36,36,38,34","5,4,7,10,3,8,9,4,8,2,8,10,3,7,7,2,9,6,10,8,7,3,9,8,3,4,9,7,10,5,1,6,4,10,3,7,5,9,8,10,7,9,2,5,4,8,6,1,4,7,1,5,8,9,2,6,6,1,3,7,10,2,4,3,8,1,2,9,5,6,2,1,2,9,8,4,5,6,7,3,10,4,9,8,5,2,9,4,5,6,8,1,5,3,1,6,1,2,4,5,7,9,5,7,3,6,8,4,10,8,10,9,6,2,7,5,4,10,1,5,3,2,10,9,4,8,6,6,5,10,9,8,3,5,9,5,3,10,7,2,6,1,1,7,9,5,7,10,1,2,4,3,2,1,9,3,6,3,2,1,5,6,4,1,6,4,9,3,10,2,8,5,7,2,8,7,3,4,6,10,2,6,4,3",1:M31 M48 M51 M58 M66 M72 M92 M95 M97 M119 M142 M143 M149 M154 M160 M164 | 2:M10 M16 M43 M55 M62 M67 M71 M73 M86 M98 M114 M122 M140 M150 M153 M159 M170 M174 M181 | 3:M5 M13 M22 M25 M35 M59 M64 M80 M94 M105 M121 M133 M137 M152 M156 M158 M168 M177 M184 | 4:M2 M8 M26 M33 M45 M49 M63 M76 M82 M88 M99 M108 M117 M125 M151 M163 M166 M178 M183 | 5:M1 M30 M37 M44 M52 M69 M77 M85 M89 M93 M100 M103 M116 M120 M129 M134 M136 M146 M161 M172 | 6:M18 M32 M47 M56 M57 M70 M78 M90 M96 M106 M113 M127 M128 M141 M157 M162 M165 M179 M182 | 7:M3 M14 M15 M21 M28 M36 M41 M50 M60 M79 M101 M104 M115 M139 M144 M147 M173 M176 | 8:M6 M9 M11 M20 M24 M39 M46 M53 M65 M75 M84 M91 M107 M110 M126 M132 M171 M175 | 9:M7 M17 M23 M27 M38 M42 M54 M68 M74 M83 M87 M102 M112 M124 M131 M135 M145 M155 M167 | 10:M4 M12 M19 M29 M34 M40 M61 M81 M109 M111 M118 M123 M130 M138 M148 M169 M180,,"domain reduction: sessions, fixed meetings, forbidden slots | precedence domain propagation: fixed point over direct edges | full precedence closure: cycle detection and graph statistics only | (20),(22)-(27) exactly once over reduced domains | (19) participant atMost-one per slot | (46),(47) clustered table capacity with full channeling | (28) traditional pairwise precedence over direct E | usedSlot channeling + exact per-idle-slot break cost | (43) exactly |Mp| reduced usedSlot variables | (44) atMost 2|L| busy participants per slot | (45) exact even number of busy participants | exact unary internal-idle counts and range objective over P*",,,result,51012,,4,51012
table07,tic-13crafb.fixed040-Forb,tic-13crafb.fixed040-Forb,SAT,OPTIMAL,1.744716,21934,51012,0,0,51012,,peak_process_tree_rss_mb,multiple,staircase,direct,yes,imp12+,lexicographic_internal_idle_range_pstar_then_idle_max_then_idle_sum,lexicographic,4,4,30,30,44,"1,2,3,4,5,6,7,8,9,10,11,12,13,14,15,16,17,18,19,20,21,22,24,25,26,27,28,29,30,31,32,33,34,35,36,37,38,40,41,42,43,44,45,46",30,4,4,4,0,0,0,0,8,8,"0,2,0,0,3,0,0,0,2,0,1,0,0,1,0,0,0,4,0,0,1,0,0,0,0,0,0,0,1,0,1,0,2,1,4,0,0,2,0,0,0,0,0,0,1,4","32,38,38,38,40,38,36,36,38,34","5,4,7,10,3,8,9,4,8,2,8,10,3,7,7,2,9,6,10,8,7,3,9,8,3,4,9,7,10,5,1,6,4,10,3,7,5,9,8,10,7,9,2,5,4,8,6,1,4,7,1,5,8,9,2,6,6,1,3,7,10,2,4,3,8,1,2,9,5,6,2,1,2,9,8,4,5,6,7,3,10,4,9,8,5,2,9,4,5,6,8,1,5,3,1,6,1,2,4,5,7,9,5,7,3,6,8,4,10,8,10,9,6,2,7,5,4,10,1,5,3,2,10,9,4,8,6,6,5,10,9,8,3,5,9,5,3,10,7,2,6,1,1,7,9,5,7,10,1,2,4,3,2,1,9,3,6,3,2,1,5,6,4,1,6,4,9,3,10,2,8,5,7,2,8,7,3,4,6,10,2,6,4,3",1:M31 M48 M51 M58 M66 M72 M92 M95 M97 M119 M142 M143 M149 M154 M160 M164 | 2:M10 M16 M43 M55 M62 M67 M71 M73 M86 M98 M114 M122 M140 M150 M153 M159 M170 M174 M181 | 3:M5 M13 M22 M25 M35 M59 M64 M80 M94 M105 M121 M133 M137 M152 M156 M158 M168 M177 M184 | 4:M2 M8 M26 M33 M45 M49 M63 M76 M82 M88 M99 M108 M117 M125 M151 M163 M166 M178 M183 | 5:M1 M30 M37 M44 M52 M69 M77 M85 M89 M93 M100 M103 M116 M120 M129 M134 M136 M146 M161 M172 | 6:M18 M32 M47 M56 M57 M70 M78 M90 M96 M106 M113 M127 M128 M141 M157 M162 M165 M179 M182 | 7:M3 M14 M15 M21 M28 M36 M41 M50 M60 M79 M101 M104 M115 M139 M144 M147 M173 M176 | 8:M6 M9 M11 M20 M24 M39 M46 M53 M65 M75 M84 M91 M107 M110 M126 M132 M171 M175 | 9:M7 M17 M23 M27 M38 M42 M54 M68 M74 M83 M87 M102 M112 M124 M131 M135 M145 M155 M167 | 10:M4 M12 M19 M29 M34 M40 M61 M81 M109 M111 M118 M123 M130 M138 M148 M169 M180,,"domain reduction: sessions, fixed meetings, forbidden slots | precedence domain propagation: fixed point over direct edges | full precedence closure: cycle detection and graph statistics only | (20),(22)-(27) exactly once over reduced domains | (19) participant atMost-one per slot | (46),(47) clustered table capacity with full channeling | (28) staircase/support precedence over reduced domains and direct E | usedSlot channeling + exact per-idle-slot break cost | (43) exactly |Mp| reduced usedSlot variables | (44) atMost 2|L| busy participants per slot | (45) exact even number of busy participants | exact unary internal-idle counts and range objective over P*",,,result,51012,,4,51012
table07,tic-13crafc.fixed020-Forb,tic-13crafc.fixed020-Forb,TIMEOUT,TIMEOUT,3600.019089,24531,60296,0,0,60296,,peak_process_tree_rss_mb,multiple,traditional,direct,no,imp12+,lexicographic_internal_idle_range_pstar_then_idle_max_then_idle_sum,lexicographic,,,,,45,"1,3,4,5,6,7,8,9,10,11,12,13,14,15,16,17,18,19,20,21,22,23,24,25,26,27,28,29,30,31,32,33,34,35,36,37,38,40,41,42,43,44,45,46,47",,,,,0,0,0,0,6,360,,,,,,,,,,,,,60296
table07,tic-13crafc.fixed020-Forb,tic-13crafc.fixed020-Forb,TIMEOUT,TIMEOUT,3600.010765,24531,60296,0,0,60296,,peak_process_tree_rss_mb,multiple,staircase,direct,yes,imp12+,lexicographic_internal_idle_range_pstar_then_idle_max_then_idle_sum,lexicographic,,,,,45,"1,3,4,5,6,7,8,9,10,11,12,13,14,15,16,17,18,19,20,21,22,23,24,25,26,27,28,29,30,31,32,33,34,35,36,37,38,40,41,42,43,44,45,46,47",,,,,0,0,0,0,6,360,,,,,,,,,,,,,60296
table07,tic-13crafc.fixed040-Forb,tic-13crafc.fixed040-Forb,TIMEOUT,TIMEOUT,3600.01285,23740,54041,0,0,54041,,peak_process_tree_rss_mb,multiple,traditional,direct,no,imp12+,lexicographic_internal_idle_range_pstar_then_idle_max_then_idle_sum,lexicographic,,,,,45,"1,3,4,5,6,7,8,9,10,11,12,13,14,15,16,17,18,19,20,21,22,23,24,25,26,27,28,29,30,31,32,33,34,35,36,37,38,40,41,42,43,44,45,46,47",,,,,0,0,0,0,6,360,,,,,,,,,,,,,54041
table07,tic-13crafc.fixed040-Forb,tic-13crafc.fixed040-Forb,TIMEOUT,TIMEOUT,3600.013043,23740,54041,0,0,54041,,peak_process_tree_rss_mb,multiple,staircase,direct,yes,imp12+,lexicographic_internal_idle_range_pstar_then_idle_max_then_idle_sum,lexicographic,,,,,45,"1,3,4,5,6,7,8,9,10,11,12,13,14,15,16,17,18,19,20,21,22,23,24,25,26,27,28,29,30,31,32,33,34,35,36,37,38,40,41,42,43,44,45,46,47",,,,,0,0,0,0,6,360,,,,,,,,,,,,,54041
table07,tic-14crafa.fixed020-Forb,tic-14crafa.fixed020-Forb,SAT,OPTIMAL,1.516921,27486,71922,0,0,71922,,peak_process_tree_rss_mb,multiple,traditional,direct,no,imp12+,lexicographic_internal_idle_range_pstar_then_idle_max_then_idle_sum,lexicographic,2,2,3,3,59,"1,2,3,4,5,6,7,8,9,10,11,12,13,14,15,16,17,18,20,21,22,23,24,25,26,27,28,29,30,31,32,33,34,35,36,37,38,39,40,41,42,43,44,45,46,47,48,49,50,51,52,53,54,55,56,57,58,59,60",3,2,2,2,0,0,0,0,7,7,"0,0,0,0,0,0,0,2,0,0,0,0,0,0,0,0,0,0,0,0,0,0,0,0,0,0,0,0,0,0,0,0,0,0,0,0,0,0,0,0,0,0,0,0,1,0,0,0,0,0,0,0,0,0,0,0,0,0,0,0","38,50,54,54,54,54,52,44,40,34","2,6,7,3,5,8,1,10,2,2,2,4,6,3,5,10,7,9,2,10,5,3,7,1,2,3,4,7,4,1,4,6,3,2,3,7,2,8,5,8,4,7,2,6,9,5,8,3,10,9,6,4,1,1,9,6,7,2,4,3,5,9,4,1,10,7,3,2,5,6,4,8,5,1,9,6,3,4,5,6,2,9,10,1,8,7,2,6,3,1,4,5,3,9,4,8,5,7,10,1,8,9,4,2,5,6,5,3,3,5,8,6,7,6,1,7,5,4,3,8,9,2,4,5,2,5,6,8,7,4,6,5,2,6,4,8,10,7,9,3,1,7,9,8,4,3,2,4,7,5,4,6,5,9,10,2,7,8,1,3,2,8,9,3,7,1,5,6,10,8,5,1,10,10,7,9,3,5,2,1,3,3,6,4,7,2,4,2,7,3,5,6,3,5,7,8,9,6,10,1,6,1,7,5,3,8,4,2,9,10,4,1,6,7,3,4,8,7,6,8,6,4,7,9,3,5,2,10,9,4,6,10,8,9,6,10,8",1:M7 M24 M30 M53 M54 M64 M74 M84 M90 M100 M115 M141 M159 M166 M172 M180 M200 M202 M212 | 2:M1 M9 M10 M11 M19 M25 M34 M37 M43 M58 M68 M81 M87 M104 M122 M125 M133 M147 M156 M161 M179 M186 M188 M208 M227 | 3:M4 M14 M22 M26 M33 M35 M48 M60 M67 M77 M89 M93 M108 M109 M119 M140 M146 M160 M164 M177 M181 M182 M190 M193 M205 M215 M225 | 4:M12 M27 M29 M31 M41 M52 M59 M63 M71 M78 M91 M95 M103 M118 M123 M130 M135 M145 M148 M151 M184 M187 M207 M211 M216 M222 M230 | 5:M5 M15 M21 M39 M46 M61 M69 M73 M79 M92 M97 M105 M107 M110 M117 M124 M126 M132 M150 M153 M167 M171 M178 M191 M194 M204 M226 | 6:M2 M13 M32 M44 M51 M56 M70 M76 M80 M88 M106 M112 M114 M127 M131 M134 M152 M168 M183 M192 M198 M201 M213 M219 M221 M231 M235 | 7:M3 M17 M23 M28 M36 M42 M57 M66 M86 M98 M113 M116 M129 M138 M142 M149 M157 M165 M175 M185 M189 M195 M203 M214 M218 M223 | 8:M6 M38 M40 M47 M72 M85 M96 M101 M111 M120 M128 M136 M144 M158 M162 M170 M196 M206 M217 M220 M233 M237 | 9:M18 M45 M50 M55 M62 M75 M82 M94 M102 M121 M139 M143 M154 M163 M176 M197 M209 M224 M229 M234 | 10:M8 M16 M20 M49 M65 M83 M99 M137 M155 M169 M173 M174 M199 M210 M228 M232 M236,,"domain reduction: sessions, fixed meetings, forbidden slots | precedence domain propagation: fixed point over direct edges | full precedence closure: cycle detection and graph statistics only | (20),(22)-(27) exactly once over reduced domains | (19) participant atMost-one per slot | (46),(47) clustered table capacity with full channeling | (28) traditional pairwise precedence over direct E | usedSlot channeling + exact per-idle-slot break cost | (43) exactly |Mp| reduced usedSlot variables | (44) atMost 2|L| busy participants per slot | (45) exact even number of busy participants | exact unary internal-idle counts and range objective over P*",,,result,71922,,2,71922
table07,tic-14crafa.fixed020-Forb,tic-14crafa.fixed020-Forb,SAT,OPTIMAL,1.515927,27486,71922,0,0,71922,,peak_process_tree_rss_mb,multiple,staircase,direct,yes,imp12+,lexicographic_internal_idle_range_pstar_then_idle_max_then_idle_sum,lexicographic,2,2,3,3,59,"1,2,3,4,5,6,7,8,9,10,11,12,13,14,15,16,17,18,20,21,22,23,24,25,26,27,28,29,30,31,32,33,34,35,36,37,38,39,40,41,42,43,44,45,46,47,48,49,50,51,52,53,54,55,56,57,58,59,60",3,2,2,2,0,0,0,0,7,7,"0,0,0,0,0,0,0,2,0,0,0,0,0,0,0,0,0,0,0,0,0,0,0,0,0,0,0,0,0,0,0,0,0,0,0,0,0,0,0,0,0,0,0,0,1,0,0,0,0,0,0,0,0,0,0,0,0,0,0,0","38,50,54,54,54,54,52,44,40,34","2,6,7,3,5,8,1,10,2,2,2,4,6,3,5,10,7,9,2,10,5,3,7,1,2,3,4,7,4,1,4,6,3,2,3,7,2,8,5,8,4,7,2,6,9,5,8,3,10,9,6,4,1,1,9,6,7,2,4,3,5,9,4,1,10,7,3,2,5,6,4,8,5,1,9,6,3,4,5,6,2,9,10,1,8,7,2,6,3,1,4,5,3,9,4,8,5,7,10,1,8,9,4,2,5,6,5,3,3,5,8,6,7,6,1,7,5,4,3,8,9,2,4,5,2,5,6,8,7,4,6,5,2,6,4,8,10,7,9,3,1,7,9,8,4,3,2,4,7,5,4,6,5,9,10,2,7,8,1,3,2,8,9,3,7,1,5,6,10,8,5,1,10,10,7,9,3,5,2,1,3,3,6,4,7,2,4,2,7,3,5,6,3,5,7,8,9,6,10,1,6,1,7,5,3,8,4,2,9,10,4,1,6,7,3,4,8,7,6,8,6,4,7,9,3,5,2,10,9,4,6,10,8,9,6,10,8",1:M7 M24 M30 M53 M54 M64 M74 M84 M90 M100 M115 M141 M159 M166 M172 M180 M200 M202 M212 | 2:M1 M9 M10 M11 M19 M25 M34 M37 M43 M58 M68 M81 M87 M104 M122 M125 M133 M147 M156 M161 M179 M186 M188 M208 M227 | 3:M4 M14 M22 M26 M33 M35 M48 M60 M67 M77 M89 M93 M108 M109 M119 M140 M146 M160 M164 M177 M181 M182 M190 M193 M205 M215 M225 | 4:M12 M27 M29 M31 M41 M52 M59 M63 M71 M78 M91 M95 M103 M118 M123 M130 M135 M145 M148 M151 M184 M187 M207 M211 M216 M222 M230 | 5:M5 M15 M21 M39 M46 M61 M69 M73 M79 M92 M97 M105 M107 M110 M117 M124 M126 M132 M150 M153 M167 M171 M178 M191 M194 M204 M226 | 6:M2 M13 M32 M44 M51 M56 M70 M76 M80 M88 M106 M112 M114 M127 M131 M134 M152 M168 M183 M192 M198 M201 M213 M219 M221 M231 M235 | 7:M3 M17 M23 M28 M36 M42 M57 M66 M86 M98 M113 M116 M129 M138 M142 M149 M157 M165 M175 M185 M189 M195 M203 M214 M218 M223 | 8:M6 M38 M40 M47 M72 M85 M96 M101 M111 M120 M128 M136 M144 M158 M162 M170 M196 M206 M217 M220 M233 M237 | 9:M18 M45 M50 M55 M62 M75 M82 M94 M102 M121 M139 M143 M154 M163 M176 M197 M209 M224 M229 M234 | 10:M8 M16 M20 M49 M65 M83 M99 M137 M155 M169 M173 M174 M199 M210 M228 M232 M236,,"domain reduction: sessions, fixed meetings, forbidden slots | precedence domain propagation: fixed point over direct edges | full precedence closure: cycle detection and graph statistics only | (20),(22)-(27) exactly once over reduced domains | (19) participant atMost-one per slot | (46),(47) clustered table capacity with full channeling | (28) staircase/support precedence over reduced domains and direct E | usedSlot channeling + exact per-idle-slot break cost | (43) exactly |Mp| reduced usedSlot variables | (44) atMost 2|L| busy participants per slot | (45) exact even number of busy participants | exact unary internal-idle counts and range objective over P*",,,result,71922,,2,71922
table07,tic-14crafc.fixed020-Forb,tic-14crafc.fixed020-Forb,SAT,OPTIMAL,1.613487,27724,72438,0,0,72438,,peak_process_tree_rss_mb,multiple,traditional,direct,no,imp12+,lexicographic_internal_idle_range_pstar_then_idle_max_then_idle_sum,lexicographic,2,2,4,4,59,"1,2,3,4,5,6,7,8,9,10,11,12,13,14,15,16,17,18,20,21,22,23,24,25,26,27,28,29,30,31,32,33,34,35,36,37,38,39,40,41,42,43,44,45,46,47,48,49,50,51,52,53,54,55,56,57,58,59,60",4,2,2,2,0,0,0,0,7,7,"0,0,1,0,0,0,0,2,0,0,0,0,0,0,0,0,0,0,0,0,0,0,0,0,0,0,0,0,0,0,0,0,0,0,0,0,0,0,0,0,0,0,0,0,1,0,0,0,0,0,0,0,0,0,0,0,0,0,0,0","40,50,50,50,50,50,50,50,44,40","9,10,6,3,8,7,1,2,4,4,9,5,6,7,8,10,4,3,6,10,3,4,7,4,5,3,1,2,8,1,4,7,1,9,3,7,2,5,5,2,2,7,4,6,9,10,8,3,2,9,4,8,1,1,10,9,3,2,7,6,5,6,3,10,9,1,7,2,4,5,9,2,5,1,10,8,3,4,1,5,2,9,6,10,7,8,4,6,5,1,2,3,4,7,8,9,5,10,4,10,5,9,8,2,3,2,1,3,4,3,8,6,7,6,1,7,4,2,3,10,8,4,2,5,2,6,7,8,5,4,6,8,2,10,4,8,5,6,7,3,9,7,5,8,1,3,5,3,7,1,6,2,4,9,7,10,3,8,1,5,2,7,1,3,9,8,6,4,10,4,5,6,10,2,6,3,9,5,4,1,3,7,6,4,9,2,7,5,9,6,10,8,3,5,7,2,9,1,8,10,2,8,7,9,1,3,6,2,5,4,5,1,6,7,3,8,8,7,6,5,8,2,9,4,3,7,6,10,10,9,5,6,8,10,8,9,6",1:M7 M27 M30 M33 M53 M54 M66 M74 M79 M90 M107 M115 M145 M150 M159 M163 M180 M198 M205 M212 | 2:M8 M28 M37 M40 M41 M49 M58 M68 M72 M81 M91 M104 M106 M118 M123 M125 M133 M152 M161 M174 M186 M196 M201 M208 M222 | 3:M4 M18 M21 M26 M35 M48 M57 M63 M77 M92 M105 M108 M110 M119 M140 M146 M148 M157 M164 M176 M181 M193 M206 M215 M225 | 4:M9 M10 M17 M22 M24 M31 M43 M51 M69 M78 M87 M93 M99 M109 M117 M122 M130 M135 M153 M168 M170 M179 M184 M210 M224 | 5:M12 M25 M38 M39 M61 M70 M73 M80 M89 M97 M101 M124 M129 M137 M143 M147 M160 M171 M178 M188 M194 M209 M211 M220 M231 | 6:M3 M13 M19 M44 M60 M62 M83 M88 M112 M114 M126 M131 M138 M151 M167 M172 M175 M183 M190 M207 M213 M219 M227 M232 M237 | 7:M6 M14 M23 M32 M36 M42 M59 M67 M85 M94 M113 M116 M127 M139 M142 M149 M155 M162 M182 M187 M195 M203 M214 M218 M226 | 8:M5 M15 M29 M47 M52 M76 M86 M95 M103 M111 M121 M128 M132 M136 M144 M158 M166 M192 M199 M202 M216 M217 M221 M233 M235 | 9:M1 M11 M34 M45 M50 M56 M65 M71 M82 M96 M102 M141 M154 M165 M177 M185 M189 M197 M204 M223 M230 M236 | 10:M2 M16 M20 M46 M55 M64 M75 M84 M98 M100 M120 M134 M156 M169 M173 M191 M200 M228 M229 M234,,"domain reduction: sessions, fixed meetings, forbidden slots | precedence domain propagation: fixed point over direct edges | full precedence closure: cycle detection and graph statistics only | (20),(22)-(27) exactly once over reduced domains | (19) participant atMost-one per slot | (46),(47) clustered table capacity with full channeling | (28) traditional pairwise precedence over direct E | usedSlot channeling + exact per-idle-slot break cost | (43) exactly |Mp| reduced usedSlot variables | (44) atMost 2|L| busy participants per slot | (45) exact even number of busy participants | exact unary internal-idle counts and range objective over P*",,,result,72438,,2,72438
table07,tic-14crafc.fixed020-Forb,tic-14crafc.fixed020-Forb,SAT,OPTIMAL,1.611973,27724,72438,0,0,72438,,peak_process_tree_rss_mb,multiple,staircase,direct,yes,imp12+,lexicographic_internal_idle_range_pstar_then_idle_max_then_idle_sum,lexicographic,2,2,4,4,59,"1,2,3,4,5,6,7,8,9,10,11,12,13,14,15,16,17,18,20,21,22,23,24,25,26,27,28,29,30,31,32,33,34,35,36,37,38,39,40,41,42,43,44,45,46,47,48,49,50,51,52,53,54,55,56,57,58,59,60",4,2,2,2,0,0,0,0,7,7,"0,0,1,0,0,0,0,2,0,0,0,0,0,0,0,0,0,0,0,0,0,0,0,0,0,0,0,0,0,0,0,0,0,0,0,0,0,0,0,0,0,0,0,0,1,0,0,0,0,0,0,0,0,0,0,0,0,0,0,0","40,50,50,50,50,50,50,50,44,40","9,10,6,3,8,7,1,2,4,4,9,5,6,7,8,10,4,3,6,10,3,4,7,4,5,3,1,2,8,1,4,7,1,9,3,7,2,5,5,2,2,7,4,6,9,10,8,3,2,9,4,8,1,1,10,9,3,2,7,6,5,6,3,10,9,1,7,2,4,5,9,2,5,1,10,8,3,4,1,5,2,9,6,10,7,8,4,6,5,1,2,3,4,7,8,9,5,10,4,10,5,9,8,2,3,2,1,3,4,3,8,6,7,6,1,7,4,2,3,10,8,4,2,5,2,6,7,8,5,4,6,8,2,10,4,8,5,6,7,3,9,7,5,8,1,3,5,3,7,1,6,2,4,9,7,10,3,8,1,5,2,7,1,3,9,8,6,4,10,4,5,6,10,2,6,3,9,5,4,1,3,7,6,4,9,2,7,5,9,6,10,8,3,5,7,2,9,1,8,10,2,8,7,9,1,3,6,2,5,4,5,1,6,7,3,8,8,7,6,5,8,2,9,4,3,7,6,10,10,9,5,6,8,10,8,9,6",1:M7 M27 M30 M33 M53 M54 M66 M74 M79 M90 M107 M115 M145 M150 M159 M163 M180 M198 M205 M212 | 2:M8 M28 M37 M40 M41 M49 M58 M68 M72 M81 M91 M104 M106 M118 M123 M125 M133 M152 M161 M174 M186 M196 M201 M208 M222 | 3:M4 M18 M21 M26 M35 M48 M57 M63 M77 M92 M105 M108 M110 M119 M140 M146 M148 M157 M164 M176 M181 M193 M206 M215 M225 | 4:M9 M10 M17 M22 M24 M31 M43 M51 M69 M78 M87 M93 M99 M109 M117 M122 M130 M135 M153 M168 M170 M179 M184 M210 M224 | 5:M12 M25 M38 M39 M61 M70 M73 M80 M89 M97 M101 M124 M129 M137 M143 M147 M160 M171 M178 M188 M194 M209 M211 M220 M231 | 6:M3 M13 M19 M44 M60 M62 M83 M88 M112 M114 M126 M131 M138 M151 M167 M172 M175 M183 M190 M207 M213 M219 M227 M232 M237 | 7:M6 M14 M23 M32 M36 M42 M59 M67 M85 M94 M113 M116 M127 M139 M142 M149 M155 M162 M182 M187 M195 M203 M214 M218 M226 | 8:M5 M15 M29 M47 M52 M76 M86 M95 M103 M111 M121 M128 M132 M136 M144 M158 M166 M192 M199 M202 M216 M217 M221 M233 M235 | 9:M1 M11 M34 M45 M50 M56 M65 M71 M82 M96 M102 M141 M154 M165 M177 M185 M189 M197 M204 M223 M230 M236 | 10:M2 M16 M20 M46 M55 M64 M75 M84 M98 M100 M120 M134 M156 M169 M173 M191 M200 M228 M229 M234,,"domain reduction: sessions, fixed meetings, forbidden slots | precedence domain propagation: fixed point over direct edges | full precedence closure: cycle detection and graph statistics only | (20),(22)-(27) exactly once over reduced domains | (19) participant atMost-one per slot | (46),(47) clustered table capacity with full channeling | (28) staircase/support precedence over reduced domains and direct E | usedSlot channeling + exact per-idle-slot break cost | (43) exactly |Mp| reduced usedSlot variables | (44) atMost 2|L| busy participants per slot | (45) exact even number of busy participants | exact unary internal-idle counts and range objective over P*",,,result,72438,,2,72438
table07,tic-14crafd.fixed020-Forb,tic-14crafd.fixed020-Forb,SAT,OPTIMAL,1.200327,27685,72360,0,0,72360,,peak_process_tree_rss_mb,multiple,traditional,direct,no,imp12+,lexicographic_internal_idle_range_pstar_then_idle_max_then_idle_sum,lexicographic,3,3,4,4,59,"1,2,3,4,5,6,7,8,9,10,11,12,13,14,15,16,17,18,20,21,22,23,24,25,26,27,28,29,30,31,32,33,34,35,36,37,38,39,40,41,42,43,44,45,46,47,48,49,50,51,52,53,54,55,56,57,58,59,60",4,3,3,3,0,0,0,0,8,8,"0,0,0,0,0,0,0,0,0,0,0,0,0,0,0,0,0,0,0,0,0,0,0,0,0,0,0,0,0,0,0,0,0,1,0,0,0,0,0,0,0,0,0,0,0,0,0,0,0,3,0,0,0,0,0,0,0,0,0,0","42,48,50,50,50,50,50,48,44,40","1,4,7,5,6,8,2,3,1,2,4,2,8,1,3,2,7,10,9,4,5,1,4,2,3,7,4,7,1,2,3,6,5,4,7,8,6,3,7,2,4,9,7,3,5,10,1,8,3,6,9,4,5,2,1,3,9,2,4,5,7,10,4,2,6,3,1,10,9,5,7,8,4,6,5,8,3,2,8,6,5,1,9,3,10,7,4,6,3,7,10,5,9,4,8,10,1,6,4,2,10,4,8,9,6,5,8,6,7,10,9,1,4,5,8,3,10,6,9,3,6,5,5,10,8,4,9,7,3,6,5,8,3,8,3,9,4,5,10,6,2,7,9,4,2,1,7,8,5,3,2,3,10,4,7,6,9,1,5,8,6,3,8,5,1,10,9,1,10,7,8,9,2,5,10,3,1,4,8,2,1,5,5,6,2,7,6,7,2,10,3,9,8,7,10,5,9,2,6,1,1,4,8,2,9,7,3,6,1,10,9,7,8,6,5,1,3,7,2,4,5,9,8,6,10,8,3,9,4,6,7,2,7,4,2,6",1:M1 M9 M14 M22 M29 M47 M55 M67 M82 M97 M112 M146 M158 M165 M168 M177 M181 M200 M201 M209 M216 | 2:M7 M10 M12 M16 M24 M30 M40 M54 M58 M64 M78 M100 M141 M145 M151 M173 M180 M185 M189 M198 M204 M219 M232 M235 | 3:M8 M15 M25 M31 M38 M44 M49 M56 M66 M77 M84 M89 M116 M120 M129 M133 M135 M150 M152 M162 M176 M191 M207 M217 M227 | 4:M2 M11 M20 M23 M27 M34 M41 M52 M59 M63 M73 M87 M94 M99 M102 M113 M126 M137 M144 M154 M178 M202 M220 M229 M234 | 5:M4 M21 M33 M45 M53 M60 M70 M75 M81 M92 M106 M114 M122 M123 M131 M138 M149 M159 M164 M174 M182 M183 M196 M215 M221 | 6:M5 M32 M37 M50 M65 M74 M80 M88 M98 M105 M108 M118 M121 M130 M140 M156 M161 M184 M187 M199 M208 M214 M224 M230 M236 | 7:M3 M17 M26 M28 M35 M39 M43 M61 M71 M86 M90 M109 M128 M142 M147 M155 M170 M186 M188 M194 M206 M212 M218 M231 M233 | 8:M6 M13 M36 M48 M72 M76 M79 M95 M103 M107 M115 M125 M132 M134 M148 M160 M163 M171 M179 M193 M203 M213 M223 M226 | 9:M19 M42 M51 M57 M69 M83 M93 M104 M111 M119 M127 M136 M143 M157 M167 M172 M192 M197 M205 M211 M222 M228 | 10:M18 M46 M62 M68 M85 M91 M96 M101 M110 M117 M124 M139 M153 M166 M169 M175 M190 M195 M210 M225,,"domain reduction: sessions, fixed meetings, forbidden slots | precedence domain propagation: fixed point over direct edges | full precedence closure: cycle detection and graph statistics only | (20),(22)-(27) exactly once over reduced domains | (19) participant atMost-one per slot | (46),(47) clustered table capacity with full channeling | (28) traditional pairwise precedence over direct E | usedSlot channeling + exact per-idle-slot break cost | (43) exactly |Mp| reduced usedSlot variables | (44) atMost 2|L| busy participants per slot | (45) exact even number of busy participants | exact unary internal-idle counts and range objective over P*",,,result,72360,,3,72360
table07,tic-14crafd.fixed020-Forb,tic-14crafd.fixed020-Forb,SAT,OPTIMAL,1.191818,27685,72360,0,0,72360,,peak_process_tree_rss_mb,multiple,staircase,direct,yes,imp12+,lexicographic_internal_idle_range_pstar_then_idle_max_then_idle_sum,lexicographic,3,3,4,4,59,"1,2,3,4,5,6,7,8,9,10,11,12,13,14,15,16,17,18,20,21,22,23,24,25,26,27,28,29,30,31,32,33,34,35,36,37,38,39,40,41,42,43,44,45,46,47,48,49,50,51,52,53,54,55,56,57,58,59,60",4,3,3,3,0,0,0,0,8,8,"0,0,0,0,0,0,0,0,0,0,0,0,0,0,0,0,0,0,0,0,0,0,0,0,0,0,0,0,0,0,0,0,0,1,0,0,0,0,0,0,0,0,0,0,0,0,0,0,0,3,0,0,0,0,0,0,0,0,0,0","42,48,50,50,50,50,50,48,44,40","1,4,7,5,6,8,2,3,1,2,4,2,8,1,3,2,7,10,9,4,5,1,4,2,3,7,4,7,1,2,3,6,5,4,7,8,6,3,7,2,4,9,7,3,5,10,1,8,3,6,9,4,5,2,1,3,9,2,4,5,7,10,4,2,6,3,1,10,9,5,7,8,4,6,5,8,3,2,8,6,5,1,9,3,10,7,4,6,3,7,10,5,9,4,8,10,1,6,4,2,10,4,8,9,6,5,8,6,7,10,9,1,4,5,8,3,10,6,9,3,6,5,5,10,8,4,9,7,3,6,5,8,3,8,3,9,4,5,10,6,2,7,9,4,2,1,7,8,5,3,2,3,10,4,7,6,9,1,5,8,6,3,8,5,1,10,9,1,10,7,8,9,2,5,10,3,1,4,8,2,1,5,5,6,2,7,6,7,2,10,3,9,8,7,10,5,9,2,6,1,1,4,8,2,9,7,3,6,1,10,9,7,8,6,5,1,3,7,2,4,5,9,8,6,10,8,3,9,4,6,7,2,7,4,2,6",1:M1 M9 M14 M22 M29 M47 M55 M67 M82 M97 M112 M146 M158 M165 M168 M177 M181 M200 M201 M209 M216 | 2:M7 M10 M12 M16 M24 M30 M40 M54 M58 M64 M78 M100 M141 M145 M151 M173 M180 M185 M189 M198 M204 M219 M232 M235 | 3:M8 M15 M25 M31 M38 M44 M49 M56 M66 M77 M84 M89 M116 M120 M129 M133 M135 M150 M152 M162 M176 M191 M207 M217 M227 | 4:M2 M11 M20 M23 M27 M34 M41 M52 M59 M63 M73 M87 M94 M99 M102 M113 M126 M137 M144 M154 M178 M202 M220 M229 M234 | 5:M4 M21 M33 M45 M53 M60 M70 M75 M81 M92 M106 M114 M122 M123 M131 M138 M149 M159 M164 M174 M182 M183 M196 M215 M221 | 6:M5 M32 M37 M50 M65 M74 M80 M88 M98 M105 M108 M118 M121 M130 M140 M156 M161 M184 M187 M199 M208 M214 M224 M230 M236 | 7:M3 M17 M26 M28 M35 M39 M43 M61 M71 M86 M90 M109 M128 M142 M147 M155 M170 M186 M188 M194 M206 M212 M218 M231 M233 | 8:M6 M13 M36 M48 M72 M76 M79 M95 M103 M107 M115 M125 M132 M134 M148 M160 M163 M171 M179 M193 M203 M213 M223 M226 | 9:M19 M42 M51 M57 M69 M83 M93 M104 M111 M119 M127 M136 M143 M157 M167 M172 M192 M197 M205 M211 M222 M228 | 10:M18 M46 M62 M68 M85 M91 M96 M101 M110 M117 M124 M139 M153 M166 M169 M175 M190 M195 M210 M225,,"domain reduction: sessions, fixed meetings, forbidden slots | precedence domain propagation: fixed point over direct edges | full precedence closure: cycle detection and graph statistics only | (20),(22)-(27) exactly once over reduced domains | (19) participant atMost-one per slot | (46),(47) clustered table capacity with full channeling | (28) staircase/support precedence over reduced domains and direct E | usedSlot channeling + exact per-idle-slot break cost | (43) exactly |Mp| reduced usedSlot variables | (44) atMost 2|L| busy participants per slot | (45) exact even number of busy participants | exact unary internal-idle counts and range objective over P*",,,result,72360,,3,72360
table07,ticf-13crafa.fixed020-Forb,ticf-13crafa.fixed020-Forb,SAT,OPTIMAL,150.817702,84484,195534,0,0,195534,,peak_process_tree_rss_mb,multiple,traditional,direct,no,imp12+,lexicographic_internal_idle_range_pstar_then_idle_max_then_idle_sum,lexicographic,12,12,154,154,58,"1,2,3,4,5,6,7,8,9,10,11,12,13,14,15,16,18,19,23,24,25,26,27,28,29,30,31,32,33,34,35,36,37,38,39,40,41,42,44,45,46,47,48,49,50,52,53,54,56,57,59,60,62,63,64,65,66,70",154,10,10,12,0,0,0,0,19,19,"2,2,6,2,2,2,2,2,2,2,2,2,2,2,2,2,0,5,2,0,0,0,2,2,2,4,2,2,2,2,2,2,2,2,2,2,2,2,4,3,2,4,0,7,3,12,2,2,2,3,0,2,2,2,0,5,3,0,2,2,0,2,2,2,2,5,0,0,0,2","6,8,12,12,20,26,22,24,28,28,28,28,20,10,6,8,6,4,4,6,2","5,11,4,6,9,7,8,3,1,14,11,5,12,7,6,3,10,4,4,5,9,6,8,11,7,8,10,7,2,8,6,9,4,13,5,7,11,6,8,12,12,10,14,16,15,13,12,10,11,14,8,16,17,10,13,9,19,6,9,10,11,12,11,9,20,10,12,8,5,4,1,2,3,6,12,9,10,10,5,7,12,11,8,13,6,9,1,3,9,20,7,13,12,10,11,14,6,15,13,9,10,5,12,6,10,8,2,7,9,11,12,5,3,5,11,6,13,12,10,7,8,16,11,18,13,7,6,17,8,5,9,14,15,8,19,9,7,11,12,21,16,3,18,4,17,2,13,20,13,9,10,11,6,12",1:M9 M71 M87 | 2:M29 M72 M107 M146 | 3:M8 M16 M73 M88 M113 M142 | 4:M3 M18 M19 M33 M70 M144 | 5:M1 M12 M20 M35 M69 M79 M102 M112 M114 M130 | 6:M4 M15 M22 M31 M38 M58 M74 M85 M97 M104 M116 M127 M153 | 7:M6 M14 M25 M28 M36 M80 M91 M108 M120 M126 M137 | 8:M7 M23 M26 M30 M39 M51 M68 M83 M106 M121 M129 M134 | 9:M5 M21 M32 M56 M59 M64 M76 M86 M89 M100 M109 M131 M136 M150 | 10:M17 M27 M42 M48 M54 M60 M66 M77 M78 M94 M101 M105 M119 M151 | 11:M2 M11 M24 M37 M49 M61 M63 M82 M95 M110 M115 M123 M138 M152 | 12:M13 M40 M41 M47 M62 M67 M75 M81 M93 M103 M111 M118 M139 M154 | 13:M34 M46 M55 M84 M92 M99 M117 M125 M147 M149 | 14:M10 M43 M50 M96 M132 | 15:M45 M98 M133 | 16:M44 M52 M122 M141 | 17:M53 M128 M145 | 18:M124 M143 | 19:M57 M135 | 20:M65 M90 M148 | 21:M140,,"domain reduction: sessions, fixed meetings, forbidden slots | precedence domain propagation: fixed point over direct edges | full precedence closure: cycle detection and graph statistics only | (20),(22)-(27) exactly once over reduced domains | (19) participant atMost-one per slot | (46),(47) clustered table capacity with full channeling | (28) traditional pairwise precedence over direct E | usedSlot channeling + exact per-idle-slot break cost | (43) exactly |Mp| reduced usedSlot variables | (44) atMost 2|L| busy participants per slot | (45) exact even number of busy participants | exact unary internal-idle counts and range objective over P*",,,result,195534,,10,195534
table07,ticf-13crafa.fixed020-Forb,ticf-13crafa.fixed020-Forb,SAT,OPTIMAL,151.320938,84484,195534,0,0,195534,,peak_process_tree_rss_mb,multiple,staircase,direct,yes,imp12+,lexicographic_internal_idle_range_pstar_then_idle_max_then_idle_sum,lexicographic,12,12,154,154,58,"1,2,3,4,5,6,7,8,9,10,11,12,13,14,15,16,18,19,23,24,25,26,27,28,29,30,31,32,33,34,35,36,37,38,39,40,41,42,44,45,46,47,48,49,50,52,53,54,56,57,59,60,62,63,64,65,66,70",154,10,10,12,0,0,0,0,19,19,"2,2,6,2,2,2,2,2,2,2,2,2,2,2,2,2,0,5,2,0,0,0,2,2,2,4,2,2,2,2,2,2,2,2,2,2,2,2,4,3,2,4,0,7,3,12,2,2,2,3,0,2,2,2,0,5,3,0,2,2,0,2,2,2,2,5,0,0,0,2","6,8,12,12,20,26,22,24,28,28,28,28,20,10,6,8,6,4,4,6,2","5,11,4,6,9,7,8,3,1,14,11,5,12,7,6,3,10,4,4,5,9,6,8,11,7,8,10,7,2,8,6,9,4,13,5,7,11,6,8,12,12,10,14,16,15,13,12,10,11,14,8,16,17,10,13,9,19,6,9,10,11,12,11,9,20,10,12,8,5,4,1,2,3,6,12,9,10,10,5,7,12,11,8,13,6,9,1,3,9,20,7,13,12,10,11,14,6,15,13,9,10,5,12,6,10,8,2,7,9,11,12,5,3,5,11,6,13,12,10,7,8,16,11,18,13,7,6,17,8,5,9,14,15,8,19,9,7,11,12,21,16,3,18,4,17,2,13,20,13,9,10,11,6,12",1:M9 M71 M87 | 2:M29 M72 M107 M146 | 3:M8 M16 M73 M88 M113 M142 | 4:M3 M18 M19 M33 M70 M144 | 5:M1 M12 M20 M35 M69 M79 M102 M112 M114 M130 | 6:M4 M15 M22 M31 M38 M58 M74 M85 M97 M104 M116 M127 M153 | 7:M6 M14 M25 M28 M36 M80 M91 M108 M120 M126 M137 | 8:M7 M23 M26 M30 M39 M51 M68 M83 M106 M121 M129 M134 | 9:M5 M21 M32 M56 M59 M64 M76 M86 M89 M100 M109 M131 M136 M150 | 10:M17 M27 M42 M48 M54 M60 M66 M77 M78 M94 M101 M105 M119 M151 | 11:M2 M11 M24 M37 M49 M61 M63 M82 M95 M110 M115 M123 M138 M152 | 12:M13 M40 M41 M47 M62 M67 M75 M81 M93 M103 M111 M118 M139 M154 | 13:M34 M46 M55 M84 M92 M99 M117 M125 M147 M149 | 14:M10 M43 M50 M96 M132 | 15:M45 M98 M133 | 16:M44 M52 M122 M141 | 17:M53 M128 M145 | 18:M124 M143 | 19:M57 M135 | 20:M65 M90 M148 | 21:M140,,"domain reduction: sessions, fixed meetings, forbidden slots | precedence domain propagation: fixed point over direct edges | full precedence closure: cycle detection and graph statistics only | (20),(22)-(27) exactly once over reduced domains | (19) participant atMost-one per slot | (46),(47) clustered table capacity with full channeling | (28) staircase/support precedence over reduced domains and direct E | usedSlot channeling + exact per-idle-slot break cost | (43) exactly |Mp| reduced usedSlot variables | (44) atMost 2|L| busy participants per slot | (45) exact even number of busy participants | exact unary internal-idle counts and range objective over P*",,,result,195534,,10,195534
table07,ticf-13crafa.fixed040-Forb,ticf-13crafa.fixed040-Forb,SAT,OPTIMAL,104.116047,72060,166357,0,0,166357,,peak_process_tree_rss_mb,multiple,traditional,direct,no,imp12+,lexicographic_internal_idle_range_pstar_then_idle_max_then_idle_sum,lexicographic,14,14,239,239,58,"1,2,3,4,5,6,7,8,9,10,11,12,13,14,15,16,18,19,23,24,25,26,27,28,29,30,31,32,33,34,35,36,37,38,39,40,41,42,44,45,46,47,48,49,50,52,53,54,56,57,59,60,62,63,64,65,66,70",239,12,12,14,0,0,0,0,19,19,"2,2,8,4,2,3,2,2,7,2,5,2,2,10,2,3,0,5,2,0,0,0,3,2,2,5,4,2,9,6,4,2,2,2,2,9,2,2,7,9,2,4,0,8,2,12,2,2,2,14,0,2,2,2,0,6,7,0,10,2,0,2,2,8,2,5,0,0,0,2","10,10,14,14,22,20,22,26,26,28,28,20,18,10,8,4,6,4,6,8,4","8,9,2,6,11,7,5,4,1,14,14,11,21,12,15,9,10,17,4,5,3,7,9,10,7,6,10,7,2,8,4,6,9,8,5,10,11,7,9,1,12,8,15,16,14,13,10,11,3,8,4,16,10,20,5,12,19,6,10,8,11,9,13,8,20,9,15,5,10,7,8,2,3,6,11,13,12,7,6,1,13,11,9,10,8,12,5,3,5,20,8,9,7,11,13,14,6,19,12,5,10,13,11,1,10,11,7,13,3,8,12,4,6,9,3,5,1,11,10,4,2,18,10,20,12,13,7,11,15,9,8,14,17,9,19,3,13,8,5,21,12,6,7,4,17,2,11,18,6,9,10,11,5,12",1:M9 M40 M80 M104 M117 | 2:M3 M29 M72 M121 M146 | 3:M21 M49 M73 M88 M109 M115 M136 | 4:M8 M19 M31 M51 M112 M120 M144 | 5:M7 M20 M35 M55 M68 M87 M89 M100 M116 M139 M153 | 6:M4 M26 M32 M58 M74 M79 M97 M113 M142 M149 | 7:M6 M22 M25 M28 M38 M70 M78 M93 M107 M127 M143 | 8:M1 M30 M34 M42 M50 M60 M64 M71 M85 M91 M110 M131 M138 | 9:M2 M16 M23 M33 M39 M62 M66 M83 M92 M114 M130 M134 M150 | 10:M17 M24 M27 M36 M47 M53 M59 M69 M84 M101 M105 M119 M123 M151 | 11:M5 M12 M37 M48 M61 M75 M82 M94 M103 M106 M118 M128 M147 M152 | 12:M14 M41 M56 M77 M86 M99 M111 M125 M141 M154 | 13:M46 M63 M76 M81 M95 M102 M108 M126 M137 | 14:M10 M11 M45 M96 M132 | 15:M15 M43 M67 M129 | 16:M44 M52 | 17:M18 M133 M145 | 18:M122 M148 | 19:M57 M98 M135 | 20:M54 M65 M90 M124 | 21:M13 M140,,"domain reduction: sessions, fixed meetings, forbidden slots | precedence domain propagation: fixed point over direct edges | full precedence closure: cycle detection and graph statistics only | (20),(22)-(27) exactly once over reduced domains | (19) participant atMost-one per slot | (46),(47) clustered table capacity with full channeling | (28) traditional pairwise precedence over direct E | usedSlot channeling + exact per-idle-slot break cost | (43) exactly |Mp| reduced usedSlot variables | (44) atMost 2|L| busy participants per slot | (45) exact even number of busy participants | exact unary internal-idle counts and range objective over P*",,,result,166357,,12,166357
table07,ticf-13crafa.fixed040-Forb,ticf-13crafa.fixed040-Forb,SAT,OPTIMAL,104.752365,72060,166357,0,0,166357,,peak_process_tree_rss_mb,multiple,staircase,direct,yes,imp12+,lexicographic_internal_idle_range_pstar_then_idle_max_then_idle_sum,lexicographic,14,14,239,239,58,"1,2,3,4,5,6,7,8,9,10,11,12,13,14,15,16,18,19,23,24,25,26,27,28,29,30,31,32,33,34,35,36,37,38,39,40,41,42,44,45,46,47,48,49,50,52,53,54,56,57,59,60,62,63,64,65,66,70",239,12,12,14,0,0,0,0,19,19,"2,2,8,4,2,3,2,2,7,2,5,2,2,10,2,3,0,5,2,0,0,0,3,2,2,5,4,2,9,6,4,2,2,2,2,9,2,2,7,9,2,4,0,8,2,12,2,2,2,14,0,2,2,2,0,6,7,0,10,2,0,2,2,8,2,5,0,0,0,2","10,10,14,14,22,20,22,26,26,28,28,20,18,10,8,4,6,4,6,8,4","8,9,2,6,11,7,5,4,1,14,14,11,21,12,15,9,10,17,4,5,3,7,9,10,7,6,10,7,2,8,4,6,9,8,5,10,11,7,9,1,12,8,15,16,14,13,10,11,3,8,4,16,10,20,5,12,19,6,10,8,11,9,13,8,20,9,15,5,10,7,8,2,3,6,11,13,12,7,6,1,13,11,9,10,8,12,5,3,5,20,8,9,7,11,13,14,6,19,12,5,10,13,11,1,10,11,7,13,3,8,12,4,6,9,3,5,1,11,10,4,2,18,10,20,12,13,7,11,15,9,8,14,17,9,19,3,13,8,5,21,12,6,7,4,17,2,11,18,6,9,10,11,5,12",1:M9 M40 M80 M104 M117 | 2:M3 M29 M72 M121 M146 | 3:M21 M49 M73 M88 M109 M115 M136 | 4:M8 M19 M31 M51 M112 M120 M144 | 5:M7 M20 M35 M55 M68 M87 M89 M100 M116 M139 M153 | 6:M4 M26 M32 M58 M74 M79 M97 M113 M142 M149 | 7:M6 M22 M25 M28 M38 M70 M78 M93 M107 M127 M143 | 8:M1 M30 M34 M42 M50 M60 M64 M71 M85 M91 M110 M131 M138 | 9:M2 M16 M23 M33 M39 M62 M66 M83 M92 M114 M130 M134 M150 | 10:M17 M24 M27 M36 M47 M53 M59 M69 M84 M101 M105 M119 M123 M151 | 11:M5 M12 M37 M48 M61 M75 M82 M94 M103 M106 M118 M128 M147 M152 | 12:M14 M41 M56 M77 M86 M99 M111 M125 M141 M154 | 13:M46 M63 M76 M81 M95 M102 M108 M126 M137 | 14:M10 M11 M45 M96 M132 | 15:M15 M43 M67 M129 | 16:M44 M52 | 17:M18 M133 M145 | 18:M122 M148 | 19:M57 M98 M135 | 20:M54 M65 M90 M124 | 21:M13 M140,,"domain reduction: sessions, fixed meetings, forbidden slots | precedence domain propagation: fixed point over direct edges | full precedence closure: cycle detection and graph statistics only | (20),(22)-(27) exactly once over reduced domains | (19) participant atMost-one per slot | (46),(47) clustered table capacity with full channeling | (28) staircase/support precedence over reduced domains and direct E | usedSlot channeling + exact per-idle-slot break cost | (43) exactly |Mp| reduced usedSlot variables | (44) atMost 2|L| busy participants per slot | (45) exact even number of busy participants | exact unary internal-idle counts and range objective over P*",,,result,166357,,12,166357
table07,ticf-13crafb.fixed020-Forb,ticf-13crafb.fixed020-Forb,SAT,OPTIMAL,821.880965,85524,213371,0,0,213371,,peak_process_tree_rss_mb,multiple,traditional,direct,no,imp12+,lexicographic_internal_idle_range_pstar_then_idle_max_then_idle_sum,lexicographic,17,17,153,153,56,"1,2,3,4,7,8,9,10,12,13,14,15,16,17,18,19,20,21,22,23,24,25,26,28,29,30,31,32,33,36,37,38,39,40,41,42,43,44,45,47,48,51,53,54,56,57,58,59,60,61,62,63,64,65,66,76",153,17,17,17,0,0,0,0,20,20,"0,8,5,1,0,0,0,3,4,4,0,0,0,2,0,10,0,1,4,10,3,4,2,0,6,8,0,0,0,0,1,0,9,0,0,6,0,0,6,6,0,0,2,0,0,0,0,0,0,0,6,0,1,1,0,0,8,2,0,8,0,0,0,0,0,17,0,0,0,0,0,0,0,0,0,5","16,14,10,16,20,28,28,28,28,28,28,28,28,22,20,12,10,8,6,6,2,4","7,15,11,10,12,6,11,14,15,8,6,5,12,6,15,13,10,14,14,16,13,10,17,7,8,12,7,5,9,6,12,9,9,2,1,9,4,7,8,17,18,13,14,2,17,16,13,8,11,9,14,12,15,18,4,1,6,7,8,10,14,6,8,16,20,13,15,19,5,6,8,5,7,10,3,15,16,2,4,11,12,6,11,2,14,15,13,10,10,11,12,14,13,19,20,18,21,17,14,16,22,15,13,13,22,15,10,8,10,1,7,5,11,10,6,5,1,3,12,7,9,11,4,2,9,7,8,6,4,8,2,3,9,5,13,18,11,20,16,17,14,19,7,1,6,12,13,11,9,11,12,9,1,6,9,12,10,8,5,7,13,11,4,7,3,5,10,6,9,8,4,2,11,12,1,1,7,13,5,14,4,9,3,6,10,8,12,15,8,7,12,11,10,9,13",1:M35 M56 M110 M117 M144 M153 M175 M176 | 2:M34 M44 M78 M84 M124 M131 M172 | 3:M75 M118 M132 M165 M183 | 4:M37 M55 M79 M123 M129 M163 M171 M181 | 5:M12 M28 M69 M72 M112 M116 M134 M159 M166 M179 | 6:M6 M11 M14 M30 M57 M62 M70 M82 M115 M128 M145 M154 M168 M184 | 7:M1 M24 M27 M38 M58 M73 M111 M120 M126 M143 M160 M164 M177 M190 | 8:M10 M25 M39 M48 M59 M63 M71 M108 M127 M130 M158 M170 M186 M189 | 9:M29 M32 M33 M36 M50 M121 M125 M133 M149 M152 M155 M169 M182 M194 | 10:M4 M17 M22 M60 M74 M88 M89 M107 M109 M114 M157 M167 M185 M193 | 11:M3 M7 M49 M80 M83 M90 M113 M122 M137 M148 M150 M162 M173 M192 | 12:M5 M13 M26 M31 M52 M81 M91 M119 M146 M151 M156 M174 M187 M191 | 13:M16 M21 M42 M47 M66 M87 M93 M103 M104 M135 M147 M161 M178 M195 | 14:M8 M18 M19 M43 M51 M61 M85 M92 M99 M141 M180 | 15:M2 M9 M15 M53 M67 M76 M86 M102 M106 M188 | 16:M20 M46 M64 M77 M100 M139 | 17:M23 M40 M45 M98 M140 | 18:M41 M54 M96 M136 | 19:M68 M94 M142 | 20:M65 M95 M138 | 21:M97 | 22:M101 M105,,"domain reduction: sessions, fixed meetings, forbidden slots | precedence domain propagation: fixed point over direct edges | full precedence closure: cycle detection and graph statistics only | (20),(22)-(27) exactly once over reduced domains | (19) participant atMost-one per slot | (46),(47) clustered table capacity with full channeling | (28) traditional pairwise precedence over direct E | usedSlot channeling + exact per-idle-slot break cost | (43) exactly |Mp| reduced usedSlot variables | (44) atMost 2|L| busy participants per slot | (45) exact even number of busy participants | exact unary internal-idle counts and range objective over P*",,,result,213371,,17,213371
table07,ticf-13crafb.fixed020-Forb,ticf-13crafb.fixed020-Forb,SAT,OPTIMAL,863.018254,85524,213371,0,0,213371,,peak_process_tree_rss_mb,multiple,staircase,direct,yes,imp12+,lexicographic_internal_idle_range_pstar_then_idle_max_then_idle_sum,lexicographic,17,17,153,153,56,"1,2,3,4,7,8,9,10,12,13,14,15,16,17,18,19,20,21,22,23,24,25,26,28,29,30,31,32,33,36,37,38,39,40,41,42,43,44,45,47,48,51,53,54,56,57,58,59,60,61,62,63,64,65,66,76",153,17,17,17,0,0,0,0,20,20,"0,8,5,1,0,0,0,3,4,4,0,0,0,2,0,10,0,1,4,10,3,4,2,0,6,8,0,0,0,0,1,0,9,0,0,6,0,0,6,6,0,0,2,0,0,0,0,0,0,0,6,0,1,1,0,0,8,2,0,8,0,0,0,0,0,17,0,0,0,0,0,0,0,0,0,5","16,14,10,16,20,28,28,28,28,28,28,28,28,22,20,12,10,8,6,6,2,4","7,15,11,10,12,6,11,14,15,8,6,5,12,6,15,13,10,14,14,16,13,10,17,7,8,12,7,5,9,6,12,9,9,2,1,9,4,7,8,17,18,13,14,2,17,16,13,8,11,9,14,12,15,18,4,1,6,7,8,10,14,6,8,16,20,13,15,19,5,6,8,5,7,10,3,15,16,2,4,11,12,6,11,2,14,15,13,10,10,11,12,14,13,19,20,18,21,17,14,16,22,15,13,13,22,15,10,8,10,1,7,5,11,10,6,5,1,3,12,7,9,11,4,2,9,7,8,6,4,8,2,3,9,5,13,18,11,20,16,17,14,19,7,1,6,12,13,11,9,11,12,9,1,6,9,12,10,8,5,7,13,11,4,7,3,5,10,6,9,8,4,2,11,12,1,1,7,13,5,14,4,9,3,6,10,8,12,15,8,7,12,11,10,9,13",1:M35 M56 M110 M117 M144 M153 M175 M176 | 2:M34 M44 M78 M84 M124 M131 M172 | 3:M75 M118 M132 M165 M183 | 4:M37 M55 M79 M123 M129 M163 M171 M181 | 5:M12 M28 M69 M72 M112 M116 M134 M159 M166 M179 | 6:M6 M11 M14 M30 M57 M62 M70 M82 M115 M128 M145 M154 M168 M184 | 7:M1 M24 M27 M38 M58 M73 M111 M120 M126 M143 M160 M164 M177 M190 | 8:M10 M25 M39 M48 M59 M63 M71 M108 M127 M130 M158 M170 M186 M189 | 9:M29 M32 M33 M36 M50 M121 M125 M133 M149 M152 M155 M169 M182 M194 | 10:M4 M17 M22 M60 M74 M88 M89 M107 M109 M114 M157 M167 M185 M193 | 11:M3 M7 M49 M80 M83 M90 M113 M122 M137 M148 M150 M162 M173 M192 | 12:M5 M13 M26 M31 M52 M81 M91 M119 M146 M151 M156 M174 M187 M191 | 13:M16 M21 M42 M47 M66 M87 M93 M103 M104 M135 M147 M161 M178 M195 | 14:M8 M18 M19 M43 M51 M61 M85 M92 M99 M141 M180 | 15:M2 M9 M15 M53 M67 M76 M86 M102 M106 M188 | 16:M20 M46 M64 M77 M100 M139 | 17:M23 M40 M45 M98 M140 | 18:M41 M54 M96 M136 | 19:M68 M94 M142 | 20:M65 M95 M138 | 21:M97 | 22:M101 M105,,"domain reduction: sessions, fixed meetings, forbidden slots | precedence domain propagation: fixed point over direct edges | full precedence closure: cycle detection and graph statistics only | (20),(22)-(27) exactly once over reduced domains | (19) participant atMost-one per slot | (46),(47) clustered table capacity with full channeling | (28) staircase/support precedence over reduced domains and direct E | usedSlot channeling + exact per-idle-slot break cost | (43) exactly |Mp| reduced usedSlot variables | (44) atMost 2|L| busy participants per slot | (45) exact even number of busy participants | exact unary internal-idle counts and range objective over P*",,,result,213371,,17,213371
table07,ticf-13crafc.fixed020-Forb,ticf-13crafc.fixed020-Forb,SAT,OPTIMAL,213.562644,84614,195846,0,0,195846,,peak_process_tree_rss_mb,multiple,traditional,direct,no,imp12+,lexicographic_internal_idle_range_pstar_then_idle_max_then_idle_sum,lexicographic,12,12,154,154,58,"1,2,3,4,5,6,7,8,9,10,11,12,13,14,15,16,18,19,23,24,25,26,27,28,29,30,31,32,33,34,35,36,37,38,39,40,41,42,44,45,46,47,48,49,50,52,53,54,56,57,59,60,62,63,64,65,66,70",154,10,10,12,0,0,0,0,19,19,"2,2,6,2,2,2,2,2,2,3,2,2,2,2,2,2,0,5,2,0,0,0,2,2,2,4,2,2,2,2,2,2,2,2,2,2,2,2,4,2,2,4,0,8,2,12,2,2,2,3,0,2,2,2,0,5,2,0,3,2,0,2,2,2,2,5,0,0,0,2","8,10,12,14,20,24,22,24,24,24,24,24,22,14,6,14,6,4,6,4,2","5,11,4,6,8,7,9,3,1,14,9,7,15,8,14,13,10,16,4,3,5,1,8,2,7,5,10,7,2,9,6,8,4,12,5,13,11,6,8,10,12,11,14,17,16,13,12,10,11,14,9,16,15,13,12,10,19,6,10,9,11,12,9,8,20,10,16,8,7,5,4,2,3,6,12,9,1,7,5,8,9,12,11,10,6,13,2,1,9,20,7,19,8,12,11,14,6,16,13,7,10,6,11,12,10,8,3,13,6,11,12,4,5,3,11,5,13,4,10,7,6,16,11,18,14,9,7,17,5,6,8,13,12,7,13,9,5,15,8,21,16,3,18,4,17,2,14,19,11,9,10,12,6,13",1:M9 M22 M77 M88 | 2:M24 M29 M72 M87 M146 | 3:M8 M20 M73 M107 M114 M142 | 4:M3 M19 M33 M71 M112 M118 M144 | 5:M1 M21 M26 M35 M70 M79 M113 M116 M129 M137 | 6:M4 M31 M38 M58 M74 M85 M97 M102 M109 M121 M130 M153 | 7:M6 M12 M25 M28 M69 M78 M91 M100 M120 M127 M134 | 8:M5 M14 M23 M32 M39 M64 M68 M80 M93 M106 M131 M139 | 9:M7 M11 M30 M51 M60 M63 M76 M81 M89 M126 M136 M150 | 10:M17 M27 M40 M48 M56 M59 M66 M84 M101 M105 M119 M151 | 11:M2 M37 M42 M49 M61 M83 M95 M103 M110 M115 M123 M149 | 12:M34 M41 M47 M55 M62 M75 M82 M94 M104 M111 M133 M152 | 13:M16 M36 M46 M54 M86 M99 M108 M117 M132 M135 M154 | 14:M10 M15 M43 M50 M96 M125 M147 | 15:M13 M53 M138 | 16:M18 M45 M52 M67 M98 M122 M141 | 17:M44 M128 M145 | 18:M124 M143 | 19:M57 M92 M148 | 20:M65 M90 | 21:M140,,"domain reduction: sessions, fixed meetings, forbidden slots | precedence domain propagation: fixed point over direct edges | full precedence closure: cycle detection and graph statistics only | (20),(22)-(27) exactly once over reduced domains | (19) participant atMost-one per slot | (46),(47) clustered table capacity with full channeling | (28) traditional pairwise precedence over direct E | usedSlot channeling + exact per-idle-slot break cost | (43) exactly |Mp| reduced usedSlot variables | (44) atMost 2|L| busy participants per slot | (45) exact even number of busy participants | exact unary internal-idle counts and range objective over P*",,,result,195846,,10,195846
table07,ticf-13crafc.fixed020-Forb,ticf-13crafc.fixed020-Forb,SAT,OPTIMAL,204.963954,84614,195846,0,0,195846,,peak_process_tree_rss_mb,multiple,staircase,direct,yes,imp12+,lexicographic_internal_idle_range_pstar_then_idle_max_then_idle_sum,lexicographic,12,12,154,154,58,"1,2,3,4,5,6,7,8,9,10,11,12,13,14,15,16,18,19,23,24,25,26,27,28,29,30,31,32,33,34,35,36,37,38,39,40,41,42,44,45,46,47,48,49,50,52,53,54,56,57,59,60,62,63,64,65,66,70",154,10,10,12,0,0,0,0,19,19,"2,2,6,2,2,2,2,2,2,3,2,2,2,2,2,2,0,5,2,0,0,0,2,2,2,4,2,2,2,2,2,2,2,2,2,2,2,2,4,2,2,4,0,8,2,12,2,2,2,3,0,2,2,2,0,5,2,0,3,2,0,2,2,2,2,5,0,0,0,2","8,10,12,14,20,24,22,24,24,24,24,24,22,14,6,14,6,4,6,4,2","5,11,4,6,8,7,9,3,1,14,9,7,15,8,14,13,10,16,4,3,5,1,8,2,7,5,10,7,2,9,6,8,4,12,5,13,11,6,8,10,12,11,14,17,16,13,12,10,11,14,9,16,15,13,12,10,19,6,10,9,11,12,9,8,20,10,16,8,7,5,4,2,3,6,12,9,1,7,5,8,9,12,11,10,6,13,2,1,9,20,7,19,8,12,11,14,6,16,13,7,10,6,11,12,10,8,3,13,6,11,12,4,5,3,11,5,13,4,10,7,6,16,11,18,14,9,7,17,5,6,8,13,12,7,13,9,5,15,8,21,16,3,18,4,17,2,14,19,11,9,10,12,6,13",1:M9 M22 M77 M88 | 2:M24 M29 M72 M87 M146 | 3:M8 M20 M73 M107 M114 M142 | 4:M3 M19 M33 M71 M112 M118 M144 | 5:M1 M21 M26 M35 M70 M79 M113 M116 M129 M137 | 6:M4 M31 M38 M58 M74 M85 M97 M102 M109 M121 M130 M153 | 7:M6 M12 M25 M28 M69 M78 M91 M100 M120 M127 M134 | 8:M5 M14 M23 M32 M39 M64 M68 M80 M93 M106 M131 M139 | 9:M7 M11 M30 M51 M60 M63 M76 M81 M89 M126 M136 M150 | 10:M17 M27 M40 M48 M56 M59 M66 M84 M101 M105 M119 M151 | 11:M2 M37 M42 M49 M61 M83 M95 M103 M110 M115 M123 M149 | 12:M34 M41 M47 M55 M62 M75 M82 M94 M104 M111 M133 M152 | 13:M16 M36 M46 M54 M86 M99 M108 M117 M132 M135 M154 | 14:M10 M15 M43 M50 M96 M125 M147 | 15:M13 M53 M138 | 16:M18 M45 M52 M67 M98 M122 M141 | 17:M44 M128 M145 | 18:M124 M143 | 19:M57 M92 M148 | 20:M65 M90 | 21:M140,,"domain reduction: sessions, fixed meetings, forbidden slots | precedence domain propagation: fixed point over direct edges | full precedence closure: cycle detection and graph statistics only | (20),(22)-(27) exactly once over reduced domains | (19) participant atMost-one per slot | (46),(47) clustered table capacity with full channeling | (28) staircase/support precedence over reduced domains and direct E | usedSlot channeling + exact per-idle-slot break cost | (43) exactly |Mp| reduced usedSlot variables | (44) atMost 2|L| busy participants per slot | (45) exact even number of busy participants | exact unary internal-idle counts and range objective over P*",,,result,195846,,10,195846
table07,ticf-13crafc.fixed040-Forb,ticf-13crafc.fixed040-Forb,SAT,OPTIMAL,138.636507,72214,166717,0,0,166717,,peak_process_tree_rss_mb,multiple,traditional,direct,no,imp12+,lexicographic_internal_idle_range_pstar_then_idle_max_then_idle_sum,lexicographic,14,14,239,239,58,"1,2,3,4,5,6,7,8,9,10,11,12,13,14,15,16,18,19,23,24,25,26,27,28,29,30,31,32,33,34,35,36,37,38,39,40,41,42,44,45,46,47,48,49,50,52,53,54,56,57,59,60,62,63,64,65,66,70",239,12,12,14,0,0,0,0,19,19,"2,3,8,4,2,3,2,2,7,2,5,2,2,10,2,3,0,5,2,0,0,0,3,2,2,5,4,2,9,4,6,2,2,2,2,9,2,2,7,9,2,4,0,8,2,12,2,2,2,14,0,2,2,2,0,5,7,0,10,2,0,2,2,8,2,5,0,0,0,2","12,12,12,16,20,22,22,24,24,24,24,24,16,12,8,6,6,4,8,8,4","5,9,2,6,11,7,8,4,1,14,14,12,21,11,18,9,10,17,4,2,3,1,8,7,7,5,10,7,2,9,8,6,4,8,5,10,11,6,9,1,12,6,14,16,15,13,12,10,3,12,5,16,13,20,4,15,19,6,10,7,11,9,12,8,20,9,11,5,8,7,11,2,3,6,4,13,12,7,2,1,9,13,11,10,12,8,5,6,10,20,8,9,7,11,13,14,6,19,12,5,10,13,9,1,10,11,8,13,3,9,12,5,7,8,3,6,1,11,10,12,4,19,10,20,18,16,7,11,15,9,12,14,17,9,19,3,13,14,8,21,5,6,7,4,17,2,12,15,6,4,10,11,5,8",1:M9 M22 M40 M80 M104 M117 | 2:M3 M20 M29 M72 M79 M146 | 3:M21 M49 M73 M109 M115 M136 | 4:M8 M19 M33 M55 M75 M121 M144 M150 | 5:M1 M26 M35 M51 M68 M87 M100 M112 M141 M153 | 6:M4 M32 M38 M42 M58 M74 M88 M97 M116 M142 M149 | 7:M6 M24 M25 M28 M60 M70 M78 M93 M113 M127 M143 | 8:M7 M23 M31 M34 M64 M69 M86 M91 M107 M114 M139 M154 | 9:M2 M16 M30 M39 M62 M66 M81 M92 M103 M110 M130 M134 | 10:M17 M27 M36 M48 M59 M84 M89 M101 M105 M119 M123 M151 | 11:M5 M14 M37 M61 M67 M71 M83 M94 M106 M118 M128 M152 | 12:M12 M41 M47 M50 M63 M77 M85 M99 M111 M120 M131 M147 | 13:M46 M53 M76 M82 M95 M102 M108 M137 | 14:M10 M11 M43 M96 M132 M138 | 15:M45 M56 M129 M148 | 16:M44 M52 M126 | 17:M18 M133 M145 | 18:M15 M125 | 19:M57 M98 M122 M135 | 20:M54 M65 M90 M124 | 21:M13 M140,,"domain reduction: sessions, fixed meetings, forbidden slots | precedence domain propagation: fixed point over direct edges | full precedence closure: cycle detection and graph statistics only | (20),(22)-(27) exactly once over reduced domains | (19) participant atMost-one per slot | (46),(47) clustered table capacity with full channeling | (28) traditional pairwise precedence over direct E | usedSlot channeling + exact per-idle-slot break cost | (43) exactly |Mp| reduced usedSlot variables | (44) atMost 2|L| busy participants per slot | (45) exact even number of busy participants | exact unary internal-idle counts and range objective over P*",,,result,166717,,12,166717
table07,ticf-13crafc.fixed040-Forb,ticf-13crafc.fixed040-Forb,SAT,OPTIMAL,165.403169,72214,166717,0,0,166717,,peak_process_tree_rss_mb,multiple,staircase,direct,yes,imp12+,lexicographic_internal_idle_range_pstar_then_idle_max_then_idle_sum,lexicographic,14,14,239,239,58,"1,2,3,4,5,6,7,8,9,10,11,12,13,14,15,16,18,19,23,24,25,26,27,28,29,30,31,32,33,34,35,36,37,38,39,40,41,42,44,45,46,47,48,49,50,52,53,54,56,57,59,60,62,63,64,65,66,70",239,12,12,14,0,0,0,0,19,19,"2,3,8,4,2,3,2,2,7,2,5,2,2,10,2,3,0,5,2,0,0,0,3,2,2,5,4,2,9,4,6,2,2,2,2,9,2,2,7,9,2,4,0,8,2,12,2,2,2,14,0,2,2,2,0,5,7,0,10,2,0,2,2,8,2,5,0,0,0,2","12,12,12,16,20,22,22,24,24,24,24,24,16,12,8,6,6,4,8,8,4","5,9,2,6,11,7,8,4,1,14,14,12,21,11,18,9,10,17,4,2,3,1,8,7,7,5,10,7,2,9,8,6,4,8,5,10,11,6,9,1,12,6,14,16,15,13,12,10,3,12,5,16,13,20,4,15,19,6,10,7,11,9,12,8,20,9,11,5,8,7,11,2,3,6,4,13,12,7,2,1,9,13,11,10,12,8,5,6,10,20,8,9,7,11,13,14,6,19,12,5,10,13,9,1,10,11,8,13,3,9,12,5,7,8,3,6,1,11,10,12,4,19,10,20,18,16,7,11,15,9,12,14,17,9,19,3,13,14,8,21,5,6,7,4,17,2,12,15,6,4,10,11,5,8",1:M9 M22 M40 M80 M104 M117 | 2:M3 M20 M29 M72 M79 M146 | 3:M21 M49 M73 M109 M115 M136 | 4:M8 M19 M33 M55 M75 M121 M144 M150 | 5:M1 M26 M35 M51 M68 M87 M100 M112 M141 M153 | 6:M4 M32 M38 M42 M58 M74 M88 M97 M116 M142 M149 | 7:M6 M24 M25 M28 M60 M70 M78 M93 M113 M127 M143 | 8:M7 M23 M31 M34 M64 M69 M86 M91 M107 M114 M139 M154 | 9:M2 M16 M30 M39 M62 M66 M81 M92 M103 M110 M130 M134 | 10:M17 M27 M36 M48 M59 M84 M89 M101 M105 M119 M123 M151 | 11:M5 M14 M37 M61 M67 M71 M83 M94 M106 M118 M128 M152 | 12:M12 M41 M47 M50 M63 M77 M85 M99 M111 M120 M131 M147 | 13:M46 M53 M76 M82 M95 M102 M108 M137 | 14:M10 M11 M43 M96 M132 M138 | 15:M45 M56 M129 M148 | 16:M44 M52 M126 | 17:M18 M133 M145 | 18:M15 M125 | 19:M57 M98 M122 M135 | 20:M54 M65 M90 M124 | 21:M13 M140,,"domain reduction: sessions, fixed meetings, forbidden slots | precedence domain propagation: fixed point over direct edges | full precedence closure: cycle detection and graph statistics only | (20),(22)-(27) exactly once over reduced domains | (19) participant atMost-one per slot | (46),(47) clustered table capacity with full channeling | (28) staircase/support precedence over reduced domains and direct E | usedSlot channeling + exact per-idle-slot break cost | (43) exactly |Mp| reduced usedSlot variables | (44) atMost 2|L| busy participants per slot | (45) exact even number of busy participants | exact unary internal-idle counts and range objective over P*",,,result,166717,,12,166717
table07,ticf-14crafa.fixed020-Forb,ticf-14crafa.fixed020-Forb,SAT,OPTIMAL,178.25391,151001,362216,0,0,362216,,peak_process_tree_rss_mb,multiple,traditional,direct,no,imp12+,lexicographic_internal_idle_range_pstar_then_idle_max_then_idle_sum,lexicographic,15,15,84,84,72,"1,2,3,4,5,6,8,9,11,12,14,17,19,20,21,22,23,24,25,26,27,28,29,30,31,32,33,34,35,36,37,38,39,40,41,42,43,44,45,46,47,48,49,50,51,52,53,54,55,56,57,58,59,60,61,62,63,64,65,66,67,68,69,70,71,72,73,74,75,76,77,78",84,15,15,15,0,0,0,0,20,20,"2,0,4,1,5,2,0,0,0,0,0,0,0,2,0,0,7,0,8,0,0,0,2,0,1,1,15,0,0,0,0,0,0,0,9,0,0,0,6,0,0,0,1,0,0,0,0,0,1,0,0,0,0,0,0,0,0,0,0,0,4,0,1,4,0,0,0,0,0,8,0,0,0,0,0,0,0,0","10,16,18,24,28,34,40,42,44,44,44,44,42,34,32,24,26,20,12,12,8,6","22,8,11,13,12,11,10,18,17,16,13,12,9,2,8,6,5,7,11,10,5,13,17,14,7,8,12,15,17,16,21,14,6,17,7,8,15,5,9,21,10,18,19,15,9,13,7,8,4,2,10,8,10,2,3,11,12,12,13,14,16,7,15,15,18,16,20,9,22,13,6,14,4,17,20,14,6,7,15,12,1,13,11,17,5,16,4,17,18,14,15,21,13,19,12,11,16,17,12,10,11,17,14,16,13,12,15,19,14,6,9,13,7,15,8,9,10,4,12,1,3,6,2,5,9,2,10,8,12,3,11,15,3,12,14,11,10,13,6,8,7,15,13,7,4,11,6,9,5,7,14,13,4,8,11,15,5,13,9,12,14,16,17,8,7,15,6,13,20,18,4,5,14,10,18,20,16,6,13,9,7,8,10,11,14,9,13,18,16,12,17,11,14,15,10,7,8,6,10,7,6,3,4,5,9,8,19,16,18,15,11,14,9,17,10,12,13,22,3,17,1,15,18,2,9,19,8,10,5,20,7,14,11,13,21,12,4,16,6,9,3,12,13,11,4,8,5,9,7,12,6,10,9,10,12,14,13,11,5,11,3,12,10,7,8,2,6,4,9,1,10,9,7,8,11,12,5,7,8,11,6,9,10,11,10,8,9,18,19,20,11,8,1,9,7,2,10,6,5,4,3,12",1:M81 M120 M221 M270 M293 | 2:M14 M50 M54 M123 M126 M224 M266 M296 | 3:M55 M121 M130 M133 M202 M219 M241 M261 M301 | 4:M49 M73 M87 M118 M145 M153 M171 M203 M237 M245 M268 M300 | 5:M17 M21 M38 M85 M124 M149 M157 M172 M204 M229 M247 M259 M277 M299 | 6:M16 M33 M71 M77 M110 M122 M139 M147 M167 M178 M198 M201 M239 M251 M267 M281 M298 | 7:M18 M25 M35 M47 M62 M78 M113 M141 M144 M150 M165 M181 M196 M200 M231 M249 M264 M273 M278 M295 | 8:M2 M15 M26 M36 M48 M52 M115 M128 M140 M154 M164 M182 M197 M206 M227 M246 M265 M274 M279 M286 M292 | 9:M13 M39 M45 M68 M111 M116 M125 M148 M159 M180 M186 M205 M213 M225 M240 M248 M253 M269 M272 M282 M287 M294 | 10:M7 M20 M41 M51 M53 M100 M117 M127 M137 M174 M183 M195 M199 M215 M228 M252 M254 M263 M271 M283 M285 M297 | 11:M3 M6 M19 M56 M83 M96 M101 M131 M136 M146 M155 M184 M192 M211 M233 M244 M258 M260 M275 M280 M284 M291 | 12:M5 M12 M27 M57 M58 M80 M95 M99 M106 M119 M129 M134 M160 M190 M216 M236 M242 M250 M255 M262 M276 M302 | 13:M4 M11 M22 M46 M59 M70 M82 M93 M105 M112 M138 M143 M152 M158 M168 M179 M187 M217 M234 M243 M257 | 14:M24 M32 M60 M72 M76 M90 M103 M109 M135 M151 M161 M173 M185 M193 M212 M232 M256 | 15:M28 M37 M44 M63 M64 M79 M91 M107 M114 M132 M142 M156 M166 M194 M210 M222 | 16:M10 M30 M61 M66 M86 M97 M104 M162 M177 M189 M208 M238 | 17:M9 M23 M29 M34 M74 M84 M88 M98 M102 M163 M191 M214 M220 | 18:M8 M42 M65 M89 M170 M175 M188 M209 M223 M288 | 19:M43 M94 M108 M207 M226 M289 | 20:M67 M75 M169 M176 M230 M290 | 21:M31 M40 M92 M235 | 22:M1 M69 M218,,"domain reduction: sessions, fixed meetings, forbidden slots | precedence domain propagation: fixed point over direct edges | full precedence closure: cycle detection and graph statistics only | (20),(22)-(27) exactly once over reduced domains | (19) participant atMost-one per slot | (46),(47) clustered table capacity with full channeling | (28) traditional pairwise precedence over direct E | usedSlot channeling + exact per-idle-slot break cost | (43) exactly |Mp| reduced usedSlot variables | (44) atMost 2|L| busy participants per slot | (45) exact even number of busy participants | exact unary internal-idle counts and range objective over P*",,,result,362216,,15,362216
table07,ticf-14crafa.fixed020-Forb,ticf-14crafa.fixed020-Forb,SAT,OPTIMAL,178.019616,151001,362216,0,0,362216,,peak_process_tree_rss_mb,multiple,staircase,direct,yes,imp12+,lexicographic_internal_idle_range_pstar_then_idle_max_then_idle_sum,lexicographic,15,15,84,84,72,"1,2,3,4,5,6,8,9,11,12,14,17,19,20,21,22,23,24,25,26,27,28,29,30,31,32,33,34,35,36,37,38,39,40,41,42,43,44,45,46,47,48,49,50,51,52,53,54,55,56,57,58,59,60,61,62,63,64,65,66,67,68,69,70,71,72,73,74,75,76,77,78",84,15,15,15,0,0,0,0,20,20,"2,0,4,1,5,2,0,0,0,0,0,0,0,2,0,0,7,0,8,0,0,0,2,0,1,1,15,0,0,0,0,0,0,0,9,0,0,0,6,0,0,0,1,0,0,0,0,0,1,0,0,0,0,0,0,0,0,0,0,0,4,0,1,4,0,0,0,0,0,8,0,0,0,0,0,0,0,0","10,16,18,24,28,34,40,42,44,44,44,44,42,34,32,24,26,20,12,12,8,6","22,8,11,13,12,11,10,18,17,16,13,12,9,2,8,6,5,7,11,10,5,13,17,14,7,8,12,15,17,16,21,14,6,17,7,8,15,5,9,21,10,18,19,15,9,13,7,8,4,2,10,8,10,2,3,11,12,12,13,14,16,7,15,15,18,16,20,9,22,13,6,14,4,17,20,14,6,7,15,12,1,13,11,17,5,16,4,17,18,14,15,21,13,19,12,11,16,17,12,10,11,17,14,16,13,12,15,19,14,6,9,13,7,15,8,9,10,4,12,1,3,6,2,5,9,2,10,8,12,3,11,15,3,12,14,11,10,13,6,8,7,15,13,7,4,11,6,9,5,7,14,13,4,8,11,15,5,13,9,12,14,16,17,8,7,15,6,13,20,18,4,5,14,10,18,20,16,6,13,9,7,8,10,11,14,9,13,18,16,12,17,11,14,15,10,7,8,6,10,7,6,3,4,5,9,8,19,16,18,15,11,14,9,17,10,12,13,22,3,17,1,15,18,2,9,19,8,10,5,20,7,14,11,13,21,12,4,16,6,9,3,12,13,11,4,8,5,9,7,12,6,10,9,10,12,14,13,11,5,11,3,12,10,7,8,2,6,4,9,1,10,9,7,8,11,12,5,7,8,11,6,9,10,11,10,8,9,18,19,20,11,8,1,9,7,2,10,6,5,4,3,12",1:M81 M120 M221 M270 M293 | 2:M14 M50 M54 M123 M126 M224 M266 M296 | 3:M55 M121 M130 M133 M202 M219 M241 M261 M301 | 4:M49 M73 M87 M118 M145 M153 M171 M203 M237 M245 M268 M300 | 5:M17 M21 M38 M85 M124 M149 M157 M172 M204 M229 M247 M259 M277 M299 | 6:M16 M33 M71 M77 M110 M122 M139 M147 M167 M178 M198 M201 M239 M251 M267 M281 M298 | 7:M18 M25 M35 M47 M62 M78 M113 M141 M144 M150 M165 M181 M196 M200 M231 M249 M264 M273 M278 M295 | 8:M2 M15 M26 M36 M48 M52 M115 M128 M140 M154 M164 M182 M197 M206 M227 M246 M265 M274 M279 M286 M292 | 9:M13 M39 M45 M68 M111 M116 M125 M148 M159 M180 M186 M205 M213 M225 M240 M248 M253 M269 M272 M282 M287 M294 | 10:M7 M20 M41 M51 M53 M100 M117 M127 M137 M174 M183 M195 M199 M215 M228 M252 M254 M263 M271 M283 M285 M297 | 11:M3 M6 M19 M56 M83 M96 M101 M131 M136 M146 M155 M184 M192 M211 M233 M244 M258 M260 M275 M280 M284 M291 | 12:M5 M12 M27 M57 M58 M80 M95 M99 M106 M119 M129 M134 M160 M190 M216 M236 M242 M250 M255 M262 M276 M302 | 13:M4 M11 M22 M46 M59 M70 M82 M93 M105 M112 M138 M143 M152 M158 M168 M179 M187 M217 M234 M243 M257 | 14:M24 M32 M60 M72 M76 M90 M103 M109 M135 M151 M161 M173 M185 M193 M212 M232 M256 | 15:M28 M37 M44 M63 M64 M79 M91 M107 M114 M132 M142 M156 M166 M194 M210 M222 | 16:M10 M30 M61 M66 M86 M97 M104 M162 M177 M189 M208 M238 | 17:M9 M23 M29 M34 M74 M84 M88 M98 M102 M163 M191 M214 M220 | 18:M8 M42 M65 M89 M170 M175 M188 M209 M223 M288 | 19:M43 M94 M108 M207 M226 M289 | 20:M67 M75 M169 M176 M230 M290 | 21:M31 M40 M92 M235 | 22:M1 M69 M218,,"domain reduction: sessions, fixed meetings, forbidden slots | precedence domain propagation: fixed point over direct edges | full precedence closure: cycle detection and graph statistics only | (20),(22)-(27) exactly once over reduced domains | (19) participant atMost-one per slot | (46),(47) clustered table capacity with full channeling | (28) staircase/support precedence over reduced domains and direct E | usedSlot channeling + exact per-idle-slot break cost | (43) exactly |Mp| reduced usedSlot variables | (44) atMost 2|L| busy participants per slot | (45) exact even number of busy participants | exact unary internal-idle counts and range objective over P*",,,result,362216,,15,362216
table07,ticf-14crafa.fixed040-Forb,ticf-14crafa.fixed040-Forb,SAT,OPTIMAL,447.539816,144338,327880,0,0,327880,,peak_process_tree_rss_mb,multiple,traditional,direct,no,imp12+,lexicographic_internal_idle_range_pstar_then_idle_max_then_idle_sum,lexicographic,16,16,255,255,72,"1,2,3,4,5,6,8,9,11,12,14,17,19,20,21,22,23,24,25,26,27,28,29,30,31,32,33,34,35,36,37,38,39,40,41,42,43,44,45,46,47,48,49,50,51,52,53,54,55,56,57,58,59,60,61,62,63,64,65,66,67,68,69,70,71,72,73,74,75,76,77,78",255,16,16,16,0,0,0,0,20,20,"9,3,3,0,6,9,0,4,1,0,16,1,0,3,0,0,8,0,10,1,0,4,8,0,1,4,15,6,4,1,0,0,3,11,9,2,0,1,6,0,0,0,11,8,6,6,0,1,0,7,0,1,0,6,7,5,0,0,3,0,6,2,1,2,5,5,0,0,0,8,0,0,0,7,0,7,2,0","14,14,24,30,26,30,38,40,42,38,40,42,38,26,30,26,30,28,22,10,8,8","22,8,5,13,12,11,9,15,17,14,13,8,9,2,11,12,1,6,7,10,6,13,17,13,9,19,17,15,17,5,21,12,4,16,7,8,13,17,15,14,9,18,19,16,7,11,8,17,10,2,9,10,6,3,9,7,12,12,19,17,18,7,12,17,12,5,20,11,22,9,16,12,4,14,18,19,9,7,15,10,1,18,14,3,13,12,4,15,18,14,11,16,17,20,9,8,14,17,16,10,13,1,13,3,14,7,8,5,18,6,4,1,12,15,21,4,10,2,12,5,11,9,3,10,7,5,8,11,12,6,9,15,5,11,4,13,3,16,9,8,7,16,13,19,4,15,6,17,18,7,18,13,4,8,11,22,5,3,4,10,13,4,10,8,2,19,9,16,6,18,15,7,14,11,16,20,15,13,7,6,3,8,19,11,9,9,13,18,14,12,10,16,17,15,7,16,8,12,15,10,13,3,4,11,6,14,21,19,12,15,20,11,14,17,16,18,13,21,4,9,1,22,20,3,13,7,8,5,14,19,10,6,11,15,12,16,18,17,2,10,3,12,13,8,4,10,7,9,6,12,5,11,9,7,8,11,10,6,5,12,6,9,10,11,8,2,3,4,7,1,14,17,19,8,10,12,5,11,7,6,8,10,9,18,11,8,13,18,19,15,11,10,1,9,6,2,12,3,8,4,5,7",1:M17 M81 M102 M112 M221 M270 M293 | 2:M14 M50 M118 M165 M239 M266 M296 | 3:M54 M84 M104 M123 M137 M158 M181 M202 M224 M241 M267 M298 | 4:M33 M73 M87 M111 M116 M135 M145 M153 M159 M162 M203 M219 M245 M268 M300 | 5:M3 M30 M66 M108 M120 M126 M133 M157 M228 M251 M259 M277 M301 | 6:M18 M21 M53 M110 M130 M147 M169 M180 M205 M232 M249 M258 M261 M280 M295 | 7:M19 M35 M45 M56 M62 M78 M106 M125 M141 M150 M172 M179 M195 M226 M247 M254 M269 M279 M302 | 8:M2 M12 M36 M47 M96 M107 M127 M140 M154 M164 M182 M197 M227 M244 M255 M265 M274 M281 M286 M299 | 9:M7 M13 M25 M41 M51 M55 M70 M77 M95 M122 M131 M139 M167 M185 M186 M220 M248 M253 M262 M283 M294 | 10:M20 M49 M52 M80 M100 M117 M124 M160 M163 M191 M200 M231 M240 M246 M257 M263 M275 M282 M292 | 11:M6 M15 M46 M68 M91 M121 M128 M134 M155 M174 M184 M204 M212 M233 M252 M256 M264 M278 M285 M291 | 12:M5 M16 M32 M57 M58 M63 M65 M72 M86 M113 M119 M129 M190 M198 M209 M235 M242 M250 M260 M276 M297 | 13:M4 M11 M22 M24 M37 M85 M101 M103 M136 M143 M152 M161 M178 M187 M201 M217 M225 M243 M287 | 14:M10 M40 M74 M83 M90 M97 M105 M173 M189 M206 M213 M229 M271 | 15:M8 M28 M39 M79 M88 M114 M132 M146 M171 M177 M194 M199 M210 M234 M290 | 16:M34 M44 M71 M92 M99 M138 M142 M168 M175 M192 M196 M215 M236 | 17:M9 M23 M27 M29 M38 M48 M60 M64 M93 M98 M148 M193 M214 M238 M272 | 18:M42 M61 M75 M82 M89 M109 M149 M151 M170 M188 M216 M237 M284 M288 | 19:M26 M43 M59 M76 M144 M166 M183 M208 M230 M273 M289 | 20:M67 M94 M176 M211 M223 | 21:M31 M115 M207 M218 | 22:M1 M69 M156 M222,,"domain reduction: sessions, fixed meetings, forbidden slots | precedence domain propagation: fixed point over direct edges | full precedence closure: cycle detection and graph statistics only | (20),(22)-(27) exactly once over reduced domains | (19) participant atMost-one per slot | (46),(47) clustered table capacity with full channeling | (28) traditional pairwise precedence over direct E | usedSlot channeling + exact per-idle-slot break cost | (43) exactly |Mp| reduced usedSlot variables | (44) atMost 2|L| busy participants per slot | (45) exact even number of busy participants | exact unary internal-idle counts and range objective over P*",,,result,327880,,16,327880
table07,ticf-14crafa.fixed040-Forb,ticf-14crafa.fixed040-Forb,SAT,OPTIMAL,319.371477,144338,327880,0,0,327880,,peak_process_tree_rss_mb,multiple,staircase,direct,yes,imp12+,lexicographic_internal_idle_range_pstar_then_idle_max_then_idle_sum,lexicographic,16,16,255,255,72,"1,2,3,4,5,6,8,9,11,12,14,17,19,20,21,22,23,24,25,26,27,28,29,30,31,32,33,34,35,36,37,38,39,40,41,42,43,44,45,46,47,48,49,50,51,52,53,54,55,56,57,58,59,60,61,62,63,64,65,66,67,68,69,70,71,72,73,74,75,76,77,78",255,16,16,16,0,0,0,0,20,20,"9,3,3,0,6,9,0,4,1,0,16,1,0,3,0,0,8,0,10,1,0,4,8,0,1,4,15,6,4,1,0,0,3,11,9,2,0,1,6,0,0,0,11,8,6,6,0,1,0,7,0,1,0,6,7,5,0,0,3,0,6,2,1,2,5,5,0,0,0,8,0,0,0,7,0,7,2,0","14,14,24,30,26,30,38,40,42,38,40,42,38,26,30,26,30,28,22,10,8,8","22,8,5,13,12,11,9,15,17,14,13,8,9,2,11,12,1,6,7,10,6,13,17,13,9,19,17,15,17,5,21,12,4,16,7,8,13,17,15,14,9,18,19,16,7,11,8,17,10,2,9,10,6,3,9,7,12,12,19,17,18,7,12,17,12,5,20,11,22,9,16,12,4,14,18,19,9,7,15,10,1,18,14,3,13,12,4,15,18,14,11,16,17,20,9,8,14,17,16,10,13,1,13,3,14,7,8,5,18,6,4,1,12,15,21,4,10,2,12,5,11,9,3,10,7,5,8,11,12,6,9,15,5,11,4,13,3,16,9,8,7,16,13,19,4,15,6,17,18,7,18,13,4,8,11,22,5,3,4,10,13,4,10,8,2,19,9,16,6,18,15,7,14,11,16,20,15,13,7,6,3,8,19,11,9,9,13,18,14,12,10,16,17,15,7,16,8,12,15,10,13,3,4,11,6,14,21,19,12,15,20,11,14,17,16,18,13,21,4,9,1,22,20,3,13,7,8,5,14,19,10,6,11,15,12,16,18,17,2,10,3,12,13,8,4,10,7,9,6,12,5,11,9,7,8,11,10,6,5,12,6,9,10,11,8,2,3,4,7,1,14,17,19,8,10,12,5,11,7,6,8,10,9,18,11,8,13,18,19,15,11,10,1,9,6,2,12,3,8,4,5,7",1:M17 M81 M102 M112 M221 M270 M293 | 2:M14 M50 M118 M165 M239 M266 M296 | 3:M54 M84 M104 M123 M137 M158 M181 M202 M224 M241 M267 M298 | 4:M33 M73 M87 M111 M116 M135 M145 M153 M159 M162 M203 M219 M245 M268 M300 | 5:M3 M30 M66 M108 M120 M126 M133 M157 M228 M251 M259 M277 M301 | 6:M18 M21 M53 M110 M130 M147 M169 M180 M205 M232 M249 M258 M261 M280 M295 | 7:M19 M35 M45 M56 M62 M78 M106 M125 M141 M150 M172 M179 M195 M226 M247 M254 M269 M279 M302 | 8:M2 M12 M36 M47 M96 M107 M127 M140 M154 M164 M182 M197 M227 M244 M255 M265 M274 M281 M286 M299 | 9:M7 M13 M25 M41 M51 M55 M70 M77 M95 M122 M131 M139 M167 M185 M186 M220 M248 M253 M262 M283 M294 | 10:M20 M49 M52 M80 M100 M117 M124 M160 M163 M191 M200 M231 M240 M246 M257 M263 M275 M282 M292 | 11:M6 M15 M46 M68 M91 M121 M128 M134 M155 M174 M184 M204 M212 M233 M252 M256 M264 M278 M285 M291 | 12:M5 M16 M32 M57 M58 M63 M65 M72 M86 M113 M119 M129 M190 M198 M209 M235 M242 M250 M260 M276 M297 | 13:M4 M11 M22 M24 M37 M85 M101 M103 M136 M143 M152 M161 M178 M187 M201 M217 M225 M243 M287 | 14:M10 M40 M74 M83 M90 M97 M105 M173 M189 M206 M213 M229 M271 | 15:M8 M28 M39 M79 M88 M114 M132 M146 M171 M177 M194 M199 M210 M234 M290 | 16:M34 M44 M71 M92 M99 M138 M142 M168 M175 M192 M196 M215 M236 | 17:M9 M23 M27 M29 M38 M48 M60 M64 M93 M98 M148 M193 M214 M238 M272 | 18:M42 M61 M75 M82 M89 M109 M149 M151 M170 M188 M216 M237 M284 M288 | 19:M26 M43 M59 M76 M144 M166 M183 M208 M230 M273 M289 | 20:M67 M94 M176 M211 M223 | 21:M31 M115 M207 M218 | 22:M1 M69 M156 M222,,"domain reduction: sessions, fixed meetings, forbidden slots | precedence domain propagation: fixed point over direct edges | full precedence closure: cycle detection and graph statistics only | (20),(22)-(27) exactly once over reduced domains | (19) participant atMost-one per slot | (46),(47) clustered table capacity with full channeling | (28) staircase/support precedence over reduced domains and direct E | usedSlot channeling + exact per-idle-slot break cost | (43) exactly |Mp| reduced usedSlot variables | (44) atMost 2|L| busy participants per slot | (45) exact even number of busy participants | exact unary internal-idle counts and range objective over P*",,,result,327880,,16,327880
table08,forum-13.prec15,forum-13.prec15,SAT,OPTIMAL,3.725681,86125,206085,0,0,206085,,peak_process_tree_rss_mb,multiple,traditional,direct,no,imp12+,lexicographic_internal_idle_range_pstar_then_idle_max_then_idle_sum,lexicographic,0,0,0,0,58,"1,2,3,4,5,6,7,8,9,10,11,12,13,14,15,16,18,19,23,24,25,26,27,28,29,30,31,32,33,34,35,36,37,38,39,40,41,42,44,45,46,47,48,49,50,52,53,54,56,57,59,60,62,63,64,65,66,70",0,0,0,0,14,0,14,14,19,19,"0,0,0,0,0,0,0,0,0,0,0,0,0,0,0,0,0,0,0,0,0,0,0,0,0,0,0,0,0,0,0,0,0,0,0,0,0,0,0,0,0,0,0,0,0,0,0,0,0,0,0,0,0,0,0,0,0,0,0,0,0,0,0,0,0,0,0,0,0,0","12,16,22,26,26,28,28,28,28,24,22,20,14,8,4,2,0,0,0,0,0","1,3,5,6,9,7,8,2,4,14,4,8,6,5,2,1,7,3,3,5,6,1,2,4,6,7,7,9,8,13,10,11,12,6,7,11,12,8,10,9,12,13,14,16,15,2,5,4,8,9,7,4,6,5,10,11,3,9,12,11,10,1,6,4,5,7,8,8,3,6,10,12,4,9,11,7,5,10,6,12,11,13,7,4,8,9,3,5,2,4,8,5,7,9,11,10,6,3,12,8,13,10,11,9,7,3,9,2,8,6,5,1,4,6,7,2,10,3,9,5,4,7,11,13,14,9,3,6,4,5,12,10,8,4,5,6,1,3,10,15,8,13,7,2,12,9,11,14,12,9,10,13,11,8",1:M1 M16 M22 M62 M112 M137 | 2:M8 M15 M23 M46 M89 M108 M116 M144 | 3:M2 M18 M19 M57 M69 M87 M98 M106 M118 M127 M138 | 4:M9 M11 M24 M48 M52 M64 M73 M84 M90 M113 M121 M129 M134 | 5:M3 M14 M20 M47 M54 M65 M77 M88 M92 M111 M120 M130 M135 | 6:M4 M13 M21 M25 M34 M53 M63 M70 M79 M97 M110 M114 M128 M136 | 7:M6 M17 M26 M27 M35 M51 M66 M76 M83 M93 M105 M115 M122 M143 | 8:M7 M12 M29 M38 M49 M67 M68 M85 M91 M100 M109 M133 M141 M154 | 9:M5 M28 M40 M50 M58 M74 M86 M94 M104 M107 M119 M126 M146 M150 | 10:M31 M39 M55 M61 M71 M78 M96 M102 M117 M132 M139 M151 | 11:M32 M36 M56 M60 M75 M81 M95 M103 M123 M147 M153 | 12:M33 M37 M41 M59 M72 M80 M99 M131 M145 M149 | 13:M30 M42 M82 M101 M124 M142 M152 | 14:M10 M43 M125 M148 | 15:M45 M140 | 16:M44 | 17: | 18: | 19: | 20: | 21:,,"domain reduction: sessions, fixed meetings, forbidden slots | precedence domain propagation: fixed point over direct edges | full precedence closure: cycle detection and graph statistics only | (20),(22)-(27) exactly once over reduced domains | (19) participant atMost-one per slot | (46),(47) clustered table capacity with full channeling | (28) traditional pairwise precedence over direct E | usedSlot channeling + exact per-idle-slot break cost | (43) exactly |Mp| reduced usedSlot variables | (44) atMost 2|L| busy participants per slot | (45) exact even number of busy participants | exact unary internal-idle counts and range objective over P*",,,result,206085,,0,206085
table08,forum-13.prec15,forum-13.prec15,SAT,OPTIMAL,3.172509,86125,204756,0,0,204756,,peak_process_tree_rss_mb,multiple,staircase,direct,yes,imp12+,lexicographic_internal_idle_range_pstar_then_idle_max_then_idle_sum,lexicographic,0,0,0,0,58,"1,2,3,4,5,6,7,8,9,10,11,12,13,14,15,16,18,19,23,24,25,26,27,28,29,30,31,32,33,34,35,36,37,38,39,40,41,42,44,45,46,47,48,49,50,52,53,54,56,57,59,60,62,63,64,65,66,70",0,0,0,0,14,0,14,14,19,19,"0,0,0,0,0,0,0,0,0,0,0,0,0,0,0,0,0,0,0,0,0,0,0,0,0,0,0,0,0,0,0,0,0,0,0,0,0,0,0,0,0,0,0,0,0,0,0,0,0,0,0,0,0,0,0,0,0,0,0,0,0,0,0,0,0,0,0,0,0,0","8,14,20,24,24,26,28,28,28,26,26,24,16,8,6,2,0,0,0,0,0","1,4,3,7,9,6,8,2,5,14,3,6,7,4,1,2,5,8,4,7,3,6,2,5,5,7,6,7,8,12,9,11,10,7,6,11,12,8,10,9,12,13,14,16,15,2,3,4,7,9,8,4,6,3,11,10,5,10,13,12,11,4,8,11,12,9,10,4,3,6,5,12,11,7,10,8,9,10,5,12,11,13,7,4,8,9,3,6,2,3,9,6,4,8,11,7,5,10,12,8,13,11,10,9,5,1,7,9,4,6,3,8,2,6,10,9,12,11,13,5,7,5,6,13,14,9,12,7,10,4,11,15,8,3,5,6,4,1,9,15,8,13,7,10,11,12,14,2,13,8,10,12,11,9",1:M1 M15 M106 M138 | 2:M8 M16 M23 M46 M89 M113 M148 | 3:M3 M11 M21 M47 M54 M69 M87 M90 M111 M134 | 4:M2 M14 M19 M48 M52 M62 M68 M84 M93 M109 M130 M137 | 5:M9 M17 M24 M25 M57 M71 M79 M97 M105 M120 M122 M135 | 6:M6 M12 M22 M27 M35 M53 M70 M88 M92 M110 M114 M123 M136 | 7:M4 M13 M20 M26 M28 M34 M49 M74 M83 M96 M107 M121 M128 M143 | 8:M7 M18 M29 M38 M51 M63 M76 M85 M94 M100 M112 M133 M141 M150 | 9:M5 M31 M40 M50 M66 M77 M86 M91 M104 M108 M116 M126 M139 M154 | 10:M33 M39 M56 M58 M67 M75 M78 M98 M103 M115 M129 M144 M151 | 11:M32 M36 M55 M61 M64 M73 M81 M95 M102 M118 M131 M145 M153 | 12:M30 M37 M41 M60 M65 M72 M80 M99 M117 M127 M146 M152 | 13:M42 M59 M82 M101 M119 M124 M142 M149 | 14:M10 M43 M125 M147 | 15:M45 M132 M140 | 16:M44 | 17: | 18: | 19: | 20: | 21:,,"domain reduction: sessions, fixed meetings, forbidden slots | precedence domain propagation: fixed point over direct edges | full precedence closure: cycle detection and graph statistics only | (20),(22)-(27) exactly once over reduced domains | (19) participant atMost-one per slot | (46),(47) clustered table capacity with full channeling | (28) staircase/support precedence over reduced domains and direct E | usedSlot channeling + exact per-idle-slot break cost | (43) exactly |Mp| reduced usedSlot variables | (44) atMost 2|L| busy participants per slot | (45) exact even number of busy participants | exact unary internal-idle counts and range objective over P*",,,result,204756,,0,204756
table08,forum-13crafc.prec15,forum-13crafc.prec15,SAT,OPTIMAL,15.82929,86259,206405,0,0,206405,,peak_process_tree_rss_mb,multiple,traditional,direct,no,imp12+,lexicographic_internal_idle_range_pstar_then_idle_max_then_idle_sum,lexicographic,1,1,58,58,58,"1,2,3,4,5,6,7,8,9,10,11,12,13,14,15,16,18,19,23,24,25,26,27,28,29,30,31,32,33,34,35,36,37,38,39,40,41,42,44,45,46,47,48,49,50,52,53,54,56,57,59,60,62,63,64,65,66,70",58,0,0,1,14,0,14,14,19,19,"1,1,1,1,1,1,1,1,1,1,1,1,1,1,1,1,0,1,1,0,0,0,1,1,1,1,1,1,1,1,1,1,1,1,1,1,1,1,1,1,1,1,0,1,1,1,1,1,1,1,0,1,1,1,0,1,1,0,1,1,0,1,1,1,1,1,0,0,0,1","6,12,14,24,22,24,24,24,24,24,24,24,24,12,12,6,2,2,2,2,0","8,2,3,5,10,6,9,1,4,14,14,13,18,12,20,17,19,15,10,6,5,4,8,9,4,7,4,6,3,9,2,7,5,7,6,11,12,10,13,9,12,11,15,15,14,12,9,13,3,8,7,5,12,4,11,6,10,10,11,13,9,13,10,12,8,11,13,2,4,5,10,11,6,9,7,1,3,8,4,9,13,12,7,2,10,11,3,5,12,6,9,16,7,8,15,13,14,10,10,8,6,5,7,4,4,10,12,13,6,8,11,7,5,8,11,9,4,6,2,3,5,15,11,13,16,8,14,12,4,6,9,5,7,11,5,1,2,7,9,12,8,13,14,15,6,3,4,16,13,7,11,12,10,8",1:M8 M76 M136 | 2:M2 M31 M68 M84 M119 M137 | 3:M3 M29 M49 M77 M87 M120 M146 | 4:M9 M22 M25 M27 M54 M69 M79 M104 M105 M117 M129 M147 | 5:M4 M21 M33 M52 M70 M88 M102 M113 M121 M132 M135 | 6:M6 M20 M28 M35 M56 M73 M90 M101 M109 M118 M130 M145 | 7:M26 M32 M34 M51 M75 M83 M93 M103 M112 M133 M138 M150 | 8:M1 M23 M50 M65 M78 M94 M100 M110 M114 M126 M141 M154 | 9:M7 M24 M30 M40 M47 M61 M74 M80 M91 M116 M131 M139 | 10:M5 M19 M38 M57 M58 M63 M71 M85 M98 M99 M106 M153 | 11:M36 M42 M55 M59 M66 M72 M86 M111 M115 M123 M134 M151 | 12:M14 M37 M41 M46 M53 M64 M82 M89 M107 M128 M140 M152 | 13:M12 M39 M48 M60 M62 M67 M81 M96 M108 M124 M142 M149 | 14:M10 M11 M45 M97 M127 M143 | 15:M18 M43 M44 M95 M122 M144 | 16:M92 M125 M148 | 17:M16 | 18:M13 | 19:M17 | 20:M15 | 21:,,"domain reduction: sessions, fixed meetings, forbidden slots | precedence domain propagation: fixed point over direct edges | full precedence closure: cycle detection and graph statistics only | (20),(22)-(27) exactly once over reduced domains | (19) participant atMost-one per slot | (46),(47) clustered table capacity with full channeling | (28) traditional pairwise precedence over direct E | usedSlot channeling + exact per-idle-slot break cost | (43) exactly |Mp| reduced usedSlot variables | (44) atMost 2|L| busy participants per slot | (45) exact even number of busy participants | exact unary internal-idle counts and range objective over P*",,,result,206405,,0,206405
table08,forum-13crafc.prec15,forum-13crafc.prec15,SAT,OPTIMAL,11.57091,86259,205076,0,0,205076,,peak_process_tree_rss_mb,multiple,staircase,direct,yes,imp12+,lexicographic_internal_idle_range_pstar_then_idle_max_then_idle_sum,lexicographic,1,1,58,58,58,"1,2,3,4,5,6,7,8,9,10,11,12,13,14,15,16,18,19,23,24,25,26,27,28,29,30,31,32,33,34,35,36,37,38,39,40,41,42,44,45,46,47,48,49,50,52,53,54,56,57,59,60,62,63,64,65,66,70",58,0,0,1,14,0,14,14,19,19,"1,1,1,1,1,1,1,1,1,1,1,1,1,1,1,1,0,1,1,0,0,0,1,1,1,1,1,1,1,1,1,1,1,1,1,1,1,1,1,1,1,1,0,1,1,1,1,1,1,1,0,1,1,1,0,1,1,0,1,1,0,1,1,1,1,1,0,0,0,1","10,14,20,24,24,24,24,24,24,24,24,24,24,12,10,2,0,0,0,0,0","13,7,6,11,12,5,9,4,10,15,5,9,8,6,2,3,4,1,10,12,13,8,7,9,9,10,6,4,8,10,3,7,5,5,9,11,12,7,10,6,13,11,14,14,15,1,4,3,4,8,9,5,3,1,10,6,2,13,11,12,9,4,10,13,12,15,14,7,3,11,8,13,9,12,6,5,4,13,6,9,10,11,8,3,5,12,4,2,14,10,15,9,11,7,12,5,6,13,11,13,9,12,7,8,5,2,11,3,8,7,4,10,6,5,8,7,4,1,6,3,2,6,11,13,12,7,14,8,2,3,5,4,10,11,8,2,1,6,12,10,4,15,5,16,7,14,3,13,9,8,11,13,12,7",1:M18 M46 M54 M118 M137 | 2:M15 M57 M88 M106 M121 M129 M136 | 3:M16 M31 M48 M53 M69 M84 M108 M120 M130 M147 | 4:M8 M17 M28 M47 M49 M62 M77 M87 M111 M117 M132 M141 | 5:M6 M11 M33 M34 M52 M76 M85 M96 M105 M114 M131 M143 | 6:M3 M14 M27 M40 M56 M75 M79 M97 M113 M119 M122 M138 | 7:M2 M23 M32 M38 M68 M94 M103 M110 M116 M126 M145 M154 | 8:M13 M22 M29 M50 M71 M83 M104 M109 M115 M128 M135 M150 | 9:M7 M12 M24 M25 M35 M51 M61 M73 M80 M92 M101 M149 | 10:M9 M19 M26 M30 M39 M55 M63 M81 M90 M112 M133 M140 | 11:M4 M36 M42 M59 M70 M82 M93 M99 M107 M123 M134 M151 | 12:M5 M20 M37 M60 M65 M74 M86 M95 M102 M125 M139 M153 | 13:M1 M21 M41 M58 M64 M72 M78 M98 M100 M124 M148 M152 | 14:M43 M44 M67 M89 M127 M146 | 15:M10 M45 M66 M91 M142 | 16:M144 | 17: | 18: | 19: | 20: | 21:,,"domain reduction: sessions, fixed meetings, forbidden slots | precedence domain propagation: fixed point over direct edges | full precedence closure: cycle detection and graph statistics only | (20),(22)-(27) exactly once over reduced domains | (19) participant atMost-one per slot | (46),(47) clustered table capacity with full channeling | (28) staircase/support precedence over reduced domains and direct E | usedSlot channeling + exact per-idle-slot break cost | (43) exactly |Mp| reduced usedSlot variables | (44) atMost 2|L| busy participants per slot | (45) exact even number of busy participants | exact unary internal-idle counts and range objective over P*",,,result,205076,,0,205076
table08,forum-14.prec15,forum-14.prec15,SAT,OPTIMAL,157.009547,144011,365925,0,0,365925,,peak_process_tree_rss_mb,multiple,traditional,direct,no,imp12+,lexicographic_internal_idle_range_pstar_then_idle_max_then_idle_sum,lexicographic,4,4,5,5,72,"1,2,3,4,5,6,8,9,11,12,14,17,19,20,21,22,23,24,25,26,27,28,29,30,31,32,33,34,35,36,37,38,39,40,41,42,43,44,45,46,47,48,49,50,51,52,53,54,55,56,57,58,59,60,61,62,63,64,65,66,67,68,69,70,71,72,73,74,75,76,77,78",5,4,4,4,53,3,53,56,20,20,"0,0,0,0,0,0,0,0,0,0,0,0,0,0,0,0,0,0,0,0,0,0,0,0,0,0,0,0,0,0,0,0,0,4,0,0,0,0,0,0,0,0,0,0,0,0,0,0,0,0,0,0,0,0,0,0,0,0,0,0,0,0,1,0,0,0,0,0,0,0,0,0,0,0,0,0,0,0","10,16,20,22,32,40,44,44,44,44,44,44,44,38,30,26,22,16,12,6,4,2","16,18,19,13,7,14,6,15,14,13,13,3,10,7,12,5,6,8,11,2,8,5,11,8,10,14,12,7,10,12,9,18,7,5,6,20,9,8,15,17,11,10,14,15,11,19,6,18,17,13,12,11,4,3,7,6,9,8,8,15,16,14,10,17,13,16,8,2,9,8,5,11,3,7,6,4,5,19,13,12,6,8,11,15,10,18,9,14,5,13,15,12,17,10,12,11,16,17,12,13,14,10,5,4,6,11,7,9,17,12,13,19,16,14,9,9,5,10,12,7,3,2,11,4,7,8,6,10,12,9,5,9,13,11,14,7,15,4,12,6,16,14,13,14,13,16,10,17,15,9,14,17,6,13,11,15,7,8,10,9,13,12,19,8,5,7,18,6,21,20,15,16,4,13,2,7,18,14,13,4,3,11,16,1,6,12,4,3,11,9,5,7,8,10,9,7,11,10,13,10,6,7,8,9,11,12,11,16,14,17,13,9,10,15,12,18,8,22,21,6,2,19,15,5,9,18,4,17,13,8,12,14,1,10,3,20,7,16,11,8,3,2,1,6,14,13,9,11,12,10,8,7,5,10,9,7,6,8,10,4,8,7,3,6,1,5,12,11,9,2,16,14,12,15,13,9,12,11,5,8,10,6,7,14,17,16,15,15,14,13,10,4,2,12,1,6,9,7,11,8,3,5",1:M184 M233 M243 M265 M295 | 2:M20 M68 M122 M175 M221 M242 M270 M293 | 3:M12 M54 M73 M121 M181 M188 M235 M241 M263 M301 | 4:M53 M76 M104 M124 M138 M173 M180 M187 M227 M260 M292 | 5:M16 M22 M34 M71 M77 M89 M103 M117 M131 M165 M191 M224 M253 M266 M279 M302 | 6:M7 M17 M35 M47 M56 M75 M81 M105 M127 M140 M153 M168 M185 M201 M220 M244 M257 M264 M282 M296 | 7:M5 M14 M28 M33 M55 M74 M107 M120 M125 M136 M157 M166 M176 M192 M196 M202 M237 M252 M256 M262 M283 M298 | 8:M18 M21 M24 M38 M58 M59 M67 M70 M82 M126 M158 M164 M193 M203 M217 M230 M240 M251 M258 M261 M280 M300 | 9:M31 M37 M57 M69 M87 M108 M115 M116 M130 M132 M150 M160 M190 M195 M204 M212 M225 M247 M255 M269 M276 M297 | 10:M13 M25 M29 M42 M63 M85 M94 M102 M118 M128 M147 M159 M194 M198 M200 M213 M234 M250 M254 M259 M281 M291 | 11:M19 M23 M41 M45 M52 M72 M83 M96 M106 M123 M134 M155 M182 M189 M197 M205 M207 M239 M248 M268 M278 M299 | 12:M15 M27 M30 M51 M80 M92 M95 M99 M110 M119 M129 M139 M162 M186 M206 M215 M231 M249 M267 M273 M277 M294 | 13:M4 M10 M11 M50 M65 M79 M90 M100 M111 M133 M143 M145 M154 M161 M174 M179 M199 M211 M229 M246 M275 M290 | 14:M6 M9 M26 M43 M62 M88 M101 M114 M135 M142 M144 M151 M178 M209 M232 M245 M272 M284 M289 | 15:M8 M39 M44 M60 M84 M91 M137 M149 M156 M171 M214 M223 M274 M287 M288 | 16:M1 M61 M66 M97 M113 M141 M146 M172 M183 M208 M238 M271 M286 | 17:M40 M49 M64 M93 M98 M109 M148 M152 M210 M228 M285 | 18:M2 M32 M48 M86 M167 M177 M216 M226 | 19:M3 M46 M78 M112 M163 M222 | 20:M36 M170 M236 | 21:M169 M219 | 22:M218,,"domain reduction: sessions, fixed meetings, forbidden slots | precedence domain propagation: fixed point over direct edges | full precedence closure: cycle detection and graph statistics only | (20),(22)-(27) exactly once over reduced domains | (19) participant atMost-one per slot | (46),(47) clustered table capacity with full channeling | (28) traditional pairwise precedence over direct E | usedSlot channeling + exact per-idle-slot break cost | (43) exactly |Mp| reduced usedSlot variables | (44) atMost 2|L| busy participants per slot | (45) exact even number of busy participants | exact unary internal-idle counts and range objective over P*",,,result,365925,,4,365925
table08,forum-14.prec15,forum-14.prec15,SAT,OPTIMAL,397.046347,144011,360807,0,0,360807,,peak_process_tree_rss_mb,multiple,staircase,direct,yes,imp12+,lexicographic_internal_idle_range_pstar_then_idle_max_then_idle_sum,lexicographic,4,4,5,5,72,"1,2,3,4,5,6,8,9,11,12,14,17,19,20,21,22,23,24,25,26,27,28,29,30,31,32,33,34,35,36,37,38,39,40,41,42,43,44,45,46,47,48,49,50,51,52,53,54,55,56,57,58,59,60,61,62,63,64,65,66,67,68,69,70,71,72,73,74,75,76,77,78",5,4,4,4,53,3,53,56,20,20,"0,0,0,0,0,0,0,0,0,0,0,0,0,0,0,0,0,0,0,0,0,0,0,0,0,0,0,0,0,0,0,0,0,4,0,0,0,0,0,0,0,0,0,0,0,0,0,0,0,0,0,0,0,0,0,0,0,0,0,0,0,0,1,0,0,0,0,0,0,0,0,0,0,0,0,0,0,0","10,14,20,30,38,38,44,44,44,44,44,44,40,40,30,24,18,14,10,8,4,2","11,16,8,13,6,11,7,15,13,14,13,10,5,6,7,4,1,8,11,3,8,5,11,10,7,13,12,6,8,13,12,18,5,8,6,20,13,7,15,16,9,10,14,14,12,19,5,18,15,6,13,11,5,4,6,10,7,9,14,13,19,16,18,14,7,17,15,6,13,9,14,12,7,11,10,12,5,18,14,11,7,9,20,19,8,10,13,8,6,15,16,14,9,17,12,11,17,18,15,14,13,9,13,12,7,11,8,14,12,10,15,13,11,16,8,6,12,8,9,5,4,3,11,4,9,8,7,11,10,5,6,5,14,11,16,13,17,7,6,4,12,14,9,13,14,12,10,18,17,9,5,10,4,12,14,13,3,10,9,12,14,5,15,9,3,7,19,6,21,20,10,16,12,8,15,5,11,8,10,1,13,2,9,4,6,12,8,9,11,14,7,10,15,16,7,5,10,9,9,8,4,2,3,6,5,7,10,17,14,16,12,8,9,13,15,11,7,22,16,8,3,7,20,1,21,18,5,17,9,4,14,13,2,11,10,19,6,15,12,4,4,3,2,4,9,6,2,5,10,7,3,8,7,12,10,11,9,8,7,9,3,8,6,5,2,10,1,12,11,4,12,15,11,14,13,11,12,8,4,10,7,6,5,14,17,16,15,16,17,15,10,6,3,11,1,7,8,9,12,4,2,5",1:M17 M180 M224 M267 M295 | 2:M182 M202 M233 M243 M247 M265 M301 | 3:M20 M122 M157 M165 M203 M221 M242 M251 M261 M293 | 4:M16 M54 M121 M124 M140 M153 M184 M201 M230 M240 M241 M244 M270 M279 M300 | 5:M13 M22 M33 M47 M53 M77 M120 M130 M132 M151 M162 M176 M196 M205 M227 M248 M264 M283 M302 | 6:M5 M14 M28 M35 M50 M55 M68 M89 M116 M131 M139 M168 M185 M204 M237 M246 M263 M282 M292 | 7:M7 M15 M25 M38 M57 M65 M73 M81 M105 M127 M138 M166 M191 M195 M206 M217 M222 M250 M253 M259 M281 M296 | 8:M3 M18 M21 M29 M34 M85 M88 M107 M115 M118 M126 M174 M178 M187 M200 M212 M220 M252 M258 M262 M278 M297 | 9:M41 M58 M70 M82 M93 M102 M119 M125 M143 M150 M159 M164 M183 M188 M198 M199 M213 M229 M245 M257 M260 M298 | 10:M12 M24 M42 M56 M75 M86 M110 M129 M147 M152 M158 M171 M179 M192 M197 M207 M235 M249 M255 M266 M280 M291 | 11:M1 M6 M19 M23 M52 M74 M80 M96 M106 M113 M123 M128 M134 M177 M189 M216 M234 M256 M269 M273 M276 M294 | 12:M27 M31 M45 M72 M76 M95 M104 M109 M117 M141 M146 M154 M160 M173 M186 M211 M239 M254 M268 M271 M277 M299 | 13:M4 M9 M11 M26 M30 M37 M51 M60 M69 M87 M101 M103 M112 M136 M144 M156 M181 M214 M232 M275 | 14:M10 M43 M44 M59 M64 M71 M79 M92 M100 M108 M133 M142 M145 M155 M161 M190 M209 M231 M274 M284 | 15:M8 M39 M49 M67 M90 M99 M111 M163 M175 M193 M215 M238 M272 M287 M290 | 16:M2 M40 M62 M91 M114 M135 M172 M194 M210 M219 M286 M288 | 17:M66 M94 M97 M137 M149 M208 M228 M285 M289 | 18:M32 M48 M63 M78 M98 M148 M226 | 19:M46 M61 M84 M167 M236 | 20:M36 M83 M170 M223 | 21:M169 M225 | 22:M218,,"domain reduction: sessions, fixed meetings, forbidden slots | precedence domain propagation: fixed point over direct edges | full precedence closure: cycle detection and graph statistics only | (20),(22)-(27) exactly once over reduced domains | (19) participant atMost-one per slot | (46),(47) clustered table capacity with full channeling | (28) staircase/support precedence over reduced domains and direct E | usedSlot channeling + exact per-idle-slot break cost | (43) exactly |Mp| reduced usedSlot variables | (44) atMost 2|L| busy participants per slot | (45) exact even number of busy participants | exact unary internal-idle counts and range objective over P*",,,result,360807,,4,360807
table08,forumt-14.prec15,forumt-14.prec15,SAT,OPTIMAL,1.850169,26456,76182,0,0,76182,,peak_process_tree_rss_mb,multiple,traditional,direct,no,imp12+,lexicographic_internal_idle_range_pstar_then_idle_max_then_idle_sum,lexicographic,2,2,10,10,59,"1,2,3,4,5,6,7,8,9,10,11,12,13,14,15,16,17,18,20,21,22,23,24,25,26,27,28,29,30,31,32,33,34,35,36,37,38,39,40,41,42,43,44,45,46,47,48,49,50,51,52,53,54,55,56,57,58,59,60",10,2,2,2,44,6,44,54,7,7,"0,0,0,0,2,0,0,0,0,0,0,0,0,0,0,0,2,2,0,0,0,0,0,0,0,0,0,0,0,0,0,0,0,0,0,0,0,0,0,0,0,0,0,0,0,0,0,0,0,0,0,0,0,0,2,0,2,0,0,0","44,50,54,54,52,48,48,46,42,36","2,1,3,4,5,10,9,7,3,1,1,6,7,8,2,3,5,9,1,2,10,6,3,1,6,4,7,2,2,1,2,4,9,10,3,2,8,4,10,1,6,2,7,4,9,5,10,4,1,5,2,10,3,10,1,4,7,6,2,8,5,9,5,6,1,3,2,8,4,7,6,8,9,4,2,1,3,2,4,6,5,9,10,1,8,7,7,9,10,8,5,6,6,4,2,8,7,5,5,3,8,7,1,10,4,4,3,1,7,9,6,10,5,6,10,3,9,4,5,8,7,5,7,8,6,8,2,5,3,7,9,3,1,6,8,9,3,7,10,5,2,5,6,3,9,8,6,10,7,4,9,7,2,3,10,6,5,1,4,8,9,10,2,7,3,1,5,8,4,4,8,9,7,2,6,8,3,5,7,4,3,4,3,2,9,8,6,2,3,5,1,4,6,9,6,4,2,10,3,5,3,9,10,5,8,7,1,4,2,3,8,6,7,9,5,5,2,4,1,5,3,2,1,7,6,9,4,8,6,4,3,8,7,1,4,3,5",1:M2 M10 M11 M19 M24 M30 M40 M49 M55 M65 M76 M84 M103 M108 M133 M158 M166 M191 M207 M219 M223 M234 | 2:M1 M15 M20 M28 M29 M31 M36 M42 M51 M59 M67 M75 M78 M95 M127 M141 M153 M163 M174 M184 M188 M197 M209 M217 M222 | 3:M3 M9 M16 M23 M35 M53 M66 M77 M100 M107 M116 M129 M132 M137 M144 M154 M165 M177 M181 M183 M189 M199 M201 M210 M221 M231 M236 | 4:M4 M26 M32 M38 M44 M48 M56 M69 M74 M79 M94 M105 M106 M118 M150 M159 M169 M170 M180 M182 M192 M196 M208 M218 M227 M230 M235 | 5:M5 M17 M46 M50 M61 M63 M81 M91 M98 M99 M113 M119 M122 M128 M140 M142 M157 M167 M178 M190 M200 M204 M215 M216 M220 M237 | 6:M12 M22 M25 M41 M58 M64 M71 M80 M92 M93 M111 M114 M125 M134 M143 M147 M156 M175 M187 M193 M195 M212 M225 M229 | 7:M8 M13 M27 M43 M57 M70 M86 M87 M97 M102 M109 M121 M123 M130 M138 M149 M152 M164 M173 M179 M206 M213 M224 M233 | 8:M14 M37 M60 M68 M72 M85 M90 M96 M101 M120 M124 M126 M135 M146 M160 M168 M171 M176 M186 M205 M211 M228 M232 | 9:M7 M18 M33 M45 M62 M73 M82 M88 M110 M117 M131 M136 M145 M151 M161 M172 M185 M194 M202 M214 M226 | 10:M6 M21 M34 M39 M47 M52 M54 M83 M89 M104 M112 M115 M139 M148 M155 M162 M198 M203,,"domain reduction: sessions, fixed meetings, forbidden slots | precedence domain propagation: fixed point over direct edges | full precedence closure: cycle detection and graph statistics only | (20),(22)-(27) exactly once over reduced domains | (19) participant atMost-one per slot | (46),(47) clustered table capacity with full channeling | (28) traditional pairwise precedence over direct E | usedSlot channeling + exact per-idle-slot break cost | (43) exactly |Mp| reduced usedSlot variables | (44) atMost 2|L| busy participants per slot | (45) exact even number of busy participants | exact unary internal-idle counts and range objective over P*",,,result,76182,,2,76182
table08,forumt-14.prec15,forumt-14.prec15,SAT,OPTIMAL,1.759799,26456,75225,0,0,75225,,peak_process_tree_rss_mb,multiple,staircase,direct,yes,imp12+,lexicographic_internal_idle_range_pstar_then_idle_max_then_idle_sum,lexicographic,2,2,10,10,59,"1,2,3,4,5,6,7,8,9,10,11,12,13,14,15,16,17,18,20,21,22,23,24,25,26,27,28,29,30,31,32,33,34,35,36,37,38,39,40,41,42,43,44,45,46,47,48,49,50,51,52,53,54,55,56,57,58,59,60",10,2,2,2,44,6,44,54,7,7,"0,0,0,0,2,0,0,0,0,0,0,0,0,0,0,0,2,2,0,0,0,0,0,0,0,0,0,0,0,0,0,0,0,0,0,0,0,0,0,0,0,0,0,0,0,0,0,0,0,0,0,0,0,0,2,0,2,0,0,0","40,44,48,54,52,52,52,48,46,38","4,9,1,8,6,10,5,3,10,5,8,5,9,1,2,6,3,4,7,4,7,5,1,10,7,9,8,6,4,6,7,6,5,8,3,2,10,7,10,1,1,8,2,5,7,6,10,1,2,4,7,8,6,8,1,6,4,3,5,2,9,1,3,9,4,6,5,7,8,2,10,6,9,8,7,5,6,7,4,5,9,2,10,1,3,8,7,5,9,4,6,8,8,7,4,6,10,9,2,3,6,7,4,1,9,6,8,9,3,9,10,5,4,10,7,1,8,5,3,2,9,3,7,2,6,2,3,5,4,7,3,4,8,2,7,10,3,9,1,6,5,4,2,3,9,8,8,5,10,4,2,1,6,3,4,5,9,10,7,8,9,2,4,6,8,3,10,7,1,2,3,9,7,6,8,3,4,7,2,7,8,6,5,8,9,2,4,6,3,2,1,5,4,10,4,7,1,9,3,5,10,9,10,4,5,1,6,8,3,7,7,6,5,9,4,5,2,3,1,8,3,4,5,2,10,7,9,6,4,6,2,5,1,1,3,5,4",1:M3 M14 M23 M40 M41 M48 M55 M62 M84 M104 M116 M139 M152 M169 M191 M197 M206 M219 M233 M234 | 2:M15 M36 M43 M49 M60 M70 M82 M99 M120 M124 M126 M134 M143 M151 M162 M170 M179 M186 M190 M217 M224 M231 | 3:M8 M17 M35 M58 M63 M85 M100 M109 M119 M122 M127 M131 M137 M144 M154 M166 M171 M176 M189 M199 M209 M218 M221 M235 | 4:M1 M18 M20 M29 M50 M57 M65 M79 M90 M95 M103 M113 M129 M132 M142 M150 M155 M163 M177 M187 M193 M195 M204 M215 M222 M229 M237 | 5:M7 M10 M12 M22 M33 M44 M59 M67 M76 M80 M88 M112 M118 M128 M141 M148 M156 M183 M192 M200 M205 M213 M216 M223 M232 M236 | 6:M5 M16 M28 M30 M32 M46 M53 M56 M66 M72 M77 M91 M96 M101 M106 M125 M140 M153 M164 M174 M182 M188 M207 M212 M228 M230 | 7:M19 M21 M25 M31 M38 M45 M51 M68 M75 M78 M87 M94 M102 M115 M123 M130 M135 M159 M168 M173 M178 M180 M196 M210 M211 M226 | 8:M4 M11 M27 M34 M42 M52 M54 M69 M74 M86 M92 M93 M107 M117 M133 M146 M147 M160 M165 M175 M181 M184 M208 M220 | 9:M2 M13 M26 M61 M64 M73 M81 M89 M98 M105 M108 M110 M121 M138 M145 M157 M161 M172 M185 M198 M202 M214 M227 | 10:M6 M9 M24 M37 M39 M47 M71 M83 M97 M111 M114 M136 M149 M158 M167 M194 M201 M203 M225,,"domain reduction: sessions, fixed meetings, forbidden slots | precedence domain propagation: fixed point over direct edges | full precedence closure: cycle detection and graph statistics only | (20),(22)-(27) exactly once over reduced domains | (19) participant atMost-one per slot | (46),(47) clustered table capacity with full channeling | (28) staircase/support precedence over reduced domains and direct E | usedSlot channeling + exact per-idle-slot break cost | (43) exactly |Mp| reduced usedSlot variables | (44) atMost 2|L| busy participants per slot | (45) exact even number of busy participants | exact unary internal-idle counts and range objective over P*",,,result,75225,,2,75225
table08,forumt-14.prec25,forumt-14.prec25,SAT,OPTIMAL,3.494815,26110,73709,0,0,73709,,peak_process_tree_rss_mb,multiple,traditional,direct,no,imp12+,lexicographic_internal_idle_range_pstar_then_idle_max_then_idle_sum,lexicographic,2,2,10,10,59,"1,2,3,4,5,6,7,8,9,10,11,12,13,14,15,16,17,18,20,21,22,23,24,25,26,27,28,29,30,31,32,33,34,35,36,37,38,39,40,41,42,43,44,45,46,47,48,49,50,51,52,53,54,55,56,57,58,59,60",10,2,2,2,93,38,93,145,7,7,"0,0,0,0,2,0,0,0,0,0,0,0,0,0,0,0,2,2,0,0,0,0,0,0,0,0,0,0,0,0,0,0,0,0,0,0,0,0,0,0,0,0,0,0,0,0,0,0,0,0,0,0,0,0,2,0,2,0,0,0","40,46,50,54,52,50,52,50,44,36","3,8,4,10,9,7,5,2,3,1,1,7,3,4,5,6,8,9,5,8,4,2,6,1,3,7,4,5,5,6,1,10,3,4,9,1,2,7,6,1,8,7,6,5,3,2,10,10,7,3,9,2,6,9,10,8,4,5,6,7,2,4,1,8,2,9,3,6,5,7,8,9,10,2,3,1,3,7,2,8,6,1,9,4,5,10,7,6,8,4,5,9,6,5,2,7,3,8,5,4,1,2,8,6,9,8,10,9,7,8,9,10,3,10,6,3,4,8,7,9,1,4,6,8,6,4,8,5,9,7,5,7,10,7,6,3,1,4,8,9,5,4,1,2,10,3,2,3,5,4,4,2,7,8,5,1,9,10,3,6,3,5,9,4,1,10,6,8,2,2,6,7,10,1,6,5,3,2,9,4,5,5,4,8,7,9,4,5,3,7,6,8,7,8,7,2,1,6,10,5,7,6,10,2,9,3,4,5,8,1,4,7,9,1,8,2,1,4,3,3,9,2,6,4,8,5,7,10,6,7,3,4,2,2,4,5,3",1:M10 M11 M24 M31 M36 M40 M63 M76 M82 M101 M121 M137 M143 M156 M165 M174 M197 M210 M214 M217 | 2:M8 M22 M37 M46 M52 M61 M65 M74 M79 M95 M102 M144 M147 M152 M169 M170 M178 M196 M204 M216 M222 M233 M234 | 3:M1 M9 M13 M25 M33 M45 M50 M67 M75 M77 M97 M113 M116 M136 M146 M148 M159 M161 M177 M189 M206 M219 M220 M231 M237 | 4:M3 M14 M21 M27 M34 M57 M62 M84 M90 M100 M117 M122 M126 M138 M142 M150 M151 M164 M180 M183 M187 M207 M211 M218 M224 M232 M235 | 5:M7 M15 M19 M28 M29 M44 M58 M69 M85 M91 M94 M99 M128 M131 M141 M149 M155 M162 M176 M181 M182 M188 M200 M208 M226 M236 | 6:M16 M23 M30 M39 M43 M53 M59 M68 M81 M88 M93 M104 M115 M123 M125 M135 M160 M167 M171 M175 M191 M198 M202 M223 M229 | 7:M6 M12 M26 M38 M42 M49 M60 M70 M78 M87 M96 M109 M119 M130 M132 M134 M153 M172 M185 M190 M193 M195 M201 M212 M227 M230 | 8:M2 M17 M20 M41 M56 M64 M71 M80 M89 M98 M103 M106 M110 M118 M124 M127 M139 M154 M168 M184 M192 M194 M209 M215 M225 | 9:M5 M18 M35 M51 M54 M66 M72 M83 M92 M105 M108 M111 M120 M129 M140 M157 M163 M179 M186 M205 M213 M221 | 10:M4 M32 M47 M48 M55 M73 M86 M107 M112 M114 M133 M145 M158 M166 M173 M199 M203 M228,,"domain reduction: sessions, fixed meetings, forbidden slots | precedence domain propagation: fixed point over direct edges | full precedence closure: cycle detection and graph statistics only | (20),(22)-(27) exactly once over reduced domains | (19) participant atMost-one per slot | (46),(47) clustered table capacity with full channeling | (28) traditional pairwise precedence over direct E | usedSlot channeling + exact per-idle-slot break cost | (43) exactly |Mp| reduced usedSlot variables | (44) atMost 2|L| busy participants per slot | (45) exact even number of busy participants | exact unary internal-idle counts and range objective over P*",,,result,73709,,2,73709
table08,forumt-14.prec25,forumt-14.prec25,SAT,OPTIMAL,3.238365,26110,72185,0,0,72185,,peak_process_tree_rss_mb,multiple,staircase,direct,yes,imp12+,lexicographic_internal_idle_range_pstar_then_idle_max_then_idle_sum,lexicographic,2,2,10,10,59,"1,2,3,4,5,6,7,8,9,10,11,12,13,14,15,16,17,18,20,21,22,23,24,25,26,27,28,29,30,31,32,33,34,35,36,37,38,39,40,41,42,43,44,45,46,47,48,49,50,51,52,53,54,55,56,57,58,59,60",10,2,2,2,93,38,93,145,7,7,"0,0,0,0,2,0,0,0,0,0,0,0,0,0,0,0,2,2,0,0,0,0,0,0,0,0,0,0,0,0,0,0,0,0,0,0,0,0,0,0,0,0,0,0,0,0,0,0,0,0,0,0,0,0,2,0,2,0,0,0","38,42,44,50,52,54,54,52,46,42","8,9,3,5,7,6,4,2,5,6,2,7,8,10,6,5,4,9,6,10,8,9,6,10,5,1,2,6,3,8,8,7,1,4,7,1,2,4,8,1,9,8,7,4,2,5,10,2,6,4,3,8,5,10,7,2,3,6,4,9,8,2,5,3,1,9,6,4,8,7,9,8,2,4,1,5,5,4,3,7,6,1,8,2,10,9,5,3,4,1,2,6,1,6,4,3,2,7,4,6,5,3,9,7,10,2,1,3,3,10,7,9,4,2,7,6,3,9,10,4,5,5,6,7,10,7,6,4,9,8,3,8,1,2,10,5,6,9,8,7,4,3,1,6,9,10,8,4,6,7,8,3,5,2,6,1,10,9,4,7,9,3,8,5,1,10,2,6,4,9,7,10,1,1,7,5,3,4,8,7,8,7,5,8,6,2,5,8,6,9,7,10,8,7,6,3,2,5,9,1,9,10,9,7,5,3,4,8,6,1,6,10,4,5,1,5,7,3,10,4,9,8,7,2,3,6,10,5,9,7,8,5,10,5,2,3,4",1:M26 M33 M36 M40 M65 M75 M82 M90 M93 M107 M133 M143 M156 M165 M173 M174 M200 M210 M215 | 2:M8 M11 M27 M37 M45 M48 M56 M62 M73 M84 M91 M97 M106 M114 M134 M154 M167 M186 M197 M224 M235 | 3:M3 M29 M51 M57 M64 M79 M88 M96 M102 M108 M109 M117 M131 M142 M152 M162 M177 M196 M206 M218 M225 M236 | 4:M7 M17 M34 M38 M44 M50 M59 M68 M74 M78 M89 M95 M99 M113 M120 M128 M141 M148 M159 M169 M178 M207 M213 M220 M237 | 5:M4 M9 M16 M25 M46 M53 M63 M76 M77 M87 M101 M121 M122 M136 M153 M164 M176 M183 M187 M198 M205 M214 M216 M228 M232 M234 | 6:M6 M10 M15 M19 M23 M28 M49 M58 M67 M81 M92 M94 M100 M116 M123 M127 M137 M144 M149 M155 M168 M185 M189 M195 M209 M211 M226 | 7:M5 M12 M32 M35 M43 M55 M70 M80 M98 M104 M111 M115 M124 M126 M140 M150 M160 M171 M175 M180 M182 M191 M194 M204 M217 M223 M230 | 8:M1 M13 M21 M30 M31 M39 M42 M52 M61 M69 M72 M83 M130 M132 M139 M147 M151 M163 M179 M181 M184 M188 M193 M208 M222 M231 | 9:M2 M18 M22 M41 M60 M66 M71 M86 M103 M112 M118 M129 M138 M145 M158 M161 M170 M190 M199 M201 M203 M221 M229 | 10:M14 M20 M24 M47 M54 M85 M105 M110 M119 M125 M135 M146 M157 M166 M172 M192 M202 M212 M219 M227 M233,,"domain reduction: sessions, fixed meetings, forbidden slots | precedence domain propagation: fixed point over direct edges | full precedence closure: cycle detection and graph statistics only | (20),(22)-(27) exactly once over reduced domains | (19) participant atMost-one per slot | (46),(47) clustered table capacity with full channeling | (28) staircase/support precedence over reduced domains and direct E | usedSlot channeling + exact per-idle-slot break cost | (43) exactly |Mp| reduced usedSlot variables | (44) atMost 2|L| busy participants per slot | (45) exact even number of busy participants | exact unary internal-idle counts and range objective over P*",,,result,72185,,2,72185
table08,forumt-14crafc.prec15,forumt-14crafc.prec15,SAT,OPTIMAL,3.045584,26702,76714,0,0,76714,,peak_process_tree_rss_mb,multiple,traditional,direct,no,imp12+,lexicographic_internal_idle_range_pstar_then_idle_max_then_idle_sum,lexicographic,2,2,10,10,59,"1,2,3,4,5,6,7,8,9,10,11,12,13,14,15,16,17,18,20,21,22,23,24,25,26,27,28,29,30,31,32,33,34,35,36,37,38,39,40,41,42,43,44,45,46,47,48,49,50,51,52,53,54,55,56,57,58,59,60",10,2,2,2,44,6,44,54,7,7,"0,0,0,0,2,0,0,0,0,0,0,0,0,0,0,0,2,2,0,0,0,0,0,0,0,0,0,0,0,0,0,0,0,0,0,0,0,0,0,0,0,0,0,0,0,0,0,0,0,0,0,0,0,0,2,0,2,0,0,0","48,48,48,50,50,48,50,46,46,40","1,2,3,4,5,10,9,7,1,1,1,3,4,5,6,7,2,8,1,1,9,2,4,1,10,3,4,5,6,3,10,3,1,8,7,1,3,8,10,5,2,9,1,7,6,3,4,8,2,4,3,9,6,10,8,6,4,5,2,9,3,2,3,9,6,10,8,7,1,5,4,9,7,6,8,2,4,7,1,6,3,2,10,9,5,8,5,7,10,8,6,9,6,4,5,9,7,10,6,4,10,7,2,5,3,8,9,10,9,8,5,4,3,8,7,1,9,4,10,2,3,6,5,8,1,7,3,6,5,2,5,1,6,2,8,7,5,10,9,4,3,2,6,7,1,4,8,2,6,4,9,10,2,1,5,7,3,6,4,8,10,4,7,5,8,9,6,1,2,3,4,9,5,3,7,4,5,6,2,2,1,3,8,1,2,7,7,5,6,10,9,8,9,1,5,9,7,10,6,8,2,9,10,8,5,4,3,7,6,1,10,7,4,8,9,2,7,4,1,8,5,3,2,9,10,4,6,7,5,6,1,3,7,5,4,2,3",1:M1 M9 M10 M11 M19 M20 M24 M33 M36 M43 M69 M79 M116 M125 M132 M145 M154 M168 M181 M184 M194 M210 M219 M231 | 2:M2 M17 M22 M41 M49 M59 M62 M76 M82 M103 M120 M130 M134 M142 M148 M153 M169 M179 M180 M185 M201 M216 M223 M236 | 3:M3 M12 M26 M30 M32 M37 M46 M51 M61 M63 M81 M105 M113 M121 M127 M141 M157 M170 M174 M182 M207 M222 M232 M237 | 4:M4 M13 M23 M27 M47 M50 M57 M71 M77 M94 M100 M112 M118 M140 M146 M150 M159 M162 M171 M176 M206 M213 M218 M226 M235 | 5:M5 M14 M28 M40 M58 M70 M85 M87 M95 M104 M111 M123 M129 M131 M137 M155 M164 M173 M177 M188 M195 M205 M221 M229 M234 | 6:M15 M29 M45 M53 M56 M65 M74 M80 M91 M93 M99 M122 M128 M133 M143 M149 M158 M167 M178 M189 M199 M209 M227 M230 | 7:M8 M16 M35 M44 M68 M73 M78 M88 M97 M102 M115 M126 M136 M144 M156 M163 M175 M186 M187 M197 M208 M212 M217 M228 M233 | 8:M18 M34 M38 M48 M55 M67 M75 M86 M90 M106 M110 M114 M124 M135 M147 M160 M165 M183 M192 M200 M204 M214 M220 | 9:M7 M21 M42 M52 M60 M64 M72 M84 M92 M96 M107 M109 M117 M139 M151 M166 M172 M191 M193 M196 M202 M215 M224 | 10:M6 M25 M31 M39 M54 M66 M83 M89 M98 M101 M108 M119 M138 M152 M161 M190 M198 M203 M211 M225,,"domain reduction: sessions, fixed meetings, forbidden slots | precedence domain propagation: fixed point over direct edges | full precedence closure: cycle detection and graph statistics only | (20),(22)-(27) exactly once over reduced domains | (19) participant atMost-one per slot | (46),(47) clustered table capacity with full channeling | (28) traditional pairwise precedence over direct E | usedSlot channeling + exact per-idle-slot break cost | (43) exactly |Mp| reduced usedSlot variables | (44) atMost 2|L| busy participants per slot | (45) exact even number of busy participants | exact unary internal-idle counts and range objective over P*",,,result,76714,,2,76714
table08,forumt-14crafc.prec15,forumt-14crafc.prec15,SAT,OPTIMAL,2.667175,26702,75757,0,0,75757,,peak_process_tree_rss_mb,multiple,staircase,direct,yes,imp12+,lexicographic_internal_idle_range_pstar_then_idle_max_then_idle_sum,lexicographic,2,2,10,10,59,"1,2,3,4,5,6,7,8,9,10,11,12,13,14,15,16,17,18,20,21,22,23,24,25,26,27,28,29,30,31,32,33,34,35,36,37,38,39,40,41,42,43,44,45,46,47,48,49,50,51,52,53,54,55,56,57,58,59,60",10,2,2,2,44,6,44,54,7,7,"0,0,0,0,2,0,0,0,0,0,0,0,0,0,0,0,2,2,0,0,0,0,0,0,0,0,0,0,0,0,0,0,0,0,0,0,0,0,0,0,0,0,0,0,0,0,0,0,0,0,0,0,0,0,2,0,2,0,0,0","48,48,48,50,50,48,50,48,46,38","1,2,3,4,5,7,6,8,1,1,1,3,4,5,6,7,2,8,1,1,9,2,4,1,3,4,6,5,2,3,2,3,1,4,2,1,3,7,4,7,2,10,1,5,6,3,7,5,7,6,9,10,1,9,1,2,6,5,4,8,3,9,4,6,5,10,2,3,1,8,4,7,5,10,9,8,4,7,2,5,3,6,9,10,8,1,5,9,7,8,6,10,10,4,8,5,7,9,5,4,3,6,8,7,9,8,10,9,7,6,2,4,8,2,10,1,9,7,6,8,3,7,6,9,6,5,7,10,8,9,8,9,5,6,9,7,4,3,10,8,1,3,10,7,6,4,4,10,8,3,8,9,3,1,2,4,7,10,6,5,7,8,5,4,6,2,10,9,1,2,7,10,3,4,5,9,2,1,8,2,1,3,6,8,9,5,5,4,1,6,2,3,8,2,3,9,5,10,7,6,7,5,9,2,8,4,1,3,7,10,5,6,8,9,4,2,2,4,1,7,5,3,8,6,9,4,10,2,7,6,1,3,5,3,5,4,2",1:M1 M9 M10 M11 M19 M20 M24 M33 M36 M43 M53 M55 M69 M86 M116 M141 M154 M169 M178 M181 M189 M207 M219 M231 | 2:M2 M17 M22 M29 M31 M35 M41 M56 M67 M79 M111 M114 M155 M166 M170 M177 M180 M191 M194 M204 M216 M217 M228 M237 | 3:M3 M12 M25 M30 M32 M37 M46 M61 M68 M81 M101 M121 M138 M142 M150 M153 M173 M182 M192 M195 M208 M222 M232 M234 | 4:M4 M13 M23 M26 M34 M39 M59 M63 M71 M77 M94 M100 M112 M137 M146 M147 M156 M164 M174 M188 M206 M215 M218 M226 M236 | 5:M5 M14 M28 M44 M48 M58 M65 M73 M80 M87 M96 M99 M126 M133 M160 M163 M175 M186 M187 M197 M202 M211 M221 M233 M235 | 6:M7 M15 M27 M45 M50 M57 M64 M82 M91 M102 M110 M119 M123 M125 M134 M145 M159 M165 M183 M190 M200 M212 M224 M230 | 7:M6 M16 M38 M40 M47 M49 M72 M78 M89 M97 M104 M109 M118 M122 M127 M136 M144 M157 M161 M171 M199 M201 M209 M220 M229 | 8:M8 M18 M60 M70 M76 M85 M90 M95 M103 M106 M113 M120 M129 M131 M140 M149 M151 M162 M179 M184 M193 M205 M213 M223 | 9:M21 M51 M54 M62 M75 M83 M88 M98 M105 M108 M117 M124 M130 M132 M135 M152 M168 M176 M185 M196 M203 M214 M225 | 10:M42 M52 M66 M74 M84 M92 M93 M107 M115 M128 M139 M143 M148 M158 M167 M172 M198 M210 M227,,"domain reduction: sessions, fixed meetings, forbidden slots | precedence domain propagation: fixed point over direct edges | full precedence closure: cycle detection and graph statistics only | (20),(22)-(27) exactly once over reduced domains | (19) participant atMost-one per slot | (46),(47) clustered table capacity with full channeling | (28) staircase/support precedence over reduced domains and direct E | usedSlot channeling + exact per-idle-slot break cost | (43) exactly |Mp| reduced usedSlot variables | (44) atMost 2|L| busy participants per slot | (45) exact even number of busy participants | exact unary internal-idle counts and range objective over P*",,,result,75757,,2,75757
table08,forumt-14crafc.prec25,forumt-14crafc.prec25,SAT,OPTIMAL,7.222467,26366,74261,0,0,74261,,peak_process_tree_rss_mb,multiple,traditional,direct,no,imp12+,lexicographic_internal_idle_range_pstar_then_idle_max_then_idle_sum,lexicographic,2,2,10,10,59,"1,2,3,4,5,6,7,8,9,10,11,12,13,14,15,16,17,18,20,21,22,23,24,25,26,27,28,29,30,31,32,33,34,35,36,37,38,39,40,41,42,43,44,45,46,47,48,49,50,51,52,53,54,55,56,57,58,59,60",10,2,2,2,93,38,93,145,7,7,"0,0,0,0,2,0,0,0,0,0,0,0,0,0,0,0,2,2,0,0,0,0,0,0,0,0,0,0,0,0,0,0,0,0,0,0,0,0,0,0,0,0,0,0,0,0,0,0,0,0,0,0,0,0,2,0,2,0,0,0","46,50,50,50,50,50,50,46,42,40","3,5,4,6,7,9,8,2,3,1,8,4,3,9,7,5,6,10,5,10,9,6,7,4,2,7,1,3,6,1,6,10,2,9,8,1,2,4,6,4,2,8,7,5,4,3,9,9,4,10,1,6,3,7,10,5,9,3,2,6,4,2,4,8,1,10,5,3,6,7,9,10,8,3,1,2,2,9,7,4,1,5,6,3,8,10,7,5,9,6,10,8,6,4,1,5,2,7,4,5,3,1,9,7,6,8,7,10,4,8,9,10,6,10,8,4,7,9,5,6,2,7,6,8,5,3,8,2,7,4,4,7,6,3,10,8,1,2,9,5,4,2,1,3,10,9,10,3,7,5,4,5,1,2,6,7,10,9,3,8,6,7,8,5,2,10,3,9,1,5,6,7,1,8,2,5,1,6,7,3,2,4,3,8,9,5,1,3,2,6,5,4,9,5,10,2,1,3,8,6,7,8,9,10,5,2,4,7,6,1,5,10,1,4,8,2,1,3,8,8,1,4,6,2,3,5,7,9,7,3,2,4,1,3,4,2,5",1:M10 M27 M30 M36 M51 M65 M75 M81 M95 M102 M137 M143 M153 M169 M173 M177 M187 M197 M210 M213 M217 M221 M233 | 2:M8 M25 M33 M37 M41 M59 M62 M76 M77 M97 M121 M128 M138 M142 M154 M165 M175 M181 M189 M196 M206 M216 M224 M231 M236 | 3:M1 M9 M13 M28 M46 M53 M58 M68 M74 M84 M101 M126 M134 M144 M148 M159 M167 M180 M183 M188 M198 M218 M225 M230 M234 | 4:M3 M12 M24 M38 M40 M45 M49 M61 M63 M80 M94 M99 M109 M116 M130 M131 M141 M151 M182 M192 M207 M214 M222 M232 M235 | 5:M2 M16 M19 M44 M56 M67 M82 M88 M96 M100 M119 M125 M140 M150 M152 M164 M170 M176 M186 M191 M194 M205 M211 M226 M237 | 6:M4 M17 M22 M29 M31 M39 M52 M60 M69 M83 M90 M93 M105 M113 M120 M123 M133 M155 M161 M171 M178 M190 M200 M209 M223 | 7:M5 M15 M23 M26 M43 M54 M70 M79 M87 M98 M104 M107 M117 M122 M129 M132 M149 M156 M162 M172 M179 M201 M208 M227 M229 | 8:M7 M11 M35 M42 M64 M73 M85 M92 M106 M110 M115 M124 M127 M136 M160 M163 M174 M184 M199 M202 M215 M219 M220 | 9:M6 M14 M21 M34 M47 M48 M57 M71 M78 M89 M103 M111 M118 M139 M146 M158 M168 M185 M193 M203 M228 | 10:M18 M20 M32 M50 M55 M66 M72 M86 M91 M108 M112 M114 M135 M145 M147 M157 M166 M195 M204 M212,,"domain reduction: sessions, fixed meetings, forbidden slots | precedence domain propagation: fixed point over direct edges | full precedence closure: cycle detection and graph statistics only | (20),(22)-(27) exactly once over reduced domains | (19) participant atMost-one per slot | (46),(47) clustered table capacity with full channeling | (28) traditional pairwise precedence over direct E | usedSlot channeling + exact per-idle-slot break cost | (43) exactly |Mp| reduced usedSlot variables | (44) atMost 2|L| busy participants per slot | (45) exact even number of busy participants | exact unary internal-idle counts and range objective over P*",,,result,74261,,2,74261
table08,forumt-14crafc.prec25,forumt-14crafc.prec25,SAT,OPTIMAL,3.111162,26366,72737,0,0,72737,,peak_process_tree_rss_mb,multiple,staircase,direct,yes,imp12+,lexicographic_internal_idle_range_pstar_then_idle_max_then_idle_sum,lexicographic,2,2,10,10,59,"1,2,3,4,5,6,7,8,9,10,11,12,13,14,15,16,17,18,20,21,22,23,24,25,26,27,28,29,30,31,32,33,34,35,36,37,38,39,40,41,42,43,44,45,46,47,48,49,50,51,52,53,54,55,56,57,58,59,60",10,2,2,2,93,38,93,145,7,7,"0,0,0,0,2,0,0,0,0,0,0,0,0,0,0,0,2,2,0,0,0,0,0,0,0,0,0,0,0,0,0,0,0,0,0,0,0,0,0,0,0,0,0,0,0,0,0,0,0,0,0,0,0,0,2,0,2,0,0,0","44,48,48,50,50,50,50,48,46,40","3,5,4,6,7,9,8,2,3,1,1,3,4,5,9,7,6,8,5,4,3,9,5,1,2,5,3,6,4,6,9,7,2,1,8,2,3,1,4,5,10,4,3,7,6,2,9,2,6,8,1,3,5,10,8,7,2,4,6,9,3,2,7,3,1,10,4,6,5,8,9,10,7,1,8,5,2,9,3,5,1,8,6,4,10,7,8,7,9,5,6,10,6,3,1,4,2,7,5,1,3,6,9,7,8,7,10,8,6,7,8,9,3,10,8,3,7,5,6,9,2,5,6,8,5,4,9,8,10,7,7,10,2,7,10,5,1,4,8,6,9,2,1,3,10,4,7,2,4,8,4,10,3,6,2,9,1,8,5,7,5,7,8,2,1,10,4,9,6,4,7,9,10,1,7,5,3,2,8,3,2,4,5,7,6,8,1,4,2,3,5,6,9,7,9,2,1,6,10,3,6,10,9,4,6,3,5,2,8,1,4,6,9,1,10,2,1,4,2,6,3,4,8,5,2,7,10,9,9,10,5,4,8,3,4,5,1",1:M10 M11 M24 M34 M38 M51 M65 M74 M81 M95 M100 M137 M143 M157 M165 M174 M187 M197 M210 M214 M217 M237 | 2:M8 M25 M33 M36 M46 M48 M57 M62 M77 M97 M121 M133 M142 M148 M155 M164 M178 M181 M189 M196 M208 M216 M219 M225 | 3:M1 M9 M12 M21 M27 M37 M43 M52 M61 M64 M79 M94 M101 M113 M116 M144 M153 M177 M180 M190 M200 M206 M221 M234 | 4:M3 M13 M20 M29 M39 M42 M58 M67 M84 M96 M126 M138 M146 M149 M151 M167 M170 M182 M188 M204 M211 M218 M222 M232 M235 | 5:M2 M14 M19 M23 M26 M40 M53 M69 M76 M80 M90 M99 M118 M122 M125 M136 M159 M161 M176 M183 M191 M207 M224 M231 M236 | 6:M4 M17 M28 M30 M45 M49 M59 M68 M83 M91 M93 M102 M109 M119 M123 M140 M154 M169 M185 M192 M198 M201 M205 M212 M220 | 7:M5 M16 M32 M44 M56 M63 M73 M86 M88 M98 M104 M106 M110 M117 M130 M131 M134 M147 M160 M162 M171 M175 M184 M194 M226 | 8:M7 M18 M35 M50 M55 M70 M75 M82 M87 M105 M108 M111 M115 M124 M128 M139 M150 M158 M163 M179 M186 M209 M223 M233 | 9:M6 M15 M22 M31 M47 M60 M71 M78 M89 M103 M112 M120 M127 M141 M156 M168 M172 M193 M195 M203 M213 M228 M229 | 10:M41 M54 M66 M72 M85 M92 M107 M114 M129 M132 M135 M145 M152 M166 M173 M199 M202 M215 M227 M230,,"domain reduction: sessions, fixed meetings, forbidden slots | precedence domain propagation: fixed point over direct edges | full precedence closure: cycle detection and graph statistics only | (20),(22)-(27) exactly once over reduced domains | (19) participant atMost-one per slot | (46),(47) clustered table capacity with full channeling | (28) staircase/support precedence over reduced domains and direct E | usedSlot channeling + exact per-idle-slot break cost | (43) exactly |Mp| reduced usedSlot variables | (44) atMost 2|L| busy participants per slot | (45) exact even number of busy participants | exact unary internal-idle counts and range objective over P*",,,result,72737,,2,72737
table08,forumt-14crafd.prec15,forumt-14crafd.prec15,SAT,OPTIMAL,2.771077,26463,76686,0,0,76686,,peak_process_tree_rss_mb,multiple,traditional,direct,no,imp12+,lexicographic_internal_idle_range_pstar_then_idle_max_then_idle_sum,lexicographic,2,2,8,8,59,"1,2,3,4,5,6,7,8,9,10,11,12,13,14,15,16,17,18,20,21,22,23,24,25,26,27,28,29,30,31,32,33,34,35,36,37,38,39,40,41,42,43,44,45,46,47,48,49,50,51,52,53,54,55,56,57,58,59,60",8,2,2,2,41,1,41,42,8,8,"0,0,0,0,0,0,0,0,0,0,0,0,0,0,0,0,2,2,0,0,0,0,0,0,0,0,0,0,0,0,0,0,0,0,0,0,0,0,0,0,0,0,0,0,0,0,0,0,0,0,0,0,0,0,0,0,2,0,0,2","46,48,48,50,50,48,50,50,44,38","9,8,4,10,6,3,2,7,4,2,1,5,8,6,10,1,3,2,5,4,9,9,8,5,4,7,6,2,10,7,6,6,3,1,8,10,9,8,7,1,3,6,7,9,4,2,10,6,5,2,1,10,9,3,8,5,4,2,1,3,8,10,4,7,5,6,9,3,8,2,1,10,9,5,4,2,8,5,9,7,2,10,1,6,8,3,4,1,6,2,5,4,7,3,8,3,1,10,4,5,9,8,3,6,7,1,5,1,2,4,3,10,9,3,2,5,4,8,7,6,7,5,7,8,4,3,2,5,1,6,10,3,7,7,1,10,2,3,5,6,8,4,8,7,2,9,6,3,4,3,7,2,8,3,1,10,5,4,9,6,7,2,4,5,1,8,6,7,9,4,1,5,3,3,6,7,4,5,8,2,2,4,5,8,9,6,8,6,5,7,10,9,4,10,7,9,4,1,2,8,1,6,7,9,2,8,5,1,4,10,7,6,9,10,6,6,3,1,9,2,4,5,7,8,10,2,8,9,3,5,7,1,5,3,9,1",1:M11 M16 M34 M40 M51 M59 M71 M83 M88 M97 M106 M108 M129 M135 M155 M165 M171 M198 M201 M208 M218 M232 M236 | 2:M7 M10 M18 M28 M46 M50 M58 M70 M76 M81 M90 M109 M115 M127 M137 M145 M152 M162 M180 M181 M199 M205 M220 M226 | 3:M6 M17 M33 M41 M54 M60 M68 M86 M94 M96 M103 M111 M114 M126 M132 M138 M148 M150 M154 M173 M174 M217 M229 M234 | 4:M3 M9 M20 M25 M45 M57 M63 M75 M87 M92 M99 M110 M117 M125 M142 M149 M158 M163 M170 M177 M182 M193 M197 M209 M221 | 5:M12 M19 M24 M49 M56 M65 M74 M78 M91 M100 M107 M116 M122 M128 M139 M157 M164 M172 M178 M183 M189 M207 M222 M230 M233 | 6:M5 M14 M27 M31 M32 M42 M48 M66 M84 M89 M104 M120 M130 M140 M147 M160 M167 M175 M186 M188 M202 M212 M215 M216 | 7:M8 M26 M30 M39 M43 M64 M80 M93 M105 M119 M121 M123 M133 M134 M144 M151 M161 M168 M176 M190 M195 M203 M211 M223 M231 | 8:M2 M13 M23 M35 M38 M55 M61 M69 M77 M85 M95 M102 M118 M124 M141 M143 M153 M166 M179 M184 M187 M200 M206 M224 M227 | 9:M1 M21 M22 M37 M44 M53 M67 M73 M79 M101 M113 M146 M159 M169 M185 M192 M196 M204 M213 M219 M228 M235 | 10:M4 M15 M29 M36 M47 M52 M62 M72 M82 M98 M112 M131 M136 M156 M191 M194 M210 M214 M225,,"domain reduction: sessions, fixed meetings, forbidden slots | precedence domain propagation: fixed point over direct edges | full precedence closure: cycle detection and graph statistics only | (20),(22)-(27) exactly once over reduced domains | (19) participant atMost-one per slot | (46),(47) clustered table capacity with full channeling | (28) traditional pairwise precedence over direct E | usedSlot channeling + exact per-idle-slot break cost | (43) exactly |Mp| reduced usedSlot variables | (44) atMost 2|L| busy participants per slot | (45) exact even number of busy participants | exact unary internal-idle counts and range objective over P*",,,result,76686,,2,76686
table08,forumt-14crafd.prec15,forumt-14crafd.prec15,SAT,OPTIMAL,2.000231,26463,75683,0,0,75683,,peak_process_tree_rss_mb,multiple,staircase,direct,yes,imp12+,lexicographic_internal_idle_range_pstar_then_idle_max_then_idle_sum,lexicographic,2,2,8,8,59,"1,2,3,4,5,6,7,8,9,10,11,12,13,14,15,16,17,18,20,21,22,23,24,25,26,27,28,29,30,31,32,33,34,35,36,37,38,39,40,41,42,43,44,45,46,47,48,49,50,51,52,53,54,55,56,57,58,59,60",8,2,2,2,41,1,41,42,8,8,"0,0,0,0,0,0,0,0,0,0,0,0,0,0,0,0,2,2,0,0,0,0,0,0,0,0,0,0,0,0,0,0,0,0,0,0,0,0,0,0,0,0,0,0,0,0,0,0,0,0,0,0,0,0,0,0,2,0,0,2","42,44,48,50,50,50,50,50,46,42","1,2,3,4,5,7,6,8,1,3,2,1,1,2,3,4,5,7,6,9,10,5,6,2,1,3,7,1,7,5,2,3,4,1,2,2,4,8,3,4,1,4,5,3,2,6,7,8,5,3,4,6,7,9,10,2,6,9,4,3,7,8,3,8,7,6,1,2,5,10,4,9,5,7,8,9,3,10,4,8,2,7,9,5,6,1,3,10,6,5,7,8,9,3,4,1,6,10,3,4,6,9,10,4,5,1,9,6,8,5,7,10,9,6,8,2,3,5,4,5,7,3,6,7,4,3,8,9,2,5,9,10,8,7,9,4,6,2,10,5,8,1,10,5,8,3,1,4,2,10,6,8,5,9,3,2,10,1,7,4,1,3,10,9,2,7,4,8,10,2,9,7,3,9,5,7,1,3,6,10,2,6,6,8,10,2,10,7,6,5,9,8,8,8,2,9,10,1,4,6,7,6,10,8,4,1,9,3,5,7,4,5,6,8,7,10,4,9,5,1,3,2,7,8,6,4,6,7,5,8,1,9,9,5,8,4",1:M1 M9 M12 M13 M25 M28 M34 M41 M67 M86 M96 M106 M142 M147 M158 M161 M177 M198 M206 M220 M231 | 2:M2 M11 M14 M24 M31 M35 M36 M45 M56 M68 M81 M116 M129 M138 M149 M156 M165 M170 M181 M186 M195 M222 | 3:M3 M10 M15 M26 M32 M39 M44 M50 M60 M63 M77 M87 M94 M99 M117 M122 M126 M146 M155 M162 M173 M178 M208 M221 | 4:M4 M16 M33 M37 M40 M42 M51 M59 M71 M79 M95 M100 M104 M119 M125 M136 M148 M160 M167 M199 M205 M211 M217 M226 M236 | 5:M5 M17 M22 M30 M43 M49 M69 M73 M84 M90 M105 M110 M118 M120 M130 M140 M144 M153 M175 M190 M209 M212 M219 M229 M234 | 6:M7 M19 M23 M46 M52 M57 M66 M85 M89 M97 M101 M108 M114 M123 M137 M151 M179 M182 M183 M189 M200 M202 M213 M225 M227 | 7:M6 M18 M27 M29 M47 M53 M61 M65 M74 M82 M91 M111 M121 M124 M134 M159 M166 M172 M176 M188 M201 M210 M215 M223 M228 | 8:M8 M38 M48 M62 M64 M75 M80 M92 M109 M115 M127 M133 M141 M145 M152 M168 M184 M192 M193 M194 M204 M214 M224 M230 M235 | 9:M20 M54 M58 M72 M76 M83 M93 M102 M107 M113 M128 M131 M135 M154 M164 M171 M174 M191 M196 M207 M218 M232 M233 | 10:M21 M55 M70 M78 M88 M98 M103 M112 M132 M139 M143 M150 M157 M163 M169 M180 M185 M187 M197 M203 M216,,"domain reduction: sessions, fixed meetings, forbidden slots | precedence domain propagation: fixed point over direct edges | full precedence closure: cycle detection and graph statistics only | (20),(22)-(27) exactly once over reduced domains | (19) participant atMost-one per slot | (46),(47) clustered table capacity with full channeling | (28) staircase/support precedence over reduced domains and direct E | usedSlot channeling + exact per-idle-slot break cost | (43) exactly |Mp| reduced usedSlot variables | (44) atMost 2|L| busy participants per slot | (45) exact even number of busy participants | exact unary internal-idle counts and range objective over P*",,,result,75683,,2,75683
table08,forumt-14crafd.prec25,forumt-14crafd.prec25,SAT,OPTIMAL,3.158133,26095,74084,0,0,74084,,peak_process_tree_rss_mb,multiple,traditional,direct,no,imp12+,lexicographic_internal_idle_range_pstar_then_idle_max_then_idle_sum,lexicographic,2,2,8,8,59,"1,2,3,4,5,6,7,8,9,10,11,12,13,14,15,16,17,18,20,21,22,23,24,25,26,27,28,29,30,31,32,33,34,35,36,37,38,39,40,41,42,43,44,45,46,47,48,49,50,51,52,53,54,55,56,57,58,59,60",8,2,2,2,96,33,96,144,8,8,"0,0,0,0,0,0,0,0,0,0,0,0,0,0,0,0,2,2,0,0,0,0,0,0,0,0,0,0,0,0,0,0,0,0,0,0,0,0,0,0,0,0,0,0,0,0,0,0,0,0,0,0,0,0,0,0,2,0,0,2","42,46,48,50,50,50,50,50,46,40","1,2,3,4,5,10,9,7,3,1,4,3,2,5,10,8,9,7,4,3,1,5,7,8,4,3,1,4,2,3,6,4,6,2,6,9,4,8,10,4,2,8,4,1,3,5,9,3,6,10,5,2,7,8,9,9,7,1,2,8,3,10,2,9,3,7,6,4,10,8,1,5,9,10,7,2,1,5,9,6,3,10,8,4,1,7,2,6,8,2,4,7,3,1,5,3,7,6,9,1,4,10,7,6,2,1,7,10,9,6,8,6,10,2,1,8,4,5,3,10,5,3,4,8,7,2,6,5,9,3,5,7,8,1,8,9,2,3,6,5,10,4,9,2,5,7,3,8,1,6,8,1,5,3,6,2,9,10,4,7,7,10,5,1,3,8,4,10,2,6,1,9,3,5,7,6,8,3,9,10,5,4,6,7,9,5,8,7,5,9,6,4,6,6,1,5,2,9,7,8,8,8,4,6,9,1,10,5,7,2,4,7,6,5,8,10,4,8,9,7,1,2,5,3,6,6,2,9,4,3,8,7,2,4,5,10",1:M1 M10 M21 M27 M44 M58 M71 M77 M85 M94 M100 M106 M115 M134 M149 M152 M164 M171 M195 M206 M221 | 2:M2 M13 M29 M34 M41 M52 M59 M63 M76 M87 M90 M105 M114 M126 M137 M144 M156 M169 M197 M210 M222 M227 M233 | 3:M3 M9 M12 M20 M26 M30 M45 M48 M61 M65 M81 M93 M96 M119 M122 M130 M138 M147 M154 M165 M173 M178 M224 M230 | 4:M4 M11 M19 M25 M28 M32 M37 M40 M43 M68 M84 M91 M101 M117 M123 M142 M159 M167 M182 M192 M203 M211 M217 M229 M234 | 5:M5 M14 M22 M46 M51 M72 M78 M95 M118 M121 M128 M131 M140 M145 M153 M163 M174 M181 M186 M189 M196 M208 M214 M223 M235 | 6:M31 M33 M35 M49 M67 M80 M88 M98 M104 M110 M112 M127 M139 M150 M155 M170 M176 M183 M191 M193 M194 M204 M213 M225 M226 | 7:M8 M18 M23 M53 M57 M66 M75 M86 M92 M97 M103 M107 M125 M132 M146 M160 M161 M175 M184 M188 M199 M209 M212 M220 M232 | 8:M16 M24 M38 M42 M54 M60 M70 M83 M89 M111 M116 M124 M133 M135 M148 M151 M166 M177 M187 M200 M201 M202 M215 M218 M231 | 9:M7 M17 M36 M47 M55 M56 M64 M73 M79 M99 M109 M129 M136 M143 M157 M172 M179 M185 M190 M198 M205 M219 M228 | 10:M6 M15 M39 M50 M62 M69 M74 M82 M102 M108 M113 M120 M141 M158 M162 M168 M180 M207 M216 M236,,"domain reduction: sessions, fixed meetings, forbidden slots | precedence domain propagation: fixed point over direct edges | full precedence closure: cycle detection and graph statistics only | (20),(22)-(27) exactly once over reduced domains | (19) participant atMost-one per slot | (46),(47) clustered table capacity with full channeling | (28) traditional pairwise precedence over direct E | usedSlot channeling + exact per-idle-slot break cost | (43) exactly |Mp| reduced usedSlot variables | (44) atMost 2|L| busy participants per slot | (45) exact even number of busy participants | exact unary internal-idle counts and range objective over P*",,,result,74084,,2,74084
table08,forumt-14crafd.prec25,forumt-14crafd.prec25,SAT,OPTIMAL,3.525653,26095,72391,0,0,72391,,peak_process_tree_rss_mb,multiple,staircase,direct,yes,imp12+,lexicographic_internal_idle_range_pstar_then_idle_max_then_idle_sum,lexicographic,2,2,8,8,59,"1,2,3,4,5,6,7,8,9,10,11,12,13,14,15,16,17,18,20,21,22,23,24,25,26,27,28,29,30,31,32,33,34,35,36,37,38,39,40,41,42,43,44,45,46,47,48,49,50,51,52,53,54,55,56,57,58,59,60",8,2,2,2,96,33,96,144,8,8,"0,0,0,0,0,0,0,0,0,0,0,0,0,0,0,0,2,2,0,0,0,0,0,0,0,0,0,0,0,0,0,0,0,0,0,0,0,0,0,0,0,0,0,0,0,0,0,0,0,0,0,0,0,0,0,0,2,0,0,2","42,44,48,50,50,50,50,50,46,42","1,2,3,4,5,7,6,9,3,1,4,3,2,3,4,5,10,7,9,8,1,5,7,8,4,3,6,2,4,7,6,6,7,2,9,8,3,10,9,4,3,10,4,7,2,6,9,4,5,10,9,2,8,6,3,8,5,1,4,9,2,6,3,10,2,5,7,4,8,9,1,6,10,8,5,2,1,5,4,6,2,8,10,9,3,7,1,5,8,3,4,1,7,2,6,7,9,6,5,1,4,7,8,5,2,1,8,9,10,6,7,7,9,2,1,10,4,3,6,6,5,3,4,9,6,3,10,7,8,5,7,9,10,4,3,9,6,2,8,10,1,7,10,2,6,5,3,8,1,9,6,1,5,2,3,9,10,8,4,7,9,8,5,1,3,7,4,10,2,6,9,7,1,8,3,6,7,2,5,10,2,3,5,1,10,3,9,5,6,8,7,4,8,6,1,3,4,8,5,10,7,7,3,6,10,1,9,5,8,4,4,5,6,8,8,10,4,8,2,5,6,3,7,1,9,7,8,9,2,1,5,4,2,4,5,10",1:M1 M10 M21 M58 M71 M77 M87 M92 M100 M106 M115 M141 M149 M152 M164 M173 M184 M195 M206 M224 M230 | 2:M2 M13 M28 M34 M45 M52 M61 M65 M76 M81 M94 M105 M114 M138 M144 M154 M169 M178 M181 M219 M229 M233 | 3:M3 M9 M12 M14 M26 M37 M41 M55 M63 M85 M90 M118 M122 M126 M135 M147 M155 M165 M175 M182 M186 M196 M203 M222 | 4:M4 M11 M15 M25 M29 M40 M43 M48 M59 M68 M79 M91 M101 M117 M123 M134 M159 M167 M192 M197 M210 M211 M217 M232 M234 | 5:M5 M16 M22 M49 M57 M66 M75 M78 M88 M99 M104 M121 M130 M146 M153 M163 M179 M183 M188 M199 M208 M212 M220 M231 M235 | 6:M7 M27 M31 M32 M46 M54 M62 M72 M80 M95 M98 M110 M119 M120 M125 M137 M145 M151 M170 M176 M189 M194 M204 M213 M221 | 7:M6 M18 M23 M30 M33 M44 M67 M86 M93 M96 M102 M111 M112 M128 M131 M142 M160 M166 M172 M177 M191 M201 M202 M223 M226 | 8:M20 M24 M36 M53 M56 M69 M74 M82 M89 M103 M107 M129 M139 M148 M158 M162 M174 M190 M193 M198 M209 M214 M215 M218 M227 | 9:M8 M19 M35 M39 M47 M51 M60 M70 M84 M97 M108 M113 M124 M132 M136 M150 M156 M161 M171 M187 M207 M225 M228 | 10:M17 M38 M42 M50 M64 M73 M83 M109 M116 M127 M133 M140 M143 M157 M168 M180 M185 M200 M205 M216 M236,,"domain reduction: sessions, fixed meetings, forbidden slots | precedence domain propagation: fixed point over direct edges | full precedence closure: cycle detection and graph statistics only | (20),(22)-(27) exactly once over reduced domains | (19) participant atMost-one per slot | (46),(47) clustered table capacity with full channeling | (28) staircase/support precedence over reduced domains and direct E | usedSlot channeling + exact per-idle-slot break cost | (43) exactly |Mp| reduced usedSlot variables | (44) atMost 2|L| busy participants per slot | (45) exact even number of busy participants | exact unary internal-idle counts and range objective over P*",,,result,72391,,2,72391
table08,forumt-14crafe.prec15,forumt-14crafe.prec15,SAT,OPTIMAL,3.392818,26554,76888,0,0,76888,,peak_process_tree_rss_mb,multiple,traditional,direct,no,imp12+,lexicographic_internal_idle_range_pstar_then_idle_max_then_idle_sum,lexicographic,2,2,9,9,59,"1,2,3,4,5,6,7,8,9,10,11,12,13,14,15,16,17,18,20,21,22,23,24,25,26,27,28,29,30,31,32,33,34,35,36,37,38,39,40,41,42,43,44,45,46,47,48,49,50,51,52,53,54,55,56,57,58,59,60",9,2,2,2,41,1,41,42,8,8,"0,0,1,0,0,0,0,0,0,0,0,0,0,0,0,0,2,2,0,0,0,0,0,0,0,0,0,0,0,0,0,0,0,0,0,0,0,0,0,0,0,0,0,0,0,0,0,0,0,0,0,0,0,0,0,0,2,0,0,2","46,46,48,48,48,48,48,48,48,44","3,2,7,4,1,10,9,8,1,3,7,1,2,6,4,3,5,7,1,8,10,5,6,6,4,8,2,4,8,1,2,5,7,1,3,8,3,9,10,7,8,4,5,2,9,1,3,7,4,8,3,2,9,10,1,1,7,2,3,4,6,8,9,8,5,6,10,7,4,3,2,1,10,5,4,2,9,10,6,9,2,8,5,4,7,1,3,10,6,4,8,9,7,3,5,1,6,9,8,3,1,9,10,8,6,2,6,10,9,7,8,1,10,7,9,5,6,8,2,10,6,4,9,8,7,5,3,2,4,6,4,2,7,3,4,8,10,2,6,9,7,5,7,9,4,1,6,5,2,10,8,2,9,4,7,3,6,1,10,5,9,1,7,4,3,8,6,7,9,3,10,5,1,8,6,4,9,7,5,10,2,5,6,3,7,5,5,4,6,2,3,1,3,9,6,2,1,3,8,5,10,9,5,10,4,1,7,3,6,8,5,6,7,9,10,10,4,1,9,2,7,5,8,6,3,1,3,8,4,5,9,2,4,10,5,2",1:M5 M9 M12 M19 M30 M34 M46 M55 M56 M72 M86 M96 M101 M112 M146 M158 M162 M173 M192 M197 M206 M218 M226 | 2:M2 M13 M27 M31 M44 M52 M58 M71 M76 M81 M106 M119 M128 M132 M138 M149 M152 M181 M190 M196 M220 M232 M236 | 3:M1 M10 M16 M35 M37 M47 M51 M59 M70 M87 M94 M100 M127 M134 M156 M165 M170 M184 M191 M193 M198 M208 M225 M227 | 4:M4 M15 M25 M28 M42 M49 M60 M69 M75 M84 M90 M122 M129 M131 M135 M145 M154 M164 M176 M188 M205 M217 M229 M233 | 5:M17 M22 M32 M43 M65 M74 M83 M95 M116 M126 M142 M148 M160 M172 M179 M182 M186 M187 M200 M203 M211 M222 M230 M235 | 6:M14 M23 M24 M61 M66 M79 M89 M97 M105 M107 M117 M121 M130 M139 M147 M157 M167 M175 M183 M189 M195 M209 M212 M224 | 7:M3 M11 M18 M33 M40 M48 M57 M68 M85 M93 M110 M114 M125 M133 M141 M143 M155 M163 M168 M178 M185 M207 M213 M221 | 8:M8 M20 M26 M29 M36 M41 M50 M62 M64 M82 M91 M99 M104 M111 M118 M124 M136 M151 M166 M174 M199 M210 M223 M228 | 9:M7 M38 M45 M53 M63 M77 M80 M92 M98 M102 M109 M115 M123 M140 M144 M153 M161 M169 M177 M194 M202 M214 M219 M231 | 10:M6 M21 M39 M54 M67 M73 M78 M88 M103 M108 M113 M120 M137 M150 M159 M171 M180 M201 M204 M215 M216 M234,,"domain reduction: sessions, fixed meetings, forbidden slots | precedence domain propagation: fixed point over direct edges | full precedence closure: cycle detection and graph statistics only | (20),(22)-(27) exactly once over reduced domains | (19) participant atMost-one per slot | (46),(47) clustered table capacity with full channeling | (28) traditional pairwise precedence over direct E | usedSlot channeling + exact per-idle-slot break cost | (43) exactly |Mp| reduced usedSlot variables | (44) atMost 2|L| busy participants per slot | (45) exact even number of busy participants | exact unary internal-idle counts and range objective over P*",,,result,76888,,2,76888
table08,forumt-14crafe.prec15,forumt-14crafe.prec15,SAT,OPTIMAL,3.396971,26554,75885,0,0,75885,,peak_process_tree_rss_mb,multiple,staircase,direct,yes,imp12+,lexicographic_internal_idle_range_pstar_then_idle_max_then_idle_sum,lexicographic,2,2,9,9,59,"1,2,3,4,5,6,7,8,9,10,11,12,13,14,15,16,17,18,20,21,22,23,24,25,26,27,28,29,30,31,32,33,34,35,36,37,38,39,40,41,42,43,44,45,46,47,48,49,50,51,52,53,54,55,56,57,58,59,60",9,2,2,2,41,1,41,42,8,8,"0,0,0,0,0,0,0,0,0,0,0,0,0,0,0,0,2,2,0,0,0,0,0,0,0,0,0,0,0,0,0,0,0,0,0,0,0,0,0,0,0,0,0,0,0,0,0,0,0,0,0,0,0,0,0,1,2,0,0,2","48,48,48,48,48,48,48,48,46,42","9,6,7,8,1,10,5,2,4,5,1,1,2,1,3,4,5,7,6,8,9,6,7,8,4,7,1,10,9,2,6,5,7,1,3,1,10,4,3,1,7,2,3,9,8,5,1,2,3,5,6,1,9,7,10,1,9,5,2,7,6,8,3,8,5,7,10,1,6,9,4,2,8,7,3,5,2,9,7,10,1,6,4,5,8,2,3,4,3,6,9,7,2,8,5,1,3,9,10,2,9,4,8,5,3,2,10,8,9,7,6,9,4,5,8,10,2,7,6,9,4,3,5,4,7,3,2,6,1,8,10,1,4,10,2,7,9,1,3,4,6,8,1,4,6,5,10,3,7,10,4,2,6,8,9,5,1,10,7,3,6,2,10,4,3,7,8,2,6,4,10,9,5,8,2,6,9,3,7,10,4,1,4,3,1,8,5,3,6,4,2,1,10,6,4,2,9,1,7,8,6,8,3,9,4,6,10,5,2,7,5,6,9,8,5,10,2,3,8,1,6,7,9,5,4,2,3,9,5,8,4,7,3,10,5,8",1:M5 M11 M12 M14 M27 M34 M36 M40 M47 M52 M56 M68 M81 M96 M129 M132 M138 M143 M157 M182 M185 M192 M198 M220 | 2:M8 M13 M30 M42 M48 M59 M72 M77 M86 M93 M100 M106 M117 M127 M135 M152 M162 M168 M175 M191 M196 M209 M217 M226 | 3:M15 M35 M39 M43 M49 M63 M75 M87 M89 M97 M105 M122 M126 M139 M148 M160 M165 M178 M184 M188 M203 M218 M227 M233 | 4:M9 M16 M25 M38 M71 M83 M88 M102 M113 M121 M124 M133 M140 M144 M151 M164 M170 M181 M183 M190 M195 M205 M225 M231 | 5:M7 M10 M17 M32 M46 M50 M58 M65 M76 M84 M95 M104 M114 M123 M146 M156 M173 M187 M208 M211 M215 M224 M229 M235 | 6:M2 M19 M22 M31 M51 M61 M69 M82 M90 M111 M119 M128 M141 M145 M153 M161 M169 M176 M189 M194 M201 M206 M212 M221 | 7:M3 M18 M23 M26 M33 M41 M54 M60 M66 M74 M79 M92 M110 M118 M125 M136 M149 M159 M166 M179 M199 M210 M222 M232 | 8:M4 M20 M24 M45 M62 M64 M73 M85 M94 M103 M108 M115 M130 M142 M154 M167 M174 M186 M200 M202 M214 M219 M230 M236 | 9:M1 M21 M29 M44 M53 M57 M70 M78 M91 M98 M101 M109 M112 M120 M137 M155 M172 M177 M197 M204 M213 M223 M228 | 10:M6 M28 M37 M55 M67 M80 M99 M107 M116 M131 M134 M147 M150 M158 M163 M171 M180 M193 M207 M216 M234,,"domain reduction: sessions, fixed meetings, forbidden slots | precedence domain propagation: fixed point over direct edges | full precedence closure: cycle detection and graph statistics only | (20),(22)-(27) exactly once over reduced domains | (19) participant atMost-one per slot | (46),(47) clustered table capacity with full channeling | (28) staircase/support precedence over reduced domains and direct E | usedSlot channeling + exact per-idle-slot break cost | (43) exactly |Mp| reduced usedSlot variables | (44) atMost 2|L| busy participants per slot | (45) exact even number of busy participants | exact unary internal-idle counts and range objective over P*",,,result,75885,,2,75885
table08,forumt-14crafe.prec25,forumt-14crafe.prec25,SAT,OPTIMAL,3.954646,26191,74296,0,0,74296,,peak_process_tree_rss_mb,multiple,traditional,direct,no,imp12+,lexicographic_internal_idle_range_pstar_then_idle_max_then_idle_sum,lexicographic,2,2,9,9,59,"1,2,3,4,5,6,7,8,9,10,11,12,13,14,15,16,17,18,20,21,22,23,24,25,26,27,28,29,30,31,32,33,34,35,36,37,38,39,40,41,42,43,44,45,46,47,48,49,50,51,52,53,54,55,56,57,58,59,60",9,2,2,2,96,33,96,144,8,8,"0,0,0,0,0,0,0,0,1,0,0,0,0,0,0,0,2,2,0,0,0,0,0,0,0,0,0,0,0,0,0,0,0,0,0,0,0,0,0,0,0,0,0,0,0,0,0,0,0,0,0,0,0,0,0,0,2,0,0,2","46,48,48,48,48,48,48,48,46,44","2,3,1,4,8,6,5,9,9,1,3,3,9,2,10,7,4,1,8,5,6,9,6,6,7,8,2,10,6,1,4,4,8,2,8,2,9,7,8,8,1,5,7,4,3,10,8,2,4,6,8,1,7,9,10,8,7,1,5,9,3,6,4,8,5,9,2,6,1,10,3,7,1,7,4,2,3,6,9,3,4,7,10,8,2,5,1,6,8,2,7,3,4,5,1,4,9,5,7,6,6,10,7,3,2,4,2,4,3,1,5,10,9,3,2,5,8,6,1,10,4,6,1,8,6,5,3,4,7,2,9,1,10,3,2,8,4,1,7,10,9,5,10,2,9,6,5,8,1,10,9,1,7,3,2,6,5,10,8,4,9,2,3,7,5,10,6,3,2,10,9,5,1,5,10,4,7,1,8,9,2,3,5,10,8,3,6,4,1,5,3,2,7,4,3,2,10,7,5,9,6,9,4,8,5,2,10,7,3,6,7,6,9,8,7,10,4,2,6,7,8,1,5,3,9,5,3,9,4,6,10,7,1,4,5,8",1:M3 M10 M18 M30 M41 M52 M58 M69 M73 M87 M95 M110 M119 M123 M132 M138 M149 M152 M173 M178 M189 M222 M233 | 2:M1 M14 M27 M34 M36 M48 M67 M76 M85 M90 M105 M107 M115 M130 M135 M144 M155 M162 M169 M181 M192 M196 M206 M218 | 3:M2 M11 M12 M45 M61 M71 M77 M80 M92 M104 M109 M114 M127 M134 M154 M163 M168 M182 M186 M191 M195 M209 M224 M227 | 4:M4 M17 M31 M32 M44 M49 M63 M75 M81 M93 M96 M106 M108 M121 M128 M137 M160 M176 M188 M194 M203 M217 M229 M234 | 5:M7 M20 M42 M59 M65 M86 M94 M98 M111 M116 M126 M142 M147 M157 M165 M172 M174 M183 M190 M199 M205 M223 M226 M235 | 6:M6 M21 M23 M24 M29 M50 M62 M68 M78 M88 M100 M101 M118 M122 M125 M146 M156 M167 M187 M201 M210 M212 M219 M230 | 7:M16 M25 M38 M43 M53 M57 M72 M74 M82 M91 M99 M103 M129 M139 M153 M164 M177 M193 M198 M208 M211 M215 M220 M232 | 8:M5 M19 M26 M33 M35 M39 M40 M47 M51 M56 M64 M84 M89 M117 M124 M136 M148 M159 M179 M185 M204 M214 M221 M236 | 9:M8 M9 M13 M22 M37 M54 M60 M66 M79 M97 M113 M131 M141 M145 M151 M161 M171 M180 M200 M202 M213 M225 M228 | 10:M15 M28 M46 M55 M70 M83 M102 M112 M120 M133 M140 M143 M150 M158 M166 M170 M175 M184 M197 M207 M216 M231,,"domain reduction: sessions, fixed meetings, forbidden slots | precedence domain propagation: fixed point over direct edges | full precedence closure: cycle detection and graph statistics only | (20),(22)-(27) exactly once over reduced domains | (19) participant atMost-one per slot | (46),(47) clustered table capacity with full channeling | (28) traditional pairwise precedence over direct E | usedSlot channeling + exact per-idle-slot break cost | (43) exactly |Mp| reduced usedSlot variables | (44) atMost 2|L| busy participants per slot | (45) exact even number of busy participants | exact unary internal-idle counts and range objective over P*",,,result,74296,,2,74296
table08,forumt-14crafe.prec25,forumt-14crafe.prec25,SAT,OPTIMAL,4.18162,26191,72603,0,0,72603,,peak_process_tree_rss_mb,multiple,staircase,direct,yes,imp12+,lexicographic_internal_idle_range_pstar_then_idle_max_then_idle_sum,lexicographic,2,2,9,9,59,"1,2,3,4,5,6,7,8,9,10,11,12,13,14,15,16,17,18,20,21,22,23,24,25,26,27,28,29,30,31,32,33,34,35,36,37,38,39,40,41,42,43,44,45,46,47,48,49,50,51,52,53,54,55,56,57,58,59,60",9,2,2,2,96,33,96,144,8,8,"0,0,0,0,0,0,0,0,0,0,0,0,0,0,0,0,2,2,0,0,0,0,0,0,0,0,0,0,0,0,0,0,0,0,0,1,0,0,0,0,0,0,0,0,0,0,0,0,0,0,0,0,0,0,0,0,2,0,0,2","44,48,48,48,48,48,48,48,48,44","5,1,2,3,7,10,9,8,4,2,1,4,6,5,7,2,4,1,8,10,3,8,7,5,4,6,3,9,2,1,7,6,4,3,9,2,10,7,8,7,3,8,4,6,9,7,10,5,4,9,10,1,7,8,6,8,7,2,5,9,1,10,1,5,4,8,6,2,7,9,3,10,4,7,3,8,1,8,5,9,3,10,4,1,6,7,2,2,8,3,6,5,4,1,7,3,9,6,2,1,6,7,8,1,3,4,5,4,1,3,2,9,10,2,1,5,8,4,6,3,4,10,4,9,8,2,1,5,7,6,5,2,10,5,10,8,9,2,6,4,1,3,10,3,9,7,5,8,2,6,6,2,8,9,7,1,3,10,5,4,6,8,2,9,3,10,7,5,6,9,2,10,1,8,5,6,7,4,9,10,3,2,5,9,10,4,5,3,6,4,1,2,5,6,2,5,3,7,8,9,10,8,3,5,7,6,10,4,9,1,8,6,9,7,9,6,5,3,4,7,8,2,1,9,10,7,2,9,3,1,6,4,3,10,5,8",1:M2 M11 M18 M30 M52 M61 M63 M77 M84 M94 M100 M104 M109 M115 M127 M141 M156 M173 M191 M210 M223 M230 | 2:M3 M10 M16 M29 M36 M58 M68 M87 M88 M99 M111 M114 M126 M132 M138 M149 M152 M163 M171 M182 M192 M195 M222 M227 | 3:M4 M21 M27 M34 M41 M71 M75 M81 M90 M96 M105 M110 M120 M142 M144 M157 M165 M181 M188 M197 M203 M218 M229 M233 | 4:M9 M12 M17 M25 M33 M43 M49 M65 M73 M83 M93 M106 M108 M118 M121 M123 M140 M160 M178 M186 M190 M208 M219 M232 | 5:M1 M14 M24 M48 M59 M64 M79 M92 M107 M116 M128 M131 M134 M147 M159 M168 M175 M183 M187 M193 M196 M204 M217 M235 | 6:M13 M26 M32 M44 M55 M67 M85 M91 M98 M101 M119 M130 M139 M150 M151 M161 M169 M176 M189 M194 M206 M212 M216 M231 | 7:M5 M15 M23 M31 M38 M40 M46 M53 M57 M69 M74 M86 M95 M102 M129 M146 M155 M167 M177 M198 M205 M214 M220 M226 | 8:M8 M19 M22 M39 M42 M54 M56 M66 M76 M78 M89 M103 M117 M125 M136 M148 M153 M162 M174 M199 M202 M211 M221 M236 | 9:M7 M28 M35 M45 M50 M60 M70 M80 M97 M112 M124 M137 M145 M154 M164 M170 M179 M184 M200 M209 M213 M215 M224 M228 | 10:M6 M20 M37 M47 M51 M62 M72 M82 M113 M122 M133 M135 M143 M158 M166 M172 M180 M185 M201 M207 M225 M234,,"domain reduction: sessions, fixed meetings, forbidden slots | precedence domain propagation: fixed point over direct edges | full precedence closure: cycle detection and graph statistics only | (20),(22)-(27) exactly once over reduced domains | (19) participant atMost-one per slot | (46),(47) clustered table capacity with full channeling | (28) staircase/support precedence over reduced domains and direct E | usedSlot channeling + exact per-idle-slot break cost | (43) exactly |Mp| reduced usedSlot variables | (44) atMost 2|L| busy participants per slot | (45) exact even number of busy participants | exact unary internal-idle counts and range objective over P*",,,result,72603,,2,72603
table08,tic-12.prec15,tic-12.prec15,SAT,OPTIMAL,0.162554,5403,21832,0,0,21832,,peak_process_tree_rss_mb,multiple,traditional,direct,no,imp12+,lexicographic_internal_idle_range_pstar_then_idle_max_then_idle_sum,lexicographic,0,0,0,0,39,"1,2,3,4,5,6,7,8,9,10,11,12,13,14,15,16,17,18,19,20,21,22,23,24,25,26,27,28,29,30,31,32,33,34,35,36,39,41,42",0,0,0,0,24,2,24,27,6,6,"0,0,0,0,0,0,0,0,0,0,0,0,0,0,0,0,0,0,0,0,0,0,0,0,0,0,0,0,0,0,0,0,0,0,0,0,0,0,0,0,0,0","26,32,32,34,36,34,30,26","1,2,4,8,5,3,4,1,5,8,6,7,2,6,3,4,5,1,6,4,7,8,5,4,6,3,2,4,1,7,5,8,6,5,1,3,4,7,4,8,5,1,2,3,6,5,3,7,2,6,6,2,4,7,5,3,8,5,2,8,7,3,2,1,6,6,4,5,8,7,5,7,3,4,2,1,6,8,3,1,2,6,7,5,8,4,3,1,4,2,5,2,8,5,3,1,7,6,4,1,6,4,7,3,2,3,2,4,5,6,7,5,6,3,2,7,8,2,1,4,7,8,6,5,3",1:M1 M8 M18 M29 M35 M42 M64 M76 M80 M88 M96 M100 M119 | 2:M2 M13 M27 M43 M49 M52 M59 M63 M75 M81 M90 M92 M105 M107 M115 M118 | 3:M6 M15 M26 M36 M44 M47 M56 M62 M73 M79 M87 M95 M104 M106 M114 M125 | 4:M3 M7 M16 M20 M24 M28 M37 M39 M53 M67 M74 M86 M89 M99 M102 M108 M120 | 5:M5 M9 M17 M23 M31 M34 M41 M46 M55 M58 M68 M71 M84 M91 M94 M109 M112 M124 | 6:M11 M14 M19 M25 M33 M45 M50 M51 M65 M66 M77 M82 M98 M101 M110 M113 M123 | 7:M12 M21 M30 M38 M48 M54 M61 M70 M72 M83 M97 M103 M111 M116 M121 | 8:M4 M10 M22 M32 M40 M57 M60 M69 M78 M85 M93 M117 M122,,"domain reduction: sessions, fixed meetings, forbidden slots | precedence domain propagation: fixed point over direct edges | full precedence closure: cycle detection and graph statistics only | (20),(22)-(27) exactly once over reduced domains | (19) participant atMost-one per slot | (46),(47) clustered table capacity with full channeling | (28) traditional pairwise precedence over direct E | usedSlot channeling + exact per-idle-slot break cost | (43) exactly |Mp| reduced usedSlot variables | (44) atMost 2|L| busy participants per slot | (45) exact even number of busy participants | exact unary internal-idle counts and range objective over P*",,,result,21832,,0,21832
table08,tic-12.prec15,tic-12.prec15,SAT,OPTIMAL,0.218542,5403,21532,0,0,21532,,peak_process_tree_rss_mb,multiple,staircase,direct,yes,imp12+,lexicographic_internal_idle_range_pstar_then_idle_max_then_idle_sum,lexicographic,0,0,0,0,39,"1,2,3,4,5,6,7,8,9,10,11,12,13,14,15,16,17,18,19,20,21,22,23,24,25,26,27,28,29,30,31,32,33,34,35,36,39,41,42",0,0,0,0,24,2,24,27,6,6,"0,0,0,0,0,0,0,0,0,0,0,0,0,0,0,0,0,0,0,0,0,0,0,0,0,0,0,0,0,0,0,0,0,0,0,0,0,0,0,0,0,0","26,30,32,32,36,36,32,26","1,3,2,5,6,1,4,3,8,2,6,8,1,6,5,2,4,3,7,8,4,5,5,4,3,4,6,5,1,8,7,2,2,1,4,7,6,5,8,7,2,5,4,3,1,5,7,6,3,4,2,4,6,5,3,1,7,7,6,3,7,1,6,2,8,4,5,6,2,7,2,6,8,5,3,4,5,7,1,8,4,7,3,5,6,2,5,3,6,8,7,4,7,5,8,3,6,1,2,6,1,8,4,3,2,5,6,4,7,2,3,1,7,6,3,5,8,5,2,3,8,1,7,4,6",1:M1 M6 M13 M29 M34 M45 M56 M62 M79 M98 M101 M112 M122 | 2:M3 M10 M16 M32 M33 M41 M51 M64 M69 M71 M86 M99 M105 M110 M119 | 3:M2 M8 M18 M25 M44 M49 M55 M60 M75 M83 M88 M96 M104 M111 M115 M120 | 4:M7 M17 M21 M24 M26 M35 M43 M50 M52 M66 M76 M81 M92 M103 M108 M124 | 5:M4 M15 M22 M23 M28 M38 M42 M46 M54 M67 M74 M77 M84 M87 M94 M106 M116 M118 | 6:M5 M11 M14 M27 M37 M48 M53 M59 M63 M68 M72 M85 M89 M97 M100 M107 M114 M125 | 7:M19 M31 M36 M40 M47 M57 M58 M61 M70 M78 M82 M91 M93 M109 M113 M123 | 8:M9 M12 M20 M30 M39 M65 M73 M80 M90 M95 M102 M117 M121,,"domain reduction: sessions, fixed meetings, forbidden slots | precedence domain propagation: fixed point over direct edges | full precedence closure: cycle detection and graph statistics only | (20),(22)-(27) exactly once over reduced domains | (19) participant atMost-one per slot | (46),(47) clustered table capacity with full channeling | (28) staircase/support precedence over reduced domains and direct E | usedSlot channeling + exact per-idle-slot break cost | (43) exactly |Mp| reduced usedSlot variables | (44) atMost 2|L| busy participants per slot | (45) exact even number of busy participants | exact unary internal-idle counts and range objective over P*",,,result,21532,,0,21532
table08,tic-12.prec25,tic-12.prec25,SAT,OPTIMAL,0.276992,5176,20143,0,0,20143,,peak_process_tree_rss_mb,multiple,traditional,direct,no,imp12+,lexicographic_internal_idle_range_pstar_then_idle_max_then_idle_sum,lexicographic,0,0,0,0,39,"1,2,3,4,5,6,7,8,9,10,11,12,13,14,15,16,17,18,19,20,21,22,23,24,25,26,27,28,29,30,31,32,33,34,35,36,39,41,42",0,0,0,0,53,21,53,85,6,6,"0,0,0,0,0,0,0,0,0,0,0,0,0,0,0,0,0,0,0,0,0,0,0,0,0,0,0,0,0,0,0,0,0,0,0,0,0,0,0,0,0,0","28,28,34,34,36,34,30,26","2,3,8,1,7,5,2,6,5,8,3,6,1,2,5,8,3,7,6,3,4,8,7,8,6,4,7,8,2,5,1,3,4,5,1,7,3,6,7,4,2,1,6,5,3,4,5,8,7,3,1,3,2,6,4,5,7,1,5,3,4,5,1,6,7,4,3,6,1,2,8,4,5,2,3,6,6,4,7,1,8,2,4,6,5,3,6,7,5,8,4,7,3,2,6,5,8,1,4,4,5,6,2,7,3,4,1,3,2,6,5,5,7,4,2,1,8,8,5,1,3,7,4,2,6",1:M4 M13 M31 M35 M42 M51 M58 M63 M69 M80 M98 M107 M116 M120 | 2:M1 M7 M14 M29 M41 M53 M70 M74 M82 M94 M103 M109 M115 M124 | 3:M2 M11 M17 M20 M32 M37 M45 M50 M52 M60 M67 M75 M86 M93 M105 M108 M121 | 4:M21 M26 M33 M40 M46 M55 M61 M66 M72 M78 M83 M91 M99 M100 M106 M114 M123 | 5:M6 M9 M15 M30 M34 M44 M47 M56 M59 M62 M73 M85 M89 M96 M101 M111 M112 M119 | 6:M8 M12 M19 M25 M38 M43 M54 M64 M68 M76 M77 M84 M87 M95 M102 M110 M125 | 7:M5 M18 M23 M27 M36 M39 M49 M57 M65 M79 M88 M92 M104 M113 M122 | 8:M3 M10 M16 M22 M24 M28 M48 M71 M81 M90 M97 M117 M118,,"domain reduction: sessions, fixed meetings, forbidden slots | precedence domain propagation: fixed point over direct edges | full precedence closure: cycle detection and graph statistics only | (20),(22)-(27) exactly once over reduced domains | (19) participant atMost-one per slot | (46),(47) clustered table capacity with full channeling | (28) traditional pairwise precedence over direct E | usedSlot channeling + exact per-idle-slot break cost | (43) exactly |Mp| reduced usedSlot variables | (44) atMost 2|L| busy participants per slot | (45) exact even number of busy participants | exact unary internal-idle counts and range objective over P*",,,result,20143,,0,20143
table08,tic-12.prec25,tic-12.prec25,SAT,OPTIMAL,0.255943,5176,19685,0,0,19685,,peak_process_tree_rss_mb,multiple,staircase,direct,yes,imp12+,lexicographic_internal_idle_range_pstar_then_idle_max_then_idle_sum,lexicographic,0,0,0,0,39,"1,2,3,4,5,6,7,8,9,10,11,12,13,14,15,16,17,18,19,20,21,22,23,24,25,26,27,28,29,30,31,32,33,34,35,36,39,41,42",0,0,0,0,53,21,53,85,6,6,"0,0,0,0,0,0,0,0,0,0,0,0,0,0,0,0,0,0,0,0,0,0,0,0,0,0,0,0,0,0,0,0,0,0,0,0,0,0,0,0,0,0","28,30,32,32,36,34,32,26","2,5,1,3,8,3,1,3,8,8,6,7,4,1,6,2,3,8,1,2,5,8,6,7,8,6,3,4,1,7,2,5,3,2,1,5,7,4,2,5,4,1,3,7,6,5,4,8,7,3,2,5,4,6,7,3,1,2,4,5,3,7,1,8,6,6,5,4,1,2,4,6,5,7,2,8,6,5,7,4,8,3,2,6,5,1,5,6,4,7,2,6,4,7,5,2,8,3,1,7,4,6,3,1,5,7,3,6,5,4,8,2,5,4,6,7,3,5,3,1,6,7,8,2,4",1:M3 M7 M14 M19 M29 M35 M42 M57 M63 M69 M86 M99 M104 M120 | 2:M1 M16 M20 M31 M34 M39 M51 M58 M70 M75 M83 M91 M96 M112 M124 | 3:M4 M6 M8 M17 M27 M33 M43 M50 M56 M61 M82 M98 M103 M107 M117 M119 | 4:M13 M28 M38 M41 M47 M53 M59 M68 M71 M80 M89 M93 M101 M110 M114 M125 | 5:M2 M21 M32 M36 M40 M46 M52 M60 M67 M73 M78 M85 M87 M95 M105 M109 M113 M118 | 6:M11 M15 M23 M26 M45 M54 M65 M66 M72 M77 M84 M88 M92 M102 M108 M115 M121 | 7:M12 M24 M30 M37 M44 M49 M55 M62 M74 M79 M90 M94 M100 M106 M116 M122 | 8:M5 M9 M10 M18 M22 M25 M48 M64 M76 M81 M97 M111 M123,,"domain reduction: sessions, fixed meetings, forbidden slots | precedence domain propagation: fixed point over direct edges | full precedence closure: cycle detection and graph statistics only | (20),(22)-(27) exactly once over reduced domains | (19) participant atMost-one per slot | (46),(47) clustered table capacity with full channeling | (28) staircase/support precedence over reduced domains and direct E | usedSlot channeling + exact per-idle-slot break cost | (43) exactly |Mp| reduced usedSlot variables | (44) atMost 2|L| busy participants per slot | (45) exact even number of busy participants | exact unary internal-idle counts and range objective over P*",,,result,19685,,0,19685
table08,tic-12crafc.prec15,tic-12crafc.prec15,SAT,OPTIMAL,0.392914,14539,35840,0,0,35840,,peak_process_tree_rss_mb,multiple,traditional,direct,no,imp12+,lexicographic_internal_idle_range_pstar_then_idle_max_then_idle_sum,lexicographic,0,0,0,0,39,"1,2,3,4,5,6,7,8,9,10,11,12,13,14,15,16,17,18,19,20,21,22,23,24,25,26,27,28,29,30,31,32,33,34,35,36,39,41,42",0,0,0,0,24,2,24,27,6,6,"0,0,0,0,0,0,0,0,0,0,0,0,0,0,0,0,0,0,0,0,0,0,0,0,0,0,0,0,0,0,0,0,0,0,0,0,0,0,0,0,0,0","28,32,32,32,32,32,32,30","4,1,3,8,5,3,5,4,8,1,7,6,4,7,3,5,2,1,7,8,5,1,2,1,6,3,2,1,4,7,5,8,1,2,3,6,5,7,1,8,6,5,2,3,4,8,7,5,6,3,2,6,5,7,4,3,8,8,1,2,8,3,4,7,6,2,4,5,8,7,7,6,2,3,1,5,4,6,7,2,6,4,5,3,8,1,4,2,7,6,5,5,3,6,8,1,7,4,2,8,6,4,7,2,3,1,4,3,6,5,2,3,7,2,4,8,6,1,8,2,3,6,4,5,7",1:M2 M10 M18 M22 M24 M28 M33 M39 M59 M75 M86 M96 M106 M118 | 2:M17 M23 M27 M34 M43 M51 M60 M66 M73 M80 M88 M99 M104 M111 M114 M120 | 3:M3 M6 M15 M26 M35 M44 M50 M56 M62 M74 M84 M93 M105 M108 M112 M121 | 4:M1 M8 M13 M29 M45 M55 M63 M67 M77 M82 M87 M98 M102 M107 M115 M123 | 5:M5 M7 M16 M21 M31 M37 M42 M48 M53 M68 M76 M83 M91 M92 M110 M124 | 6:M12 M25 M36 M41 M49 M52 M65 M72 M78 M81 M90 M94 M101 M109 M117 M122 | 7:M11 M14 M19 M30 M38 M47 M54 M64 M70 M71 M79 M89 M97 M103 M113 M125 | 8:M4 M9 M20 M32 M40 M46 M57 M58 M61 M69 M85 M95 M100 M116 M119,,"domain reduction: sessions, fixed meetings, forbidden slots | precedence domain propagation: fixed point over direct edges | full precedence closure: cycle detection and graph statistics only | (20),(22)-(27) exactly once over reduced domains | (19) participant atMost-one per slot | (46),(47) clustered table capacity with full channeling | (28) traditional pairwise precedence over direct E | usedSlot channeling + exact per-idle-slot break cost | (43) exactly |Mp| reduced usedSlot variables | (44) atMost 2|L| busy participants per slot | (45) exact even number of busy participants | exact unary internal-idle counts and range objective over P*",,,result,35840,,0,35840
table08,tic-12crafc.prec15,tic-12crafc.prec15,SAT,OPTIMAL,0.266707,14539,35540,0,0,35540,,peak_process_tree_rss_mb,multiple,staircase,direct,yes,imp12+,lexicographic_internal_idle_range_pstar_then_idle_max_then_idle_sum,lexicographic,0,0,0,0,39,"1,2,3,4,5,6,7,8,9,10,11,12,13,14,15,16,17,18,19,20,21,22,23,24,25,26,27,28,29,30,31,32,33,34,35,36,39,41,42",0,0,0,0,24,2,24,27,6,6,"0,0,0,0,0,0,0,0,0,0,0,0,0,0,0,0,0,0,0,0,0,0,0,0,0,0,0,0,0,0,0,0,0,0,0,0,0,0,0,0,0,0","28,32,32,32,32,32,32,30","2,5,8,3,4,6,7,8,6,5,2,1,4,7,5,3,6,2,1,6,2,5,7,8,5,6,4,3,7,2,1,8,6,4,2,3,5,7,3,8,7,1,2,4,5,1,6,2,4,5,4,7,2,8,3,5,6,8,7,7,6,8,2,1,5,7,3,4,1,8,8,1,4,3,7,5,5,3,5,3,6,1,4,7,8,2,1,3,2,6,4,4,3,5,7,1,6,2,8,7,2,3,8,4,6,3,4,6,1,5,2,8,7,4,1,3,6,2,8,3,5,7,6,4,1",1:M12 M19 M31 M42 M46 M64 M69 M72 M82 M87 M96 M109 M115 M125 | 2:M1 M11 M18 M21 M30 M35 M43 M48 M53 M63 M86 M89 M98 M101 M111 M118 | 3:M4 M16 M28 M36 M39 M55 M67 M74 M78 M80 M88 M93 M102 M106 M116 M120 | 4:M5 M13 M27 M34 M44 M49 M51 M68 M73 M83 M91 M92 M104 M107 M114 M124 | 5:M2 M10 M15 M22 M25 M37 M45 M50 M56 M65 M76 M77 M79 M94 M110 M121 | 6:M6 M9 M17 M20 M26 M33 M47 M57 M61 M81 M90 M97 M105 M108 M117 M123 | 7:M7 M14 M23 M29 M38 M41 M52 M59 M60 M66 M75 M84 M95 M100 M113 M122 | 8:M3 M8 M24 M32 M40 M54 M58 M62 M70 M71 M85 M99 M103 M112 M119,,"domain reduction: sessions, fixed meetings, forbidden slots | precedence domain propagation: fixed point over direct edges | full precedence closure: cycle detection and graph statistics only | (20),(22)-(27) exactly once over reduced domains | (19) participant atMost-one per slot | (46),(47) clustered table capacity with full channeling | (28) staircase/support precedence over reduced domains and direct E | usedSlot channeling + exact per-idle-slot break cost | (43) exactly |Mp| reduced usedSlot variables | (44) atMost 2|L| busy participants per slot | (45) exact even number of busy participants | exact unary internal-idle counts and range objective over P*",,,result,35540,,0,35540
table08,tic-12crafc.prec25,tic-12crafc.prec25,SAT,OPTIMAL,0.467515,14337,34201,0,0,34201,,peak_process_tree_rss_mb,multiple,traditional,direct,no,imp12+,lexicographic_internal_idle_range_pstar_then_idle_max_then_idle_sum,lexicographic,0,0,0,0,39,"1,2,3,4,5,6,7,8,9,10,11,12,13,14,15,16,17,18,19,20,21,22,23,24,25,26,27,28,29,30,31,32,33,34,35,36,39,41,42",0,0,0,0,53,21,53,85,6,6,"0,0,0,0,0,0,0,0,0,0,0,0,0,0,0,0,0,0,0,0,0,0,0,0,0,0,0,0,0,0,0,0,0,0,0,0,0,0,0,0,0,0","30,32,32,32,32,32,30,30","1,3,4,2,8,2,2,5,1,8,7,7,2,1,6,4,3,8,7,3,5,6,8,7,4,6,1,2,3,7,5,8,3,4,7,6,2,8,4,5,2,6,1,7,3,4,6,8,5,3,3,5,1,2,7,6,4,2,1,5,1,8,4,7,6,5,1,4,2,3,5,8,1,6,3,2,5,6,6,4,8,5,2,3,7,1,6,4,5,7,8,6,4,3,5,2,8,7,1,3,4,7,2,8,1,3,1,2,6,5,4,3,7,6,5,8,4,7,1,2,6,8,4,3,5",1:M1 M9 M14 M27 M43 M53 M59 M61 M67 M73 M86 M99 M105 M107 M119 | 2:M4 M6 M7 M13 M28 M37 M41 M54 M58 M69 M76 M83 M96 M103 M108 M120 | 3:M2 M17 M20 M29 M33 M45 M50 M51 M70 M75 M84 M94 M100 M106 M112 M124 | 4:M3 M16 M25 M34 M39 M46 M57 M63 M68 M80 M88 M93 M101 M111 M117 M123 | 5:M8 M21 M31 M40 M49 M52 M60 M66 M71 M77 M82 M89 M95 M110 M115 M125 | 6:M15 M22 M26 M36 M42 M47 M56 M65 M74 M78 M79 M87 M92 M109 M114 M121 | 7:M11 M12 M19 M24 M30 M35 M44 M55 M64 M85 M90 M98 M102 M113 M118 | 8:M5 M10 M18 M23 M32 M38 M48 M62 M72 M81 M91 M97 M104 M116 M122,,"domain reduction: sessions, fixed meetings, forbidden slots | precedence domain propagation: fixed point over direct edges | full precedence closure: cycle detection and graph statistics only | (20),(22)-(27) exactly once over reduced domains | (19) participant atMost-one per slot | (46),(47) clustered table capacity with full channeling | (28) traditional pairwise precedence over direct E | usedSlot channeling + exact per-idle-slot break cost | (43) exactly |Mp| reduced usedSlot variables | (44) atMost 2|L| busy participants per slot | (45) exact even number of busy participants | exact unary internal-idle counts and range objective over P*",,,result,34201,,0,34201
table08,tic-12crafc.prec25,tic-12crafc.prec25,SAT,OPTIMAL,1.644528,14337,33743,0,0,33743,,peak_process_tree_rss_mb,multiple,staircase,direct,yes,imp12+,lexicographic_internal_idle_range_pstar_then_idle_max_then_idle_sum,lexicographic,0,0,0,0,39,"1,2,3,4,5,6,7,8,9,10,11,12,13,14,15,16,17,18,19,20,21,22,23,24,25,26,27,28,29,30,31,32,33,34,35,36,39,41,42",0,0,0,0,53,21,53,85,6,6,"0,0,0,0,0,0,0,0,0,0,0,0,0,0,0,0,0,0,0,0,0,0,0,0,0,0,0,0,0,0,0,0,0,0,0,0,0,0,0,0,0,0","28,32,32,32,32,32,32,30","1,3,4,2,8,2,1,2,4,4,6,7,4,1,3,6,2,8,2,8,5,7,7,8,5,6,1,2,3,7,4,8,4,3,7,5,2,8,7,5,4,2,1,6,3,4,5,8,7,3,3,6,4,1,7,2,5,2,1,5,8,1,3,6,7,6,4,5,1,3,6,8,1,7,3,2,6,5,6,5,8,2,3,4,7,1,2,6,5,7,4,7,5,3,6,2,8,4,1,3,5,6,2,8,1,5,3,8,7,4,6,3,7,5,6,8,4,7,1,2,6,8,3,4,5",1:M1 M7 M14 M27 M43 M54 M59 M62 M69 M73 M86 M99 M105 M119 | 2:M4 M6 M8 M17 M19 M28 M37 M42 M56 M58 M76 M82 M87 M96 M103 M120 | 3:M2 M15 M29 M34 M45 M50 M51 M63 M70 M75 M83 M94 M100 M107 M112 M123 | 4:M3 M9 M10 M13 M31 M33 M41 M46 M53 M67 M84 M91 M98 M110 M117 M124 | 5:M21 M25 M36 M40 M47 M57 M60 M68 M78 M80 M89 M93 M101 M106 M114 M125 | 6:M11 M16 M26 M44 M52 M64 M66 M71 M77 M79 M88 M95 M102 M111 M115 M121 | 7:M12 M22 M23 M30 M35 M39 M49 M55 M65 M74 M85 M90 M92 M109 M113 M118 | 8:M5 M18 M20 M24 M32 M38 M48 M61 M72 M81 M97 M104 M108 M116 M122,,"domain reduction: sessions, fixed meetings, forbidden slots | precedence domain propagation: fixed point over direct edges | full precedence closure: cycle detection and graph statistics only | (20),(22)-(27) exactly once over reduced domains | (19) participant atMost-one per slot | (46),(47) clustered table capacity with full channeling | (28) staircase/support precedence over reduced domains and direct E | usedSlot channeling + exact per-idle-slot break cost | (43) exactly |Mp| reduced usedSlot variables | (44) atMost 2|L| busy participants per slot | (45) exact even number of busy participants | exact unary internal-idle counts and range objective over P*",,,result,33743,,0,33743
table08,tic-13.prec15,tic-13.prec15,SAT,OPTIMAL,0.802742,24705,66064,0,0,66064,,peak_process_tree_rss_mb,multiple,traditional,direct,no,imp12+,lexicographic_internal_idle_range_pstar_then_idle_max_then_idle_sum,lexicographic,0,0,0,0,45,"1,3,4,5,6,7,8,9,10,11,12,13,14,15,16,17,18,19,20,21,22,23,24,25,26,27,28,29,30,31,32,33,34,35,36,37,38,40,41,42,43,44,45,46,47",0,0,0,0,35,3,35,39,6,6,"0,0,0,0,0,0,0,0,0,0,0,0,0,0,0,0,0,0,0,0,0,0,0,0,0,0,0,0,0,0,0,0,0,0,0,0,0,0,0,0,0,0,0,0,0,0,0","32,40,42,42,42,40,40,34,28,20","1,2,3,4,5,10,9,7,8,6,1,2,3,4,5,2,3,4,8,7,6,5,6,1,7,2,4,5,3,1,2,8,7,5,4,6,3,1,3,4,5,2,3,7,9,4,6,8,5,1,2,5,3,4,5,2,4,7,3,9,4,3,7,6,8,10,2,1,5,4,2,4,5,3,9,10,8,7,6,5,4,6,8,10,9,2,6,7,8,5,10,6,8,9,2,7,6,8,9,4,5,7,5,9,1,8,10,4,9,5,6,4,3,1,8,7,3,6,3,6,1,4,3,6,4,7,10,8,5,9,8,9,7,3,6,10,1,6,5,7,2,7,8,3,2,1,6,5,7,2,3,7,8,2,1,3,7,5,6,4,2,10,8,2,3,1,6,4,9,7,10,2,9,4,2,1,5,1,3,9",1:M1 M11 M24 M30 M38 M50 M68 M105 M114 M121 M137 M146 M155 M166 M176 M178 | 2:M2 M12 M16 M26 M31 M42 M51 M56 M67 M71 M86 M95 M141 M145 M150 M154 M161 M164 M172 M175 | 3:M3 M13 M17 M29 M37 M39 M43 M53 M59 M62 M74 M113 M117 M119 M123 M134 M144 M151 M156 M165 M179 | 4:M4 M14 M18 M27 M35 M40 M46 M54 M57 M61 M70 M72 M81 M100 M108 M112 M122 M125 M160 M168 M174 | 5:M5 M15 M22 M28 M34 M41 M49 M52 M55 M69 M73 M80 M90 M101 M103 M110 M129 M139 M148 M158 M177 | 6:M10 M21 M23 M36 M47 M64 M79 M82 M87 M92 M97 M111 M118 M120 M124 M135 M138 M147 M159 M167 | 7:M8 M20 M25 M33 M44 M58 M63 M78 M88 M96 M102 M116 M126 M133 M140 M142 M149 M152 M157 M170 | 8:M9 M19 M32 M48 M65 M77 M83 M89 M93 M98 M106 M115 M128 M131 M143 M153 M163 | 9:M7 M45 M60 M75 M85 M94 M99 M104 M109 M130 M132 M169 M173 M180 | 10:M6 M66 M76 M84 M91 M107 M127 M136 M162 M171,,"domain reduction: sessions, fixed meetings, forbidden slots | precedence domain propagation: fixed point over direct edges | full precedence closure: cycle detection and graph statistics only | (20),(22)-(27) exactly once over reduced domains | (19) participant atMost-one per slot | (46),(47) clustered table capacity with full channeling | (28) traditional pairwise precedence over direct E | usedSlot channeling + exact per-idle-slot break cost | (43) exactly |Mp| reduced usedSlot variables | (44) atMost 2|L| busy participants per slot | (45) exact even number of busy participants | exact unary internal-idle counts and range objective over P*",,,result,66064,,0,66064
table08,tic-13.prec15,tic-13.prec15,SAT,OPTIMAL,0.823308,24705,65193,0,0,65193,,peak_process_tree_rss_mb,multiple,staircase,direct,yes,imp12+,lexicographic_internal_idle_range_pstar_then_idle_max_then_idle_sum,lexicographic,0,0,0,0,45,"1,3,4,5,6,7,8,9,10,11,12,13,14,15,16,17,18,19,20,21,22,23,24,25,26,27,28,29,30,31,32,33,34,35,36,37,38,40,41,42,43,44,45,46,47",0,0,0,0,35,3,35,39,6,6,"0,0,0,0,0,0,0,0,0,0,0,0,0,0,0,0,0,0,0,0,0,0,0,0,0,0,0,0,0,0,0,0,0,0,0,0,0,0,0,0,0,0,0,0,0,0,0","30,36,40,42,42,42,40,36,30,22","1,2,3,4,5,7,6,9,8,10,1,2,3,4,5,2,3,4,6,5,7,8,4,1,5,2,3,6,7,1,2,4,5,6,7,3,8,1,3,4,5,2,1,4,5,6,7,8,3,6,8,10,9,7,3,5,2,7,6,4,5,9,7,6,8,10,7,4,6,5,2,4,5,6,7,3,9,8,10,2,4,10,7,9,8,1,2,1,3,6,8,1,7,9,2,4,3,7,6,5,4,8,6,10,8,4,9,5,5,7,9,10,2,6,3,6,5,3,5,3,1,4,9,7,3,5,8,6,4,1,9,1,3,6,8,5,7,6,8,7,5,2,8,9,4,8,10,2,7,6,6,4,9,2,3,9,5,3,2,8,7,10,3,4,8,1,10,1,7,4,9,4,2,10,5,3,9,1,6,2",1:M1 M11 M24 M30 M38 M43 M86 M88 M92 M121 M130 M132 M166 M168 M178 | 2:M2 M12 M16 M26 M31 M42 M57 M71 M80 M87 M95 M113 M142 M148 M154 M159 M173 M180 | 3:M3 M13 M17 M27 M36 M39 M49 M55 M76 M89 M97 M115 M118 M120 M125 M133 M155 M158 M163 M176 | 4:M4 M14 M18 M23 M32 M40 M44 M60 M68 M72 M81 M96 M101 M106 M122 M129 M145 M152 M164 M170 M172 | 5:M5 M15 M20 M25 M33 M41 M45 M56 M61 M70 M73 M100 M108 M109 M117 M119 M126 M136 M141 M157 M175 | 6:M7 M19 M28 M34 M46 M50 M59 M64 M69 M74 M90 M99 M103 M114 M116 M128 M134 M138 M150 M151 M179 | 7:M6 M21 M29 M35 M47 M54 M58 M63 M67 M75 M83 M93 M98 M110 M124 M137 M140 M149 M161 M169 | 8:M9 M22 M37 M48 M51 M65 M78 M85 M91 M102 M105 M127 M135 M139 M143 M146 M160 M165 | 9:M8 M53 M62 M77 M84 M94 M107 M111 M123 M131 M144 M153 M156 M171 M177 | 10:M10 M52 M66 M79 M82 M104 M112 M147 M162 M167 M174,,"domain reduction: sessions, fixed meetings, forbidden slots | precedence domain propagation: fixed point over direct edges | full precedence closure: cycle detection and graph statistics only | (20),(22)-(27) exactly once over reduced domains | (19) participant atMost-one per slot | (46),(47) clustered table capacity with full channeling | (28) staircase/support precedence over reduced domains and direct E | usedSlot channeling + exact per-idle-slot break cost | (43) exactly |Mp| reduced usedSlot variables | (44) atMost 2|L| busy participants per slot | (45) exact even number of busy participants | exact unary internal-idle counts and range objective over P*",,,result,65193,,0,65193
table08,tic-13.prec25,tic-13.prec25,SAT,OPTIMAL,1.271294,24453,64576,0,0,64576,,peak_process_tree_rss_mb,multiple,traditional,direct,no,imp12+,lexicographic_internal_idle_range_pstar_then_idle_max_then_idle_sum,lexicographic,0,0,0,0,45,"1,3,4,5,6,7,8,9,10,11,12,13,14,15,16,17,18,19,20,21,22,23,24,25,26,27,28,29,30,31,32,33,34,35,36,37,38,40,41,42,43,44,45,46,47",0,0,0,0,75,28,75,111,6,6,"0,0,0,0,0,0,0,0,0,0,0,0,0,0,0,0,0,0,0,0,0,0,0,0,0,0,0,0,0,0,0,0,0,0,0,0,0,0,0,0,0,0,0,0,0,0,0","30,34,38,40,42,42,42,40,32,20","7,3,2,4,5,9,8,10,1,6,2,3,4,1,5,8,5,3,4,1,6,7,6,3,2,7,8,5,4,1,2,7,8,4,5,6,3,9,5,7,6,5,9,4,3,10,6,8,7,4,5,6,3,7,5,4,8,9,10,8,6,2,4,7,10,1,3,1,2,5,2,7,4,8,10,5,1,9,6,8,1,3,7,9,6,10,6,9,7,2,9,3,7,8,4,1,8,4,7,6,3,9,6,10,3,7,1,5,3,1,7,6,2,8,9,9,6,5,8,4,5,3,4,7,2,1,9,6,8,5,9,5,10,8,3,4,7,6,2,5,3,5,6,4,9,8,6,5,10,4,7,5,1,6,4,2,8,6,5,7,2,8,2,3,4,7,8,8,1,3,2,9,1,7,3,9,2,10,2,4",1:M9 M14 M20 M30 M66 M68 M77 M81 M96 M107 M110 M126 M153 M169 M173 | 2:M3 M11 M25 M31 M62 M69 M71 M90 M113 M125 M139 M156 M161 M163 M171 M177 M179 | 3:M2 M12 M18 M24 M37 M45 M53 M67 M82 M92 M101 M105 M109 M122 M135 M141 M164 M170 M175 | 4:M4 M13 M19 M29 M34 M44 M50 M56 M63 M73 M95 M98 M120 M123 M136 M144 M150 M155 M165 M180 | 5:M5 M15 M17 M28 M35 M39 M42 M51 M55 M70 M76 M108 M118 M121 M130 M132 M140 M142 M148 M152 M159 | 6:M10 M21 M23 M36 M41 M47 M52 M61 M79 M85 M87 M100 M103 M112 M117 M128 M138 M143 M147 M154 M158 | 7:M1 M22 M26 M32 M40 M49 M54 M64 M72 M83 M89 M93 M99 M106 M111 M124 M137 M151 M160 M166 M174 | 8:M7 M16 M27 M33 M48 M57 M60 M74 M80 M94 M97 M114 M119 M129 M134 M146 M157 M162 M167 M168 | 9:M6 M38 M43 M58 M78 M84 M88 M91 M102 M115 M116 M127 M131 M145 M172 M176 | 10:M8 M46 M59 M65 M75 M86 M104 M133 M149 M178,,"domain reduction: sessions, fixed meetings, forbidden slots | precedence domain propagation: fixed point over direct edges | full precedence closure: cycle detection and graph statistics only | (20),(22)-(27) exactly once over reduced domains | (19) participant atMost-one per slot | (46),(47) clustered table capacity with full channeling | (28) traditional pairwise precedence over direct E | usedSlot channeling + exact per-idle-slot break cost | (43) exactly |Mp| reduced usedSlot variables | (44) atMost 2|L| busy participants per slot | (45) exact even number of busy participants | exact unary internal-idle counts and range objective over P*",,,result,64576,,0,64576
table08,tic-13.prec25,tic-13.prec25,SAT,OPTIMAL,1.08924,24453,63042,0,0,63042,,peak_process_tree_rss_mb,multiple,staircase,direct,yes,imp12+,lexicographic_internal_idle_range_pstar_then_idle_max_then_idle_sum,lexicographic,0,0,0,0,45,"1,3,4,5,6,7,8,9,10,11,12,13,14,15,16,17,18,19,20,21,22,23,24,25,26,27,28,29,30,31,32,33,34,35,36,37,38,40,41,42,43,44,45,46,47",0,0,0,0,75,28,75,111,6,6,"0,0,0,0,0,0,0,0,0,0,0,0,0,0,0,0,0,0,0,0,0,0,0,0,0,0,0,0,0,0,0,0,0,0,0,0,0,0,0,0,0,0,0,0,0,0,0","28,36,40,42,42,42,42,38,32,18","1,3,2,4,5,7,6,9,10,8,2,3,4,1,5,5,6,4,8,3,7,9,2,5,4,7,3,6,1,1,4,5,8,2,3,6,7,4,2,3,1,3,9,4,2,8,7,5,6,5,7,4,6,8,6,5,4,3,7,8,7,5,10,2,9,1,5,1,2,3,8,6,9,3,10,7,2,1,4,7,8,1,6,9,3,10,7,9,6,9,10,3,8,4,5,2,8,2,6,7,4,9,5,2,3,7,1,6,3,2,9,6,5,8,10,6,4,5,6,3,2,4,4,5,2,1,7,6,8,9,7,6,10,9,3,2,5,6,5,9,7,4,7,6,8,8,1,5,9,4,6,4,3,3,9,4,7,7,8,5,2,8,8,1,5,10,5,9,4,1,8,4,7,7,2,8,3,10,3,6",1:M1 M14 M29 M30 M41 M66 M68 M78 M82 M107 M126 M147 M164 M170 | 2:M3 M11 M23 M34 M39 M45 M64 M69 M77 M96 M98 M104 M110 M121 M125 M136 M161 M175 | 3:M2 M12 M20 M27 M35 M40 M42 M58 M70 M74 M85 M92 M105 M109 M120 M135 M153 M154 M177 M179 | 4:M4 M13 M18 M25 M31 M38 M44 M52 M57 M79 M94 M101 M117 M122 M123 M142 M150 M152 M156 M169 M172 | 5:M5 M15 M16 M24 M32 M48 M50 M56 M62 M67 M95 M103 M113 M118 M124 M137 M139 M148 M160 M165 M167 | 6:M7 M17 M28 M36 M49 M53 M55 M72 M83 M89 M99 M108 M112 M116 M119 M128 M132 M138 M144 M151 M180 | 7:M6 M21 M26 M37 M47 M51 M59 M61 M76 M80 M87 M100 M106 M127 M131 M141 M143 M157 M158 M173 M174 | 8:M10 M19 M33 M46 M54 M60 M71 M81 M93 M97 M114 M129 M145 M146 M159 M162 M163 M171 M176 | 9:M8 M22 M43 M65 M73 M84 M88 M90 M102 M111 M130 M134 M140 M149 M155 M168 | 10:M9 M63 M75 M86 M91 M115 M133 M166 M178,,"domain reduction: sessions, fixed meetings, forbidden slots | precedence domain propagation: fixed point over direct edges | full precedence closure: cycle detection and graph statistics only | (20),(22)-(27) exactly once over reduced domains | (19) participant atMost-one per slot | (46),(47) clustered table capacity with full channeling | (28) staircase/support precedence over reduced domains and direct E | usedSlot channeling + exact per-idle-slot break cost | (43) exactly |Mp| reduced usedSlot variables | (44) atMost 2|L| busy participants per slot | (45) exact even number of busy participants | exact unary internal-idle counts and range objective over P*",,,result,63042,,0,63042
table08,tic-13crafb.prec15,tic-13crafb.prec15,SAT,OPTIMAL,0.813985,23069,64085,0,0,64085,,peak_process_tree_rss_mb,multiple,traditional,direct,no,imp12+,lexicographic_internal_idle_range_pstar_then_idle_max_then_idle_sum,lexicographic,0,0,0,0,44,"1,2,3,4,5,6,7,8,9,10,11,12,13,14,15,16,17,18,19,20,21,22,24,25,26,27,28,29,30,31,32,33,34,35,36,37,38,40,41,42,43,44,45,46",0,0,0,0,34,4,34,38,8,8,"0,0,0,0,0,0,0,0,0,0,0,0,0,0,0,0,0,0,0,0,0,0,0,0,0,0,0,0,0,0,0,0,0,0,0,0,0,0,0,0,0,0,0,0,0,0","38,38,40,42,42,40,38,36,30,24","1,2,3,4,5,10,1,2,3,4,1,2,3,4,1,2,3,3,4,5,1,6,7,2,1,4,5,6,7,8,5,6,1,7,3,4,2,8,10,4,5,7,10,1,4,9,6,2,8,2,3,5,1,7,10,6,5,9,4,8,10,7,2,9,7,8,4,3,8,6,5,6,3,7,5,10,4,8,2,1,9,7,3,6,5,9,2,6,3,4,8,10,6,7,4,2,7,9,5,10,6,3,10,4,1,8,5,9,6,3,5,10,7,8,9,7,10,1,9,6,2,7,3,1,4,8,5,8,2,3,6,4,5,7,6,3,8,9,5,2,1,7,1,8,7,6,9,4,2,1,9,5,8,8,3,9,4,1,2,3,4,6,5,7,8,6,2,10,4,5,3,1,9,5,6,3,4,1,2,6,9,8,5,7",1:M1 M7 M11 M15 M21 M25 M33 M44 M53 M80 M105 M118 M124 M141 M143 M150 M158 M172 M178 | 2:M2 M8 M12 M16 M24 M37 M48 M50 M63 M79 M87 M96 M121 M129 M140 M149 M159 M167 M179 | 3:M3 M9 M13 M17 M18 M35 M51 M68 M73 M83 M89 M102 M110 M123 M130 M136 M155 M160 M171 M176 | 4:M4 M10 M14 M19 M26 M36 M40 M45 M59 M67 M77 M90 M95 M104 M125 M132 M148 M157 M161 M169 M177 | 5:M5 M20 M27 M31 M41 M52 M57 M71 M75 M85 M99 M107 M111 M127 M133 M139 M152 M163 M170 M174 M183 | 6:M22 M28 M32 M47 M56 M70 M72 M84 M88 M93 M101 M109 M120 M131 M135 M146 M162 M166 M175 M180 | 7:M23 M29 M34 M42 M54 M62 M65 M74 M82 M94 M97 M113 M116 M122 M134 M142 M145 M164 M184 | 8:M30 M38 M49 M60 M66 M69 M78 M91 M106 M114 M126 M128 M137 M144 M153 M154 M165 M182 | 9:M46 M58 M64 M81 M86 M98 M108 M115 M119 M138 M147 M151 M156 M173 M181 | 10:M6 M39 M43 M55 M61 M76 M92 M100 M103 M112 M117 M168,,"domain reduction: sessions, fixed meetings, forbidden slots | precedence domain propagation: fixed point over direct edges | full precedence closure: cycle detection and graph statistics only | (20),(22)-(27) exactly once over reduced domains | (19) participant atMost-one per slot | (46),(47) clustered table capacity with full channeling | (28) traditional pairwise precedence over direct E | usedSlot channeling + exact per-idle-slot break cost | (43) exactly |Mp| reduced usedSlot variables | (44) atMost 2|L| busy participants per slot | (45) exact even number of busy participants | exact unary internal-idle counts and range objective over P*",,,result,64085,,0,64085
table08,tic-13crafb.prec15,tic-13crafb.prec15,SAT,OPTIMAL,0.800621,23069,63223,0,0,63223,,peak_process_tree_rss_mb,multiple,staircase,direct,yes,imp12+,lexicographic_internal_idle_range_pstar_then_idle_max_then_idle_sum,lexicographic,0,0,0,0,44,"1,2,3,4,5,6,7,8,9,10,11,12,13,14,15,16,17,18,19,20,21,22,24,25,26,27,28,29,30,31,32,33,34,35,36,37,38,40,41,42,43,44,45,46",0,0,0,0,34,4,34,38,8,8,"0,0,0,0,0,0,0,0,0,0,0,0,0,0,0,0,0,0,0,0,0,0,0,0,0,0,0,0,0,0,0,0,0,0,0,0,0,0,0,0,0,0,0,0,0,0","30,36,40,40,42,42,40,38,32,28","2,8,1,5,3,10,1,5,2,7,4,5,1,8,1,2,3,3,9,4,5,1,7,7,6,2,5,4,8,9,8,7,4,10,9,2,6,3,1,6,7,9,10,4,2,3,1,5,8,10,5,3,4,7,2,6,5,6,1,10,3,9,2,9,4,8,7,5,2,6,3,7,6,3,9,1,4,8,10,2,5,8,3,6,5,7,8,6,9,4,3,5,4,2,8,5,4,10,2,8,6,7,10,6,1,9,2,8,7,8,3,10,5,6,7,3,10,7,5,8,9,3,2,4,7,6,1,4,2,6,7,10,9,8,6,5,8,9,2,4,3,7,1,8,3,4,6,5,1,7,6,10,9,3,9,4,4,7,5,9,8,6,10,9,4,6,8,10,7,1,2,5,3,2,6,1,3,4,5,6,5,7,3,4",1:M3 M7 M13 M15 M22 M39 M47 M59 M76 M105 M127 M143 M149 M170 M176 | 2:M1 M9 M16 M26 M36 M45 M55 M63 M69 M80 M94 M99 M107 M123 M129 M139 M171 M174 | 3:M5 M17 M18 M38 M46 M52 M61 M71 M74 M83 M91 M111 M116 M122 M141 M145 M154 M173 M177 M183 | 4:M11 M20 M28 M33 M44 M53 M65 M77 M90 M93 M97 M124 M128 M140 M146 M156 M157 M165 M178 M184 | 5:M4 M8 M12 M21 M27 M48 M51 M57 M68 M81 M85 M92 M96 M113 M119 M136 M148 M159 M172 M179 M181 | 6:M25 M37 M40 M56 M58 M70 M73 M84 M88 M101 M104 M114 M126 M130 M135 M147 M151 M162 M166 M175 M180 | 7:M10 M23 M24 M32 M41 M54 M67 M72 M86 M102 M109 M115 M118 M125 M131 M142 M150 M158 M169 M182 | 8:M2 M14 M29 M31 M49 M66 M78 M82 M87 M95 M100 M108 M110 M120 M134 M137 M144 M161 M167 | 9:M19 M30 M35 M42 M62 M64 M75 M89 M106 M121 M133 M138 M153 M155 M160 M164 | 10:M6 M34 M43 M50 M60 M79 M98 M103 M112 M117 M132 M152 M163 M168,,"domain reduction: sessions, fixed meetings, forbidden slots | precedence domain propagation: fixed point over direct edges | full precedence closure: cycle detection and graph statistics only | (20),(22)-(27) exactly once over reduced domains | (19) participant atMost-one per slot | (46),(47) clustered table capacity with full channeling | (28) staircase/support precedence over reduced domains and direct E | usedSlot channeling + exact per-idle-slot break cost | (43) exactly |Mp| reduced usedSlot variables | (44) atMost 2|L| busy participants per slot | (45) exact even number of busy participants | exact unary internal-idle counts and range objective over P*",,,result,63223,,0,63223
table08,tic-13crafb.prec25,tic-13crafb.prec25,SAT,OPTIMAL,1.113257,22787,62715,0,0,62715,,peak_process_tree_rss_mb,multiple,traditional,direct,no,imp12+,lexicographic_internal_idle_range_pstar_then_idle_max_then_idle_sum,lexicographic,0,0,0,0,44,"1,2,3,4,5,6,7,8,9,10,11,12,13,14,15,16,17,18,19,20,21,22,24,25,26,27,28,29,30,31,32,33,34,35,36,37,38,40,41,42,43,44,45,46",0,0,0,0,75,25,75,106,8,8,"0,0,0,0,0,0,0,0,0,0,0,0,0,0,0,0,0,0,0,0,0,0,0,0,0,0,0,0,0,0,0,0,0,0,0,0,0,0,0,0,0,0,0,0,0,0","34,40,42,42,42,40,38,34,30,26","2,1,4,5,6,9,2,4,5,7,4,10,3,5,1,2,6,2,3,5,6,4,1,3,8,1,6,4,5,7,8,1,2,3,9,10,7,4,6,3,4,9,10,6,7,5,2,8,9,7,5,4,10,3,6,1,5,7,2,3,9,8,1,1,8,5,6,3,6,9,7,6,7,1,4,5,2,9,8,10,3,7,8,3,9,8,5,1,4,2,6,7,4,1,5,1,7,3,4,5,8,2,8,3,10,9,1,6,2,10,9,5,7,3,4,6,2,8,4,3,2,9,6,5,8,7,10,10,8,3,4,2,5,5,3,6,1,8,9,4,10,7,8,4,7,6,3,1,4,2,7,2,6,2,10,3,9,10,7,5,9,8,6,7,3,4,2,5,10,6,8,9,1,6,4,2,3,7,5,1,5,3,2,4",1:M2 M15 M23 M26 M32 M56 M63 M64 M74 M88 M94 M96 M107 M137 M148 M173 M180 | 2:M1 M7 M16 M18 M33 M47 M59 M77 M90 M102 M109 M117 M121 M132 M150 M152 M154 M167 M176 M183 | 3:M13 M19 M24 M34 M40 M54 M60 M68 M81 M84 M98 M104 M114 M120 M130 M135 M147 M156 M165 M177 M182 | 4:M3 M8 M11 M22 M28 M38 M41 M52 M75 M89 M93 M99 M115 M119 M131 M140 M144 M149 M166 M175 M184 | 5:M4 M9 M14 M20 M29 M46 M51 M57 M66 M76 M87 M95 M100 M112 M124 M133 M134 M160 M168 M179 M181 | 6:M5 M17 M21 M27 M39 M44 M55 M67 M69 M72 M91 M108 M116 M123 M136 M146 M153 M163 M170 M174 | 7:M10 M30 M37 M45 M50 M58 M71 M73 M82 M92 M97 M113 M126 M142 M145 M151 M159 M164 M178 | 8:M25 M31 M48 M62 M65 M79 M83 M86 M101 M103 M118 M125 M129 M138 M143 M162 M171 | 9:M6 M35 M42 M49 M61 M70 M78 M85 M106 M111 M122 M139 M157 M161 M172 | 10:M12 M36 M43 M53 M80 M105 M110 M127 M128 M141 M155 M158 M169,,"domain reduction: sessions, fixed meetings, forbidden slots | precedence domain propagation: fixed point over direct edges | full precedence closure: cycle detection and graph statistics only | (20),(22)-(27) exactly once over reduced domains | (19) participant atMost-one per slot | (46),(47) clustered table capacity with full channeling | (28) traditional pairwise precedence over direct E | usedSlot channeling + exact per-idle-slot break cost | (43) exactly |Mp| reduced usedSlot variables | (44) atMost 2|L| busy participants per slot | (45) exact even number of busy participants | exact unary internal-idle counts and range objective over P*",,,result,62715,,0,62715
table08,tic-13crafb.prec25,tic-13crafb.prec25,SAT,OPTIMAL,1.21599,22787,61138,0,0,61138,,peak_process_tree_rss_mb,multiple,staircase,direct,yes,imp12+,lexicographic_internal_idle_range_pstar_then_idle_max_then_idle_sum,lexicographic,0,0,0,0,44,"1,2,3,4,5,6,7,8,9,10,11,12,13,14,15,16,17,18,19,20,21,22,24,25,26,27,28,29,30,31,32,33,34,35,36,37,38,40,41,42,43,44,45,46",0,0,0,0,75,25,75,106,8,8,"0,0,0,0,0,0,0,0,0,0,0,0,0,0,0,0,0,0,0,0,0,0,0,0,0,0,0,0,0,0,0,0,0,0,0,0,0,0,0,0,0,0,0,0,0,0","34,42,42,42,42,42,36,34,30,24","1,2,3,4,6,8,2,3,4,5,3,2,4,7,1,2,3,2,10,4,9,1,6,4,8,1,3,5,7,6,6,5,7,10,8,9,2,3,1,6,10,9,8,2,5,4,1,6,7,6,5,3,9,2,1,4,4,5,8,3,7,9,1,2,9,4,5,8,5,7,8,5,6,2,1,4,7,8,9,3,10,6,8,3,4,5,8,1,3,7,9,4,5,8,7,1,7,10,3,6,5,2,8,4,2,6,3,9,10,10,7,6,8,2,5,8,6,7,3,1,4,8,2,5,6,7,9,10,3,7,6,2,5,4,7,9,3,10,6,1,8,5,9,4,7,3,9,6,2,4,10,7,9,6,10,2,5,1,2,5,3,6,4,9,7,3,6,2,4,5,10,8,1,1,3,4,2,6,5,1,4,5,3,2",1:M1 M15 M22 M26 M39 M47 M55 M63 M75 M88 M96 M120 M140 M158 M173 M174 M180 | 2:M2 M7 M12 M16 M18 M37 M44 M54 M64 M74 M102 M105 M114 M123 M132 M149 M156 M159 M168 M177 M184 | 3:M3 M8 M11 M17 M27 M38 M52 M60 M80 M84 M89 M99 M107 M119 M129 M137 M146 M161 M166 M175 M183 | 4:M4 M9 M13 M20 M24 M46 M56 M57 M66 M76 M85 M92 M104 M121 M134 M144 M150 M163 M169 M176 M181 | 5:M10 M28 M32 M45 M51 M58 M67 M69 M72 M86 M93 M101 M115 M124 M133 M142 M157 M160 M170 M179 M182 | 6:M5 M23 M30 M31 M40 M48 M50 M73 M82 M100 M106 M112 M117 M125 M131 M139 M148 M154 M162 M167 M178 | 7:M14 M29 M33 M49 M61 M70 M77 M90 M95 M97 M111 M118 M126 M130 M135 M145 M152 M165 | 8:M6 M25 M35 M43 M59 M68 M71 M78 M83 M87 M94 M103 M113 M116 M122 M141 M172 | 9:M21 M36 M42 M53 M62 M65 M79 M91 M108 M127 M136 M143 M147 M153 M164 | 10:M19 M34 M41 M81 M98 M109 M110 M128 M138 M151 M155 M171,,"domain reduction: sessions, fixed meetings, forbidden slots | precedence domain propagation: fixed point over direct edges | full precedence closure: cycle detection and graph statistics only | (20),(22)-(27) exactly once over reduced domains | (19) participant atMost-one per slot | (46),(47) clustered table capacity with full channeling | (28) staircase/support precedence over reduced domains and direct E | usedSlot channeling + exact per-idle-slot break cost | (43) exactly |Mp| reduced usedSlot variables | (44) atMost 2|L| busy participants per slot | (45) exact even number of busy participants | exact unary internal-idle counts and range objective over P*",,,result,61138,,0,61138
table08,tic-13crafc.prec15,tic-13crafc.prec15,SAT,OPTIMAL,168.665229,24867,66428,0,0,66428,,peak_process_tree_rss_mb,multiple,traditional,direct,no,imp12+,lexicographic_internal_idle_range_pstar_then_idle_max_then_idle_sum,lexicographic,1,1,8,8,45,"1,3,4,5,6,7,8,9,10,11,12,13,14,15,16,17,18,19,20,21,22,23,24,25,26,27,28,29,30,31,32,33,34,35,36,37,38,40,41,42,43,44,45,46,47",8,1,1,1,35,3,35,39,6,6,"0,0,0,1,0,0,0,0,0,0,0,0,0,0,0,1,1,0,1,0,0,0,0,0,1,1,0,0,1,0,0,0,0,0,0,1,0,0,0,0,0,0,0,0,0,0,0","30,34,38,38,38,38,38,38,36,32","1,9,3,7,10,4,2,5,8,6,3,4,5,1,2,10,7,6,8,4,9,2,6,10,8,4,7,9,5,9,10,8,3,6,4,5,7,8,6,7,9,7,3,8,9,10,5,4,6,2,1,5,4,3,5,2,3,7,4,10,2,3,6,9,1,7,1,2,3,4,6,7,4,1,9,5,8,3,2,10,1,4,3,7,9,5,7,8,9,3,1,4,6,10,9,8,1,5,2,8,4,10,2,8,9,4,7,5,2,3,10,9,4,7,5,6,9,8,5,1,3,6,3,5,2,10,8,7,4,6,9,2,7,8,3,10,4,2,4,5,6,6,8,2,1,6,1,5,8,10,3,8,5,5,6,9,7,7,5,9,3,7,6,1,10,2,8,4,7,3,10,8,6,3,6,1,9,2,10,1",1:M1 M14 M51 M65 M67 M74 M81 M91 M97 M120 M145 M147 M164 M176 M180 | 2:M7 M15 M22 M50 M56 M61 M68 M79 M99 M103 M109 M125 M132 M138 M144 M166 M178 | 3:M3 M11 M33 M43 M54 M57 M62 M69 M78 M83 M90 M110 M121 M123 M135 M151 M161 M170 M174 | 4:M6 M12 M20 M26 M35 M48 M53 M59 M70 M73 M82 M92 M101 M106 M113 M129 M137 M139 M168 | 5:M8 M13 M29 M36 M47 M52 M55 M76 M86 M98 M108 M115 M119 M124 M140 M148 M153 M154 M159 | 6:M10 M18 M23 M34 M39 M49 M63 M71 M93 M116 M122 M130 M141 M142 M146 M155 M163 M173 M175 | 7:M4 M17 M27 M37 M40 M42 M58 M66 M72 M84 M87 M107 M114 M128 M133 M157 M158 M162 M169 | 8:M9 M19 M25 M32 M38 M44 M77 M88 M96 M100 M104 M118 M127 M134 M143 M149 M152 M167 M172 | 9:M2 M21 M28 M30 M41 M45 M64 M75 M85 M89 M95 M105 M112 M117 M131 M156 M160 M177 | 10:M5 M16 M24 M31 M46 M60 M80 M94 M102 M111 M126 M136 M150 M165 M171 M179,,"domain reduction: sessions, fixed meetings, forbidden slots | precedence domain propagation: fixed point over direct edges | full precedence closure: cycle detection and graph statistics only | (20),(22)-(27) exactly once over reduced domains | (19) participant atMost-one per slot | (46),(47) clustered table capacity with full channeling | (28) traditional pairwise precedence over direct E | usedSlot channeling + exact per-idle-slot break cost | (43) exactly |Mp| reduced usedSlot variables | (44) atMost 2|L| busy participants per slot | (45) exact even number of busy participants | exact unary internal-idle counts and range objective over P*",,,result,66428,,1,66428
table08,tic-13crafc.prec15,tic-13crafc.prec15,SAT,OPTIMAL,156.914808,24867,65557,0,0,65557,,peak_process_tree_rss_mb,multiple,staircase,direct,yes,imp12+,lexicographic_internal_idle_range_pstar_then_idle_max_then_idle_sum,lexicographic,1,1,8,8,45,"1,3,4,5,6,7,8,9,10,11,12,13,14,15,16,17,18,19,20,21,22,23,24,25,26,27,28,29,30,31,32,33,34,35,36,37,38,40,41,42,43,44,45,46,47",8,1,1,1,35,3,35,39,6,6,"0,0,0,0,0,1,0,0,0,0,0,0,0,0,0,0,0,0,1,0,0,0,0,0,0,1,1,0,1,1,0,0,1,1,0,0,0,0,0,0,0,0,0,0,0,0,0","32,36,38,38,38,38,38,38,36,28","4,6,9,2,8,3,1,5,7,10,6,10,9,8,7,10,4,5,8,3,7,9,5,4,6,1,2,7,3,3,8,9,4,2,1,6,5,8,7,6,9,9,10,7,8,6,4,5,3,4,1,5,3,2,2,3,1,6,7,9,6,7,5,4,1,3,7,10,8,6,7,2,3,1,9,6,5,10,8,9,1,3,8,5,10,2,8,7,10,3,5,2,9,7,1,8,1,6,2,8,5,4,2,6,4,3,7,9,3,2,10,8,5,4,9,8,7,10,6,4,3,5,5,4,1,7,9,8,2,3,1,10,3,2,9,6,4,2,3,4,6,9,7,5,6,4,8,5,10,7,5,9,2,1,4,7,8,4,2,5,3,6,10,9,2,8,5,2,6,3,9,1,10,8,7,4,6,1,4,1",1:M7 M26 M35 M51 M57 M65 M74 M81 M95 M97 M125 M131 M154 M172 M178 M180 | 2:M4 M27 M34 M54 M55 M72 M86 M92 M99 M103 M110 M129 M134 M138 M153 M159 M165 M168 | 3:M6 M20 M29 M30 M49 M53 M56 M66 M73 M82 M90 M106 M109 M121 M130 M133 M139 M161 M170 | 4:M1 M17 M24 M33 M47 M50 M64 M102 M105 M114 M120 M124 M137 M140 M146 M155 M158 M176 M179 | 5:M8 M18 M23 M37 M48 M52 M63 M77 M84 M91 M101 M113 M122 M123 M144 M148 M151 M160 M167 | 6:M2 M11 M25 M36 M40 M46 M58 M61 M70 M76 M98 M104 M119 M136 M141 M145 M162 M169 M177 | 7:M9 M15 M21 M28 M39 M44 M59 M62 M67 M71 M88 M94 M107 M117 M126 M143 M150 M156 M175 | 8:M5 M14 M19 M31 M38 M45 M69 M79 M83 M87 M96 M100 M112 M116 M128 M147 M157 M166 M174 | 9:M3 M13 M22 M32 M41 M42 M60 M75 M80 M93 M108 M115 M127 M135 M142 M152 M164 M171 | 10:M10 M12 M16 M43 M68 M78 M85 M89 M111 M118 M132 M149 M163 M173,,"domain reduction: sessions, fixed meetings, forbidden slots | precedence domain propagation: fixed point over direct edges | full precedence closure: cycle detection and graph statistics only | (20),(22)-(27) exactly once over reduced domains | (19) participant atMost-one per slot | (46),(47) clustered table capacity with full channeling | (28) staircase/support precedence over reduced domains and direct E | usedSlot channeling + exact per-idle-slot break cost | (43) exactly |Mp| reduced usedSlot variables | (44) atMost 2|L| busy participants per slot | (45) exact even number of busy participants | exact unary internal-idle counts and range objective over P*",,,result,65557,,1,65557
table08,tic-13crafc.prec25,tic-13crafc.prec25,SAT,OPTIMAL,142.125285,24621,64952,0,0,64952,,peak_process_tree_rss_mb,multiple,traditional,direct,no,imp12+,lexicographic_internal_idle_range_pstar_then_idle_max_then_idle_sum,lexicographic,1,1,8,8,45,"1,3,4,5,6,7,8,9,10,11,12,13,14,15,16,17,18,19,20,21,22,23,24,25,26,27,28,29,30,31,32,33,34,35,36,37,38,40,41,42,43,44,45,46,47",8,1,1,1,75,28,75,111,6,6,"0,0,0,0,0,0,0,0,0,0,0,0,0,0,0,0,1,0,0,0,0,1,0,0,1,1,0,0,0,0,0,0,1,0,0,1,0,0,0,0,0,0,0,0,1,1,0","32,36,38,38,38,38,38,38,36,28","4,5,6,3,7,2,1,10,8,9,7,9,10,6,8,5,6,4,9,3,8,2,2,3,4,5,6,7,1,5,2,8,1,7,3,4,6,4,1,3,2,3,6,2,1,7,4,8,5,8,6,7,10,9,6,5,1,3,7,8,7,2,5,10,3,1,8,6,7,9,9,8,4,10,2,5,6,1,7,2,3,5,6,10,9,7,7,9,10,9,1,5,8,2,3,4,9,7,4,8,1,10,7,8,1,10,4,3,9,4,1,8,5,7,3,4,5,1,10,6,9,8,1,8,3,2,9,6,10,7,4,2,10,5,3,1,8,2,4,6,5,3,5,2,4,10,3,7,1,2,9,6,5,3,9,10,6,7,8,8,4,3,5,2,6,9,4,6,4,8,2,4,5,7,3,9,5,9,2,6",1:M7 M29 M33 M39 M45 M57 M66 M78 M91 M101 M105 M111 M118 M123 M136 M149 | 2:M6 M22 M23 M31 M41 M44 M62 M75 M80 M94 M126 M132 M138 M144 M150 M164 M171 M179 | 3:M4 M20 M24 M35 M40 M42 M58 M65 M81 M95 M108 M115 M125 M135 M142 M147 M154 M162 M175 | 4:M1 M18 M25 M36 M38 M47 M73 M96 M99 M107 M110 M116 M131 M139 M145 M161 M167 M169 M172 | 5:M2 M16 M26 M30 M49 M56 M63 M76 M82 M92 M113 M117 M134 M141 M143 M153 M163 M173 M177 | 6:M3 M14 M17 M27 M37 M43 M51 M55 M68 M77 M83 M120 M128 M140 M152 M157 M165 M168 M180 | 7:M5 M11 M28 M34 M46 M52 M59 M61 M69 M79 M86 M87 M98 M103 M114 M130 M148 M158 M174 | 8:M9 M15 M21 M32 M48 M50 M60 M67 M72 M93 M100 M104 M112 M122 M124 M137 M159 M160 M170 | 9:M10 M12 M19 M54 M70 M71 M85 M88 M90 M97 M109 M121 M127 M151 M155 M166 M176 M178 | 10:M8 M13 M53 M64 M74 M84 M89 M102 M106 M119 M129 M133 M146 M156,,"domain reduction: sessions, fixed meetings, forbidden slots | precedence domain propagation: fixed point over direct edges | full precedence closure: cycle detection and graph statistics only | (20),(22)-(27) exactly once over reduced domains | (19) participant atMost-one per slot | (46),(47) clustered table capacity with full channeling | (28) traditional pairwise precedence over direct E | usedSlot channeling + exact per-idle-slot break cost | (43) exactly |Mp| reduced usedSlot variables | (44) atMost 2|L| busy participants per slot | (45) exact even number of busy participants | exact unary internal-idle counts and range objective over P*",,,result,64952,,1,64952
table08,tic-13crafc.prec25,tic-13crafc.prec25,SAT,OPTIMAL,193.433011,24621,63418,0,0,63418,,peak_process_tree_rss_mb,multiple,staircase,direct,yes,imp12+,lexicographic_internal_idle_range_pstar_then_idle_max_then_idle_sum,lexicographic,1,1,8,8,45,"1,3,4,5,6,7,8,9,10,11,12,13,14,15,16,17,18,19,20,21,22,23,24,25,26,27,28,29,30,31,32,33,34,35,36,37,38,40,41,42,43,44,45,46,47",8,1,1,1,75,28,75,111,6,6,"0,0,0,0,0,1,0,1,0,0,0,0,0,0,0,0,0,0,1,0,0,1,0,0,0,0,0,0,1,1,0,0,1,0,0,0,0,0,0,0,0,0,0,0,1,0,0","32,36,38,38,38,38,38,38,36,28","4,8,9,5,1,7,2,10,3,6,3,4,1,2,5,7,6,4,8,2,9,5,7,6,5,1,2,4,3,2,3,7,9,8,6,1,5,9,6,8,10,5,10,8,3,9,6,2,4,4,2,3,1,5,6,5,10,9,8,8,7,1,5,3,10,2,4,2,3,5,8,2,10,3,9,4,5,7,1,9,2,3,8,1,7,10,7,10,9,5,2,3,8,4,9,1,9,3,8,7,6,4,4,7,1,6,8,2,10,1,7,4,3,6,9,10,6,7,5,3,6,2,1,4,6,2,9,3,10,7,4,5,10,9,6,1,7,6,4,5,3,6,8,7,1,8,6,5,7,3,9,5,3,6,10,4,8,9,7,4,1,6,5,3,8,9,9,4,2,8,8,7,2,8,1,7,4,10,2,5",1:M5 M13 M26 M36 M53 M62 M79 M84 M96 M105 M110 M123 M136 M145 M161 M175 | 2:M7 M14 M20 M27 M30 M48 M51 M66 M68 M72 M81 M91 M108 M122 M126 M169 M173 M179 | 3:M9 M11 M29 M31 M45 M52 M64 M69 M74 M82 M92 M98 M113 M120 M128 M141 M150 M153 M164 | 4:M1 M12 M18 M28 M49 M50 M67 M76 M94 M102 M103 M112 M124 M131 M139 M156 M160 M168 M177 | 5:M4 M15 M22 M25 M37 M42 M54 M56 M63 M70 M77 M90 M119 M132 M140 M148 M152 M163 M180 | 6:M10 M17 M24 M35 M39 M47 M55 M101 M106 M114 M117 M121 M125 M135 M138 M142 M147 M154 M162 | 7:M6 M16 M23 M32 M61 M78 M85 M87 M100 M104 M111 M118 M130 M137 M144 M149 M159 M172 M176 | 8:M2 M19 M34 M40 M44 M59 M60 M71 M83 M93 M99 M107 M143 M146 M157 M165 M170 M171 M174 | 9:M3 M21 M33 M38 M46 M58 M75 M80 M89 M95 M97 M115 M127 M134 M151 M158 M166 M167 | 10:M8 M41 M43 M57 M65 M73 M86 M88 M109 M116 M129 M133 M155 M178,,"domain reduction: sessions, fixed meetings, forbidden slots | precedence domain propagation: fixed point over direct edges | full precedence closure: cycle detection and graph statistics only | (20),(22)-(27) exactly once over reduced domains | (19) participant atMost-one per slot | (46),(47) clustered table capacity with full channeling | (28) staircase/support precedence over reduced domains and direct E | usedSlot channeling + exact per-idle-slot break cost | (43) exactly |Mp| reduced usedSlot variables | (44) atMost 2|L| busy participants per slot | (45) exact even number of busy participants | exact unary internal-idle counts and range objective over P*",,,result,63418,,1,63418
table08,tic-14crafa.prec15,tic-14crafa.prec15,SAT,OPTIMAL,1.210537,28225,80568,0,0,80568,,peak_process_tree_rss_mb,multiple,traditional,direct,no,imp12+,lexicographic_internal_idle_range_pstar_then_idle_max_then_idle_sum,lexicographic,0,0,0,0,59,"1,2,3,4,5,6,7,8,9,10,11,12,13,14,15,16,17,18,20,21,22,23,24,25,26,27,28,29,30,31,32,33,34,35,36,37,38,39,40,41,42,43,44,45,46,47,48,49,50,51,52,53,54,55,56,57,58,59,60",0,0,0,0,44,6,44,54,7,7,"0,0,0,0,0,0,0,0,0,0,0,0,0,0,0,0,0,0,0,0,0,0,0,0,0,0,0,0,0,0,0,0,0,0,0,0,0,0,0,0,0,0,0,0,0,0,0,0,0,0,0,0,0,0,0,0,0,0,0,0","44,46,50,54,54,54,52,46,40,34","1,2,3,4,5,10,9,7,1,1,1,3,4,5,6,7,2,8,1,1,2,3,4,1,10,3,6,4,2,3,8,4,1,9,2,1,3,6,10,3,5,10,4,3,9,2,7,8,5,7,6,10,1,10,4,9,2,6,5,8,3,9,5,2,1,6,3,8,10,4,7,2,5,6,9,1,2,7,3,9,6,10,5,1,4,8,7,8,5,6,10,9,7,2,6,3,5,4,7,2,4,9,5,6,8,9,6,8,7,5,6,8,4,3,9,4,7,8,10,2,6,4,8,5,1,5,6,7,3,2,5,8,6,10,8,7,1,9,5,4,2,4,6,3,8,1,5,10,4,2,5,9,6,1,8,2,10,4,7,3,6,9,2,4,7,8,10,5,1,3,6,8,7,3,5,7,4,6,2,4,5,4,1,7,2,9,7,5,6,8,10,9,7,3,4,9,6,10,7,8,6,7,8,9,6,3,5,2,4,1,3,5,8,9,7,3,4,7,1,8,10,3,7,2,5,4,6,9,5,7,1,3,6,5,3,2,4",1:M1 M9 M10 M11 M19 M20 M24 M33 M36 M53 M65 M76 M84 M125 M137 M146 M154 M169 M183 M210 M219 M231 | 2:M2 M17 M21 M29 M35 M46 M57 M64 M72 M77 M94 M100 M120 M130 M141 M150 M156 M163 M179 M185 M208 M224 M236 | 3:M3 M12 M22 M26 M30 M37 M40 M44 M61 M67 M79 M96 M114 M129 M144 M160 M170 M174 M194 M206 M211 M216 M222 M232 M235 | 4:M4 M13 M23 M28 M32 M43 M55 M70 M85 M98 M101 M113 M116 M122 M140 M142 M149 M158 M164 M177 M180 M182 M195 M209 M217 M226 M237 | 5:M5 M14 M41 M49 M59 M63 M73 M83 M89 M97 M103 M110 M124 M126 M131 M139 M147 M151 M168 M175 M181 M188 M207 M212 M225 M229 M234 | 6:M15 M27 M38 M51 M58 M66 M74 M81 M90 M95 M104 M107 M111 M121 M127 M133 M143 M153 M161 M171 M178 M189 M197 M201 M205 M227 M233 | 7:M8 M16 M47 M50 M71 M78 M87 M93 M99 M109 M117 M128 M136 M159 M165 M173 M176 M184 M187 M193 M199 M202 M215 M218 M223 M230 | 8:M18 M31 M48 M60 M68 M86 M88 M105 M108 M112 M118 M123 M132 M135 M145 M155 M166 M172 M190 M200 M203 M213 M220 | 9:M7 M34 M45 M56 M62 M75 M80 M92 M102 M106 M115 M138 M152 M162 M186 M192 M196 M204 M214 M228 | 10:M6 M25 M39 M42 M52 M54 M69 M82 M91 M119 M134 M148 M157 M167 M191 M198 M221,,"domain reduction: sessions, fixed meetings, forbidden slots | precedence domain propagation: fixed point over direct edges | full precedence closure: cycle detection and graph statistics only | (20),(22)-(27) exactly once over reduced domains | (19) participant atMost-one per slot | (46),(47) clustered table capacity with full channeling | (28) traditional pairwise precedence over direct E | usedSlot channeling + exact per-idle-slot break cost | (43) exactly |Mp| reduced usedSlot variables | (44) atMost 2|L| busy participants per slot | (45) exact even number of busy participants | exact unary internal-idle counts and range objective over P*",,,result,80568,,0,80568
table08,tic-14crafa.prec15,tic-14crafa.prec15,SAT,OPTIMAL,1.258934,28225,79505,0,0,79505,,peak_process_tree_rss_mb,multiple,staircase,direct,yes,imp12+,lexicographic_internal_idle_range_pstar_then_idle_max_then_idle_sum,lexicographic,0,0,0,0,59,"1,2,3,4,5,6,7,8,9,10,11,12,13,14,15,16,17,18,20,21,22,23,24,25,26,27,28,29,30,31,32,33,34,35,36,37,38,39,40,41,42,43,44,45,46,47,48,49,50,51,52,53,54,55,56,57,58,59,60",0,0,0,0,44,6,44,54,7,7,"0,0,0,0,0,0,0,0,0,0,0,0,0,0,0,0,0,0,0,0,0,0,0,0,0,0,0,0,0,0,0,0,0,0,0,0,0,0,0,0,0,0,0,0,0,0,0,0,0,0,0,0,0,0,0,0,0,0,0,0","38,48,50,54,54,54,52,48,42,34","2,1,3,4,5,7,6,8,2,4,1,3,7,5,6,4,2,8,4,1,2,3,5,1,6,2,3,4,10,3,2,3,1,9,3,2,5,6,8,1,10,5,1,4,3,6,2,6,5,1,10,8,2,3,1,4,5,6,2,9,7,4,5,6,1,9,8,7,10,3,9,7,10,8,6,5,6,10,2,5,8,1,4,9,7,3,5,10,6,8,7,9,2,5,3,8,4,7,7,3,2,9,4,8,10,8,7,9,9,5,8,4,7,6,10,3,8,9,2,7,4,6,7,5,5,8,6,7,10,9,7,5,4,1,10,8,7,3,9,5,6,1,9,2,10,3,5,4,6,2,10,7,2,8,4,9,1,5,6,3,5,9,10,8,2,1,4,7,6,1,8,4,2,4,5,8,3,2,1,7,6,4,6,8,7,9,4,5,2,3,7,6,8,4,5,9,6,10,8,7,9,7,8,5,9,3,2,6,4,10,3,4,7,9,6,1,3,4,2,8,10,5,7,3,6,4,2,9,5,6,1,3,7,4,5,6,3",1:M2 M11 M20 M24 M33 M40 M43 M50 M55 M65 M82 M134 M142 M157 M166 M170 M179 M216 M231 | 2:M1 M9 M17 M21 M26 M31 M36 M47 M53 M59 M79 M93 M101 M119 M144 M150 M153 M165 M173 M178 M189 M207 M219 M227 | 3:M3 M12 M22 M27 M30 M32 M35 M45 M54 M70 M86 M95 M100 M116 M138 M146 M160 M177 M190 M206 M211 M217 M224 M232 M237 | 4:M4 M10 M16 M19 M28 M44 M56 M62 M83 M97 M103 M112 M121 M133 M148 M155 M167 M172 M174 M182 M187 M194 M209 M212 M218 M226 M234 | 5:M5 M14 M23 M37 M42 M49 M57 M63 M76 M80 M87 M94 M110 M124 M125 M132 M140 M147 M158 M161 M175 M188 M195 M204 M222 M229 M235 | 6:M7 M15 M25 M38 M46 M48 M58 M64 M75 M77 M89 M114 M122 M127 M141 M149 M159 M169 M181 M183 M192 M197 M208 M215 M225 M230 M236 | 7:M6 M13 M61 M68 M72 M85 M91 M98 M99 M107 M113 M120 M123 M128 M131 M137 M152 M168 M180 M185 M191 M200 M202 M213 M223 M233 | 8:M8 M18 M39 M52 M67 M74 M81 M90 M96 M104 M106 M111 M117 M126 M136 M154 M164 M171 M176 M184 M193 M199 M203 M220 | 9:M34 M60 M66 M71 M84 M92 M102 M108 M109 M118 M130 M139 M143 M156 M162 M186 M196 M201 M205 M214 M228 | 10:M29 M41 M51 M69 M73 M78 M88 M105 M115 M129 M135 M145 M151 M163 M198 M210 M221,,"domain reduction: sessions, fixed meetings, forbidden slots | precedence domain propagation: fixed point over direct edges | full precedence closure: cycle detection and graph statistics only | (20),(22)-(27) exactly once over reduced domains | (19) participant atMost-one per slot | (46),(47) clustered table capacity with full channeling | (28) staircase/support precedence over reduced domains and direct E | usedSlot channeling + exact per-idle-slot break cost | (43) exactly |Mp| reduced usedSlot variables | (44) atMost 2|L| busy participants per slot | (45) exact even number of busy participants | exact unary internal-idle counts and range objective over P*",,,result,79505,,0,79505
table08,tic-14crafa.prec25,tic-14crafa.prec25,SAT,OPTIMAL,3.368055,27871,78442,0,0,78442,,peak_process_tree_rss_mb,multiple,traditional,direct,no,imp12+,lexicographic_internal_idle_range_pstar_then_idle_max_then_idle_sum,lexicographic,0,0,0,0,59,"1,2,3,4,5,6,7,8,9,10,11,12,13,14,15,16,17,18,20,21,22,23,24,25,26,27,28,29,30,31,32,33,34,35,36,37,38,39,40,41,42,43,44,45,46,47,48,49,50,51,52,53,54,55,56,57,58,59,60",0,0,0,0,93,38,93,145,7,7,"0,0,0,0,0,0,0,0,0,0,0,0,0,0,0,0,0,0,0,0,0,0,0,0,0,0,0,0,0,0,0,0,0,0,0,0,0,0,0,0,0,0,0,0,0,0,0,0,0,0,0,0,0,0,0,0,0,0,0,0","38,46,50,54,54,54,52,48,42,36","5,10,9,7,6,4,3,2,3,4,5,7,9,10,2,8,3,6,2,9,8,4,6,1,2,3,4,5,5,7,7,9,1,3,6,5,3,4,2,8,4,9,8,6,2,1,10,8,5,3,7,6,2,9,10,3,1,7,5,8,6,7,1,2,4,9,3,5,6,8,2,7,3,1,10,4,5,9,1,3,4,8,2,6,10,7,8,7,10,5,6,9,3,5,1,4,2,6,6,2,4,5,8,7,3,6,8,7,7,5,6,1,3,10,6,1,7,9,5,8,2,4,7,5,8,4,9,6,10,5,5,10,7,5,8,2,3,4,9,6,10,4,1,3,9,7,10,1,6,3,4,10,2,5,6,1,9,8,3,7,9,3,10,1,2,6,4,5,8,2,7,8,5,1,7,8,3,5,10,6,5,3,7,4,9,10,1,3,6,4,5,2,8,9,2,4,1,8,6,5,2,9,6,10,7,2,3,8,1,4,4,10,9,3,5,4,7,4,9,3,6,7,8,1,9,5,4,2,8,7,2,4,6,8,4,7,6",1:M24 M33 M46 M57 M63 M74 M79 M95 M112 M116 M143 M148 M156 M164 M174 M187 M197 M209 M224 | 2:M8 M15 M19 M25 M39 M45 M53 M64 M71 M83 M97 M100 M121 M136 M153 M165 M170 M192 M195 M201 M206 M228 M231 | 3:M7 M9 M17 M26 M34 M37 M50 M56 M67 M73 M80 M93 M105 M113 M137 M144 M150 M159 M162 M177 M182 M188 M207 M214 M220 | 4:M6 M10 M22 M27 M38 M41 M65 M76 M81 M96 M101 M122 M126 M138 M142 M151 M167 M184 M190 M196 M210 M211 M216 M218 M227 M232 M235 | 5:M1 M11 M28 M29 M36 M49 M59 M68 M77 M90 M94 M102 M110 M119 M124 M130 M131 M134 M154 M168 M173 M178 M181 M191 M200 M215 M226 | 6:M5 M18 M23 M35 M44 M52 M61 M69 M84 M91 M98 M99 M106 M111 M115 M128 M140 M149 M155 M166 M180 M189 M199 M203 M221 M233 M237 | 7:M4 M12 M30 M31 M51 M58 M62 M72 M86 M88 M104 M108 M109 M117 M123 M133 M146 M160 M171 M175 M183 M205 M217 M222 M230 M236 | 8:M16 M21 M40 M43 M48 M60 M70 M82 M87 M103 M107 M120 M125 M135 M158 M169 M172 M176 M193 M198 M208 M223 M229 M234 | 9:M3 M13 M20 M32 M42 M54 M66 M78 M92 M118 M127 M139 M145 M157 M161 M185 M194 M202 M213 M219 M225 | 10:M2 M14 M47 M55 M75 M85 M89 M114 M129 M132 M141 M147 M152 M163 M179 M186 M204 M212,,"domain reduction: sessions, fixed meetings, forbidden slots | precedence domain propagation: fixed point over direct edges | full precedence closure: cycle detection and graph statistics only | (20),(22)-(27) exactly once over reduced domains | (19) participant atMost-one per slot | (46),(47) clustered table capacity with full channeling | (28) traditional pairwise precedence over direct E | usedSlot channeling + exact per-idle-slot break cost | (43) exactly |Mp| reduced usedSlot variables | (44) atMost 2|L| busy participants per slot | (45) exact even number of busy participants | exact unary internal-idle counts and range objective over P*",,,result,78442,,0,78442
table08,tic-14crafa.prec25,tic-14crafa.prec25,SAT,OPTIMAL,1.645694,27871,76611,0,0,76611,,peak_process_tree_rss_mb,multiple,staircase,direct,yes,imp12+,lexicographic_internal_idle_range_pstar_then_idle_max_then_idle_sum,lexicographic,0,0,0,0,59,"1,2,3,4,5,6,7,8,9,10,11,12,13,14,15,16,17,18,20,21,22,23,24,25,26,27,28,29,30,31,32,33,34,35,36,37,38,39,40,41,42,43,44,45,46,47,48,49,50,51,52,53,54,55,56,57,58,59,60",0,0,0,0,93,38,93,145,7,7,"0,0,0,0,0,0,0,0,0,0,0,0,0,0,0,0,0,0,0,0,0,0,0,0,0,0,0,0,0,0,0,0,0,0,0,0,0,0,0,0,0,0,0,0,0,0,0,0,0,0,0,0,0,0,0,0,0,0,0,0","44,48,52,54,54,54,52,46,38,32","3,5,8,10,9,7,6,2,3,2,3,6,2,10,9,7,5,8,5,9,2,10,3,8,6,1,2,9,5,1,10,7,1,4,3,5,1,6,2,1,1,8,7,3,2,4,10,1,5,9,2,3,4,10,8,1,4,5,2,7,6,2,6,9,1,7,3,4,5,8,5,4,3,2,10,1,1,6,8,3,5,4,9,2,10,7,8,5,6,9,10,7,6,8,5,7,4,9,5,4,10,2,7,6,9,3,4,5,7,3,6,8,1,3,8,2,4,10,9,7,5,4,5,6,7,4,8,9,6,5,7,6,2,1,4,9,6,7,10,3,5,4,1,6,10,7,4,5,3,8,4,2,1,10,6,8,9,7,3,5,1,5,3,7,10,9,2,8,4,5,7,9,6,6,4,8,1,5,9,4,6,1,3,7,6,8,4,6,5,7,2,3,8,6,8,4,1,5,3,2,8,9,7,4,8,2,10,5,6,3,2,4,8,1,3,2,7,2,3,4,9,3,7,1,8,2,5,6,4,6,7,1,3,6,3,7,4",1:M26 M30 M33 M37 M40 M41 M48 M56 M65 M76 M77 M113 M134 M143 M153 M161 M177 M182 M197 M214 M224 M232 | 2:M8 M10 M13 M21 M27 M39 M45 M51 M59 M62 M74 M84 M102 M116 M133 M152 M167 M191 M200 M206 M211 M216 M218 M226 | 3:M1 M9 M11 M23 M35 M44 M52 M67 M73 M80 M106 M110 M114 M140 M149 M159 M163 M183 M192 M199 M210 M215 M219 M222 M233 M235 | 4:M34 M46 M53 M57 M68 M72 M82 M97 M100 M107 M117 M122 M126 M135 M142 M147 M151 M169 M175 M180 M187 M196 M204 M212 M220 M229 M237 | 5:M2 M17 M19 M29 M36 M49 M58 M69 M71 M81 M88 M95 M99 M108 M121 M123 M130 M141 M148 M160 M162 M170 M178 M189 M198 M208 M227 | 6:M7 M12 M25 M38 M61 M63 M78 M89 M93 M104 M111 M124 M129 M132 M137 M144 M155 M173 M174 M181 M185 M188 M194 M209 M228 M230 M234 | 7:M6 M16 M32 M43 M60 M66 M86 M92 M96 M103 M109 M120 M125 M131 M138 M146 M158 M164 M171 M184 M190 M203 M217 M223 M231 M236 | 8:M3 M18 M24 M42 M55 M70 M79 M87 M94 M112 M115 M127 M150 M156 M168 M176 M186 M193 M195 M201 M205 M213 M225 | 9:M5 M15 M20 M28 M50 M64 M83 M90 M98 M105 M119 M128 M136 M157 M166 M172 M179 M202 M221 | 10:M4 M14 M22 M31 M47 M54 M75 M85 M91 M101 M118 M139 M145 M154 M165 M207,,"domain reduction: sessions, fixed meetings, forbidden slots | precedence domain propagation: fixed point over direct edges | full precedence closure: cycle detection and graph statistics only | (20),(22)-(27) exactly once over reduced domains | (19) participant atMost-one per slot | (46),(47) clustered table capacity with full channeling | (28) staircase/support precedence over reduced domains and direct E | usedSlot channeling + exact per-idle-slot break cost | (43) exactly |Mp| reduced usedSlot variables | (44) atMost 2|L| busy participants per slot | (45) exact even number of busy participants | exact unary internal-idle counts and range objective over P*",,,result,76611,,0,76611
table08,tic-14crafc.prec15,tic-14crafc.prec15,SAT,OPTIMAL,1.020978,28447,81052,0,0,81052,,peak_process_tree_rss_mb,multiple,traditional,direct,no,imp12+,lexicographic_internal_idle_range_pstar_then_idle_max_then_idle_sum,lexicographic,0,0,0,0,59,"1,2,3,4,5,6,7,8,9,10,11,12,13,14,15,16,17,18,20,21,22,23,24,25,26,27,28,29,30,31,32,33,34,35,36,37,38,39,40,41,42,43,44,45,46,47,48,49,50,51,52,53,54,55,56,57,58,59,60",0,0,0,0,44,6,44,54,7,7,"0,0,0,0,0,0,0,0,0,0,0,0,0,0,0,0,0,0,0,0,0,0,0,0,0,0,0,0,0,0,0,0,0,0,0,0,0,0,0,0,0,0,0,0,0,0,0,0,0,0,0,0,0,0,0,0,0,0,0,0","38,46,50,50,50,50,50,50,48,42","1,10,5,6,3,9,7,8,7,8,1,4,8,9,6,2,3,7,9,8,5,3,6,1,10,4,5,2,4,10,9,6,10,8,7,6,4,5,5,2,10,6,2,5,3,8,9,9,4,10,6,7,3,3,8,5,2,1,7,6,9,4,5,1,2,10,7,8,6,3,6,8,9,7,4,3,10,2,6,7,8,1,9,4,5,3,2,3,5,1,4,6,6,2,4,5,1,3,7,2,9,5,3,8,4,1,3,4,8,5,4,2,9,1,5,7,9,3,10,8,4,7,9,8,4,7,3,2,5,8,2,1,3,1,2,10,7,8,9,4,5,6,4,3,10,8,8,5,1,4,8,3,5,7,1,2,10,9,6,4,2,3,10,5,1,9,7,6,8,1,6,9,2,1,7,3,6,8,2,9,10,3,7,2,6,10,9,6,8,10,7,5,6,1,4,5,7,10,6,9,3,9,10,7,8,5,3,6,2,4,7,3,5,4,2,4,10,6,9,9,10,7,2,4,5,6,8,3,4,7,1,5,2,9,10,7,8",1:M1 M11 M24 M58 M64 M82 M90 M97 M106 M114 M132 M134 M149 M155 M165 M170 M174 M194 M231 | 2:M16 M28 M40 M43 M57 M65 M78 M87 M94 M100 M112 M128 M131 M135 M156 M161 M173 M179 M184 M209 M215 M223 M233 | 3:M5 M17 M22 M45 M53 M54 M70 M76 M86 M88 M98 M103 M107 M118 M127 M133 M144 M152 M162 M176 M182 M201 M207 M212 M228 | 4:M12 M26 M29 M37 M49 M62 M75 M84 M91 M95 M105 M108 M111 M121 M125 M140 M143 M150 M160 M195 M210 M214 M216 M224 M229 | 5:M3 M21 M27 M38 M39 M44 M56 M63 M85 M89 M96 M102 M110 M115 M129 M141 M148 M153 M164 M192 M196 M206 M213 M225 M232 | 6:M4 M15 M23 M32 M36 M42 M51 M60 M69 M71 M79 M92 M93 M142 M159 M168 M171 M177 M185 M188 M193 M199 M208 M218 M226 | 7:M7 M9 M18 M35 M52 M59 M67 M74 M80 M99 M116 M122 M126 M137 M154 M167 M175 M183 M191 M197 M204 M211 M222 M230 M236 | 8:M8 M10 M13 M20 M34 M46 M55 M68 M72 M81 M104 M109 M120 M124 M130 M138 M146 M147 M151 M169 M178 M189 M205 M227 M237 | 9:M6 M14 M19 M31 M47 M48 M61 M73 M83 M101 M113 M117 M123 M139 M158 M166 M172 M180 M187 M200 M202 M219 M220 M234 | 10:M2 M25 M30 M33 M41 M50 M66 M77 M119 M136 M145 M157 M163 M181 M186 M190 M198 M203 M217 M221 M235,,"domain reduction: sessions, fixed meetings, forbidden slots | precedence domain propagation: fixed point over direct edges | full precedence closure: cycle detection and graph statistics only | (20),(22)-(27) exactly once over reduced domains | (19) participant atMost-one per slot | (46),(47) clustered table capacity with full channeling | (28) traditional pairwise precedence over direct E | usedSlot channeling + exact per-idle-slot break cost | (43) exactly |Mp| reduced usedSlot variables | (44) atMost 2|L| busy participants per slot | (45) exact even number of busy participants | exact unary internal-idle counts and range objective over P*",,,result,81052,,0,81052
table08,tic-14crafc.prec15,tic-14crafc.prec15,SAT,OPTIMAL,1.066714,28447,79989,0,0,79989,,peak_process_tree_rss_mb,multiple,staircase,direct,yes,imp12+,lexicographic_internal_idle_range_pstar_then_idle_max_then_idle_sum,lexicographic,0,0,0,0,59,"1,2,3,4,5,6,7,8,9,10,11,12,13,14,15,16,17,18,20,21,22,23,24,25,26,27,28,29,30,31,32,33,34,35,36,37,38,39,40,41,42,43,44,45,46,47,48,49,50,51,52,53,54,55,56,57,58,59,60",0,0,0,0,44,6,44,54,7,7,"0,0,0,0,0,0,0,0,0,0,0,0,0,0,0,0,0,0,0,0,0,0,0,0,0,0,0,0,0,0,0,0,0,0,0,0,0,0,0,0,0,0,0,0,0,0,0,0,0,0,0,0,0,0,0,0,0,0,0,0","42,46,50,50,50,50,50,48,46,42","1,2,3,4,5,7,6,8,1,2,1,3,4,5,6,7,2,8,6,1,2,3,4,1,3,10,6,5,7,3,2,3,10,4,7,6,3,2,2,3,4,9,1,2,5,7,3,3,5,1,6,8,7,7,1,2,5,6,10,9,3,5,4,9,10,6,1,2,7,8,5,9,4,6,10,8,4,8,2,5,3,6,7,10,9,1,6,9,5,8,7,10,5,6,8,4,7,9,7,3,4,8,1,5,2,9,7,10,5,3,10,4,9,6,7,1,5,3,2,4,8,5,3,4,5,7,9,6,8,10,6,8,10,3,9,8,6,4,7,5,1,3,10,8,2,4,8,7,4,2,9,8,4,1,7,10,3,2,6,5,1,10,5,4,2,6,7,8,9,3,10,9,2,4,5,1,9,8,3,1,2,2,10,3,9,7,7,9,8,10,5,6,1,2,5,9,7,10,8,6,1,9,10,2,6,5,1,8,7,4,6,3,9,8,4,4,9,6,4,9,8,3,10,2,6,7,4,5,4,5,1,3,6,10,8,9,7",1:M1 M9 M11 M20 M24 M43 M50 M55 M67 M86 M103 M116 M141 M154 M161 M176 M180 M193 M201 M207 M231 | 2:M2 M10 M17 M21 M31 M38 M39 M44 M56 M68 M79 M105 M119 M145 M150 M158 M165 M173 M181 M182 M194 M204 M224 | 3:M3 M12 M22 M25 M30 M32 M37 M40 M47 M48 M61 M81 M100 M110 M118 M123 M134 M142 M157 M170 M179 M184 M212 M222 M232 | 4:M4 M13 M23 M34 M41 M63 M73 M77 M96 M101 M112 M120 M124 M138 M146 M149 M153 M164 M174 M210 M215 M216 M219 M227 M229 | 5:M5 M14 M28 M45 M49 M57 M62 M71 M80 M89 M93 M104 M109 M117 M122 M125 M140 M160 M163 M175 M191 M195 M206 M228 M230 | 6:M7 M15 M19 M27 M36 M51 M58 M66 M74 M82 M87 M94 M114 M128 M131 M137 M159 M166 M192 M200 M205 M211 M218 M225 M233 | 7:M6 M16 M29 M35 M46 M53 M54 M69 M83 M91 M97 M99 M107 M115 M126 M139 M148 M155 M167 M186 M187 M197 M209 M226 M237 | 8:M8 M18 M52 M70 M76 M78 M90 M95 M102 M121 M129 M132 M136 M144 M147 M152 M168 M178 M189 M199 M208 M214 M221 M235 | 9:M42 M60 M64 M72 M85 M88 M98 M106 M113 M127 M135 M151 M169 M172 M177 M185 M188 M196 M202 M213 M217 M220 M236 | 10:M26 M33 M59 M65 M75 M84 M92 M108 M111 M130 M133 M143 M156 M162 M171 M183 M190 M198 M203 M223 M234,,"domain reduction: sessions, fixed meetings, forbidden slots | precedence domain propagation: fixed point over direct edges | full precedence closure: cycle detection and graph statistics only | (20),(22)-(27) exactly once over reduced domains | (19) participant atMost-one per slot | (46),(47) clustered table capacity with full channeling | (28) staircase/support precedence over reduced domains and direct E | usedSlot channeling + exact per-idle-slot break cost | (43) exactly |Mp| reduced usedSlot variables | (44) atMost 2|L| busy participants per slot | (45) exact even number of busy participants | exact unary internal-idle counts and range objective over P*",,,result,79989,,0,79989
table08,tic-14crafc.prec25,tic-14crafc.prec25,SAT,OPTIMAL,3.631604,28103,78946,0,0,78946,,peak_process_tree_rss_mb,multiple,traditional,direct,no,imp12+,lexicographic_internal_idle_range_pstar_then_idle_max_then_idle_sum,lexicographic,0,0,0,0,59,"1,2,3,4,5,6,7,8,9,10,11,12,13,14,15,16,17,18,20,21,22,23,24,25,26,27,28,29,30,31,32,33,34,35,36,37,38,39,40,41,42,43,44,45,46,47,48,49,50,51,52,53,54,55,56,57,58,59,60",0,0,0,0,93,38,93,145,7,7,"0,0,0,0,0,0,0,0,0,0,0,0,0,0,0,0,0,0,0,0,0,0,0,0,0,0,0,0,0,0,0,0,0,0,0,0,0,0,0,0,0,0,0,0,0,0,0,0,0,0,0,0,0,0,0,0,0,0,0,0","42,50,50,50,50,50,50,48,44,40","3,10,9,6,8,5,2,4,5,4,9,7,4,10,8,5,6,2,8,8,4,3,6,9,3,7,6,5,3,2,7,5,6,1,2,8,3,6,7,4,3,8,5,6,1,7,10,9,3,10,8,4,2,8,4,1,2,3,10,7,6,4,1,2,3,9,7,5,8,6,2,7,10,3,1,6,2,10,6,4,1,9,5,3,7,8,3,2,6,4,5,1,3,4,2,6,1,7,4,1,10,3,7,5,2,7,8,9,7,5,6,8,1,9,6,2,5,10,8,4,1,5,7,8,8,5,10,4,9,7,5,9,1,8,7,9,2,5,10,3,4,2,1,6,8,10,7,1,3,2,6,9,3,10,4,1,8,7,2,5,1,2,10,5,3,9,8,6,4,9,7,8,3,1,7,4,6,2,9,3,2,4,5,3,10,7,5,7,8,6,9,10,10,6,2,3,1,5,8,4,1,9,4,1,10,6,7,3,2,5,4,2,6,3,9,2,9,5,4,2,6,1,8,3,4,7,9,5,8,9,4,5,10,10,9,7,6",1:M34 M45 M56 M63 M75 M81 M92 M97 M100 M113 M121 M133 M143 M148 M156 M161 M174 M197 M201 M204 M222 | 2:M7 M18 M30 M35 M53 M57 M64 M71 M77 M88 M95 M105 M116 M137 M142 M150 M159 M162 M178 M181 M195 M209 M212 M216 M220 | 3:M1 M22 M25 M29 M37 M41 M49 M58 M65 M74 M84 M87 M93 M102 M140 M149 M153 M165 M173 M180 M184 M196 M208 M214 M224 | 4:M8 M10 M13 M21 M40 M52 M55 M62 M80 M90 M94 M99 M120 M128 M141 M155 M169 M176 M182 M200 M203 M211 M219 M225 M231 | 5:M6 M9 M16 M28 M32 M43 M68 M83 M91 M104 M110 M117 M122 M126 M131 M138 M160 M164 M183 M187 M198 M210 M218 M228 M232 | 6:M4 M17 M23 M27 M33 M38 M44 M61 M70 M76 M79 M89 M96 M111 M115 M144 M151 M168 M177 M190 M194 M206 M213 M221 M237 | 7:M12 M26 M31 M39 M46 M60 M67 M72 M85 M98 M103 M106 M109 M123 M130 M135 M147 M158 M171 M175 M186 M188 M207 M226 M236 | 8:M5 M15 M19 M20 M36 M42 M51 M54 M69 M86 M107 M112 M119 M124 M125 M134 M145 M157 M167 M172 M189 M199 M223 M229 | 9:M3 M11 M24 M48 M66 M82 M108 M114 M129 M132 M136 M152 M166 M170 M179 M191 M202 M215 M217 M227 M230 M235 | 10:M2 M14 M47 M50 M59 M73 M78 M101 M118 M127 M139 M146 M154 M163 M185 M192 M193 M205 M233 M234,,"domain reduction: sessions, fixed meetings, forbidden slots | precedence domain propagation: fixed point over direct edges | full precedence closure: cycle detection and graph statistics only | (20),(22)-(27) exactly once over reduced domains | (19) participant atMost-one per slot | (46),(47) clustered table capacity with full channeling | (28) traditional pairwise precedence over direct E | usedSlot channeling + exact per-idle-slot break cost | (43) exactly |Mp| reduced usedSlot variables | (44) atMost 2|L| busy participants per slot | (45) exact even number of busy participants | exact unary internal-idle counts and range objective over P*",,,result,78946,,0,78946
table08,tic-14crafc.prec25,tic-14crafc.prec25,SAT,OPTIMAL,1.531374,28103,77115,0,0,77115,,peak_process_tree_rss_mb,multiple,staircase,direct,yes,imp12+,lexicographic_internal_idle_range_pstar_then_idle_max_then_idle_sum,lexicographic,0,0,0,0,59,"1,2,3,4,5,6,7,8,9,10,11,12,13,14,15,16,17,18,20,21,22,23,24,25,26,27,28,29,30,31,32,33,34,35,36,37,38,39,40,41,42,43,44,45,46,47,48,49,50,51,52,53,54,55,56,57,58,59,60",0,0,0,0,93,38,93,145,7,7,"0,0,0,0,0,0,0,0,0,0,0,0,0,0,0,0,0,0,0,0,0,0,0,0,0,0,0,0,0,0,0,0,0,0,0,0,0,0,0,0,0,0,0,0,0,0,0,0,0,0,0,0,0,0,0,0,0,0,0,0","44,50,50,50,50,50,50,48,46,36","3,5,4,6,7,9,8,2,3,1,1,3,4,5,6,7,8,9,3,7,6,8,1,1,3,2,4,9,4,1,2,3,4,1,5,1,2,6,4,2,6,5,3,7,4,2,9,1,5,9,4,6,3,8,10,6,2,9,5,4,3,2,6,8,1,10,7,3,4,5,9,8,10,1,7,5,2,9,5,6,1,8,4,3,10,7,7,5,6,8,9,10,4,5,2,8,3,7,8,1,6,2,7,3,9,8,7,10,7,6,8,9,4,10,8,4,3,9,6,7,2,6,5,8,8,4,9,7,10,5,5,10,4,3,10,7,1,2,8,6,9,3,1,5,6,10,10,3,9,7,4,9,1,5,2,8,3,7,6,10,7,4,8,5,2,10,6,9,1,2,6,10,7,10,2,7,1,5,8,3,2,4,6,8,9,3,3,5,1,6,2,4,9,7,9,2,1,3,6,5,7,8,7,10,9,2,4,5,6,1,2,8,5,1,6,2,3,4,8,9,7,4,8,2,3,6,5,1,7,4,10,5,9,2,4,5,3",1:M10 M11 M23 M24 M30 M34 M36 M48 M65 M74 M81 M100 M137 M143 M153 M169 M177 M189 M197 M210 M214 M228 | 2:M8 M26 M31 M37 M40 M46 M57 M62 M77 M95 M102 M121 M138 M155 M165 M170 M175 M181 M191 M196 M206 M211 M216 M224 M234 | 3:M1 M9 M12 M19 M25 M32 M43 M53 M61 M68 M84 M97 M104 M117 M134 M142 M148 M157 M180 M186 M187 M198 M217 M225 M237 | 4:M3 M13 M27 M29 M33 M39 M45 M51 M60 M69 M83 M93 M113 M116 M126 M133 M151 M162 M182 M192 M207 M218 M222 M230 M235 | 5:M2 M14 M35 M42 M49 M59 M70 M76 M79 M88 M94 M123 M130 M131 M144 M154 M164 M178 M188 M200 M208 M213 M227 M232 M236 | 6:M4 M15 M21 M38 M41 M52 M56 M63 M80 M89 M101 M110 M119 M122 M140 M145 M159 M167 M171 M183 M190 M199 M209 M215 M226 | 7:M5 M16 M20 M44 M67 M75 M86 M87 M98 M103 M107 M109 M120 M128 M136 M150 M158 M161 M173 M176 M194 M201 M203 M221 M229 | 8:M7 M17 M22 M54 M64 M72 M82 M90 M96 M99 M106 M111 M115 M124 M125 M139 M156 M163 M179 M184 M202 M212 M219 M223 | 9:M6 M18 M28 M47 M50 M58 M71 M78 M91 M105 M112 M118 M127 M141 M149 M152 M168 M185 M193 M195 M205 M220 M233 | 10:M55 M66 M73 M85 M92 M108 M114 M129 M132 M135 M146 M147 M160 M166 M172 M174 M204 M231,,"domain reduction: sessions, fixed meetings, forbidden slots | precedence domain propagation: fixed point over direct edges | full precedence closure: cycle detection and graph statistics only | (20),(22)-(27) exactly once over reduced domains | (19) participant atMost-one per slot | (46),(47) clustered table capacity with full channeling | (28) staircase/support precedence over reduced domains and direct E | usedSlot channeling + exact per-idle-slot break cost | (43) exactly |Mp| reduced usedSlot variables | (44) atMost 2|L| busy participants per slot | (45) exact even number of busy participants | exact unary internal-idle counts and range objective over P*",,,result,77115,,0,77115
table08,tic-14crafd.prec15,tic-14crafd.prec15,SAT,OPTIMAL,0.846602,28159,80935,0,0,80935,,peak_process_tree_rss_mb,multiple,traditional,direct,no,imp12+,lexicographic_internal_idle_range_pstar_then_idle_max_then_idle_sum,lexicographic,0,0,0,0,59,"1,2,3,4,5,6,7,8,9,10,11,12,13,14,15,16,17,18,20,21,22,23,24,25,26,27,28,29,30,31,32,33,34,35,36,37,38,39,40,41,42,43,44,45,46,47,48,49,50,51,52,53,54,55,56,57,58,59,60",0,0,0,0,41,1,41,42,8,8,"0,0,0,0,0,0,0,0,0,0,0,0,0,0,0,0,0,0,0,0,0,0,0,0,0,0,0,0,0,0,0,0,0,0,0,0,0,0,0,0,0,0,0,0,0,0,0,0,0,0,0,0,0,0,0,0,0,0,0,0","44,48,50,50,50,50,50,50,44,36","1,2,3,4,5,10,9,7,1,3,2,1,1,2,3,4,5,6,7,8,9,1,2,6,5,3,7,1,8,5,3,2,3,1,4,7,4,5,8,2,1,4,5,2,9,7,6,1,5,3,4,10,7,6,8,2,9,6,3,8,5,10,10,5,9,4,7,6,1,2,3,8,3,8,7,2,5,9,5,10,6,3,8,7,4,1,2,3,9,6,4,7,5,2,8,6,4,3,5,7,10,9,7,1,8,2,10,9,8,6,7,10,2,8,6,4,9,7,3,7,3,4,7,6,10,8,9,5,3,4,5,7,10,7,1,10,2,5,6,4,8,9,7,6,5,3,1,10,2,9,9,3,4,1,10,2,6,7,8,5,4,1,9,8,6,3,2,5,8,3,6,10,1,7,5,1,4,8,6,10,4,2,7,2,8,9,6,5,7,4,8,9,9,9,2,4,3,1,6,5,8,6,1,7,8,3,4,9,2,10,2,5,1,4,6,9,3,8,4,2,7,10,5,1,6,4,6,8,5,10,9,3,4,8,3,6",1:M1 M9 M12 M13 M22 M28 M34 M41 M48 M69 M86 M104 M135 M147 M154 M162 M173 M176 M198 M203 M213 M224 | 2:M2 M11 M14 M23 M32 M40 M44 M56 M70 M76 M87 M94 M106 M113 M137 M149 M156 M167 M182 M184 M195 M209 M211 M220 | 3:M3 M10 M15 M26 M31 M33 M50 M59 M71 M73 M82 M88 M98 M119 M121 M129 M146 M152 M166 M170 M197 M206 M217 M232 M235 | 4:M4 M16 M35 M37 M42 M51 M66 M85 M91 M97 M116 M122 M130 M140 M153 M161 M177 M181 M190 M196 M207 M214 M219 M226 M233 | 5:M5 M17 M25 M30 M38 M43 M49 M61 M64 M77 M79 M93 M99 M128 M131 M138 M145 M160 M168 M175 M188 M200 M212 M223 M229 | 6:M18 M24 M47 M54 M58 M68 M81 M90 M96 M110 M115 M124 M139 M144 M157 M165 M171 M179 M187 M199 M202 M215 M225 M227 M236 | 7:M8 M19 M27 M36 M46 M53 M67 M75 M84 M92 M100 M103 M111 M118 M120 M123 M132 M134 M143 M158 M174 M183 M189 M204 M221 | 8:M20 M29 M39 M55 M60 M72 M74 M83 M95 M105 M109 M114 M126 M141 M159 M164 M169 M178 M185 M191 M201 M205 M218 M228 M234 | 9:M7 M21 M45 M57 M65 M78 M89 M102 M108 M117 M127 M142 M150 M151 M163 M186 M192 M193 M194 M208 M216 M231 | 10:M6 M52 M62 M63 M80 M101 M107 M112 M125 M133 M136 M148 M155 M172 M180 M210 M222 M230,,"domain reduction: sessions, fixed meetings, forbidden slots | precedence domain propagation: fixed point over direct edges | full precedence closure: cycle detection and graph statistics only | (20),(22)-(27) exactly once over reduced domains | (19) participant atMost-one per slot | (46),(47) clustered table capacity with full channeling | (28) traditional pairwise precedence over direct E | usedSlot channeling + exact per-idle-slot break cost | (43) exactly |Mp| reduced usedSlot variables | (44) atMost 2|L| busy participants per slot | (45) exact even number of busy participants | exact unary internal-idle counts and range objective over P*",,,result,80935,,0,80935
table08,tic-14crafd.prec15,tic-14crafd.prec15,SAT,OPTIMAL,0.993925,28159,79842,0,0,79842,,peak_process_tree_rss_mb,multiple,staircase,direct,yes,imp12+,lexicographic_internal_idle_range_pstar_then_idle_max_then_idle_sum,lexicographic,0,0,0,0,59,"1,2,3,4,5,6,7,8,9,10,11,12,13,14,15,16,17,18,20,21,22,23,24,25,26,27,28,29,30,31,32,33,34,35,36,37,38,39,40,41,42,43,44,45,46,47,48,49,50,51,52,53,54,55,56,57,58,59,60",0,0,0,0,41,1,41,42,8,8,"0,0,0,0,0,0,0,0,0,0,0,0,0,0,0,0,0,0,0,0,0,0,0,0,0,0,0,0,0,0,0,0,0,0,0,0,0,0,0,0,0,0,0,0,0,0,0,0,0,0,0,0,0,0,0,0,0,0,0,0","40,44,50,50,50,50,50,50,46,42","2,3,5,7,10,8,4,9,3,6,8,9,9,3,6,5,1,8,2,4,10,7,9,6,5,8,9,4,6,10,3,5,10,1,4,5,3,7,1,8,10,2,7,9,6,1,8,8,4,1,9,2,5,3,10,8,7,2,3,6,4,9,6,10,4,1,5,3,8,7,2,9,5,10,7,2,6,9,6,7,2,10,1,4,5,3,8,3,4,6,10,9,5,8,7,1,3,6,7,4,9,10,7,2,1,4,4,3,2,5,1,4,1,2,8,3,7,10,9,9,10,7,6,8,4,3,5,7,1,2,6,3,9,8,2,4,1,3,6,10,5,7,7,2,6,9,1,8,4,10,8,1,9,6,5,7,2,3,10,4,8,4,7,6,5,3,10,9,6,8,2,3,5,8,5,10,6,9,4,3,6,7,8,3,7,5,4,6,2,3,5,1,5,7,6,10,2,5,3,1,3,6,1,9,8,4,5,7,2,10,6,4,7,5,8,10,7,4,8,1,6,5,2,9,3,4,8,9,1,2,7,5,9,4,8,2",1:M17 M34 M39 M46 M50 M66 M83 M96 M105 M111 M113 M129 M137 M147 M152 M192 M200 M203 M220 M229 | 2:M1 M19 M42 M52 M58 M71 M76 M81 M104 M109 M114 M130 M135 M144 M157 M171 M189 M197 M209 M223 M230 M236 | 3:M2 M9 M14 M31 M37 M54 M59 M68 M86 M88 M97 M108 M116 M126 M132 M138 M158 M166 M172 M180 M184 M190 M199 M201 M225 | 4:M7 M20 M28 M35 M49 M61 M65 M84 M89 M100 M106 M107 M112 M125 M136 M149 M160 M162 M179 M187 M206 M212 M218 M226 M234 | 5:M3 M16 M25 M32 M36 M53 M67 M73 M85 M93 M110 M127 M141 M155 M165 M173 M175 M186 M191 M193 M198 M207 M214 M222 M232 | 6:M10 M15 M24 M29 M45 M60 M63 M77 M79 M90 M98 M123 M131 M139 M145 M154 M164 M169 M177 M181 M188 M195 M202 M211 M221 | 7:M4 M22 M38 M43 M57 M70 M75 M80 M95 M99 M103 M117 M122 M128 M142 M143 M156 M163 M182 M185 M194 M208 M213 M217 M231 | 8:M6 M11 M18 M26 M40 M47 M48 M56 M69 M87 M94 M115 M124 M134 M148 M151 M161 M170 M174 M183 M205 M215 M219 M227 M235 | 9:M8 M12 M13 M23 M27 M44 M51 M62 M72 M78 M92 M101 M119 M120 M133 M146 M153 M168 M178 M204 M224 M228 M233 | 10:M5 M21 M30 M33 M41 M55 M64 M74 M82 M91 M102 M118 M121 M140 M150 M159 M167 M176 M196 M210 M216,,"domain reduction: sessions, fixed meetings, forbidden slots | precedence domain propagation: fixed point over direct edges | full precedence closure: cycle detection and graph statistics only | (20),(22)-(27) exactly once over reduced domains | (19) participant atMost-one per slot | (46),(47) clustered table capacity with full channeling | (28) staircase/support precedence over reduced domains and direct E | usedSlot channeling + exact per-idle-slot break cost | (43) exactly |Mp| reduced usedSlot variables | (44) atMost 2|L| busy participants per slot | (45) exact even number of busy participants | exact unary internal-idle counts and range objective over P*",,,result,79842,,0,79842
table08,tic-14crafd.prec25,tic-14crafd.prec25,SAT,OPTIMAL,1.334507,27799,78437,0,0,78437,,peak_process_tree_rss_mb,multiple,traditional,direct,no,imp12+,lexicographic_internal_idle_range_pstar_then_idle_max_then_idle_sum,lexicographic,0,0,0,0,59,"1,2,3,4,5,6,7,8,9,10,11,12,13,14,15,16,17,18,20,21,22,23,24,25,26,27,28,29,30,31,32,33,34,35,36,37,38,39,40,41,42,43,44,45,46,47,48,49,50,51,52,53,54,55,56,57,58,59,60",0,0,0,0,96,33,96,144,8,8,"0,0,0,0,0,0,0,0,0,0,0,0,0,0,0,0,0,0,0,0,0,0,0,0,0,0,0,0,0,0,0,0,0,0,0,0,0,0,0,0,0,0,0,0,0,0,0,0,0,0,0,0,0,0,0,0,0,0,0,0","36,44,50,50,50,50,50,50,48,44","4,1,2,3,5,10,9,8,7,2,1,3,2,3,5,4,6,7,8,9,1,9,10,7,10,5,3,2,3,1,5,7,6,8,9,8,3,4,6,3,10,8,6,2,3,9,4,2,4,7,8,3,9,6,10,9,4,6,5,8,1,3,3,8,2,5,7,4,6,10,1,9,9,6,5,2,3,5,6,10,9,4,7,3,8,2,1,5,9,3,8,7,6,2,4,3,8,5,9,7,8,10,7,3,6,1,7,10,9,6,8,10,9,6,1,5,4,7,8,10,5,3,3,10,9,8,4,5,7,6,7,2,10,2,4,9,8,3,6,10,1,5,3,2,9,7,1,6,4,10,7,1,3,2,6,9,10,8,4,5,8,10,1,2,9,7,4,5,4,6,2,10,1,5,7,8,3,6,4,10,2,3,5,4,9,1,7,3,4,6,5,2,7,4,1,9,5,2,7,8,8,8,2,5,10,1,6,4,9,7,4,5,6,8,7,7,4,3,5,8,9,2,6,1,10,8,2,10,6,5,4,7,4,5,9,6",1:M2 M11 M21 M30 M61 M71 M87 M106 M115 M141 M147 M152 M163 M173 M186 M195 M206 M224 | 2:M3 M10 M13 M28 M44 M48 M65 M76 M86 M94 M132 M134 M144 M154 M164 M171 M181 M192 M198 M203 M222 M227 | 3:M4 M12 M14 M27 M29 M37 M40 M45 M52 M62 M63 M77 M84 M90 M96 M104 M122 M123 M138 M143 M153 M177 M182 M188 M218 | 4:M1 M16 M38 M47 M49 M57 M68 M82 M95 M117 M127 M135 M149 M159 M167 M169 M179 M184 M189 M194 M208 M211 M217 M231 M233 | 5:M5 M15 M26 M31 M59 M66 M75 M78 M88 M98 M116 M121 M128 M142 M160 M168 M174 M183 M191 M197 M204 M212 M219 M230 M234 | 6:M17 M33 M39 M43 M54 M58 M69 M74 M79 M93 M105 M110 M114 M130 M139 M148 M155 M170 M178 M190 M207 M213 M223 M229 M236 | 7:M9 M18 M24 M32 M50 M67 M83 M92 M100 M103 M107 M118 M129 M131 M146 M151 M166 M175 M187 M193 M199 M210 M215 M216 M232 | 8:M8 M19 M34 M36 M42 M51 M60 M64 M85 M91 M97 M101 M111 M119 M126 M137 M158 M161 M176 M200 M201 M202 M214 M220 M226 | 9:M7 M20 M22 M35 M46 M53 M56 M72 M73 M81 M89 M99 M109 M113 M125 M136 M145 M156 M165 M185 M196 M209 M221 M235 | 10:M6 M23 M25 M41 M55 M70 M80 M102 M108 M112 M120 M124 M133 M140 M150 M157 M162 M172 M180 M205 M225 M228,,"domain reduction: sessions, fixed meetings, forbidden slots | precedence domain propagation: fixed point over direct edges | full precedence closure: cycle detection and graph statistics only | (20),(22)-(27) exactly once over reduced domains | (19) participant atMost-one per slot | (46),(47) clustered table capacity with full channeling | (28) traditional pairwise precedence over direct E | usedSlot channeling + exact per-idle-slot break cost | (43) exactly |Mp| reduced usedSlot variables | (44) atMost 2|L| busy participants per slot | (45) exact even number of busy participants | exact unary internal-idle counts and range objective over P*",,,result,78437,,0,78437
table08,tic-14crafd.prec25,tic-14crafd.prec25,SAT,OPTIMAL,1.143515,27799,76520,0,0,76520,,peak_process_tree_rss_mb,multiple,staircase,direct,yes,imp12+,lexicographic_internal_idle_range_pstar_then_idle_max_then_idle_sum,lexicographic,0,0,0,0,59,"1,2,3,4,5,6,7,8,9,10,11,12,13,14,15,16,17,18,20,21,22,23,24,25,26,27,28,29,30,31,32,33,34,35,36,37,38,39,40,41,42,43,44,45,46,47,48,49,50,51,52,53,54,55,56,57,58,59,60",0,0,0,0,96,33,96,144,8,8,"0,0,0,0,0,0,0,0,0,0,0,0,0,0,0,0,0,0,0,0,0,0,0,0,0,0,0,0,0,0,0,0,0,0,0,0,0,0,0,0,0,0,0,0,0,0,0,0,0,0,0,0,0,0,0,0,0,0,0,0","42,48,50,48,50,50,50,50,46,38","3,4,9,8,2,7,1,10,8,2,4,6,3,6,4,7,9,1,8,5,2,6,10,5,4,1,2,10,4,1,6,9,3,3,5,5,6,7,8,4,1,3,5,8,9,6,10,5,10,6,4,2,9,7,8,7,4,3,8,5,2,10,4,5,3,8,6,7,1,10,2,9,2,9,5,6,3,4,8,10,1,9,6,3,2,5,7,4,10,6,5,8,7,3,9,3,8,9,4,2,4,7,8,2,5,3,2,4,5,1,3,10,9,3,2,1,4,7,6,6,8,1,4,9,8,3,2,6,7,5,5,1,10,2,1,10,6,4,5,9,7,3,10,3,6,8,1,7,2,7,8,1,2,4,5,10,3,9,7,6,7,10,1,3,8,5,4,1,2,5,4,3,6,7,6,8,3,4,1,9,9,7,7,8,9,5,7,8,6,10,9,5,7,6,1,10,2,5,8,9,2,8,1,6,10,3,7,5,9,2,4,2,3,6,8,10,8,3,7,9,4,1,5,2,6,7,3,9,1,2,5,8,6,7,9,4",1:M7 M18 M26 M30 M41 M69 M81 M110 M116 M122 M132 M135 M147 M152 M163 M168 M179 M195 M203 M222 M229 | 2:M5 M10 M21 M27 M52 M61 M71 M73 M85 M100 M104 M107 M115 M127 M134 M149 M153 M169 M197 M201 M210 M212 M224 M230 | 3:M1 M13 M33 M34 M42 M58 M65 M77 M84 M94 M96 M106 M111 M114 M126 M142 M144 M157 M164 M172 M177 M206 M213 M218 M227 | 4:M2 M11 M15 M25 M29 M40 M51 M57 M63 M78 M88 M99 M101 M108 M117 M123 M138 M154 M167 M171 M178 M211 M221 M236 | 5:M20 M24 M35 M36 M43 M48 M60 M64 M75 M86 M91 M105 M109 M130 M131 M139 M155 M166 M170 M186 M192 M198 M208 M223 M231 | 6:M12 M14 M22 M31 M37 M46 M50 M67 M76 M83 M90 M119 M120 M128 M137 M145 M160 M173 M175 M189 M194 M204 M214 M225 M233 | 7:M6 M16 M38 M54 M56 M68 M87 M93 M102 M118 M129 M141 M148 M150 M159 M161 M174 M182 M183 M187 M193 M207 M219 M226 M234 | 8:M4 M9 M19 M39 M44 M55 M59 M66 M79 M92 M97 M103 M121 M125 M146 M151 M165 M176 M184 M188 M199 M202 M215 M217 M232 | 9:M3 M17 M32 M45 M53 M72 M74 M82 M95 M98 M113 M124 M140 M158 M180 M181 M185 M191 M200 M209 M220 M228 M235 | 10:M8 M23 M28 M47 M49 M62 M70 M80 M89 M112 M133 M136 M143 M156 M162 M190 M196 M205 M216,,"domain reduction: sessions, fixed meetings, forbidden slots | precedence domain propagation: fixed point over direct edges | full precedence closure: cycle detection and graph statistics only | (20),(22)-(27) exactly once over reduced domains | (19) participant atMost-one per slot | (46),(47) clustered table capacity with full channeling | (28) staircase/support precedence over reduced domains and direct E | usedSlot channeling + exact per-idle-slot break cost | (43) exactly |Mp| reduced usedSlot variables | (44) atMost 2|L| busy participants per slot | (45) exact even number of busy participants | exact unary internal-idle counts and range objective over P*",,,result,76520,,0,76520
table08,ticf-13crafa.prec15,ticf-13crafa.prec15,SAT,OPTIMAL,10.110129,86785,208597,0,0,208597,,peak_process_tree_rss_mb,multiple,traditional,direct,no,imp12+,lexicographic_internal_idle_range_pstar_then_idle_max_then_idle_sum,lexicographic,0,0,0,0,58,"1,2,3,4,5,6,7,8,9,10,11,12,13,14,15,16,18,19,23,24,25,26,27,28,29,30,31,32,33,34,35,36,37,38,39,40,41,42,44,45,46,47,48,49,50,52,53,54,56,57,59,60,62,63,64,65,66,70",0,0,0,0,14,0,14,14,19,19,"0,0,0,0,0,0,0,0,0,0,0,0,0,0,0,0,0,0,0,0,0,0,0,0,0,0,0,0,0,0,0,0,0,0,0,0,0,0,0,0,0,0,0,0,0,0,0,0,0,0,0,0,0,0,0,0,0,0,0,0,0,0,0,0,0,0,0,0,0,0","8,16,22,24,22,28,28,28,28,26,24,24,16,8,4,2,0,0,0,0,0","1,3,4,6,9,7,8,2,5,14,1,8,5,6,2,4,7,3,4,7,6,2,3,5,6,7,7,6,8,12,10,9,11,6,7,11,12,8,10,9,12,13,14,16,15,2,4,3,8,11,9,7,12,6,13,10,5,10,13,12,11,4,9,11,8,12,10,7,4,8,9,12,11,10,5,3,6,10,6,12,11,13,7,5,8,9,3,4,3,5,6,4,7,9,11,8,2,10,12,11,9,13,10,8,5,3,7,4,8,6,1,9,2,9,10,6,4,7,2,5,3,6,10,13,14,9,12,7,5,4,11,3,8,2,4,8,3,5,12,15,11,13,7,10,6,14,1,9,13,9,10,12,11,8",1:M1 M11 M111 M147 | 2:M8 M15 M22 M46 M97 M113 M119 M134 | 3:M2 M18 M23 M48 M76 M87 M89 M106 M121 M132 M137 | 4:M3 M16 M19 M47 M62 M69 M88 M92 M108 M117 M130 M135 | 5:M9 M13 M24 M57 M75 M84 M90 M105 M120 M129 M138 | 6:M4 M14 M21 M25 M28 M34 M54 M77 M79 M91 M110 M116 M122 M145 | 7:M6 M17 M20 M26 M27 M35 M52 M68 M83 M93 M107 M118 M128 M143 | 8:M7 M12 M29 M38 M49 M65 M70 M85 M96 M104 M109 M133 M136 M154 | 9:M5 M32 M40 M51 M63 M71 M86 M94 M101 M112 M114 M126 M148 M150 | 10:M31 M39 M56 M58 M67 M74 M78 M98 M103 M115 M123 M144 M151 | 11:M33 M36 M50 M61 M64 M73 M81 M95 M100 M131 M141 M153 | 12:M30 M37 M41 M53 M60 M66 M72 M80 M99 M127 M139 M152 | 13:M42 M55 M59 M82 M102 M124 M142 M149 | 14:M10 M43 M125 M146 | 15:M45 M140 | 16:M44 | 17: | 18: | 19: | 20: | 21:,,"domain reduction: sessions, fixed meetings, forbidden slots | precedence domain propagation: fixed point over direct edges | full precedence closure: cycle detection and graph statistics only | (20),(22)-(27) exactly once over reduced domains | (19) participant atMost-one per slot | (46),(47) clustered table capacity with full channeling | (28) traditional pairwise precedence over direct E | usedSlot channeling + exact per-idle-slot break cost | (43) exactly |Mp| reduced usedSlot variables | (44) atMost 2|L| busy participants per slot | (45) exact even number of busy participants | exact unary internal-idle counts and range objective over P*",,,result,208597,,0,208597
table08,ticf-13crafa.prec15,ticf-13crafa.prec15,SAT,OPTIMAL,8.535314,86785,207141,0,0,207141,,peak_process_tree_rss_mb,multiple,staircase,direct,yes,imp12+,lexicographic_internal_idle_range_pstar_then_idle_max_then_idle_sum,lexicographic,0,0,0,0,58,"1,2,3,4,5,6,7,8,9,10,11,12,13,14,15,16,18,19,23,24,25,26,27,28,29,30,31,32,33,34,35,36,37,38,39,40,41,42,44,45,46,47,48,49,50,52,53,54,56,57,59,60,62,63,64,65,66,70",0,0,0,0,14,0,14,14,19,19,"0,0,0,0,0,0,0,0,0,0,0,0,0,0,0,0,0,0,0,0,0,0,0,0,0,0,0,0,0,0,0,0,0,0,0,0,0,0,0,0,0,0,0,0,0,0,0,0,0,0,0,0,0,0,0,0,0,0,0,0,0,0,0,0,0,0,0,0,0,0","6,12,20,22,28,26,28,28,28,28,26,24,18,8,4,2,0,0,0,0,0","2,5,3,7,9,8,10,4,6,14,8,2,1,4,3,5,6,7,3,5,7,2,4,6,5,7,6,5,8,11,7,9,10,7,9,12,13,8,11,10,12,13,14,16,15,6,3,4,10,12,8,7,11,6,13,9,5,10,13,12,11,5,9,12,8,11,10,4,5,9,3,11,7,10,12,8,6,10,6,12,11,13,7,5,8,9,3,4,4,3,7,2,8,6,10,9,5,11,13,12,11,9,10,8,1,7,4,6,8,2,3,9,5,5,12,10,11,7,6,9,4,3,9,12,14,10,13,6,5,4,11,7,8,1,4,2,3,6,11,15,8,9,7,14,13,10,5,12,13,9,11,12,10,8",1:M13 M105 M134 | 2:M1 M12 M22 M92 M110 M136 | 3:M3 M15 M19 M47 M71 M87 M90 M111 M122 M137 | 4:M8 M14 M23 M48 M68 M88 M89 M107 M121 M130 M135 | 5:M2 M16 M20 M25 M28 M57 M62 M69 M84 M97 M113 M114 M129 M147 | 6:M9 M17 M24 M27 M46 M54 M77 M79 M94 M108 M119 M128 M138 | 7:M4 M18 M21 M26 M31 M34 M52 M73 M83 M91 M106 M118 M132 M143 | 8:M6 M11 M29 M38 M51 M65 M76 M85 M93 M104 M109 M133 M141 M154 | 9:M5 M32 M35 M56 M63 M70 M86 M96 M102 M112 M120 M123 M142 M150 | 10:M7 M33 M40 M49 M58 M67 M74 M78 M95 M103 M116 M126 M146 M153 | 11:M30 M39 M53 M61 M66 M72 M81 M98 M101 M117 M131 M139 M151 | 12:M36 M41 M50 M60 M64 M75 M80 M100 M115 M124 M148 M152 | 13:M37 M42 M55 M59 M82 M99 M127 M145 M149 | 14:M10 M43 M125 M144 | 15:M45 M140 | 16:M44 | 17: | 18: | 19: | 20: | 21:,,"domain reduction: sessions, fixed meetings, forbidden slots | precedence domain propagation: fixed point over direct edges | full precedence closure: cycle detection and graph statistics only | (20),(22)-(27) exactly once over reduced domains | (19) participant atMost-one per slot | (46),(47) clustered table capacity with full channeling | (28) staircase/support precedence over reduced domains and direct E | usedSlot channeling + exact per-idle-slot break cost | (43) exactly |Mp| reduced usedSlot variables | (44) atMost 2|L| busy participants per slot | (45) exact even number of busy participants | exact unary internal-idle counts and range objective over P*",,,result,207141,,0,207141
table08,ticf-13crafc.prec15,ticf-13crafc.prec15,SAT,OPTIMAL,13.487756,86915,208909,0,0,208909,,peak_process_tree_rss_mb,multiple,traditional,direct,no,imp12+,lexicographic_internal_idle_range_pstar_then_idle_max_then_idle_sum,lexicographic,1,1,58,58,58,"1,2,3,4,5,6,7,8,9,10,11,12,13,14,15,16,18,19,23,24,25,26,27,28,29,30,31,32,33,34,35,36,37,38,39,40,41,42,44,45,46,47,48,49,50,52,53,54,56,57,59,60,62,63,64,65,66,70",58,0,0,1,14,0,14,14,19,19,"1,1,1,1,1,1,1,1,1,1,1,1,1,1,1,1,0,1,1,0,0,0,1,1,1,1,1,1,1,1,1,1,1,1,1,1,1,1,1,1,1,1,0,1,1,1,1,1,1,1,0,1,1,1,0,1,1,0,1,1,0,1,1,1,1,1,0,0,0,1","10,16,20,24,24,24,24,24,24,24,24,24,20,10,8,6,2,0,0,0,0","12,3,5,6,10,9,11,7,4,14,5,3,9,6,2,1,8,4,11,9,13,12,7,10,8,11,1,2,3,8,4,7,6,5,4,9,10,8,11,7,12,13,14,15,16,2,4,3,7,12,6,3,11,4,10,8,5,10,13,12,9,3,5,2,7,4,6,4,10,8,1,9,5,6,3,2,11,12,5,11,10,13,4,2,6,8,7,3,13,6,7,11,15,12,14,10,5,9,11,7,12,10,13,9,3,1,4,6,7,8,2,10,5,9,6,4,5,12,13,10,8,12,9,13,17,10,5,6,14,8,15,16,11,15,4,7,9,5,13,16,8,11,6,3,2,12,14,1,13,8,9,11,12,7",1:M16 M27 M71 M106 M148 | 2:M15 M28 M46 M64 M76 M84 M111 M145 | 3:M2 M12 M29 M48 M52 M62 M75 M88 M105 M144 | 4:M9 M18 M31 M35 M47 M54 M66 M68 M83 M107 M116 M135 | 5:M3 M11 M34 M57 M63 M73 M79 M97 M113 M117 M127 M138 | 6:M4 M14 M33 M51 M67 M74 M85 M90 M108 M115 M128 M143 | 7:M8 M23 M32 M40 M49 M65 M87 M91 M100 M109 M136 M154 | 8:M17 M25 M30 M38 M56 M70 M86 M110 M121 M130 M141 M150 | 9:M6 M13 M20 M36 M61 M72 M98 M104 M114 M123 M137 M151 | 10:M5 M24 M37 M55 M58 M69 M81 M96 M102 M112 M120 M126 | 11:M7 M19 M26 M39 M53 M77 M80 M92 M99 M133 M142 M152 | 12:M1 M22 M41 M50 M60 M78 M94 M101 M118 M122 M146 M153 | 13:M21 M42 M59 M82 M89 M103 M119 M124 M139 M149 | 14:M10 M43 M95 M129 M147 | 15:M44 M93 M131 M134 | 16:M45 M132 M140 | 17:M125 | 18: | 19: | 20: | 21:,,"domain reduction: sessions, fixed meetings, forbidden slots | precedence domain propagation: fixed point over direct edges | full precedence closure: cycle detection and graph statistics only | (20),(22)-(27) exactly once over reduced domains | (19) participant atMost-one per slot | (46),(47) clustered table capacity with full channeling | (28) traditional pairwise precedence over direct E | usedSlot channeling + exact per-idle-slot break cost | (43) exactly |Mp| reduced usedSlot variables | (44) atMost 2|L| busy participants per slot | (45) exact even number of busy participants | exact unary internal-idle counts and range objective over P*",,,result,208909,,0,208909
table08,ticf-13crafc.prec15,ticf-13crafc.prec15,SAT,OPTIMAL,12.466208,86915,207453,0,0,207453,,peak_process_tree_rss_mb,multiple,staircase,direct,yes,imp12+,lexicographic_internal_idle_range_pstar_then_idle_max_then_idle_sum,lexicographic,1,1,58,58,58,"1,2,3,4,5,6,7,8,9,10,11,12,13,14,15,16,18,19,23,24,25,26,27,28,29,30,31,32,33,34,35,36,37,38,39,40,41,42,44,45,46,47,48,49,50,52,53,54,56,57,59,60,62,63,64,65,66,70",58,0,0,1,14,0,14,14,19,19,"1,1,1,1,1,1,1,1,1,1,1,1,1,1,1,1,0,1,1,0,0,0,1,1,1,1,1,1,1,1,1,1,1,1,1,1,1,1,1,1,1,1,0,1,1,1,1,1,1,1,0,1,1,1,0,1,1,0,1,1,0,1,1,1,1,1,0,0,0,1","6,14,22,24,24,24,24,24,24,24,24,24,22,10,10,6,2,0,0,0,0","4,8,6,13,10,5,9,12,11,14,11,14,16,9,17,13,15,10,3,8,9,4,5,6,3,4,10,8,12,13,6,11,9,5,10,9,12,8,11,6,13,12,15,15,16,8,2,3,4,7,10,1,3,2,9,5,6,12,13,11,9,7,4,2,7,3,5,4,11,7,13,12,9,5,10,3,6,8,3,10,12,13,5,4,6,7,11,2,5,7,13,15,11,10,14,8,6,12,10,6,8,9,4,7,3,9,11,8,5,7,4,10,12,5,7,6,9,4,1,3,2,13,6,11,12,7,5,8,3,14,2,4,10,1,9,7,14,6,8,13,4,15,5,3,12,11,2,16,12,8,10,11,13,7",1:M52 M119 M134 | 2:M47 M54 M64 M88 M121 M131 M147 | 3:M19 M25 M48 M53 M66 M76 M79 M105 M120 M129 M144 | 4:M1 M22 M26 M49 M63 M68 M84 M103 M111 M118 M132 M141 | 5:M6 M23 M34 M56 M67 M74 M83 M89 M109 M114 M127 M143 | 6:M3 M24 M31 M40 M57 M77 M85 M97 M100 M116 M123 M138 | 7:M50 M62 M65 M70 M86 M90 M104 M110 M115 M126 M136 M154 | 8:M2 M20 M28 M38 M46 M78 M96 M101 M108 M128 M139 M150 | 9:M7 M14 M21 M33 M36 M55 M61 M73 M102 M106 M117 M135 | 10:M5 M18 M27 M35 M51 M75 M80 M94 M99 M112 M133 M151 | 11:M9 M11 M32 M39 M60 M69 M87 M93 M107 M124 M146 M152 | 12:M8 M29 M37 M42 M58 M72 M81 M98 M113 M125 M145 M149 | 13:M4 M16 M30 M41 M59 M71 M82 M91 M122 M140 M153 | 14:M10 M12 M95 M130 M137 | 15:M17 M43 M44 M92 M142 | 16:M13 M45 M148 | 17:M15 | 18: | 19: | 20: | 21:,,"domain reduction: sessions, fixed meetings, forbidden slots | precedence domain propagation: fixed point over direct edges | full precedence closure: cycle detection and graph statistics only | (20),(22)-(27) exactly once over reduced domains | (19) participant atMost-one per slot | (46),(47) clustered table capacity with full channeling | (28) staircase/support precedence over reduced domains and direct E | usedSlot channeling + exact per-idle-slot break cost | (43) exactly |Mp| reduced usedSlot variables | (44) atMost 2|L| busy participants per slot | (45) exact even number of busy participants | exact unary internal-idle counts and range objective over P*",,,result,207453,,0,207453
table08,ticf-14crafa.prec15,ticf-14crafa.prec15,SAT,OPTIMAL,68.222209,154459,398654,0,0,398654,,peak_process_tree_rss_mb,multiple,traditional,direct,no,imp12+,lexicographic_internal_idle_range_pstar_then_idle_max_then_idle_sum,lexicographic,0,0,0,0,72,"1,2,3,4,5,6,8,9,11,12,14,17,19,20,21,22,23,24,25,26,27,28,29,30,31,32,33,34,35,36,37,38,39,40,41,42,43,44,45,46,47,48,49,50,51,52,53,54,55,56,57,58,59,60,61,62,63,64,65,66,67,68,69,70,71,72,73,74,75,76,77,78",0,0,0,0,53,3,53,56,20,20,"0,0,0,0,0,0,0,0,0,0,0,0,0,0,0,0,0,0,0,0,0,0,0,0,0,0,0,0,0,0,0,0,0,0,0,0,0,0,0,0,0,0,0,0,0,0,0,0,0,0,0,0,0,0,0,0,0,0,0,0,0,0,0,0,0,0,0,0,0,0,0,0,0,0,0,0,0,0","10,18,22,32,36,40,44,44,44,44,44,44,42,34,28,22,16,14,12,8,4,2","14,18,8,13,9,11,8,15,13,14,13,6,8,5,12,10,3,9,11,2,5,2,7,7,4,3,2,10,3,9,4,17,7,8,13,21,5,11,9,16,10,6,12,14,13,15,6,20,17,10,16,11,10,5,4,6,7,11,9,13,8,14,12,16,11,14,19,6,7,5,13,8,11,4,9,6,14,19,8,18,9,15,10,13,12,11,7,12,6,8,4,7,5,16,12,9,5,6,7,2,3,17,16,15,12,13,14,18,19,15,14,17,13,12,13,11,7,9,10,12,4,1,2,12,6,7,10,4,11,9,8,7,14,8,15,13,16,6,12,9,10,10,9,16,14,12,11,17,15,10,7,15,13,11,18,16,8,12,14,15,13,11,14,12,4,9,20,5,19,18,15,7,6,13,4,8,11,14,10,3,5,6,17,1,13,12,5,6,13,10,9,7,11,8,12,9,11,8,9,10,8,4,7,5,3,6,16,15,18,17,20,13,11,14,19,10,12,22,19,2,8,9,7,14,6,18,10,17,16,3,5,11,4,1,20,21,12,15,13,7,3,5,4,7,13,12,15,9,11,14,8,10,6,10,9,8,5,7,8,3,11,12,2,9,5,4,7,6,10,1,6,3,4,2,5,11,12,7,5,8,4,10,6,14,15,16,13,10,9,8,10,7,4,12,2,3,1,9,6,5,8,11",1:M122 M184 M234 M270 M297 | 2:M20 M22 M27 M100 M123 M220 M263 M274 M295 | 3:M17 M26 M29 M101 M180 M205 M230 M241 M260 M272 M296 | 4:M25 M31 M55 M74 M91 M121 M128 M165 M175 M202 M233 M243 M266 M273 M281 M293 | 5:M14 M21 M37 M54 M70 M93 M97 M168 M181 M187 M204 M231 M242 M257 M265 M275 M279 M300 | 6:M12 M42 M47 M56 M68 M76 M89 M98 M125 M138 M173 M182 M188 M206 M225 M253 M268 M271 M283 M299 | 7:M23 M24 M33 M57 M69 M87 M92 M99 M117 M126 M132 M151 M172 M192 M203 M223 M240 M244 M258 M267 M278 M292 | 8:M3 M7 M13 M34 M61 M72 M79 M90 M131 M134 M157 M176 M194 M198 M201 M221 M251 M256 M259 M280 M290 M301 | 9:M5 M18 M30 M39 M59 M75 M81 M96 M118 M130 M140 M143 M166 M191 M196 M199 M222 M248 M255 M264 M289 M298 | 10:M16 M28 M41 M50 M53 M83 M119 M127 M141 M142 M150 M179 M190 M200 M216 M227 M252 M254 M269 M282 M288 M291 | 11:M6 M19 M38 M52 M58 M65 M73 M86 M116 M129 M147 M154 M162 M177 M193 M197 M213 M232 M249 M261 M276 M302 | 12:M15 M43 M63 M85 M88 M95 M105 M114 M120 M124 M139 M146 M158 M164 M186 M195 M217 M237 M246 M262 M277 M294 | 13:M4 M9 M11 M35 M45 M60 M71 M84 M106 M113 M115 M136 M153 M161 M174 M185 M189 M212 M239 M245 M287 | 14:M1 M10 M44 M62 M66 M77 M107 M111 M133 M145 M159 M163 M178 M214 M224 M250 M284 | 15:M8 M46 M82 M104 M110 M135 M149 M152 M160 M171 M208 M238 M247 M285 | 16:M40 M51 M64 M94 M103 M137 M144 M156 M207 M229 M286 | 17:M32 M49 M102 M112 M148 M183 M210 M228 | 18:M2 M80 M108 M155 M170 M209 M226 | 19:M67 M78 M109 M169 M215 M219 | 20:M48 M167 M211 M235 | 21:M36 M236 | 22:M218,,"domain reduction: sessions, fixed meetings, forbidden slots | precedence domain propagation: fixed point over direct edges | full precedence closure: cycle detection and graph statistics only | (20),(22)-(27) exactly once over reduced domains | (19) participant atMost-one per slot | (46),(47) clustered table capacity with full channeling | (28) traditional pairwise precedence over direct E | usedSlot channeling + exact per-idle-slot break cost | (43) exactly |Mp| reduced usedSlot variables | (44) atMost 2|L| busy participants per slot | (45) exact even number of busy participants | exact unary internal-idle counts and range objective over P*",,,result,398654,,0,398654
table08,ticf-14crafa.prec15,ticf-14crafa.prec15,SAT,OPTIMAL,32.349565,154459,391529,0,0,391529,,peak_process_tree_rss_mb,multiple,staircase,direct,yes,imp12+,lexicographic_internal_idle_range_pstar_then_idle_max_then_idle_sum,lexicographic,0,0,0,0,72,"1,2,3,4,5,6,8,9,11,12,14,17,19,20,21,22,23,24,25,26,27,28,29,30,31,32,33,34,35,36,37,38,39,40,41,42,43,44,45,46,47,48,49,50,51,52,53,54,55,56,57,58,59,60,61,62,63,64,65,66,67,68,69,70,71,72,73,74,75,76,77,78",0,0,0,0,53,3,53,56,20,20,"0,0,0,0,0,0,0,0,0,0,0,0,0,0,0,0,0,0,0,0,0,0,0,0,0,0,0,0,0,0,0,0,0,0,0,0,0,0,0,0,0,0,0,0,0,0,0,0,0,0,0,0,0,0,0,0,0,0,0,0,0,0,0,0,0,0,0,0,0,0,0,0,0,0,0,0,0,0","10,14,18,28,34,34,40,40,42,44,44,44,44,40,34,28,22,16,14,8,4,2","12,15,6,13,10,9,7,14,13,15,13,11,9,6,12,8,2,7,10,5,16,12,15,6,4,9,10,11,15,19,18,11,8,7,6,21,15,10,5,13,20,18,17,11,13,16,9,19,18,7,14,8,6,4,11,12,10,12,17,13,10,14,16,12,13,14,10,9,14,17,13,12,16,11,10,14,5,19,11,12,8,7,18,16,15,9,10,4,6,8,13,5,10,3,6,5,10,9,11,7,14,5,8,4,9,7,3,6,17,12,15,18,16,14,11,11,12,5,8,6,4,10,1,4,3,7,2,11,5,6,9,11,13,14,15,7,20,9,10,19,17,8,4,14,8,9,10,11,12,9,16,14,8,12,13,15,5,9,12,11,13,9,10,16,4,8,20,7,19,17,13,2,18,15,14,5,17,15,7,8,1,3,11,4,2,10,6,5,7,12,9,11,8,13,16,14,12,13,12,14,15,13,18,17,16,19,11,8,7,14,9,10,12,6,13,4,5,22,15,13,3,11,7,5,19,17,18,20,14,1,9,4,6,8,2,21,12,16,10,7,5,4,3,10,15,12,7,14,8,9,13,11,13,14,17,16,12,15,12,10,4,11,7,9,3,8,2,1,6,5,15,17,14,13,16,8,9,10,5,7,3,11,6,16,15,13,14,7,8,6,9,12,3,11,2,10,8,5,7,1,6,4",1:M123 M181 M230 M268 M300 | 2:M17 M127 M172 M185 M235 M267 M295 | 3:M94 M107 M125 M182 M221 M243 M265 M281 M293 | 4:M25 M54 M88 M104 M121 M124 M143 M165 M184 M216 M232 M242 M261 M302 | 5:M20 M39 M77 M92 M96 M102 M118 M129 M157 M176 M188 M217 M224 M241 M270 M279 M298 | 6:M3 M14 M24 M35 M53 M89 M95 M108 M120 M130 M187 M214 M233 M269 M283 M290 M301 | 7:M7 M18 M34 M50 M82 M100 M106 M126 M136 M168 M179 M189 M209 M223 M240 M247 M263 M280 M288 M299 | 8:M16 M33 M52 M81 M90 M103 M119 M142 M145 M153 M166 M180 M193 M208 M234 M249 M266 M276 M289 M297 | 9:M6 M13 M26 M47 M68 M86 M98 M105 M131 M138 M146 M150 M158 M162 M191 M211 M231 M250 M264 M277 M291 | 10:M5 M19 M27 M38 M57 M61 M67 M75 M87 M93 M97 M122 M139 M147 M163 M186 M212 M239 M244 M260 M278 M296 | 11:M12 M28 M32 M44 M55 M74 M79 M99 M115 M116 M128 M132 M148 M160 M183 M192 M207 M222 M252 M262 M282 M294 | 12:M1 M15 M22 M56 M58 M64 M72 M80 M110 M117 M149 M154 M159 M190 M197 M199 M213 M237 M246 M257 M259 M292 | 13:M4 M9 M11 M40 M45 M60 M65 M71 M91 M133 M155 M161 M171 M194 M198 M202 M215 M220 M251 M253 M274 M286 | 14:M8 M51 M62 M66 M69 M76 M101 M114 M134 M144 M152 M175 M196 M200 M210 M229 M248 M254 M273 M287 | 15:M2 M10 M23 M29 M37 M85 M111 M135 M156 M174 M178 M201 M219 M245 M258 M271 M285 | 16:M21 M46 M63 M73 M84 M113 M151 M164 M195 M205 M238 M256 M275 M284 | 17:M43 M59 M70 M109 M141 M170 M177 M204 M226 M255 M272 | 18:M31 M42 M49 M83 M112 M173 M203 M227 | 19:M30 M48 M78 M140 M169 M206 M225 | 20:M41 M137 M167 M228 | 21:M36 M236 | 22:M218,,"domain reduction: sessions, fixed meetings, forbidden slots | precedence domain propagation: fixed point over direct edges | full precedence closure: cycle detection and graph statistics only | (20),(22)-(27) exactly once over reduced domains | (19) participant atMost-one per slot | (46),(47) clustered table capacity with full channeling | (28) staircase/support precedence over reduced domains and direct E | usedSlot channeling + exact per-idle-slot break cost | (43) exactly |Mp| reduced usedSlot variables | (44) atMost 2|L| busy participants per slot | (45) exact even number of busy participants | exact unary internal-idle counts and range objective over P*",,,result,391529,,0,391529
