campaign_id,experiment_block,planned_configuration_id,repetition,run_order,run_key,attempt,run_order_seed,campaign_plan_sha256,instance,instance_content_id,base_lineage_id,instance_family,configuration_label,factor_m,factor_f,factor_p,factor_g,factor_b,factor_o,factor_s,factor_i,status,sat_result,best_value,proven_optimum,objective_mode,objective_vector,proven_objective_vector,primary_objective_value,secondary_objective_value,tertiary_objective_value,lexicographic_scalar_cost,objective_tier_weights,runtime_seconds,runtime_censored,peak_memory_mb,formalism,model_family,formulation_name,model_family_display_name,model_configuration_display_name,implementation_provenance,optimization_procedure_display_name,n_vars,n_binary_variables,n_integer_variables,n_continuous_variables,n_linear_constraints,n_global_constraints,n_nonzeros,n_hard_clauses,n_soft_clauses,n_total_clauses,n_primary_variables,n_auxiliary_variables,n_total_literals,max_hard_clause_length,configuration_id,configuration_key,domain_mode,domain_filter_graph,precedence_encoding,precedence_graph,optimization_engine,solver_backend,solver_version,encoding_variant,idle_encoding,objective,objective_code,implied_constraints_code,n_hard_literals,n_soft_literals,max_soft_clause_length,n_unit_hard_clauses,n_binary_hard_clauses,n_ternary_hard_clauses,n_long_hard_clauses,soft_clause_weight,soft_weight_sum,n_objective_lits,n_optimizer_calls,best_bound,optimality_gap,branch_and_bound_nodes,cp_branches,cp_fails,n_bound_encodings,optimizer_added_variables_peak,optimizer_added_clauses_peak,optimizer_added_literals_peak,optimizer_added_clauses_cumulative,objective_phase_seconds,objective_phase_calls,formula_scope,full_schedule_candidates,unary_eligible_schedule_candidates,reduced_schedule_candidates,active_schedule_candidates,precedence_direct_edges,precedence_closure_edges,precedence_relation_edges,precedence_max_distance,precedence_pairwise_clauses,precedence_sparse_link_clauses,precedence_unique_suffix_cuts,domain_filter_iterations,domain_filter_seconds,input_parsing_seconds,model_construction_seconds,backend_model_construction_seconds,model_build_seconds,solve_and_validate_seconds,runtime_scope,idle_range_pstar,total_internal_idle_slots,all_participant_idle_range,total_break_groups,break_group_range,participant_break_groups,memory_metric,instance_sha256,instance_variant,instance_path,source_alias_count,source_alias_paths,repository_alias_count,repository_alias_paths,dataset_source_page,dataset_archive_url,dataset_archive_sha256,run_started_utc,timeout_seconds,memory_limit_mb,git_commit,git_dirty,python_version,pysat_version,hostname,platform,cpu_model,physical_cpu_cores,logical_cpu_cores,system_memory_mb,threads,random_seed,runner_command,solver_binary,solver_binary_sha256,solver_command,validation_errors,solver_message,error_type,error_message,solver,maxsat_backend_preference,sat_backend_preference,resolved_uwrmaxsat_bin,precedence_mode,precedence_configuration,objective_value,objective_participant_count,objective_participants,initial_schedule_candidates,unary_removed_schedule_candidates,preprocessing_removed_schedule_candidates,removed_schedule_candidates,participant_internal_idle_slots,busy_participants_per_slot,assignment,schedule_by_slot,enabled_constraints
,,,,,,,,,tic-13crafb.prec15,b2b-032e7adee7c2b10a,b2b-lineage-tic-13crafb,precedence,ORG-F-PW-DE-PHC-BGD2-UW-OBIC12P,ORGFull,N/A,Pairwise,Direct-E,PerSlotHoleCardinality,BreakGroupsD2,UWrMaxSAT,OldBestIC12+,OPTIMAL,SAT,0,0,bg_d2,0,0,0,,,0,1,2.447918,False,103.516,MaxSAT,ORGHistorical,ORG-Historical-BG-d2,Published-style,Published-style/Full,independent_reimplementation,one-shot weighted MaxSAT,52392,,,,,,,112052,184,112236,1840,50552,278520,47,baseline2__model-org_historical_maxsat__m-full__p-pairwise__g-direct__b-per_slot_hole_cardinality__o-break_groups_d2__s-uwrmaxsat__i-old_best_ic12plus__fairness-d2,baseline2__model-org_historical_maxsat__m-full__p-pairwise__g-direct__b-per_slot_hole_cardinality__o-break_groups_d2__s-uwrmaxsat__i-old_best_ic12plus__fairness-d2,legacy_full,n/a,pairwise,direct,UWrMaxSAT,UWrMaxSAT,binary-sha256:8c68c8a386d3d7847b50d315143c2bab60e3514e59510e84a649db83cb303876,org_historical_bg_d2_old_best,per_slot_hole_cardinality,total_break_groups_subject_to_range_at_most_2,BGD2,OBIC12P,278336,184,1,308,65264,42540,3940,1,184,184,1,,,,,,0,,,,,,,"formalism-specific model size: SAT/MaxSAT reports base CNF and soft clauses, MIP reports variables/linear constraints/nonzeros, and CP reports integer variables plus linear/global constraints; SAT bound/totalizer overhead remains separate in optimizer_added_*",1840,,,1840,,,,,,,,,,0.001863,0.114561,,0.114561,2.331494,"wall-clock from immediately before reading/parsing the .dzn instance through model construction, optimization, solution decoding, and independent validation; excludes worker-process startup and result-file export",0,0,,0,0,"0,0,0,0,0,0,0,0,0,0,0,0,0,0,0,0,0,0,0,0,0,0,0,0,0,0,0,0,0,0,0,0,0,0,0,0,0,0,0,0,0,0,0,0,0,0",peak_process_tree_rss_mb,032e7adee7c2b10a5d19227cf9d93a414a069267f0b9ae58a18f28c55e8b2c3f,prec15,data_table08_prec/tic-13crafb.prec15.dzn,1,data_table08_prec/tic-13crafb.prec15.dzn,1,data_table08_prec/tic-13crafb.prec15.dzn,https://imae.udg.edu/Recerca/LAI/,https://ima.udg.edu/Recerca/lai/b2b/b2b.zip,,2026-08-15T05:21:31+00:00,7200.0,,ee80a6fbd8b513f7c010668495c39621a371266a,True,3.10.12,1.8.dev25,instance-20260810-085803,Linux-6.8.0-1065-gcp-x86_64-with-glibc2.35,x86_64,4,8,15988.055,1,0,/home/g24021555/Business-Meeting-Scheduling-Problem/.venv/bin/python /home/g24021555/Business-Meeting-Scheduling-Problem/src/ORG_BG_D2.py --data-dir data_table08_prec --family all --backend uwrmaxsat --uwrmaxsat-bin /home/g24021555/uwrmaxsat/build/release/bin/uwrmaxsat --uwrmaxsat-sha256 8c68c8a386d3d7847b50d315143c2bab60e3514e59510e84a649db83cb303876 --timeout 7200 --csv output/org_old_bg_d2/data_table08_prec.csv --no-excel,/home/g24021555/uwrmaxsat/build/release/bin/uwrmaxsat,8c68c8a386d3d7847b50d315143c2bab60e3514e59510e84a649db83cb303876,/home/g24021555/uwrmaxsat/build/release/bin/uwrmaxsat -m /tmp/org_bg_8zura8au.wcnf,,,,,UWrMaxSAT,,,,traditional,pairwise+direct,0,,,,,,,,,"2,8,9,3,7,6,3,6,4,9,5,7,3,8,6,2,5,3,0,6,8,9,7,6,8,2,7,5,1,4,7,1,5,9,0,4,2,6,8,3,6,2,4,9,8,3,0,1,2,9,3,0,1,7,4,5,4,5,8,2,6,1,7,4,1,5,8,6,5,9,2,7,9,5,6,8,4,1,3,2,0,5,4,6,3,4,7,3,6,2,1,8,7,5,3,6,5,9,4,7,2,7,6,8,5,9,1,4,0,0,7,3,8,4,9,8,0,7,4,2,6,7,5,1,3,8,9,0,1,5,3,9,2,3,1,4,7,6,0,2,3,5,1,8,7,5,6,4,3,8,9,2,8,0,2,7,4,7,3,4,6,2,5,5,2,3,4,7,8,1,0,6,9,4,1,6,2,5,3,5,3,2,4,1",,
,,,,,,,,,forum-13crafc.prec15,b2b-075a454cd5bef4b0,b2b-lineage-forum-13crafc,precedence,ORG-F-PW-DE-PHC-BGD2-UW-OBIC12P,ORGFull,N/A,Pairwise,Direct-E,PerSlotHoleCardinality,BreakGroupsD2,UWrMaxSAT,OldBestIC12+,OPTIMAL,SAT,1,1,bg_d2,1,1,1,,,1,1,103.116615,False,314.188,MaxSAT,ORGHistorical,ORG-Historical-BG-d2,Published-style,Published-style/Full,independent_reimplementation,one-shot weighted MaxSAT,200226,,,,,,,403131,700,403831,3234,196992,1155459,71,baseline2__model-org_historical_maxsat__m-full__p-pairwise__g-direct__b-per_slot_hole_cardinality__o-break_groups_d2__s-uwrmaxsat__i-old_best_ic12plus__fairness-d2,baseline2__model-org_historical_maxsat__m-full__p-pairwise__g-direct__b-per_slot_hole_cardinality__o-break_groups_d2__s-uwrmaxsat__i-old_best_ic12plus__fairness-d2,legacy_full,n/a,pairwise,direct,UWrMaxSAT,UWrMaxSAT,binary-sha256:8c68c8a386d3d7847b50d315143c2bab60e3514e59510e84a649db83cb303876,org_historical_bg_d2_old_best,per_slot_hole_cardinality,total_break_groups_subject_to_range_at_most_2,BGD2,OBIC12P,1154759,700,1,1118,140946,179821,81246,1,700,700,1,,,,,,0,,,,,,,"formalism-specific model size: SAT/MaxSAT reports base CNF and soft clauses, MIP reports variables/linear constraints/nonzeros, and CP reports integer variables plus linear/global constraints; SAT bound/totalizer overhead remains separate in optimizer_added_*",3234,,,3234,,,,,,,,,,0.001903,0.42167,,0.42167,102.693041,"wall-clock from immediately before reading/parsing the .dzn instance through model construction, optimization, solution decoding, and independent validation; excludes worker-process startup and result-file export",7,7,,1,1,"0,0,0,0,0,0,0,0,0,0,0,0,0,0,0,0,0,0,0,0,0,0,0,0,0,0,0,0,0,0,0,0,0,0,0,0,0,0,0,0,0,0,0,0,0,0,0,0,0,0,0,0,0,0,0,0,1,0,0,0,0,0,0,0,0,0,0,0,0,0",peak_process_tree_rss_mb,075a454cd5bef4b0b64e938f064b7356ef0f28a14c9accb167c541afad7e2fbf,prec15,data_table08_prec/forum-13crafc.prec15.dzn,1,data_table08_prec/forum-13crafc.prec15.dzn,1,data_table08_prec/forum-13crafc.prec15.dzn,https://imae.udg.edu/Recerca/LAI/,https://ima.udg.edu/Recerca/lai/b2b/b2b.zip,,2026-08-15T05:21:31+00:00,7200.0,,ee80a6fbd8b513f7c010668495c39621a371266a,True,3.10.12,1.8.dev25,instance-20260810-085803,Linux-6.8.0-1065-gcp-x86_64-with-glibc2.35,x86_64,4,8,15988.055,1,0,/home/g24021555/Business-Meeting-Scheduling-Problem/.venv/bin/python /home/g24021555/Business-Meeting-Scheduling-Problem/src/ORG_BG_D2.py --data-dir data_table08_prec --family all --backend uwrmaxsat --uwrmaxsat-bin /home/g24021555/uwrmaxsat/build/release/bin/uwrmaxsat --uwrmaxsat-sha256 8c68c8a386d3d7847b50d315143c2bab60e3514e59510e84a649db83cb303876 --timeout 7200 --csv output/org_old_bg_d2/data_table08_prec.csv --no-excel,/home/g24021555/uwrmaxsat/build/release/bin/uwrmaxsat,8c68c8a386d3d7847b50d315143c2bab60e3514e59510e84a649db83cb303876,/home/g24021555/uwrmaxsat/build/release/bin/uwrmaxsat -m /tmp/org_bg_p2hgp2z8.wcnf,,,,,UWrMaxSAT,,,,traditional,pairwise+direct,1,,,,,,,,,"5,4,8,9,12,6,10,11,7,13,4,5,3,6,2,0,1,7,3,5,2,0,1,4,2,3,5,7,10,9,4,8,6,6,8,11,12,7,10,9,11,12,13,15,14,2,3,1,8,11,9,4,6,3,10,7,5,10,12,11,9,1,9,13,11,12,10,6,12,8,4,11,9,10,3,7,5,8,5,11,10,12,7,4,6,9,2,3,4,2,6,1,3,7,9,5,0,8,12,11,0,1,10,2,5,3,6,8,4,0,2,7,1,5,8,6,2,3,4,1,0,2,5,11,13,8,12,10,4,3,9,6,7,6,3,9,10,0,8,14,7,13,4,11,1,2,5,12,10,7,9,11,12,8",,
,,,,,,,,,forumt-14crafd.prec15,b2b-14b8a7376a74f9fe,b2b-lineage-forumt-14crafd,precedence,ORG-F-PW-DE-PHC-BGD2-UW-OBIC12P,ORGFull,N/A,Pairwise,Direct-E,PerSlotHoleCardinality,BreakGroupsD2,UWrMaxSAT,OldBestIC12+,OPTIMAL,SAT,4,4,bg_d2,4,4,4,,,4,1,1.460331,False,153.461,MaxSAT,ORGHistorical,ORG-Historical-BG-d2,Published-style,Published-style/Full,independent_reimplementation,one-shot weighted MaxSAT,79488,,,,,,,168133,240,168373,2360,77128,418053,61,baseline2__model-org_historical_maxsat__m-full__p-pairwise__g-direct__b-per_slot_hole_cardinality__o-break_groups_d2__s-uwrmaxsat__i-old_best_ic12plus__fairness-d2,baseline2__model-org_historical_maxsat__m-full__p-pairwise__g-direct__b-per_slot_hole_cardinality__o-break_groups_d2__s-uwrmaxsat__i-old_best_ic12plus__fairness-d2,legacy_full,n/a,pairwise,direct,UWrMaxSAT,UWrMaxSAT,binary-sha256:8c68c8a386d3d7847b50d315143c2bab60e3514e59510e84a649db83cb303876,org_historical_bg_d2_old_best,per_slot_hole_cardinality,total_break_groups_subject_to_range_at_most_2,BGD2,OBIC12P,417813,240,1,511,95911,66564,5147,1,240,240,1,,,,,,0,,,,,,,"formalism-specific model size: SAT/MaxSAT reports base CNF and soft clauses, MIP reports variables/linear constraints/nonzeros, and CP reports integer variables plus linear/global constraints; SAT bound/totalizer overhead remains separate in optimizer_added_*",2360,,,2360,,,,,,,,,,0.002609,0.162265,,0.162265,1.295458,"wall-clock from immediately before reading/parsing the .dzn instance through model construction, optimization, solution decoding, and independent validation; excludes worker-process startup and result-file export",2,8,,4,1,"0,0,0,0,0,0,0,0,0,0,0,0,0,0,0,0,1,1,0,0,0,0,0,0,0,0,0,0,0,0,0,0,0,0,0,0,0,0,0,0,0,0,0,0,0,0,0,0,0,0,0,0,0,0,0,0,1,0,0,1",peak_process_tree_rss_mb,14b8a7376a74f9fe0c4602319101caca1e27578cc84b2f4a0f8d92c5cc09443b,prec15,data_table08_prec/forumt-14crafd.prec15.dzn,1,data_table08_prec/forumt-14crafd.prec15.dzn,1,data_table08_prec/forumt-14crafd.prec15.dzn,https://imae.udg.edu/Recerca/LAI/,https://ima.udg.edu/Recerca/lai/b2b/b2b.zip,,2026-08-15T05:21:31+00:00,7200.0,,ee80a6fbd8b513f7c010668495c39621a371266a,True,3.10.12,1.8.dev25,instance-20260810-085803,Linux-6.8.0-1065-gcp-x86_64-with-glibc2.35,x86_64,4,8,15988.055,1,0,/home/g24021555/Business-Meeting-Scheduling-Problem/.venv/bin/python /home/g24021555/Business-Meeting-Scheduling-Problem/src/ORG_BG_D2.py --data-dir data_table08_prec --family all --backend uwrmaxsat --uwrmaxsat-bin /home/g24021555/uwrmaxsat/build/release/bin/uwrmaxsat --uwrmaxsat-sha256 8c68c8a386d3d7847b50d315143c2bab60e3514e59510e84a649db83cb303876 --timeout 7200 --csv output/org_old_bg_d2/data_table08_prec.csv --no-excel,/home/g24021555/uwrmaxsat/build/release/bin/uwrmaxsat,8c68c8a386d3d7847b50d315143c2bab60e3514e59510e84a649db83cb303876,/home/g24021555/uwrmaxsat/build/release/bin/uwrmaxsat -m /tmp/org_bg_6ih5vuky.wcnf,,,,,UWrMaxSAT,,,,traditional,pairwise+direct,4,,,,,,,,,"0,1,2,3,4,9,8,5,0,2,1,4,0,1,2,3,4,6,5,7,8,7,5,1,0,2,6,0,6,7,2,1,2,0,2,1,7,3,8,3,0,5,4,1,2,3,6,8,4,1,6,5,9,3,2,3,8,9,5,7,2,6,2,9,6,5,1,0,4,8,3,7,9,4,5,2,7,8,3,9,2,7,6,5,4,0,1,7,6,4,2,5,3,0,1,0,5,6,3,1,1,7,9,8,3,0,8,7,6,9,5,1,9,3,4,5,6,8,2,4,7,2,5,8,6,3,2,7,1,4,7,0,9,6,3,8,1,2,7,4,9,0,9,0,4,5,3,8,1,4,8,6,5,9,1,2,3,0,7,4,0,1,9,8,2,6,3,9,5,1,7,4,2,5,4,6,0,1,8,7,3,6,5,4,6,8,4,7,5,8,6,9,6,6,7,8,2,0,4,3,7,6,0,7,8,3,4,1,5,9,3,5,4,7,8,8,2,1,5,0,4,9,7,3,6,5,8,9,3,6,2,7,9,3,4,2",,
,,,,,,,,,ticf-13crafa.prec25,b2b-1527f1972c633bd2,b2b-lineage-ticf-13crafa,precedence,ORG-F-PW-DE-PHC-BGD2-UW-OBIC12P,ORGFull,N/A,Pairwise,Direct-E,PerSlotHoleCardinality,BreakGroupsD2,UWrMaxSAT,OldBestIC12+,UNSAT,UNSAT,,,bg_d2,,,,,,,1,1.690728,False,260.355,MaxSAT,ORGHistorical,ORG-Historical-BG-d2,Published-style,Published-style/Full,independent_reimplementation,one-shot weighted MaxSAT,207114,,,,,,,424427,700,425127,3234,203880,1205147,71,baseline2__model-org_historical_maxsat__m-full__p-pairwise__g-direct__b-per_slot_hole_cardinality__o-break_groups_d2__s-uwrmaxsat__i-old_best_ic12plus__fairness-d2,baseline2__model-org_historical_maxsat__m-full__p-pairwise__g-direct__b-per_slot_hole_cardinality__o-break_groups_d2__s-uwrmaxsat__i-old_best_ic12plus__fairness-d2,legacy_full,n/a,pairwise,direct,UWrMaxSAT,UWrMaxSAT,binary-sha256:8c68c8a386d3d7847b50d315143c2bab60e3514e59510e84a649db83cb303876,org_historical_bg_d2_old_best,per_slot_hole_cardinality,total_break_groups_subject_to_range_at_most_2,BGD2,OBIC12P,1204447,700,1,1036,155310,186835,81246,1,700,700,1,,,,,,0,,,,,,,"formalism-specific model size: SAT/MaxSAT reports base CNF and soft clauses, MIP reports variables/linear constraints/nonzeros, and CP reports integer variables plus linear/global constraints; SAT bound/totalizer overhead remains separate in optimizer_added_*",3234,,,3234,,,,,,,,,,0.001971,0.45747,,0.45747,1.231287,"wall-clock from immediately before reading/parsing the .dzn instance through model construction, optimization, solution decoding, and independent validation; excludes worker-process startup and result-file export",,,,,,,peak_process_tree_rss_mb,1527f1972c633bd2b35cb41c497e6326370b63b7ceccf9336950c1a2e8f500d0,prec25,data_table08_prec/ticf-13crafa.prec25.dzn,1,data_table08_prec/ticf-13crafa.prec25.dzn,1,data_table08_prec/ticf-13crafa.prec25.dzn,https://imae.udg.edu/Recerca/LAI/,https://ima.udg.edu/Recerca/lai/b2b/b2b.zip,,2026-08-15T05:21:31+00:00,7200.0,,ee80a6fbd8b513f7c010668495c39621a371266a,True,3.10.12,1.8.dev25,instance-20260810-085803,Linux-6.8.0-1065-gcp-x86_64-with-glibc2.35,x86_64,4,8,15988.055,1,0,/home/g24021555/Business-Meeting-Scheduling-Problem/.venv/bin/python /home/g24021555/Business-Meeting-Scheduling-Problem/src/ORG_BG_D2.py --data-dir data_table08_prec --family all --backend uwrmaxsat --uwrmaxsat-bin /home/g24021555/uwrmaxsat/build/release/bin/uwrmaxsat --uwrmaxsat-sha256 8c68c8a386d3d7847b50d315143c2bab60e3514e59510e84a649db83cb303876 --timeout 7200 --csv output/org_old_bg_d2/data_table08_prec.csv --no-excel,/home/g24021555/uwrmaxsat/build/release/bin/uwrmaxsat,8c68c8a386d3d7847b50d315143c2bab60e3514e59510e84a649db83cb303876,/home/g24021555/uwrmaxsat/build/release/bin/uwrmaxsat -m /tmp/org_bg_lq18u560.wcnf,,,,,UWrMaxSAT,,,,traditional,pairwise+direct,,,,,,,,,,,,
,,,,,,,,,forumt-14.prec15,b2b-26b1d0f2c809e4bb,b2b-lineage-forumt-14,precedence,ORG-F-PW-DE-PHC-BGD2-UW-OBIC12P,ORGFull,N/A,Pairwise,Direct-E,PerSlotHoleCardinality,BreakGroupsD2,UWrMaxSAT,OldBestIC12+,OPTIMAL,SAT,5,5,bg_d2,5,5,5,,,5,1,1.571336,False,159.723,MaxSAT,ORGHistorical,ORG-Historical-BG-d2,Published-style,Published-style/Full,independent_reimplementation,one-shot weighted MaxSAT,81817,,,,,,,172791,240,173031,2370,79447,429734,61,baseline2__model-org_historical_maxsat__m-full__p-pairwise__g-direct__b-per_slot_hole_cardinality__o-break_groups_d2__s-uwrmaxsat__i-old_best_ic12plus__fairness-d2,baseline2__model-org_historical_maxsat__m-full__p-pairwise__g-direct__b-per_slot_hole_cardinality__o-break_groups_d2__s-uwrmaxsat__i-old_best_ic12plus__fairness-d2,legacy_full,n/a,pairwise,direct,UWrMaxSAT,UWrMaxSAT,binary-sha256:8c68c8a386d3d7847b50d315143c2bab60e3514e59510e84a649db83cb303876,org_historical_bg_d2_old_best,per_slot_hole_cardinality,total_break_groups_subject_to_range_at_most_2,BGD2,OBIC12P,429494,240,1,482,98310,68838,5161,1,240,240,1,,,,,,0,,,,,,,"formalism-specific model size: SAT/MaxSAT reports base CNF and soft clauses, MIP reports variables/linear constraints/nonzeros, and CP reports integer variables plus linear/global constraints; SAT bound/totalizer overhead remains separate in optimizer_added_*",2370,,,2370,,,,,,,,,,0.002554,0.170687,,0.170687,1.398095,"wall-clock from immediately before reading/parsing the .dzn instance through model construction, optimization, solution decoding, and independent validation; excludes worker-process startup and result-file export",2,10,,5,1,"0,0,0,0,1,0,0,0,0,0,0,0,0,0,0,0,1,1,0,0,0,0,0,0,0,0,0,0,0,0,0,0,0,0,0,0,0,0,0,0,0,0,0,0,0,0,0,0,0,0,0,0,0,0,1,0,1,0,0,0",peak_process_tree_rss_mb,26b1d0f2c809e4bb2eb4132f284c4e55d9f471d687e44b290b72940f367b7a15,prec15,data_table08_prec/forumt-14.prec15.dzn,1,data_table08_prec/forumt-14.prec15.dzn,1,data_table08_prec/forumt-14.prec15.dzn,https://imae.udg.edu/Recerca/LAI/,https://ima.udg.edu/Recerca/lai/b2b/b2b.zip,,2026-08-15T05:21:31+00:00,7200.0,,ee80a6fbd8b513f7c010668495c39621a371266a,True,3.10.12,1.8.dev25,instance-20260810-085803,Linux-6.8.0-1065-gcp-x86_64-with-glibc2.35,x86_64,4,8,15988.055,1,0,/home/g24021555/Business-Meeting-Scheduling-Problem/.venv/bin/python /home/g24021555/Business-Meeting-Scheduling-Problem/src/ORG_BG_D2.py --data-dir data_table08_prec --family all --backend uwrmaxsat --uwrmaxsat-bin /home/g24021555/uwrmaxsat/build/release/bin/uwrmaxsat --uwrmaxsat-sha256 8c68c8a386d3d7847b50d315143c2bab60e3514e59510e84a649db83cb303876 --timeout 7200 --csv output/org_old_bg_d2/data_table08_prec.csv --no-excel,/home/g24021555/uwrmaxsat/build/release/bin/uwrmaxsat,8c68c8a386d3d7847b50d315143c2bab60e3514e59510e84a649db83cb303876,/home/g24021555/uwrmaxsat/build/release/bin/uwrmaxsat -m /tmp/org_bg_we0hhbk1.wcnf,,,,,UWrMaxSAT,,,,traditional,pairwise+direct,5,,,,,,,,,"1,0,2,4,3,9,8,5,7,1,0,2,3,4,5,8,1,7,1,3,5,2,6,0,8,2,5,3,0,2,3,1,9,4,2,0,1,6,4,6,2,1,0,3,5,4,9,1,0,2,9,6,3,8,0,7,3,1,5,9,4,8,1,6,5,2,0,4,3,7,3,4,6,1,9,8,2,6,1,5,3,9,7,4,8,0,5,4,3,6,7,8,6,1,4,7,2,3,6,3,4,5,7,0,8,9,8,7,2,5,7,1,6,2,9,3,8,4,7,1,0,5,4,7,8,5,6,3,7,9,7,5,2,3,7,6,8,4,9,5,0,3,6,8,1,2,3,8,7,4,6,4,1,0,5,7,8,9,2,3,4,7,6,3,0,8,5,9,1,0,9,5,1,2,5,8,3,6,0,4,2,2,5,7,4,1,3,6,5,2,4,7,6,5,4,6,8,9,7,3,6,5,9,6,7,0,1,4,8,2,8,6,4,7,5,0,6,0,2,8,9,3,4,6,2,5,7,1,3,4,0,6,2,4,2,1,3",,
,,,,,,,,,forumt-14crafc.prec15,b2b-2bd515b5f0517ee5,b2b-lineage-forumt-14crafc,precedence,ORG-F-PW-DE-PHC-BGD2-UW-OBIC12P,ORGFull,N/A,Pairwise,Direct-E,PerSlotHoleCardinality,BreakGroupsD2,UWrMaxSAT,OldBestIC12+,OPTIMAL,SAT,5,5,bg_d2,5,5,5,,,5,1,1.077168,False,144.227,MaxSAT,ORGHistorical,ORG-Historical-BG-d2,Published-style,Published-style/Full,independent_reimplementation,one-shot weighted MaxSAT,79877,,,,,,,169031,240,169271,2370,77507,420214,61,baseline2__model-org_historical_maxsat__m-full__p-pairwise__g-direct__b-per_slot_hole_cardinality__o-break_groups_d2__s-uwrmaxsat__i-old_best_ic12plus__fairness-d2,baseline2__model-org_historical_maxsat__m-full__p-pairwise__g-direct__b-per_slot_hole_cardinality__o-break_groups_d2__s-uwrmaxsat__i-old_best_ic12plus__fairness-d2,legacy_full,n/a,pairwise,direct,UWrMaxSAT,UWrMaxSAT,binary-sha256:8c68c8a386d3d7847b50d315143c2bab60e3514e59510e84a649db83cb303876,org_historical_bg_d2_old_best,per_slot_hole_cardinality,total_break_groups_subject_to_range_at_most_2,BGD2,OBIC12P,419974,240,1,482,96550,66838,5161,1,240,240,1,,,,,,0,,,,,,,"formalism-specific model size: SAT/MaxSAT reports base CNF and soft clauses, MIP reports variables/linear constraints/nonzeros, and CP reports integer variables plus linear/global constraints; SAT bound/totalizer overhead remains separate in optimizer_added_*",2370,,,2370,,,,,,,,,,0.002621,0.163702,,0.163702,0.910844,"wall-clock from immediately before reading/parsing the .dzn instance through model construction, optimization, solution decoding, and independent validation; excludes worker-process startup and result-file export",2,10,,5,1,"0,0,0,0,1,0,0,0,0,0,0,0,0,0,0,0,1,1,0,0,0,0,0,0,0,0,0,0,0,0,0,0,0,0,0,0,0,0,0,0,0,0,0,0,0,0,0,0,0,0,0,0,0,0,1,0,1,0,0,0",peak_process_tree_rss_mb,2bd515b5f0517ee58691564c1427d285ba52246c9b29578e9b6c4f28e6e39d1d,prec15,data_table08_prec/forumt-14crafc.prec15.dzn,1,data_table08_prec/forumt-14crafc.prec15.dzn,1,data_table08_prec/forumt-14crafc.prec15.dzn,https://imae.udg.edu/Recerca/LAI/,https://ima.udg.edu/Recerca/lai/b2b/b2b.zip,,2026-08-15T05:21:31+00:00,7200.0,,ee80a6fbd8b513f7c010668495c39621a371266a,True,3.10.12,1.8.dev25,instance-20260810-085803,Linux-6.8.0-1065-gcp-x86_64-with-glibc2.35,x86_64,4,8,15988.055,1,0,/home/g24021555/Business-Meeting-Scheduling-Problem/.venv/bin/python /home/g24021555/Business-Meeting-Scheduling-Problem/src/ORG_BG_D2.py --data-dir data_table08_prec --family all --backend uwrmaxsat --uwrmaxsat-bin /home/g24021555/uwrmaxsat/build/release/bin/uwrmaxsat --uwrmaxsat-sha256 8c68c8a386d3d7847b50d315143c2bab60e3514e59510e84a649db83cb303876 --timeout 7200 --csv output/org_old_bg_d2/data_table08_prec.csv --no-excel,/home/g24021555/uwrmaxsat/build/release/bin/uwrmaxsat,8c68c8a386d3d7847b50d315143c2bab60e3514e59510e84a649db83cb303876,/home/g24021555/uwrmaxsat/build/release/bin/uwrmaxsat -m /tmp/org_bg_ao13h7ro.wcnf,,,,,UWrMaxSAT,,,,traditional,pairwise+direct,5,,,,,,,,,"0,1,2,3,4,9,8,5,0,0,0,2,3,4,5,6,1,7,0,0,8,1,3,0,9,1,2,4,3,2,1,2,0,9,1,0,2,7,6,7,1,2,0,7,5,3,9,3,8,0,9,7,2,7,0,6,8,2,4,5,1,8,3,7,1,6,2,5,0,4,6,7,1,9,5,4,3,7,0,2,1,9,5,8,6,4,9,5,6,4,7,8,8,4,7,9,5,6,4,3,1,9,6,8,7,8,9,6,8,5,3,1,6,5,9,0,8,4,3,7,6,9,5,4,7,4,6,2,5,8,7,8,5,1,7,9,8,4,6,3,2,0,6,7,1,4,3,6,4,2,4,7,1,0,8,5,3,9,2,6,7,3,5,4,8,1,6,9,0,1,8,3,2,5,6,3,2,7,0,2,0,2,3,6,8,4,5,2,0,1,3,4,8,1,6,8,9,7,3,5,5,5,6,8,9,0,2,4,7,3,7,5,3,6,4,1,1,3,0,5,2,1,7,4,6,3,0,8,5,2,0,6,4,2,1,3,4",,
,,,,,,,,,forum-13crafb.prec25,b2b-3023558fc3a91142,b2b-lineage-forum-13crafb,precedence,ORG-F-PW-DE-PHC-BGD2-UW-OBIC12P,ORGFull,N/A,Pairwise,Direct-E,PerSlotHoleCardinality,BreakGroupsD2,UWrMaxSAT,OldBestIC12+,UNSAT,UNSAT,,,bg_d2,,,,,,,1,2.192131,False,318.184,MaxSAT,ORGHistorical,ORG-Historical-BG-d2,Published-style,Published-style/Full,independent_reimplementation,one-shot weighted MaxSAT,246673,,,,,,,515565,760,516325,4290,242383,1453421,77,baseline2__model-org_historical_maxsat__m-full__p-pairwise__g-direct__b-per_slot_hole_cardinality__o-break_groups_d2__s-uwrmaxsat__i-old_best_ic12plus__fairness-d2,baseline2__model-org_historical_maxsat__m-full__p-pairwise__g-direct__b-per_slot_hole_cardinality__o-break_groups_d2__s-uwrmaxsat__i-old_best_ic12plus__fairness-d2,legacy_full,n/a,pairwise,direct,UWrMaxSAT,UWrMaxSAT,binary-sha256:8c68c8a386d3d7847b50d315143c2bab60e3514e59510e84a649db83cb303876,org_historical_bg_d2_old_best,per_slot_hole_cardinality,total_break_groups_subject_to_range_at_most_2,BGD2,OBIC12P,1452661,760,1,1632,196169,222695,95069,1,760,760,1,,,,,,0,,,,,,,"formalism-specific model size: SAT/MaxSAT reports base CNF and soft clauses, MIP reports variables/linear constraints/nonzeros, and CP reports integer variables plus linear/global constraints; SAT bound/totalizer overhead remains separate in optimizer_added_*",4290,,,4290,,,,,,,,,,0.002325,0.562037,,0.562037,1.627769,"wall-clock from immediately before reading/parsing the .dzn instance through model construction, optimization, solution decoding, and independent validation; excludes worker-process startup and result-file export",,,,,,,peak_process_tree_rss_mb,3023558fc3a91142b7efe9e4136fc05a9b1f87351bab08fa4014a9a4b14a8e81,prec25,data_table08_prec/forum-13crafb.prec25.dzn,1,data_table08_prec/forum-13crafb.prec25.dzn,1,data_table08_prec/forum-13crafb.prec25.dzn,https://imae.udg.edu/Recerca/LAI/,https://ima.udg.edu/Recerca/lai/b2b/b2b.zip,,2026-08-15T05:21:31+00:00,7200.0,,ee80a6fbd8b513f7c010668495c39621a371266a,True,3.10.12,1.8.dev25,instance-20260810-085803,Linux-6.8.0-1065-gcp-x86_64-with-glibc2.35,x86_64,4,8,15988.055,1,0,/home/g24021555/Business-Meeting-Scheduling-Problem/.venv/bin/python /home/g24021555/Business-Meeting-Scheduling-Problem/src/ORG_BG_D2.py --data-dir data_table08_prec --family all --backend uwrmaxsat --uwrmaxsat-bin /home/g24021555/uwrmaxsat/build/release/bin/uwrmaxsat --uwrmaxsat-sha256 8c68c8a386d3d7847b50d315143c2bab60e3514e59510e84a649db83cb303876 --timeout 7200 --csv output/org_old_bg_d2/data_table08_prec.csv --no-excel,/home/g24021555/uwrmaxsat/build/release/bin/uwrmaxsat,8c68c8a386d3d7847b50d315143c2bab60e3514e59510e84a649db83cb303876,/home/g24021555/uwrmaxsat/build/release/bin/uwrmaxsat -m /tmp/org_bg_85gcopl9.wcnf,,,,,UWrMaxSAT,,,,traditional,pairwise+direct,,,,,,,,,,,,
,,,,,,,,,forum-13.prec25,b2b-329816d5695d44da,b2b-lineage-forum-13,precedence,ORG-F-PW-DE-PHC-BGD2-UW-OBIC12P,ORGFull,N/A,Pairwise,Direct-E,PerSlotHoleCardinality,BreakGroupsD2,UWrMaxSAT,OldBestIC12+,UNSAT,UNSAT,,,bg_d2,,,,,,,1,1.709972,False,260.91,MaxSAT,ORGHistorical,ORG-Historical-BG-d2,Published-style,Published-style/Full,independent_reimplementation,one-shot weighted MaxSAT,207114,,,,,,,424509,700,425209,3234,203880,1205229,71,baseline2__model-org_historical_maxsat__m-full__p-pairwise__g-direct__b-per_slot_hole_cardinality__o-break_groups_d2__s-uwrmaxsat__i-old_best_ic12plus__fairness-d2,baseline2__model-org_historical_maxsat__m-full__p-pairwise__g-direct__b-per_slot_hole_cardinality__o-break_groups_d2__s-uwrmaxsat__i-old_best_ic12plus__fairness-d2,legacy_full,n/a,pairwise,direct,UWrMaxSAT,UWrMaxSAT,binary-sha256:8c68c8a386d3d7847b50d315143c2bab60e3514e59510e84a649db83cb303876,org_historical_bg_d2_old_best,per_slot_hole_cardinality,total_break_groups_subject_to_range_at_most_2,BGD2,OBIC12P,1204529,700,1,1118,155310,186835,81246,1,700,700,1,,,,,,0,,,,,,,"formalism-specific model size: SAT/MaxSAT reports base CNF and soft clauses, MIP reports variables/linear constraints/nonzeros, and CP reports integer variables plus linear/global constraints; SAT bound/totalizer overhead remains separate in optimizer_added_*",3234,,,3234,,,,,,,,,,0.001962,0.461232,,0.461232,1.246778,"wall-clock from immediately before reading/parsing the .dzn instance through model construction, optimization, solution decoding, and independent validation; excludes worker-process startup and result-file export",,,,,,,peak_process_tree_rss_mb,329816d5695d44dab35baac52bb55fa2c4b97b691ebbaeeeb79f536b1748e2da,prec25,data_table08_prec/forum-13.prec25.dzn,1,data_table08_prec/forum-13.prec25.dzn,1,data_table08_prec/forum-13.prec25.dzn,https://imae.udg.edu/Recerca/LAI/,https://ima.udg.edu/Recerca/lai/b2b/b2b.zip,,2026-08-15T05:21:31+00:00,7200.0,,ee80a6fbd8b513f7c010668495c39621a371266a,True,3.10.12,1.8.dev25,instance-20260810-085803,Linux-6.8.0-1065-gcp-x86_64-with-glibc2.35,x86_64,4,8,15988.055,1,0,/home/g24021555/Business-Meeting-Scheduling-Problem/.venv/bin/python /home/g24021555/Business-Meeting-Scheduling-Problem/src/ORG_BG_D2.py --data-dir data_table08_prec --family all --backend uwrmaxsat --uwrmaxsat-bin /home/g24021555/uwrmaxsat/build/release/bin/uwrmaxsat --uwrmaxsat-sha256 8c68c8a386d3d7847b50d315143c2bab60e3514e59510e84a649db83cb303876 --timeout 7200 --csv output/org_old_bg_d2/data_table08_prec.csv --no-excel,/home/g24021555/uwrmaxsat/build/release/bin/uwrmaxsat,8c68c8a386d3d7847b50d315143c2bab60e3514e59510e84a649db83cb303876,/home/g24021555/uwrmaxsat/build/release/bin/uwrmaxsat -m /tmp/org_bg_2oju_1cl.wcnf,,,,,UWrMaxSAT,,,,traditional,pairwise+direct,,,,,,,,,,,,
,,,,,,,,,tic-14crafd.prec15,b2b-3ad4b45cd6f0b5a9,b2b-lineage-tic-14crafd,precedence,ORG-F-PW-DE-PHC-BGD2-UW-OBIC12P,ORGFull,N/A,Pairwise,Direct-E,PerSlotHoleCardinality,BreakGroupsD2,UWrMaxSAT,OldBestIC12+,OPTIMAL,SAT,0,0,bg_d2,0,0,0,,,0,1,3.051881,False,162.391,MaxSAT,ORGHistorical,ORG-Historical-BG-d2,Published-style,Published-style/Full,independent_reimplementation,one-shot weighted MaxSAT,79488,,,,,,,168039,240,168279,2360,77128,417959,61,baseline2__model-org_historical_maxsat__m-full__p-pairwise__g-direct__b-per_slot_hole_cardinality__o-break_groups_d2__s-uwrmaxsat__i-old_best_ic12plus__fairness-d2,baseline2__model-org_historical_maxsat__m-full__p-pairwise__g-direct__b-per_slot_hole_cardinality__o-break_groups_d2__s-uwrmaxsat__i-old_best_ic12plus__fairness-d2,legacy_full,n/a,pairwise,direct,UWrMaxSAT,UWrMaxSAT,binary-sha256:8c68c8a386d3d7847b50d315143c2bab60e3514e59510e84a649db83cb303876,org_historical_bg_d2_old_best,per_slot_hole_cardinality,total_break_groups_subject_to_range_at_most_2,BGD2,OBIC12P,417719,240,1,417,95911,66564,5147,1,240,240,1,,,,,,0,,,,,,,"formalism-specific model size: SAT/MaxSAT reports base CNF and soft clauses, MIP reports variables/linear constraints/nonzeros, and CP reports integer variables plus linear/global constraints; SAT bound/totalizer overhead remains separate in optimizer_added_*",2360,,,2360,,,,,,,,,,0.002566,0.165158,,0.165158,2.884158,"wall-clock from immediately before reading/parsing the .dzn instance through model construction, optimization, solution decoding, and independent validation; excludes worker-process startup and result-file export",0,0,,0,0,"0,0,0,0,0,0,0,0,0,0,0,0,0,0,0,0,0,0,0,0,0,0,0,0,0,0,0,0,0,0,0,0,0,0,0,0,0,0,0,0,0,0,0,0,0,0,0,0,0,0,0,0,0,0,0,0,0,0,0,0",peak_process_tree_rss_mb,3ad4b45cd6f0b5a9682cceb9e2da60691ef8142a2c7d4a22cc02e9e36b42172e,prec15,data_table08_prec/tic-14crafd.prec15.dzn,1,data_table08_prec/tic-14crafd.prec15.dzn,1,data_table08_prec/tic-14crafd.prec15.dzn,https://imae.udg.edu/Recerca/LAI/,https://ima.udg.edu/Recerca/lai/b2b/b2b.zip,,2026-08-15T05:21:31+00:00,7200.0,,ee80a6fbd8b513f7c010668495c39621a371266a,True,3.10.12,1.8.dev25,instance-20260810-085803,Linux-6.8.0-1065-gcp-x86_64-with-glibc2.35,x86_64,4,8,15988.055,1,0,/home/g24021555/Business-Meeting-Scheduling-Problem/.venv/bin/python /home/g24021555/Business-Meeting-Scheduling-Problem/src/ORG_BG_D2.py --data-dir data_table08_prec --family all --backend uwrmaxsat --uwrmaxsat-bin /home/g24021555/uwrmaxsat/build/release/bin/uwrmaxsat --uwrmaxsat-sha256 8c68c8a386d3d7847b50d315143c2bab60e3514e59510e84a649db83cb303876 --timeout 7200 --csv output/org_old_bg_d2/data_table08_prec.csv --no-excel,/home/g24021555/uwrmaxsat/build/release/bin/uwrmaxsat,8c68c8a386d3d7847b50d315143c2bab60e3514e59510e84a649db83cb303876,/home/g24021555/uwrmaxsat/build/release/bin/uwrmaxsat -m /tmp/org_bg_qkgy7o7b.wcnf,,,,,UWrMaxSAT,,,,traditional,pairwise+direct,0,,,,,,,,,"0,7,3,8,1,9,6,5,0,5,9,1,2,4,9,6,0,5,1,3,8,5,1,9,7,3,8,9,4,6,2,8,5,2,5,4,7,2,8,6,7,8,9,1,6,0,2,7,3,5,4,8,6,9,1,0,6,1,7,5,8,3,5,0,3,8,4,1,7,2,6,9,7,2,3,0,5,4,9,7,8,6,2,1,5,0,3,4,9,7,6,8,5,3,2,4,1,2,8,6,9,6,8,0,4,1,5,8,4,7,6,6,3,4,1,5,8,7,9,6,8,4,8,6,3,9,2,7,5,4,4,1,9,6,1,2,7,8,4,9,3,0,0,2,7,5,9,1,3,2,8,4,1,6,9,5,7,2,3,0,7,6,3,4,5,1,2,3,5,0,4,2,6,3,7,2,8,4,1,9,4,5,0,2,7,5,3,2,5,1,4,0,3,5,2,6,3,0,8,7,7,7,2,9,4,6,3,0,5,1,3,4,0,2,4,6,2,0,3,1,5,4,9,8,7,6,7,8,3,0,2,1,6,7,3,1",,
,,,,,,,,,tic-14crafa.prec15,b2b-3c626157e9a6369f,b2b-lineage-tic-14crafa,precedence,ORG-F-PW-DE-PHC-BGD2-UW-OBIC12P,ORGFull,N/A,Pairwise,Direct-E,PerSlotHoleCardinality,BreakGroupsD2,UWrMaxSAT,OldBestIC12+,OPTIMAL,SAT,0,0,bg_d2,0,0,0,,,0,1,1.599404,False,154.891,MaxSAT,ORGHistorical,ORG-Historical-BG-d2,Published-style,Published-style/Full,independent_reimplementation,one-shot weighted MaxSAT,81817,,,,,,,172693,240,172933,2370,79447,429636,61,baseline2__model-org_historical_maxsat__m-full__p-pairwise__g-direct__b-per_slot_hole_cardinality__o-break_groups_d2__s-uwrmaxsat__i-old_best_ic12plus__fairness-d2,baseline2__model-org_historical_maxsat__m-full__p-pairwise__g-direct__b-per_slot_hole_cardinality__o-break_groups_d2__s-uwrmaxsat__i-old_best_ic12plus__fairness-d2,legacy_full,n/a,pairwise,direct,UWrMaxSAT,UWrMaxSAT,binary-sha256:8c68c8a386d3d7847b50d315143c2bab60e3514e59510e84a649db83cb303876,org_historical_bg_d2_old_best,per_slot_hole_cardinality,total_break_groups_subject_to_range_at_most_2,BGD2,OBIC12P,429396,240,1,384,98310,68838,5161,1,240,240,1,,,,,,0,,,,,,,"formalism-specific model size: SAT/MaxSAT reports base CNF and soft clauses, MIP reports variables/linear constraints/nonzeros, and CP reports integer variables plus linear/global constraints; SAT bound/totalizer overhead remains separate in optimizer_added_*",2370,,,2370,,,,,,,,,,0.002497,0.163755,,0.163755,1.433152,"wall-clock from immediately before reading/parsing the .dzn instance through model construction, optimization, solution decoding, and independent validation; excludes worker-process startup and result-file export",0,0,,0,0,"0,0,0,0,0,0,0,0,0,0,0,0,0,0,0,0,0,0,0,0,0,0,0,0,0,0,0,0,0,0,0,0,0,0,0,0,0,0,0,0,0,0,0,0,0,0,0,0,0,0,0,0,0,0,0,0,0,0,0,0",peak_process_tree_rss_mb,3c626157e9a6369f93e0cfb9e4a01b1fee523f191980479edee3cbc6881a9b5a,prec15,data_table08_prec/tic-14crafa.prec15.dzn,1,data_table08_prec/tic-14crafa.prec15.dzn,1,data_table08_prec/tic-14crafa.prec15.dzn,https://imae.udg.edu/Recerca/LAI/,https://ima.udg.edu/Recerca/lai/b2b/b2b.zip,,2026-08-15T05:21:31+00:00,7200.0,,ee80a6fbd8b513f7c010668495c39621a371266a,True,3.10.12,1.8.dev25,instance-20260810-085803,Linux-6.8.0-1065-gcp-x86_64-with-glibc2.35,x86_64,4,8,15988.055,1,0,/home/g24021555/Business-Meeting-Scheduling-Problem/.venv/bin/python /home/g24021555/Business-Meeting-Scheduling-Problem/src/ORG_BG_D2.py --data-dir data_table08_prec --family all --backend uwrmaxsat --uwrmaxsat-bin /home/g24021555/uwrmaxsat/build/release/bin/uwrmaxsat --uwrmaxsat-sha256 8c68c8a386d3d7847b50d315143c2bab60e3514e59510e84a649db83cb303876 --timeout 7200 --csv output/org_old_bg_d2/data_table08_prec.csv --no-excel,/home/g24021555/uwrmaxsat/build/release/bin/uwrmaxsat,8c68c8a386d3d7847b50d315143c2bab60e3514e59510e84a649db83cb303876,/home/g24021555/uwrmaxsat/build/release/bin/uwrmaxsat -m /tmp/org_bg_ysrai7rd.wcnf,,,,,UWrMaxSAT,,,,traditional,pairwise+direct,0,,,,,,,,,"3,5,2,1,8,9,7,0,1,0,0,2,6,7,3,4,1,5,0,1,2,3,5,6,9,1,5,2,2,4,9,2,1,3,1,0,4,3,8,2,3,9,0,4,5,1,2,2,0,5,3,8,7,8,0,7,1,6,4,2,5,5,4,7,6,9,3,0,8,1,7,6,3,1,9,8,1,7,3,2,5,9,8,0,4,6,5,4,9,7,6,8,4,5,8,9,3,6,6,0,4,7,2,5,3,9,8,6,4,3,6,5,8,8,9,1,5,0,4,3,7,8,5,7,5,3,2,6,4,7,8,0,5,2,4,9,8,6,7,1,0,2,6,4,7,1,4,9,5,1,9,7,0,8,5,1,2,6,4,3,4,7,9,3,0,8,6,5,1,4,0,7,2,4,6,8,3,5,2,3,4,1,7,2,6,4,4,2,5,0,3,1,6,9,3,8,5,7,0,6,1,6,7,8,5,0,4,9,1,3,2,1,3,7,4,2,6,3,2,9,8,2,1,6,5,4,3,7,3,6,0,2,5,4,2,3,1",,
,,,,,,,,,tic-14crafd.prec25,b2b-3f9a28601f41757a,b2b-lineage-tic-14crafd,precedence,ORG-F-PW-DE-PHC-BGD2-UW-OBIC12P,ORGFull,N/A,Pairwise,Direct-E,PerSlotHoleCardinality,BreakGroupsD2,UWrMaxSAT,OldBestIC12+,OPTIMAL,SAT,0,0,bg_d2,0,0,0,,,0,1,2.645866,False,151.586,MaxSAT,ORGHistorical,ORG-Historical-BG-d2,Published-style,Published-style/Full,independent_reimplementation,one-shot weighted MaxSAT,79488,,,,,,,171064,240,171304,2360,77128,424009,61,baseline2__model-org_historical_maxsat__m-full__p-pairwise__g-direct__b-per_slot_hole_cardinality__o-break_groups_d2__s-uwrmaxsat__i-old_best_ic12plus__fairness-d2,baseline2__model-org_historical_maxsat__m-full__p-pairwise__g-direct__b-per_slot_hole_cardinality__o-break_groups_d2__s-uwrmaxsat__i-old_best_ic12plus__fairness-d2,legacy_full,n/a,pairwise,direct,UWrMaxSAT,UWrMaxSAT,binary-sha256:8c68c8a386d3d7847b50d315143c2bab60e3514e59510e84a649db83cb303876,org_historical_bg_d2_old_best,per_slot_hole_cardinality,total_break_groups_subject_to_range_at_most_2,BGD2,OBIC12P,423769,240,1,417,98936,66564,5147,1,240,240,1,,,,,,0,,,,,,,"formalism-specific model size: SAT/MaxSAT reports base CNF and soft clauses, MIP reports variables/linear constraints/nonzeros, and CP reports integer variables plus linear/global constraints; SAT bound/totalizer overhead remains separate in optimizer_added_*",2360,,,2360,,,,,,,,,,0.002621,0.164092,,0.164092,2.479154,"wall-clock from immediately before reading/parsing the .dzn instance through model construction, optimization, solution decoding, and independent validation; excludes worker-process startup and result-file export",0,0,,0,0,"0,0,0,0,0,0,0,0,0,0,0,0,0,0,0,0,0,0,0,0,0,0,0,0,0,0,0,0,0,0,0,0,0,0,0,0,0,0,0,0,0,0,0,0,0,0,0,0,0,0,0,0,0,0,0,0,0,0,0,0",peak_process_tree_rss_mb,3f9a28601f41757a483ba6ed831c1488f2b2c277a7cf67686bc4e4d931d701bc,prec25,data_table08_prec/tic-14crafd.prec25.dzn,1,data_table08_prec/tic-14crafd.prec25.dzn,1,data_table08_prec/tic-14crafd.prec25.dzn,https://imae.udg.edu/Recerca/LAI/,https://ima.udg.edu/Recerca/lai/b2b/b2b.zip,,2026-08-15T05:21:31+00:00,7200.0,,ee80a6fbd8b513f7c010668495c39621a371266a,True,3.10.12,1.8.dev25,instance-20260810-085803,Linux-6.8.0-1065-gcp-x86_64-with-glibc2.35,x86_64,4,8,15988.055,1,0,/home/g24021555/Business-Meeting-Scheduling-Problem/.venv/bin/python /home/g24021555/Business-Meeting-Scheduling-Problem/src/ORG_BG_D2.py --data-dir data_table08_prec --family all --backend uwrmaxsat --uwrmaxsat-bin /home/g24021555/uwrmaxsat/build/release/bin/uwrmaxsat --uwrmaxsat-sha256 8c68c8a386d3d7847b50d315143c2bab60e3514e59510e84a649db83cb303876 --timeout 7200 --csv output/org_old_bg_d2/data_table08_prec.csv --no-excel,/home/g24021555/uwrmaxsat/build/release/bin/uwrmaxsat,8c68c8a386d3d7847b50d315143c2bab60e3514e59510e84a649db83cb303876,/home/g24021555/uwrmaxsat/build/release/bin/uwrmaxsat -m /tmp/org_bg_woon45fs.wcnf,,,,,UWrMaxSAT,,,,traditional,pairwise+direct,0,,,,,,,,,"6,9,2,1,3,8,0,7,6,0,7,5,2,5,8,3,9,0,7,4,1,9,8,6,5,3,2,6,4,3,0,7,5,2,6,5,7,2,4,2,8,4,2,1,0,5,6,4,7,1,6,2,9,0,8,8,2,0,9,4,3,5,0,7,5,4,6,2,3,8,1,9,3,5,4,0,1,0,3,6,4,9,5,2,1,8,7,7,8,3,6,2,4,1,5,1,6,5,8,7,7,9,5,4,1,3,3,5,6,2,4,8,9,4,2,0,7,5,1,9,6,1,4,9,8,6,2,3,5,7,6,0,9,1,6,5,8,2,4,7,9,3,1,4,8,0,9,7,3,8,7,0,1,6,2,5,8,9,4,3,7,4,5,8,1,3,0,3,2,4,9,0,6,8,7,9,3,0,2,6,8,5,5,7,8,2,6,3,1,5,2,4,3,7,5,9,1,6,3,4,1,7,1,6,8,3,4,5,9,0,0,1,2,4,6,3,6,1,2,7,4,0,5,8,9,8,1,7,6,3,0,2,3,4,7,2",,
,,,,,,,,,tic-12crafc.prec15,b2b-4096b2b505777390,b2b-lineage-tic-12crafc,precedence,ORG-F-PW-DE-PHC-BGD2-UW-OBIC12P,ORGFull,N/A,Pairwise,Direct-E,PerSlotHoleCardinality,BreakGroupsD2,UWrMaxSAT,OldBestIC12+,OPTIMAL,SAT,0,0,bg_d2,0,0,0,,,0,1,0.279504,False,101.402,MaxSAT,ORGHistorical,ORG-Historical-BG-d2,Published-style,Published-style/Full,independent_reimplementation,one-shot weighted MaxSAT,23942,,,,,,,52344,126,52470,1000,22942,128871,43,baseline2__model-org_historical_maxsat__m-full__p-pairwise__g-direct__b-per_slot_hole_cardinality__o-break_groups_d2__s-uwrmaxsat__i-old_best_ic12plus__fairness-d2,baseline2__model-org_historical_maxsat__m-full__p-pairwise__g-direct__b-per_slot_hole_cardinality__o-break_groups_d2__s-uwrmaxsat__i-old_best_ic12plus__fairness-d2,legacy_full,n/a,pairwise,direct,UWrMaxSAT,UWrMaxSAT,binary-sha256:8c68c8a386d3d7847b50d315143c2bab60e3514e59510e84a649db83cb303876,org_historical_bg_d2_old_best,per_slot_hole_cardinality,total_break_groups_subject_to_range_at_most_2,BGD2,OBIC12P,128745,126,1,234,31500,18943,1667,1,126,126,1,,,,,,0,,,,,,,"formalism-specific model size: SAT/MaxSAT reports base CNF and soft clauses, MIP reports variables/linear constraints/nonzeros, and CP reports integer variables plus linear/global constraints; SAT bound/totalizer overhead remains separate in optimizer_added_*",1000,,,1000,,,,,,,,,,0.001488,0.053404,,0.053404,0.224612,"wall-clock from immediately before reading/parsing the .dzn instance through model construction, optimization, solution decoding, and independent validation; excludes worker-process startup and result-file export",0,0,,0,0,"0,0,0,0,0,0,0,0,0,0,0,0,0,0,0,0,0,0,0,0,0,0,0,0,0,0,0,0,0,0,0,0,0,0,0,0,0,0,0,0,0,0",peak_process_tree_rss_mb,4096b2b505777390e32ebb8ee92dca7b8a90caba7d6e39677ae32b1871cbd8e6,prec15,data_table08_prec/tic-12crafc.prec15.dzn,1,data_table08_prec/tic-12crafc.prec15.dzn,1,data_table08_prec/tic-12crafc.prec15.dzn,https://imae.udg.edu/Recerca/LAI/,https://ima.udg.edu/Recerca/lai/b2b/b2b.zip,,2026-08-15T05:21:31+00:00,7200.0,,ee80a6fbd8b513f7c010668495c39621a371266a,True,3.10.12,1.8.dev25,instance-20260810-085803,Linux-6.8.0-1065-gcp-x86_64-with-glibc2.35,x86_64,4,8,15988.055,1,0,/home/g24021555/Business-Meeting-Scheduling-Problem/.venv/bin/python /home/g24021555/Business-Meeting-Scheduling-Problem/src/ORG_BG_D2.py --data-dir data_table08_prec --family all --backend uwrmaxsat --uwrmaxsat-bin /home/g24021555/uwrmaxsat/build/release/bin/uwrmaxsat --uwrmaxsat-sha256 8c68c8a386d3d7847b50d315143c2bab60e3514e59510e84a649db83cb303876 --timeout 7200 --csv output/org_old_bg_d2/data_table08_prec.csv --no-excel,/home/g24021555/uwrmaxsat/build/release/bin/uwrmaxsat,8c68c8a386d3d7847b50d315143c2bab60e3514e59510e84a649db83cb303876,/home/g24021555/uwrmaxsat/build/release/bin/uwrmaxsat -m /tmp/org_bg_4w3v1t62.wcnf,,,,,UWrMaxSAT,,,,traditional,pairwise+direct,0,,,,,,,,,"1,2,5,7,0,3,1,6,7,4,5,3,0,6,2,5,4,1,1,6,0,7,1,0,2,6,5,4,3,1,0,7,0,4,1,3,5,6,4,7,3,0,6,2,1,1,4,2,3,5,0,4,5,3,1,2,6,7,6,7,6,2,0,3,5,6,4,5,0,7,5,3,7,2,4,0,2,3,5,0,2,6,1,4,7,3,2,4,0,3,1,0,4,3,6,7,5,1,2,1,3,6,5,4,2,3,5,2,7,4,6,7,1,4,2,6,5,2,5,3,7,0,6,1,4",,
,,,,,,,,,tic-14crafc.prec25,b2b-4460f65c67b8f270,b2b-lineage-tic-14crafc,precedence,ORG-F-PW-DE-PHC-BGD2-UW-OBIC12P,ORGFull,N/A,Pairwise,Direct-E,PerSlotHoleCardinality,BreakGroupsD2,UWrMaxSAT,OldBestIC12+,OPTIMAL,SAT,0,0,bg_d2,0,0,0,,,0,1,5.068588,False,152.723,MaxSAT,ORGHistorical,ORG-Historical-BG-d2,Published-style,Published-style/Full,independent_reimplementation,one-shot weighted MaxSAT,79877,,,,,,,171628,240,171868,2370,77507,425506,61,baseline2__model-org_historical_maxsat__m-full__p-pairwise__g-direct__b-per_slot_hole_cardinality__o-break_groups_d2__s-uwrmaxsat__i-old_best_ic12plus__fairness-d2,baseline2__model-org_historical_maxsat__m-full__p-pairwise__g-direct__b-per_slot_hole_cardinality__o-break_groups_d2__s-uwrmaxsat__i-old_best_ic12plus__fairness-d2,legacy_full,n/a,pairwise,direct,UWrMaxSAT,UWrMaxSAT,binary-sha256:8c68c8a386d3d7847b50d315143c2bab60e3514e59510e84a649db83cb303876,org_historical_bg_d2_old_best,per_slot_hole_cardinality,total_break_groups_subject_to_range_at_most_2,BGD2,OBIC12P,425266,240,1,384,99245,66838,5161,1,240,240,1,,,,,,0,,,,,,,"formalism-specific model size: SAT/MaxSAT reports base CNF and soft clauses, MIP reports variables/linear constraints/nonzeros, and CP reports integer variables plus linear/global constraints; SAT bound/totalizer overhead remains separate in optimizer_added_*",2370,,,2370,,,,,,,,,,0.002551,0.169131,,0.169131,4.896906,"wall-clock from immediately before reading/parsing the .dzn instance through model construction, optimization, solution decoding, and independent validation; excludes worker-process startup and result-file export",0,0,,0,0,"0,0,0,0,0,0,0,0,0,0,0,0,0,0,0,0,0,0,0,0,0,0,0,0,0,0,0,0,0,0,0,0,0,0,0,0,0,0,0,0,0,0,0,0,0,0,0,0,0,0,0,0,0,0,0,0,0,0,0,0",peak_process_tree_rss_mb,4460f65c67b8f270876abd0b1b116607ed9ba42c901140b40f9a1b2972387685,prec25,data_table08_prec/tic-14crafc.prec25.dzn,1,data_table08_prec/tic-14crafc.prec25.dzn,1,data_table08_prec/tic-14crafc.prec25.dzn,https://imae.udg.edu/Recerca/LAI/,https://ima.udg.edu/Recerca/lai/b2b/b2b.zip,,2026-08-15T05:21:31+00:00,7200.0,,ee80a6fbd8b513f7c010668495c39621a371266a,True,3.10.12,1.8.dev25,instance-20260810-085803,Linux-6.8.0-1065-gcp-x86_64-with-glibc2.35,x86_64,4,8,15988.055,1,0,/home/g24021555/Business-Meeting-Scheduling-Problem/.venv/bin/python /home/g24021555/Business-Meeting-Scheduling-Problem/src/ORG_BG_D2.py --data-dir data_table08_prec --family all --backend uwrmaxsat --uwrmaxsat-bin /home/g24021555/uwrmaxsat/build/release/bin/uwrmaxsat --uwrmaxsat-sha256 8c68c8a386d3d7847b50d315143c2bab60e3514e59510e84a649db83cb303876 --timeout 7200 --csv output/org_old_bg_d2/data_table08_prec.csv --no-excel,/home/g24021555/uwrmaxsat/build/release/bin/uwrmaxsat,8c68c8a386d3d7847b50d315143c2bab60e3514e59510e84a649db83cb303876,/home/g24021555/uwrmaxsat/build/release/bin/uwrmaxsat -m /tmp/org_bg_umx1mszq.wcnf,,,,,UWrMaxSAT,,,,traditional,pairwise+direct,0,,,,,,,,,"9,8,7,3,6,4,2,1,2,3,6,3,8,9,4,7,1,5,5,8,2,1,4,2,3,0,5,4,6,3,9,5,1,4,5,6,2,4,3,5,1,6,4,0,5,7,8,3,7,2,9,4,5,9,3,1,0,6,8,5,4,6,0,2,4,5,9,1,7,3,0,8,2,1,9,6,1,8,3,4,0,7,5,2,6,9,4,6,7,3,5,8,4,6,2,3,0,5,4,8,3,0,7,5,9,7,6,9,6,2,7,0,1,2,6,1,3,9,5,7,0,1,2,3,7,5,9,6,8,4,5,7,4,1,5,7,2,0,9,8,6,1,0,2,8,3,8,0,3,2,5,9,0,7,3,1,8,6,2,4,0,2,9,5,4,8,6,7,1,2,7,8,0,1,7,3,6,0,9,2,1,6,1,7,5,3,6,8,7,4,9,5,4,8,4,2,6,7,1,0,8,6,9,8,7,4,5,3,0,2,4,1,2,3,8,7,9,3,8,7,6,0,8,2,3,5,4,1,2,6,3,4,0,8,9,7,5",,
,,,,,,,,,ticf-13crafa.prec15,b2b-51dec1488cb36294,b2b-lineage-ticf-13crafa,precedence,ORG-F-PW-DE-PHC-BGD2-UW-OBIC12P,ORGFull,N/A,Pairwise,Direct-E,PerSlotHoleCardinality,BreakGroupsD2,UWrMaxSAT,OldBestIC12+,OPTIMAL,SAT,0,0,bg_d2,0,0,0,,,0,1,8.057451,False,312.469,MaxSAT,ORGHistorical,ORG-Historical-BG-d2,Published-style,Published-style/Full,independent_reimplementation,one-shot weighted MaxSAT,207114,,,,,,,416573,700,417273,3234,203880,1189439,71,baseline2__model-org_historical_maxsat__m-full__p-pairwise__g-direct__b-per_slot_hole_cardinality__o-break_groups_d2__s-uwrmaxsat__i-old_best_ic12plus__fairness-d2,baseline2__model-org_historical_maxsat__m-full__p-pairwise__g-direct__b-per_slot_hole_cardinality__o-break_groups_d2__s-uwrmaxsat__i-old_best_ic12plus__fairness-d2,legacy_full,n/a,pairwise,direct,UWrMaxSAT,UWrMaxSAT,binary-sha256:8c68c8a386d3d7847b50d315143c2bab60e3514e59510e84a649db83cb303876,org_historical_bg_d2_old_best,per_slot_hole_cardinality,total_break_groups_subject_to_range_at_most_2,BGD2,OBIC12P,1188739,700,1,1036,147456,186835,81246,1,700,700,1,,,,,,0,,,,,,,"formalism-specific model size: SAT/MaxSAT reports base CNF and soft clauses, MIP reports variables/linear constraints/nonzeros, and CP reports integer variables plus linear/global constraints; SAT bound/totalizer overhead remains separate in optimizer_added_*",3234,,,3234,,,,,,,,,,0.001838,0.433112,,0.433112,7.622501,"wall-clock from immediately before reading/parsing the .dzn instance through model construction, optimization, solution decoding, and independent validation; excludes worker-process startup and result-file export",0,0,,0,0,"0,0,0,0,0,0,0,0,0,0,0,0,0,0,0,0,0,0,0,0,0,0,0,0,0,0,0,0,0,0,0,0,0,0,0,0,0,0,0,0,0,0,0,0,0,0,0,0,0,0,0,0,0,0,0,0,0,0,0,0,0,0,0,0,0,0,0,0,0,0",peak_process_tree_rss_mb,51dec1488cb36294c48480ed210149fa47b8c28d3e9fbce4803189ba048f958c,prec15,data_table08_prec/ticf-13crafa.prec15.dzn,1,data_table08_prec/ticf-13crafa.prec15.dzn,1,data_table08_prec/ticf-13crafa.prec15.dzn,https://imae.udg.edu/Recerca/LAI/,https://ima.udg.edu/Recerca/lai/b2b/b2b.zip,,2026-08-15T05:21:31+00:00,7200.0,,ee80a6fbd8b513f7c010668495c39621a371266a,True,3.10.12,1.8.dev25,instance-20260810-085803,Linux-6.8.0-1065-gcp-x86_64-with-glibc2.35,x86_64,4,8,15988.055,1,0,/home/g24021555/Business-Meeting-Scheduling-Problem/.venv/bin/python /home/g24021555/Business-Meeting-Scheduling-Problem/src/ORG_BG_D2.py --data-dir data_table08_prec --family all --backend uwrmaxsat --uwrmaxsat-bin /home/g24021555/uwrmaxsat/build/release/bin/uwrmaxsat --uwrmaxsat-sha256 8c68c8a386d3d7847b50d315143c2bab60e3514e59510e84a649db83cb303876 --timeout 7200 --csv output/org_old_bg_d2/data_table08_prec.csv --no-excel,/home/g24021555/uwrmaxsat/build/release/bin/uwrmaxsat,8c68c8a386d3d7847b50d315143c2bab60e3514e59510e84a649db83cb303876,/home/g24021555/uwrmaxsat/build/release/bin/uwrmaxsat -m /tmp/org_bg_kkzdrqwl.wcnf,,,,,UWrMaxSAT,,,,traditional,pairwise+direct,0,,,,,,,,,"5,4,9,10,12,8,11,6,7,13,2,7,3,6,4,0,5,1,3,6,2,1,5,4,6,5,5,7,11,10,6,9,8,6,9,11,12,7,10,8,11,12,13,15,14,3,4,5,5,10,8,3,7,4,9,6,2,9,11,10,8,1,11,12,10,9,8,10,4,11,6,12,7,8,5,9,3,8,4,11,10,12,9,3,5,7,6,2,6,2,10,5,3,7,9,11,4,8,12,7,9,8,11,10,6,0,8,2,4,1,3,5,7,3,10,9,7,4,2,5,6,4,9,11,13,7,10,6,2,5,12,3,8,4,3,8,5,2,10,14,9,13,0,11,6,7,1,12,9,7,8,12,11,10",,
,,,,,,,,,forum-13crafc.prec25,b2b-563afc2b8c13b7bc,b2b-lineage-forum-13crafc,precedence,ORG-F-PW-DE-PHC-BGD2-UW-OBIC12P,ORGFull,N/A,Pairwise,Direct-E,PerSlotHoleCardinality,BreakGroupsD2,UWrMaxSAT,OldBestIC12+,UNSAT,UNSAT,,,bg_d2,,,,,,,1,1.585279,False,256.305,MaxSAT,ORGHistorical,ORG-Historical-BG-d2,Published-style,Published-style/Full,independent_reimplementation,one-shot weighted MaxSAT,200226,,,,,,,410985,700,411685,3234,196992,1171167,71,baseline2__model-org_historical_maxsat__m-full__p-pairwise__g-direct__b-per_slot_hole_cardinality__o-break_groups_d2__s-uwrmaxsat__i-old_best_ic12plus__fairness-d2,baseline2__model-org_historical_maxsat__m-full__p-pairwise__g-direct__b-per_slot_hole_cardinality__o-break_groups_d2__s-uwrmaxsat__i-old_best_ic12plus__fairness-d2,legacy_full,n/a,pairwise,direct,UWrMaxSAT,UWrMaxSAT,binary-sha256:8c68c8a386d3d7847b50d315143c2bab60e3514e59510e84a649db83cb303876,org_historical_bg_d2_old_best,per_slot_hole_cardinality,total_break_groups_subject_to_range_at_most_2,BGD2,OBIC12P,1170467,700,1,1118,148800,179821,81246,1,700,700,1,,,,,,0,,,,,,,"formalism-specific model size: SAT/MaxSAT reports base CNF and soft clauses, MIP reports variables/linear constraints/nonzeros, and CP reports integer variables plus linear/global constraints; SAT bound/totalizer overhead remains separate in optimizer_added_*",3234,,,3234,,,,,,,,,,0.001924,0.440875,,0.440875,1.14248,"wall-clock from immediately before reading/parsing the .dzn instance through model construction, optimization, solution decoding, and independent validation; excludes worker-process startup and result-file export",,,,,,,peak_process_tree_rss_mb,563afc2b8c13b7bc55e5dd76541e46a806202755207296c4a1b1ca3eef12e7f5,prec25,data_table08_prec/forum-13crafc.prec25.dzn,1,data_table08_prec/forum-13crafc.prec25.dzn,1,data_table08_prec/forum-13crafc.prec25.dzn,https://imae.udg.edu/Recerca/LAI/,https://ima.udg.edu/Recerca/lai/b2b/b2b.zip,,2026-08-15T05:21:31+00:00,7200.0,,ee80a6fbd8b513f7c010668495c39621a371266a,True,3.10.12,1.8.dev25,instance-20260810-085803,Linux-6.8.0-1065-gcp-x86_64-with-glibc2.35,x86_64,4,8,15988.055,1,0,/home/g24021555/Business-Meeting-Scheduling-Problem/.venv/bin/python /home/g24021555/Business-Meeting-Scheduling-Problem/src/ORG_BG_D2.py --data-dir data_table08_prec --family all --backend uwrmaxsat --uwrmaxsat-bin /home/g24021555/uwrmaxsat/build/release/bin/uwrmaxsat --uwrmaxsat-sha256 8c68c8a386d3d7847b50d315143c2bab60e3514e59510e84a649db83cb303876 --timeout 7200 --csv output/org_old_bg_d2/data_table08_prec.csv --no-excel,/home/g24021555/uwrmaxsat/build/release/bin/uwrmaxsat,8c68c8a386d3d7847b50d315143c2bab60e3514e59510e84a649db83cb303876,/home/g24021555/uwrmaxsat/build/release/bin/uwrmaxsat -m /tmp/org_bg_kln_8coj.wcnf,,,,,UWrMaxSAT,,,,traditional,pairwise+direct,,,,,,,,,,,,
,,,,,,,,,forum-14.prec25,b2b-617e3c5fa28ccf0d,b2b-lineage-forum-14,precedence,ORG-F-PW-DE-PHC-BGD2-UW-OBIC12P,ORGFull,N/A,Pairwise,Direct-E,PerSlotHoleCardinality,BreakGroupsD2,UWrMaxSAT,OldBestIC12+,UNSAT,UNSAT,,,bg_d2,,,,,,,1,3.125728,False,463.254,MaxSAT,ORGHistorical,ORG-Historical-BG-d2,Published-style,Published-style/Full,independent_reimplementation,one-shot weighted MaxSAT,352704,,,,,,,744829,780,745609,6644,346060,2013305,79,baseline2__model-org_historical_maxsat__m-full__p-pairwise__g-direct__b-per_slot_hole_cardinality__o-break_groups_d2__s-uwrmaxsat__i-old_best_ic12plus__fairness-d2,baseline2__model-org_historical_maxsat__m-full__p-pairwise__g-direct__b-per_slot_hole_cardinality__o-break_groups_d2__s-uwrmaxsat__i-old_best_ic12plus__fairness-d2,legacy_full,n/a,pairwise,direct,UWrMaxSAT,UWrMaxSAT,binary-sha256:8c68c8a386d3d7847b50d315143c2bab60e3514e59510e84a649db83cb303876,org_historical_bg_d2_old_best,per_slot_hole_cardinality,total_break_groups_subject_to_range_at_most_2,BGD2,OBIC12P,2012525,780,1,1858,332550,312391,98030,1,780,780,1,,,,,,0,,,,,,,"formalism-specific model size: SAT/MaxSAT reports base CNF and soft clauses, MIP reports variables/linear constraints/nonzeros, and CP reports integer variables plus linear/global constraints; SAT bound/totalizer overhead remains separate in optimizer_added_*",6644,,,6644,,,,,,,,,,0.003445,0.790678,,0.790678,2.331604,"wall-clock from immediately before reading/parsing the .dzn instance through model construction, optimization, solution decoding, and independent validation; excludes worker-process startup and result-file export",,,,,,,peak_process_tree_rss_mb,617e3c5fa28ccf0d24e4e4d2414bb06fab763003a816be98a943937be623f894,prec25,data_table08_prec/forum-14.prec25.dzn,1,data_table08_prec/forum-14.prec25.dzn,1,data_table08_prec/forum-14.prec25.dzn,https://imae.udg.edu/Recerca/LAI/,https://ima.udg.edu/Recerca/lai/b2b/b2b.zip,,2026-08-15T05:21:31+00:00,7200.0,,ee80a6fbd8b513f7c010668495c39621a371266a,True,3.10.12,1.8.dev25,instance-20260810-085803,Linux-6.8.0-1065-gcp-x86_64-with-glibc2.35,x86_64,4,8,15988.055,1,0,/home/g24021555/Business-Meeting-Scheduling-Problem/.venv/bin/python /home/g24021555/Business-Meeting-Scheduling-Problem/src/ORG_BG_D2.py --data-dir data_table08_prec --family all --backend uwrmaxsat --uwrmaxsat-bin /home/g24021555/uwrmaxsat/build/release/bin/uwrmaxsat --uwrmaxsat-sha256 8c68c8a386d3d7847b50d315143c2bab60e3514e59510e84a649db83cb303876 --timeout 7200 --csv output/org_old_bg_d2/data_table08_prec.csv --no-excel,/home/g24021555/uwrmaxsat/build/release/bin/uwrmaxsat,8c68c8a386d3d7847b50d315143c2bab60e3514e59510e84a649db83cb303876,/home/g24021555/uwrmaxsat/build/release/bin/uwrmaxsat -m /tmp/org_bg_dce_3kwf.wcnf,,,,,UWrMaxSAT,,,,traditional,pairwise+direct,,,,,,,,,,,,
,,,,,,,,,tic-13.prec15,b2b-67efb820126aade0,b2b-lineage-tic-13,precedence,ORG-F-PW-DE-PHC-BGD2-UW-OBIC12P,ORGFull,N/A,Pairwise,Direct-E,PerSlotHoleCardinality,BreakGroupsD2,UWrMaxSAT,OldBestIC12+,OPTIMAL,SAT,0,0,bg_d2,0,0,0,,,0,1,0.803391,False,146.812,MaxSAT,ORGHistorical,ORG-Historical-BG-d2,Published-style,Published-style/Full,independent_reimplementation,one-shot weighted MaxSAT,53139,,,,,,,112825,188,113013,1800,51339,280484,48,baseline2__model-org_historical_maxsat__m-full__p-pairwise__g-direct__b-per_slot_hole_cardinality__o-break_groups_d2__s-uwrmaxsat__i-old_best_ic12plus__fairness-d2,baseline2__model-org_historical_maxsat__m-full__p-pairwise__g-direct__b-per_slot_hole_cardinality__o-break_groups_d2__s-uwrmaxsat__i-old_best_ic12plus__fairness-d2,legacy_full,n/a,pairwise,direct,UWrMaxSAT,UWrMaxSAT,binary-sha256:8c68c8a386d3d7847b50d315143c2bab60e3514e59510e84a649db83cb303876,org_historical_bg_d2_old_best,per_slot_hole_cardinality,total_break_groups_subject_to_range_at_most_2,BGD2,OBIC12P,280296,188,1,283,65648,42865,4029,1,188,188,1,,,,,,0,,,,,,,"formalism-specific model size: SAT/MaxSAT reports base CNF and soft clauses, MIP reports variables/linear constraints/nonzeros, and CP reports integer variables plus linear/global constraints; SAT bound/totalizer overhead remains separate in optimizer_added_*",1800,,,1800,,,,,,,,,,0.001973,0.115937,,0.115937,0.685481,"wall-clock from immediately before reading/parsing the .dzn instance through model construction, optimization, solution decoding, and independent validation; excludes worker-process startup and result-file export",0,0,,0,0,"0,0,0,0,0,0,0,0,0,0,0,0,0,0,0,0,0,0,0,0,0,0,0,0,0,0,0,0,0,0,0,0,0,0,0,0,0,0,0,0,0,0,0,0,0,0,0",peak_process_tree_rss_mb,67efb820126aade040f08159e70a664048f3906e8584e9a45c8d50b6295c705a,prec15,data_table08_prec/tic-13.prec15.dzn,1,data_table08_prec/tic-13.prec15.dzn,1,data_table08_prec/tic-13.prec15.dzn,https://imae.udg.edu/Recerca/LAI/,https://ima.udg.edu/Recerca/lai/b2b/b2b.zip,,2026-08-15T05:21:31+00:00,7200.0,,ee80a6fbd8b513f7c010668495c39621a371266a,True,3.10.12,1.8.dev25,instance-20260810-085803,Linux-6.8.0-1065-gcp-x86_64-with-glibc2.35,x86_64,4,8,15988.055,1,0,/home/g24021555/Business-Meeting-Scheduling-Problem/.venv/bin/python /home/g24021555/Business-Meeting-Scheduling-Problem/src/ORG_BG_D2.py --data-dir data_table08_prec --family all --backend uwrmaxsat --uwrmaxsat-bin /home/g24021555/uwrmaxsat/build/release/bin/uwrmaxsat --uwrmaxsat-sha256 8c68c8a386d3d7847b50d315143c2bab60e3514e59510e84a649db83cb303876 --timeout 7200 --csv output/org_old_bg_d2/data_table08_prec.csv --no-excel,/home/g24021555/uwrmaxsat/build/release/bin/uwrmaxsat,8c68c8a386d3d7847b50d315143c2bab60e3514e59510e84a649db83cb303876,/home/g24021555/uwrmaxsat/build/release/bin/uwrmaxsat -m /tmp/org_bg_abiui67i.wcnf,,,,,UWrMaxSAT,,,,traditional,pairwise+direct,0,,,,,,,,,"1,5,2,3,4,9,8,7,6,0,5,1,2,3,4,1,2,3,7,6,4,0,3,5,6,1,2,0,4,0,1,6,7,3,4,5,2,5,2,3,4,1,0,7,3,2,4,5,6,1,0,2,4,3,0,5,2,4,6,2,3,4,6,7,8,9,1,4,5,3,7,1,2,4,6,8,9,3,0,4,8,0,7,5,9,3,3,1,0,6,9,5,7,8,1,4,5,3,6,7,2,8,4,8,2,7,9,3,3,4,8,6,2,5,1,5,6,7,3,5,6,2,4,1,6,2,9,7,3,8,6,8,0,4,5,9,1,9,5,6,7,0,7,5,4,4,7,0,8,5,5,7,0,3,1,5,7,6,2,2,1,9,1,7,9,3,6,6,8,2,9,8,1,3,2,8,6,1,4,5",,
,,,,,,,,,tic-13crafc.prec25,b2b-712e206c44dc5592,b2b-lineage-tic-13crafc,precedence,ORG-F-PW-DE-PHC-BGD2-UW-OBIC12P,ORGFull,N/A,Pairwise,Direct-E,PerSlotHoleCardinality,BreakGroupsD2,UWrMaxSAT,OldBestIC12+,OPTIMAL,SAT,4,4,bg_d2,4,4,4,,,4,1,5.058853,False,142.422,MaxSAT,ORGHistorical,ORG-Historical-BG-d2,Published-style,Published-style/Full,independent_reimplementation,one-shot weighted MaxSAT,51659,,,,,,,112185,188,112373,1800,49859,277664,48,baseline2__model-org_historical_maxsat__m-full__p-pairwise__g-direct__b-per_slot_hole_cardinality__o-break_groups_d2__s-uwrmaxsat__i-old_best_ic12plus__fairness-d2,baseline2__model-org_historical_maxsat__m-full__p-pairwise__g-direct__b-per_slot_hole_cardinality__o-break_groups_d2__s-uwrmaxsat__i-old_best_ic12plus__fairness-d2,legacy_full,n/a,pairwise,direct,UWrMaxSAT,UWrMaxSAT,binary-sha256:8c68c8a386d3d7847b50d315143c2bab60e3514e59510e84a649db83cb303876,org_historical_bg_d2_old_best,per_slot_hole_cardinality,total_break_groups_subject_to_range_at_most_2,BGD2,OBIC12P,277476,188,1,283,66548,41325,4029,1,188,188,1,,,,,,0,,,,,,,"formalism-specific model size: SAT/MaxSAT reports base CNF and soft clauses, MIP reports variables/linear constraints/nonzeros, and CP reports integer variables plus linear/global constraints; SAT bound/totalizer overhead remains separate in optimizer_added_*",1800,,,1800,,,,,,,,,,0.001986,0.110702,,0.110702,4.946165,"wall-clock from immediately before reading/parsing the .dzn instance through model construction, optimization, solution decoding, and independent validation; excludes worker-process startup and result-file export",5,15,,4,1,"0,0,0,0,0,0,0,0,0,0,0,1,0,0,0,0,1,0,0,1,1,0,0,0,0,0,0,0,0,0,0,0,0,0,0,0,0,0,0,0,0,0,0,0,0,0,0",peak_process_tree_rss_mb,712e206c44dc5592412ee6d62c3bbc63ce8db3a09ab872135f0cca9603b84782,prec25,data_table08_prec/tic-13crafc.prec25.dzn,1,data_table08_prec/tic-13crafc.prec25.dzn,1,data_table08_prec/tic-13crafc.prec25.dzn,https://imae.udg.edu/Recerca/LAI/,https://ima.udg.edu/Recerca/lai/b2b/b2b.zip,,2026-08-15T05:21:31+00:00,7200.0,,ee80a6fbd8b513f7c010668495c39621a371266a,True,3.10.12,1.8.dev25,instance-20260810-085803,Linux-6.8.0-1065-gcp-x86_64-with-glibc2.35,x86_64,4,8,15988.055,1,0,/home/g24021555/Business-Meeting-Scheduling-Problem/.venv/bin/python /home/g24021555/Business-Meeting-Scheduling-Problem/src/ORG_BG_D2.py --data-dir data_table08_prec --family all --backend uwrmaxsat --uwrmaxsat-bin /home/g24021555/uwrmaxsat/build/release/bin/uwrmaxsat --uwrmaxsat-sha256 8c68c8a386d3d7847b50d315143c2bab60e3514e59510e84a649db83cb303876 --timeout 7200 --csv output/org_old_bg_d2/data_table08_prec.csv --no-excel,/home/g24021555/uwrmaxsat/build/release/bin/uwrmaxsat,8c68c8a386d3d7847b50d315143c2bab60e3514e59510e84a649db83cb303876,/home/g24021555/uwrmaxsat/build/release/bin/uwrmaxsat -m /tmp/org_bg_w3mtk_ik.wcnf,,,,,UWrMaxSAT,,,,traditional,pairwise+direct,4,,,,,,,,,"4,8,3,5,1,6,2,7,9,0,7,5,8,6,9,6,2,4,3,0,5,1,3,1,4,0,5,6,2,0,3,5,7,1,4,6,2,9,7,8,5,4,6,7,2,9,5,3,8,3,0,1,2,4,6,5,7,8,9,0,7,1,4,2,8,3,0,1,7,9,8,2,7,9,3,4,5,6,0,9,0,1,6,2,8,5,1,3,2,1,6,4,9,8,5,3,8,5,9,6,2,7,2,9,0,7,1,5,5,3,1,2,4,6,8,2,0,1,7,1,9,8,1,0,6,3,5,2,4,7,9,2,7,5,0,3,4,4,3,5,2,6,4,3,7,4,1,8,7,6,2,5,3,7,4,0,8,8,7,5,2,0,8,1,3,4,6,6,4,9,3,4,8,6,0,7,1,9,3,6",,
,,,,,,,,,forumt-14crafe.prec15,b2b-715ea3966fb51bac,b2b-lineage-forumt-14crafe,precedence,ORG-F-PW-DE-PHC-BGD2-UW-OBIC12P,ORGFull,N/A,Pairwise,Direct-E,PerSlotHoleCardinality,BreakGroupsD2,UWrMaxSAT,OldBestIC12+,OPTIMAL,SAT,5,5,bg_d2,5,5,5,,,5,1,2.45739,False,169.867,MaxSAT,ORGHistorical,ORG-Historical-BG-d2,Published-style,Published-style/Full,independent_reimplementation,one-shot weighted MaxSAT,78378,,,,,,,165973,240,166213,2360,76018,412593,61,baseline2__model-org_historical_maxsat__m-full__p-pairwise__g-direct__b-per_slot_hole_cardinality__o-break_groups_d2__s-uwrmaxsat__i-old_best_ic12plus__fairness-d2,baseline2__model-org_historical_maxsat__m-full__p-pairwise__g-direct__b-per_slot_hole_cardinality__o-break_groups_d2__s-uwrmaxsat__i-old_best_ic12plus__fairness-d2,legacy_full,n/a,pairwise,direct,UWrMaxSAT,UWrMaxSAT,binary-sha256:8c68c8a386d3d7847b50d315143c2bab60e3514e59510e84a649db83cb303876,org_historical_bg_d2_old_best,per_slot_hole_cardinality,total_break_groups_subject_to_range_at_most_2,BGD2,OBIC12P,412353,240,1,511,94891,65424,5147,1,240,240,1,,,,,,0,,,,,,,"formalism-specific model size: SAT/MaxSAT reports base CNF and soft clauses, MIP reports variables/linear constraints/nonzeros, and CP reports integer variables plus linear/global constraints; SAT bound/totalizer overhead remains separate in optimizer_added_*",2360,,,2360,,,,,,,,,,0.002543,0.161022,,0.161022,2.293825,"wall-clock from immediately before reading/parsing the .dzn instance through model construction, optimization, solution decoding, and independent validation; excludes worker-process startup and result-file export",3,11,,5,1,"0,0,0,0,0,0,0,1,0,0,0,0,0,0,0,0,1,1,0,0,0,0,0,0,0,0,0,0,0,0,0,0,0,0,0,0,0,0,0,0,0,0,0,0,0,0,0,0,0,0,0,0,0,0,0,0,1,0,0,1",peak_process_tree_rss_mb,715ea3966fb51bac30233ac7307a14a4053666a2e26ac5f1bab07a05bcd3a90c,prec15,data_table08_prec/forumt-14crafe.prec15.dzn,1,data_table08_prec/forumt-14crafe.prec15.dzn,1,data_table08_prec/forumt-14crafe.prec15.dzn,https://imae.udg.edu/Recerca/LAI/,https://ima.udg.edu/Recerca/lai/b2b/b2b.zip,,2026-08-15T05:21:31+00:00,7200.0,,ee80a6fbd8b513f7c010668495c39621a371266a,True,3.10.12,1.8.dev25,instance-20260810-085803,Linux-6.8.0-1065-gcp-x86_64-with-glibc2.35,x86_64,4,8,15988.055,1,0,/home/g24021555/Business-Meeting-Scheduling-Problem/.venv/bin/python /home/g24021555/Business-Meeting-Scheduling-Problem/src/ORG_BG_D2.py --data-dir data_table08_prec --family all --backend uwrmaxsat --uwrmaxsat-bin /home/g24021555/uwrmaxsat/build/release/bin/uwrmaxsat --uwrmaxsat-sha256 8c68c8a386d3d7847b50d315143c2bab60e3514e59510e84a649db83cb303876 --timeout 7200 --csv output/org_old_bg_d2/data_table08_prec.csv --no-excel,/home/g24021555/uwrmaxsat/build/release/bin/uwrmaxsat,8c68c8a386d3d7847b50d315143c2bab60e3514e59510e84a649db83cb303876,/home/g24021555/uwrmaxsat/build/release/bin/uwrmaxsat -m /tmp/org_bg_xyn8d2pg.wcnf,,,,,UWrMaxSAT,,,,traditional,pairwise+direct,5,,,,,,,,,"5,7,0,6,3,9,8,1,7,8,5,7,1,8,7,5,3,0,4,2,6,5,6,7,6,3,2,4,8,0,2,8,5,2,1,8,6,3,9,8,0,1,9,3,6,2,7,3,2,0,8,5,6,4,9,1,6,8,3,0,7,2,7,8,6,5,9,2,1,0,4,3,7,4,6,0,1,7,5,9,8,0,2,4,3,1,6,4,2,6,3,7,0,1,5,2,4,7,8,9,4,2,9,5,3,1,5,6,8,7,9,5,9,4,1,6,2,8,7,9,0,2,9,3,5,7,2,4,6,8,8,0,3,9,1,3,6,0,4,5,8,7,7,4,8,2,9,5,1,9,3,2,4,7,8,6,1,9,5,0,6,4,8,0,1,7,9,3,7,0,9,1,4,3,7,5,2,8,0,9,5,1,0,1,3,6,4,3,5,2,0,1,4,3,1,5,2,0,7,6,9,1,4,2,5,7,9,6,3,8,4,5,8,6,4,3,8,1,9,5,7,4,6,2,0,0,1,4,5,6,3,2,2,9,4,3",,
,,,,,,,,,tic-13.prec25,b2b-75ed048ee1f7b55a,b2b-lineage-tic-13,precedence,ORG-F-PW-DE-PHC-BGD2-UW-OBIC12P,ORGFull,N/A,Pairwise,Direct-E,PerSlotHoleCardinality,BreakGroupsD2,UWrMaxSAT,OldBestIC12+,OPTIMAL,SAT,0,0,bg_d2,0,0,0,,,0,1,0.993983,False,138.145,MaxSAT,ORGHistorical,ORG-Historical-BG-d2,Published-style,Published-style/Full,independent_reimplementation,one-shot weighted MaxSAT,53139,,,,,,,115025,188,115213,1800,51339,284884,48,baseline2__model-org_historical_maxsat__m-full__p-pairwise__g-direct__b-per_slot_hole_cardinality__o-break_groups_d2__s-uwrmaxsat__i-old_best_ic12plus__fairness-d2,baseline2__model-org_historical_maxsat__m-full__p-pairwise__g-direct__b-per_slot_hole_cardinality__o-break_groups_d2__s-uwrmaxsat__i-old_best_ic12plus__fairness-d2,legacy_full,n/a,pairwise,direct,UWrMaxSAT,UWrMaxSAT,binary-sha256:8c68c8a386d3d7847b50d315143c2bab60e3514e59510e84a649db83cb303876,org_historical_bg_d2_old_best,per_slot_hole_cardinality,total_break_groups_subject_to_range_at_most_2,BGD2,OBIC12P,284696,188,1,283,67848,42865,4029,1,188,188,1,,,,,,0,,,,,,,"formalism-specific model size: SAT/MaxSAT reports base CNF and soft clauses, MIP reports variables/linear constraints/nonzeros, and CP reports integer variables plus linear/global constraints; SAT bound/totalizer overhead remains separate in optimizer_added_*",1800,,,1800,,,,,,,,,,0.002003,0.113618,,0.113618,0.878362,"wall-clock from immediately before reading/parsing the .dzn instance through model construction, optimization, solution decoding, and independent validation; excludes worker-process startup and result-file export",0,0,,0,0,"0,0,0,0,0,0,0,0,0,0,0,0,0,0,0,0,0,0,0,0,0,0,0,0,0,0,0,0,0,0,0,0,0,0,0,0,0,0,0,0,0,0,0,0,0,0,0",peak_process_tree_rss_mb,75ed048ee1f7b55a6d478e8ccc0befc8e7534e8f89293cb2abb694510bca9fc4,prec25,data_table08_prec/tic-13.prec25.dzn,1,data_table08_prec/tic-13.prec25.dzn,1,data_table08_prec/tic-13.prec25.dzn,https://imae.udg.edu/Recerca/LAI/,https://ima.udg.edu/Recerca/lai/b2b/b2b.zip,,2026-08-15T05:21:31+00:00,7200.0,,ee80a6fbd8b513f7c010668495c39621a371266a,True,3.10.12,1.8.dev25,instance-20260810-085803,Linux-6.8.0-1065-gcp-x86_64-with-glibc2.35,x86_64,4,8,15988.055,1,0,/home/g24021555/Business-Meeting-Scheduling-Problem/.venv/bin/python /home/g24021555/Business-Meeting-Scheduling-Problem/src/ORG_BG_D2.py --data-dir data_table08_prec --family all --backend uwrmaxsat --uwrmaxsat-bin /home/g24021555/uwrmaxsat/build/release/bin/uwrmaxsat --uwrmaxsat-sha256 8c68c8a386d3d7847b50d315143c2bab60e3514e59510e84a649db83cb303876 --timeout 7200 --csv output/org_old_bg_d2/data_table08_prec.csv --no-excel,/home/g24021555/uwrmaxsat/build/release/bin/uwrmaxsat,8c68c8a386d3d7847b50d315143c2bab60e3514e59510e84a649db83cb303876,/home/g24021555/uwrmaxsat/build/release/bin/uwrmaxsat -m /tmp/org_bg_lce7g2y9.wcnf,,,,,UWrMaxSAT,,,,traditional,pairwise+direct,0,,,,,,,,,"3,5,1,0,9,8,2,7,4,6,1,2,3,0,4,4,2,3,7,0,5,6,6,4,3,8,2,7,5,0,4,7,6,2,3,1,5,3,1,2,5,1,6,7,3,8,5,4,2,5,3,6,4,7,5,4,8,7,9,0,6,4,7,1,9,8,5,1,2,4,8,2,6,1,7,3,9,5,0,4,2,0,7,9,6,8,1,2,3,4,5,3,7,9,8,1,8,2,7,6,5,3,5,2,0,9,1,3,9,1,6,2,4,8,5,5,3,1,6,4,9,7,4,6,2,1,8,0,7,3,5,3,9,7,1,2,4,6,5,7,3,8,9,7,5,4,3,6,8,7,7,3,0,2,4,9,6,5,6,4,2,8,6,1,3,4,5,5,3,4,8,6,1,8,1,7,2,0,2,6",,
,,,,,,,,,forum-14.prec15,b2b-885e7e560d6f1e08,b2b-lineage-forum-14,precedence,ORG-F-PW-DE-PHC-BGD2-UW-OBIC12P,ORGFull,N/A,Pairwise,Direct-E,PerSlotHoleCardinality,BreakGroupsD2,UWrMaxSAT,OldBestIC12+,OPTIMAL,SAT,2,2,bg_d2,2,2,2,,,2,1,8.495158,False,528.316,MaxSAT,ORGHistorical,ORG-Historical-BG-d2,Published-style,Published-style/Full,independent_reimplementation,one-shot weighted MaxSAT,352704,,,,,,,726360,780,727140,6644,346060,1976367,79,baseline2__model-org_historical_maxsat__m-full__p-pairwise__g-direct__b-per_slot_hole_cardinality__o-break_groups_d2__s-uwrmaxsat__i-old_best_ic12plus__fairness-d2,baseline2__model-org_historical_maxsat__m-full__p-pairwise__g-direct__b-per_slot_hole_cardinality__o-break_groups_d2__s-uwrmaxsat__i-old_best_ic12plus__fairness-d2,legacy_full,n/a,pairwise,direct,UWrMaxSAT,UWrMaxSAT,binary-sha256:8c68c8a386d3d7847b50d315143c2bab60e3514e59510e84a649db83cb303876,org_historical_bg_d2_old_best,per_slot_hole_cardinality,total_break_groups_subject_to_range_at_most_2,BGD2,OBIC12P,1975587,780,1,1858,314081,312391,98030,1,780,780,1,,,,,,0,,,,,,,"formalism-specific model size: SAT/MaxSAT reports base CNF and soft clauses, MIP reports variables/linear constraints/nonzeros, and CP reports integer variables plus linear/global constraints; SAT bound/totalizer overhead remains separate in optimizer_added_*",6644,,,6644,,,,,,,,,,0.003288,0.791081,,0.791081,7.700789,"wall-clock from immediately before reading/parsing the .dzn instance through model construction, optimization, solution decoding, and independent validation; excludes worker-process startup and result-file export",8,10,,2,1,"0,0,0,0,0,0,0,0,0,0,0,0,0,0,0,0,0,0,0,0,0,0,0,0,0,0,0,0,0,0,0,0,0,1,0,0,0,0,0,0,0,0,0,0,0,0,0,0,0,0,0,0,0,0,0,0,0,0,0,0,0,0,1,0,0,0,0,0,0,0,0,0,0,0,0,0,0,0",peak_process_tree_rss_mb,885e7e560d6f1e088a57c9364fc0bd9d7db9cd0755506b9f241ee188dcffb15c,prec15,data_table08_prec/forum-14.prec15.dzn,1,data_table08_prec/forum-14.prec15.dzn,1,data_table08_prec/forum-14.prec15.dzn,https://imae.udg.edu/Recerca/LAI/,https://ima.udg.edu/Recerca/lai/b2b/b2b.zip,,2026-08-15T05:21:31+00:00,7200.0,,ee80a6fbd8b513f7c010668495c39621a371266a,True,3.10.12,1.8.dev25,instance-20260810-085803,Linux-6.8.0-1065-gcp-x86_64-with-glibc2.35,x86_64,4,8,15988.055,1,0,/home/g24021555/Business-Meeting-Scheduling-Problem/.venv/bin/python /home/g24021555/Business-Meeting-Scheduling-Problem/src/ORG_BG_D2.py --data-dir data_table08_prec --family all --backend uwrmaxsat --uwrmaxsat-bin /home/g24021555/uwrmaxsat/build/release/bin/uwrmaxsat --uwrmaxsat-sha256 8c68c8a386d3d7847b50d315143c2bab60e3514e59510e84a649db83cb303876 --timeout 7200 --csv output/org_old_bg_d2/data_table08_prec.csv --no-excel,/home/g24021555/uwrmaxsat/build/release/bin/uwrmaxsat,8c68c8a386d3d7847b50d315143c2bab60e3514e59510e84a649db83cb303876,/home/g24021555/uwrmaxsat/build/release/bin/uwrmaxsat -m /tmp/org_bg_39om2h2_.wcnf,,,,,UWrMaxSAT,,,,traditional,pairwise+direct,2,,,,,,,,,"15,16,17,12,7,10,13,14,13,12,12,5,7,8,10,3,4,11,9,6,7,2,8,6,5,10,11,7,9,11,12,15,14,12,7,5,4,6,13,20,10,8,11,11,5,16,4,15,13,7,12,8,9,4,5,10,7,6,11,13,16,12,18,13,14,18,3,16,15,13,12,18,11,14,10,3,6,4,13,9,7,15,14,16,17,10,11,8,5,13,16,12,14,4,11,9,14,17,19,15,20,8,6,2,5,10,4,9,11,9,14,17,12,13,7,8,9,3,11,7,2,1,10,5,8,6,7,10,11,9,4,4,14,8,15,6,10,5,16,3,12,13,12,13,12,14,9,15,17,8,15,12,9,17,18,14,8,10,8,11,13,6,17,8,11,14,3,12,19,18,13,16,5,9,10,4,15,14,12,3,13,6,19,7,5,9,15,13,10,7,16,8,6,14,9,5,10,6,12,11,6,5,8,7,10,9,10,16,13,14,17,8,9,15,11,12,7,21,17,8,6,9,18,5,20,2,19,1,11,3,12,10,0,13,7,16,4,15,14,5,12,11,13,7,12,10,8,9,11,13,6,5,7,9,4,6,5,8,9,7,6,4,2,5,0,11,3,8,10,1,6,5,4,3,7,10,11,8,5,6,9,7,4,14,15,12,13,14,15,13,10,8,5,11,0,1,7,3,9,4,2,6",,
,,,,,,,,,ticf-14crafa.prec15,b2b-8ce08d5c48b0b473,b2b-lineage-ticf-14crafa,precedence,ORG-F-PW-DE-PHC-BGD2-UW-OBIC12P,ORGFull,N/A,Pairwise,Direct-E,PerSlotHoleCardinality,BreakGroupsD2,UWrMaxSAT,OldBestIC12+,OPTIMAL,SAT,0,0,bg_d2,0,0,0,,,0,1,23.360572,False,535.996,MaxSAT,ORGHistorical,ORG-Historical-BG-d2,Published-style,Published-style/Full,independent_reimplementation,one-shot weighted MaxSAT,352704,,,,,,,725618,780,726398,6644,346060,1975625,79,baseline2__model-org_historical_maxsat__m-full__p-pairwise__g-direct__b-per_slot_hole_cardinality__o-break_groups_d2__s-uwrmaxsat__i-old_best_ic12plus__fairness-d2,baseline2__model-org_historical_maxsat__m-full__p-pairwise__g-direct__b-per_slot_hole_cardinality__o-break_groups_d2__s-uwrmaxsat__i-old_best_ic12plus__fairness-d2,legacy_full,n/a,pairwise,direct,UWrMaxSAT,UWrMaxSAT,binary-sha256:8c68c8a386d3d7847b50d315143c2bab60e3514e59510e84a649db83cb303876,org_historical_bg_d2_old_best,per_slot_hole_cardinality,total_break_groups_subject_to_range_at_most_2,BGD2,OBIC12P,1974845,780,1,1116,314081,312391,98030,1,780,780,1,,,,,,0,,,,,,,"formalism-specific model size: SAT/MaxSAT reports base CNF and soft clauses, MIP reports variables/linear constraints/nonzeros, and CP reports integer variables plus linear/global constraints; SAT bound/totalizer overhead remains separate in optimizer_added_*",6644,,,6644,,,,,,,,,,0.003192,0.765562,,0.765562,22.591818,"wall-clock from immediately before reading/parsing the .dzn instance through model construction, optimization, solution decoding, and independent validation; excludes worker-process startup and result-file export",0,0,,0,0,"0,0,0,0,0,0,0,0,0,0,0,0,0,0,0,0,0,0,0,0,0,0,0,0,0,0,0,0,0,0,0,0,0,0,0,0,0,0,0,0,0,0,0,0,0,0,0,0,0,0,0,0,0,0,0,0,0,0,0,0,0,0,0,0,0,0,0,0,0,0,0,0,0,0,0,0,0,0",peak_process_tree_rss_mb,8ce08d5c48b0b47379cc6ea0e41b4aa43ef6f9ac4d64c4b15c0b51c29588ae91,prec15,data_table08_prec/ticf-14crafa.prec15.dzn,1,data_table08_prec/ticf-14crafa.prec15.dzn,1,data_table08_prec/ticf-14crafa.prec15.dzn,https://imae.udg.edu/Recerca/LAI/,https://ima.udg.edu/Recerca/lai/b2b/b2b.zip,,2026-08-15T05:21:31+00:00,7200.0,,ee80a6fbd8b513f7c010668495c39621a371266a,True,3.10.12,1.8.dev25,instance-20260810-085803,Linux-6.8.0-1065-gcp-x86_64-with-glibc2.35,x86_64,4,8,15988.055,1,0,/home/g24021555/Business-Meeting-Scheduling-Problem/.venv/bin/python /home/g24021555/Business-Meeting-Scheduling-Problem/src/ORG_BG_D2.py --data-dir data_table08_prec --family all --backend uwrmaxsat --uwrmaxsat-bin /home/g24021555/uwrmaxsat/build/release/bin/uwrmaxsat --uwrmaxsat-sha256 8c68c8a386d3d7847b50d315143c2bab60e3514e59510e84a649db83cb303876 --timeout 7200 --csv output/org_old_bg_d2/data_table08_prec.csv --no-excel,/home/g24021555/uwrmaxsat/build/release/bin/uwrmaxsat,8c68c8a386d3d7847b50d315143c2bab60e3514e59510e84a649db83cb303876,/home/g24021555/uwrmaxsat/build/release/bin/uwrmaxsat -m /tmp/org_bg_ewukwuhd.wcnf,,,,,UWrMaxSAT,,,,traditional,pairwise+direct,0,,,,,,,,,"4,15,9,12,7,11,15,13,12,14,12,3,6,8,4,5,2,10,11,1,4,6,9,6,7,13,12,13,14,17,18,10,14,13,5,20,6,4,7,17,15,16,12,14,10,8,4,15,5,3,13,9,8,5,3,11,6,11,8,11,17,14,15,14,15,18,12,11,12,19,15,14,13,10,16,7,4,19,14,11,5,12,10,17,18,9,13,12,6,14,16,13,8,7,9,10,11,15,13,12,17,8,13,9,14,11,7,10,11,9,7,13,8,12,8,11,5,4,10,7,6,0,1,3,9,4,5,10,8,6,7,8,7,12,16,15,10,3,9,11,14,6,4,13,12,9,8,14,16,7,16,13,6,12,14,15,5,14,9,10,12,5,13,16,10,12,18,11,19,2,6,4,9,15,4,3,9,7,8,1,13,2,11,0,5,11,12,10,5,8,6,7,9,13,10,7,11,8,13,12,8,9,14,10,11,15,14,16,15,6,9,12,13,7,10,11,8,21,0,1,14,8,18,4,9,19,17,20,5,3,12,7,2,10,15,16,6,13,11,3,13,15,14,9,13,12,5,11,6,7,8,10,6,10,5,7,8,9,1,2,3,11,5,7,9,6,4,10,8,0,15,16,12,13,14,9,10,7,3,8,5,6,2,14,16,15,17,15,16,14,10,5,4,9,0,2,8,7,11,1,3,6",,
,,,,,,,,,ticf-14crafa.prec25,b2b-926b33733e2518a0,b2b-lineage-ticf-14crafa,precedence,ORG-F-PW-DE-PHC-BGD2-UW-OBIC12P,ORGFull,N/A,Pairwise,Direct-E,PerSlotHoleCardinality,BreakGroupsD2,UWrMaxSAT,OldBestIC12+,UNSAT,UNSAT,,,bg_d2,,,,,,,1,3.124243,False,464.066,MaxSAT,ORGHistorical,ORG-Historical-BG-d2,Published-style,Published-style/Full,independent_reimplementation,one-shot weighted MaxSAT,352704,,,,,,,744087,780,744867,6644,346060,2012563,79,baseline2__model-org_historical_maxsat__m-full__p-pairwise__g-direct__b-per_slot_hole_cardinality__o-break_groups_d2__s-uwrmaxsat__i-old_best_ic12plus__fairness-d2,baseline2__model-org_historical_maxsat__m-full__p-pairwise__g-direct__b-per_slot_hole_cardinality__o-break_groups_d2__s-uwrmaxsat__i-old_best_ic12plus__fairness-d2,legacy_full,n/a,pairwise,direct,UWrMaxSAT,UWrMaxSAT,binary-sha256:8c68c8a386d3d7847b50d315143c2bab60e3514e59510e84a649db83cb303876,org_historical_bg_d2_old_best,per_slot_hole_cardinality,total_break_groups_subject_to_range_at_most_2,BGD2,OBIC12P,2011783,780,1,1116,332550,312391,98030,1,780,780,1,,,,,,0,,,,,,,"formalism-specific model size: SAT/MaxSAT reports base CNF and soft clauses, MIP reports variables/linear constraints/nonzeros, and CP reports integer variables plus linear/global constraints; SAT bound/totalizer overhead remains separate in optimizer_added_*",6644,,,6644,,,,,,,,,,0.003351,0.795217,,0.795217,2.325674,"wall-clock from immediately before reading/parsing the .dzn instance through model construction, optimization, solution decoding, and independent validation; excludes worker-process startup and result-file export",,,,,,,peak_process_tree_rss_mb,926b33733e2518a03fab5bdd93a92d0d4f963715fac1a202b8a7379d7234c139,prec25,data_table08_prec/ticf-14crafa.prec25.dzn,1,data_table08_prec/ticf-14crafa.prec25.dzn,1,data_table08_prec/ticf-14crafa.prec25.dzn,https://imae.udg.edu/Recerca/LAI/,https://ima.udg.edu/Recerca/lai/b2b/b2b.zip,,2026-08-15T05:21:31+00:00,7200.0,,ee80a6fbd8b513f7c010668495c39621a371266a,True,3.10.12,1.8.dev25,instance-20260810-085803,Linux-6.8.0-1065-gcp-x86_64-with-glibc2.35,x86_64,4,8,15988.055,1,0,/home/g24021555/Business-Meeting-Scheduling-Problem/.venv/bin/python /home/g24021555/Business-Meeting-Scheduling-Problem/src/ORG_BG_D2.py --data-dir data_table08_prec --family all --backend uwrmaxsat --uwrmaxsat-bin /home/g24021555/uwrmaxsat/build/release/bin/uwrmaxsat --uwrmaxsat-sha256 8c68c8a386d3d7847b50d315143c2bab60e3514e59510e84a649db83cb303876 --timeout 7200 --csv output/org_old_bg_d2/data_table08_prec.csv --no-excel,/home/g24021555/uwrmaxsat/build/release/bin/uwrmaxsat,8c68c8a386d3d7847b50d315143c2bab60e3514e59510e84a649db83cb303876,/home/g24021555/uwrmaxsat/build/release/bin/uwrmaxsat -m /tmp/org_bg_l804u3qq.wcnf,,,,,UWrMaxSAT,,,,traditional,pairwise+direct,,,,,,,,,,,,
,,,,,,,,,tic-14crafc.prec15,b2b-98c89b44712c196a,b2b-lineage-tic-14crafc,precedence,ORG-F-PW-DE-PHC-BGD2-UW-OBIC12P,ORGFull,N/A,Pairwise,Direct-E,PerSlotHoleCardinality,BreakGroupsD2,UWrMaxSAT,OldBestIC12+,OPTIMAL,SAT,0,0,bg_d2,0,0,0,,,0,1,1.031097,False,211.383,MaxSAT,ORGHistorical,ORG-Historical-BG-d2,Published-style,Published-style/Full,independent_reimplementation,one-shot weighted MaxSAT,79877,,,,,,,168933,240,169173,2370,77507,420116,61,baseline2__model-org_historical_maxsat__m-full__p-pairwise__g-direct__b-per_slot_hole_cardinality__o-break_groups_d2__s-uwrmaxsat__i-old_best_ic12plus__fairness-d2,baseline2__model-org_historical_maxsat__m-full__p-pairwise__g-direct__b-per_slot_hole_cardinality__o-break_groups_d2__s-uwrmaxsat__i-old_best_ic12plus__fairness-d2,legacy_full,n/a,pairwise,direct,UWrMaxSAT,UWrMaxSAT,binary-sha256:8c68c8a386d3d7847b50d315143c2bab60e3514e59510e84a649db83cb303876,org_historical_bg_d2_old_best,per_slot_hole_cardinality,total_break_groups_subject_to_range_at_most_2,BGD2,OBIC12P,419876,240,1,384,96550,66838,5161,1,240,240,1,,,,,,0,,,,,,,"formalism-specific model size: SAT/MaxSAT reports base CNF and soft clauses, MIP reports variables/linear constraints/nonzeros, and CP reports integer variables plus linear/global constraints; SAT bound/totalizer overhead remains separate in optimizer_added_*",2370,,,2370,,,,,,,,,,0.002585,0.158202,,0.158202,0.87031,"wall-clock from immediately before reading/parsing the .dzn instance through model construction, optimization, solution decoding, and independent validation; excludes worker-process startup and result-file export",0,0,,0,0,"0,0,0,0,0,0,0,0,0,0,0,0,0,0,0,0,0,0,0,0,0,0,0,0,0,0,0,0,0,0,0,0,0,0,0,0,0,0,0,0,0,0,0,0,0,0,0,0,0,0,0,0,0,0,0,0,0,0,0,0",peak_process_tree_rss_mb,98c89b44712c196a672b5813289b100938774ed72ce7b940002f27d79f84ba50,prec15,data_table08_prec/tic-14crafc.prec15.dzn,1,data_table08_prec/tic-14crafc.prec15.dzn,1,data_table08_prec/tic-14crafc.prec15.dzn,https://imae.udg.edu/Recerca/LAI/,https://ima.udg.edu/Recerca/lai/b2b/b2b.zip,,2026-08-15T05:21:31+00:00,7200.0,,ee80a6fbd8b513f7c010668495c39621a371266a,True,3.10.12,1.8.dev25,instance-20260810-085803,Linux-6.8.0-1065-gcp-x86_64-with-glibc2.35,x86_64,4,8,15988.055,1,0,/home/g24021555/Business-Meeting-Scheduling-Problem/.venv/bin/python /home/g24021555/Business-Meeting-Scheduling-Problem/src/ORG_BG_D2.py --data-dir data_table08_prec --family all --backend uwrmaxsat --uwrmaxsat-bin /home/g24021555/uwrmaxsat/build/release/bin/uwrmaxsat --uwrmaxsat-sha256 8c68c8a386d3d7847b50d315143c2bab60e3514e59510e84a649db83cb303876 --timeout 7200 --csv output/org_old_bg_d2/data_table08_prec.csv --no-excel,/home/g24021555/uwrmaxsat/build/release/bin/uwrmaxsat,8c68c8a386d3d7847b50d315143c2bab60e3514e59510e84a649db83cb303876,/home/g24021555/uwrmaxsat/build/release/bin/uwrmaxsat -m /tmp/org_bg_8vxhenms.wcnf,,,,,UWrMaxSAT,,,,traditional,pairwise+direct,0,,,,,,,,,"0,5,2,1,4,9,8,3,0,8,0,5,3,2,8,6,1,4,5,0,2,4,7,0,8,1,5,2,4,1,1,2,8,3,6,5,8,7,7,5,6,0,3,5,4,8,7,1,5,8,6,7,2,3,0,6,1,5,7,2,9,9,3,4,5,2,1,6,0,8,4,6,5,8,9,1,7,3,1,4,8,5,6,0,9,2,4,6,7,9,5,8,4,3,5,1,2,6,5,3,6,7,4,1,9,0,2,1,4,7,8,9,3,2,8,6,9,4,0,3,1,4,3,0,5,3,2,4,0,6,3,0,7,0,6,8,2,3,9,4,5,3,7,8,1,2,7,9,3,1,8,6,2,0,7,4,9,3,5,1,0,4,8,6,7,3,9,1,2,0,9,4,2,2,3,7,6,4,8,9,7,1,0,8,7,6,6,7,8,4,9,5,1,0,6,7,3,5,4,9,7,8,9,7,3,5,1,6,2,4,5,4,2,7,6,2,9,5,3,8,9,6,1,5,7,4,3,2,2,5,0,3,6,7,9,8,6",,
,,,,,,,,,forum-13.prec15,b2b-b28349db7b32bd08,b2b-lineage-forum-13,precedence,ORG-F-PW-DE-PHC-BGD2-UW-OBIC12P,ORGFull,N/A,Pairwise,Direct-E,PerSlotHoleCardinality,BreakGroupsD2,UWrMaxSAT,OldBestIC12+,OPTIMAL,SAT,0,0,bg_d2,0,0,0,,,0,1,6.212933,False,314.5,MaxSAT,ORGHistorical,ORG-Historical-BG-d2,Published-style,Published-style/Full,independent_reimplementation,one-shot weighted MaxSAT,207114,,,,,,,416655,700,417355,3234,203880,1189521,71,baseline2__model-org_historical_maxsat__m-full__p-pairwise__g-direct__b-per_slot_hole_cardinality__o-break_groups_d2__s-uwrmaxsat__i-old_best_ic12plus__fairness-d2,baseline2__model-org_historical_maxsat__m-full__p-pairwise__g-direct__b-per_slot_hole_cardinality__o-break_groups_d2__s-uwrmaxsat__i-old_best_ic12plus__fairness-d2,legacy_full,n/a,pairwise,direct,UWrMaxSAT,UWrMaxSAT,binary-sha256:8c68c8a386d3d7847b50d315143c2bab60e3514e59510e84a649db83cb303876,org_historical_bg_d2_old_best,per_slot_hole_cardinality,total_break_groups_subject_to_range_at_most_2,BGD2,OBIC12P,1188821,700,1,1118,147456,186835,81246,1,700,700,1,,,,,,0,,,,,,,"formalism-specific model size: SAT/MaxSAT reports base CNF and soft clauses, MIP reports variables/linear constraints/nonzeros, and CP reports integer variables plus linear/global constraints; SAT bound/totalizer overhead remains separate in optimizer_added_*",3234,,,3234,,,,,,,,,,0.001955,0.428009,,0.428009,5.782969,"wall-clock from immediately before reading/parsing the .dzn instance through model construction, optimization, solution decoding, and independent validation; excludes worker-process startup and result-file export",0,0,,0,0,"0,0,0,0,0,0,0,0,0,0,0,0,0,0,0,0,0,0,0,0,0,0,0,0,0,0,0,0,0,0,0,0,0,0,0,0,0,0,0,0,0,0,0,0,0,0,0,0,0,0,0,0,0,0,0,0,0,0,0,0,0,0,0,0,0,0,0,0,0,0",peak_process_tree_rss_mb,b28349db7b32bd081fd45a607344ea7248afd0095fb870b48e9215fc135c7793,prec15,data_table08_prec/forum-13.prec15.dzn,1,data_table08_prec/forum-13.prec15.dzn,1,data_table08_prec/forum-13.prec15.dzn,https://imae.udg.edu/Recerca/LAI/,https://ima.udg.edu/Recerca/lai/b2b/b2b.zip,,2026-08-15T05:21:31+00:00,7200.0,,ee80a6fbd8b513f7c010668495c39621a371266a,True,3.10.12,1.8.dev25,instance-20260810-085803,Linux-6.8.0-1065-gcp-x86_64-with-glibc2.35,x86_64,4,8,15988.055,1,0,/home/g24021555/Business-Meeting-Scheduling-Problem/.venv/bin/python /home/g24021555/Business-Meeting-Scheduling-Problem/src/ORG_BG_D2.py --data-dir data_table08_prec --family all --backend uwrmaxsat --uwrmaxsat-bin /home/g24021555/uwrmaxsat/build/release/bin/uwrmaxsat --uwrmaxsat-sha256 8c68c8a386d3d7847b50d315143c2bab60e3514e59510e84a649db83cb303876 --timeout 7200 --csv output/org_old_bg_d2/data_table08_prec.csv --no-excel,/home/g24021555/uwrmaxsat/build/release/bin/uwrmaxsat,8c68c8a386d3d7847b50d315143c2bab60e3514e59510e84a649db83cb303876,/home/g24021555/uwrmaxsat/build/release/bin/uwrmaxsat -m /tmp/org_bg_g3u_wm9w.wcnf,,,,,UWrMaxSAT,,,,traditional,pairwise+direct,0,,,,,,,,,"4,6,9,8,12,5,11,10,7,13,3,5,2,1,0,6,7,4,3,4,5,0,1,2,3,4,5,8,7,10,4,9,6,7,6,9,10,5,11,8,12,11,13,15,14,4,5,6,2,7,6,4,5,3,10,8,9,9,12,11,10,1,8,9,7,11,10,7,12,8,4,11,6,9,10,5,3,8,3,10,11,12,6,4,7,9,2,5,2,4,5,3,6,1,10,7,8,9,11,10,9,12,7,8,5,2,6,3,0,8,7,4,1,3,6,5,8,4,10,2,9,4,2,12,13,9,10,8,5,3,6,11,7,1,3,6,11,2,5,14,4,10,7,8,9,13,12,15,11,6,8,10,9,7",,
,,,,,,,,,tic-13crafc.prec15,b2b-bf7c95ce66b3ea36,b2b-lineage-tic-13crafc,precedence,ORG-F-PW-DE-PHC-BGD2-UW-OBIC12P,ORGFull,N/A,Pairwise,Direct-E,PerSlotHoleCardinality,BreakGroupsD2,UWrMaxSAT,OldBestIC12+,OPTIMAL,SAT,4,4,bg_d2,4,4,4,,,4,1,5.364323,False,165.766,MaxSAT,ORGHistorical,ORG-Historical-BG-d2,Published-style,Published-style/Full,independent_reimplementation,one-shot weighted MaxSAT,51659,,,,,,,109985,188,110173,1800,49859,273264,48,baseline2__model-org_historical_maxsat__m-full__p-pairwise__g-direct__b-per_slot_hole_cardinality__o-break_groups_d2__s-uwrmaxsat__i-old_best_ic12plus__fairness-d2,baseline2__model-org_historical_maxsat__m-full__p-pairwise__g-direct__b-per_slot_hole_cardinality__o-break_groups_d2__s-uwrmaxsat__i-old_best_ic12plus__fairness-d2,legacy_full,n/a,pairwise,direct,UWrMaxSAT,UWrMaxSAT,binary-sha256:8c68c8a386d3d7847b50d315143c2bab60e3514e59510e84a649db83cb303876,org_historical_bg_d2_old_best,per_slot_hole_cardinality,total_break_groups_subject_to_range_at_most_2,BGD2,OBIC12P,273076,188,1,283,64348,41325,4029,1,188,188,1,,,,,,0,,,,,,,"formalism-specific model size: SAT/MaxSAT reports base CNF and soft clauses, MIP reports variables/linear constraints/nonzeros, and CP reports integer variables plus linear/global constraints; SAT bound/totalizer overhead remains separate in optimizer_added_*",1800,,,1800,,,,,,,,,,0.00197,0.105796,,0.105796,5.256558,"wall-clock from immediately before reading/parsing the .dzn instance through model construction, optimization, solution decoding, and independent validation; excludes worker-process startup and result-file export",5,11,,4,1,"0,0,0,0,1,0,1,0,0,0,0,0,0,0,0,0,0,0,0,0,0,0,0,0,0,1,1,0,0,0,0,0,0,0,0,0,0,0,0,0,0,0,0,0,0,0,0",peak_process_tree_rss_mb,bf7c95ce66b3ea368fd78b823211e4922f200081c7a66a64a6f93267d3432b14,prec15,data_table08_prec/tic-13crafc.prec15.dzn,1,data_table08_prec/tic-13crafc.prec15.dzn,1,data_table08_prec/tic-13crafc.prec15.dzn,https://imae.udg.edu/Recerca/LAI/,https://ima.udg.edu/Recerca/lai/b2b/b2b.zip,,2026-08-15T05:21:31+00:00,7200.0,,ee80a6fbd8b513f7c010668495c39621a371266a,True,3.10.12,1.8.dev25,instance-20260810-085803,Linux-6.8.0-1065-gcp-x86_64-with-glibc2.35,x86_64,4,8,15988.055,1,0,/home/g24021555/Business-Meeting-Scheduling-Problem/.venv/bin/python /home/g24021555/Business-Meeting-Scheduling-Problem/src/ORG_BG_D2.py --data-dir data_table08_prec --family all --backend uwrmaxsat --uwrmaxsat-bin /home/g24021555/uwrmaxsat/build/release/bin/uwrmaxsat --uwrmaxsat-sha256 8c68c8a386d3d7847b50d315143c2bab60e3514e59510e84a649db83cb303876 --timeout 7200 --csv output/org_old_bg_d2/data_table08_prec.csv --no-excel,/home/g24021555/uwrmaxsat/build/release/bin/uwrmaxsat,8c68c8a386d3d7847b50d315143c2bab60e3514e59510e84a649db83cb303876,/home/g24021555/uwrmaxsat/build/release/bin/uwrmaxsat -m /tmp/org_bg_948lbg9p.wcnf,,,,,UWrMaxSAT,,,,traditional,pairwise+direct,4,,,,,,,,,"2,6,1,3,7,9,0,8,5,4,2,4,1,0,3,0,1,7,6,4,5,3,6,0,9,1,7,8,2,3,2,5,6,7,1,4,8,9,1,8,2,2,0,5,1,7,6,3,4,0,2,4,1,3,3,5,0,1,4,1,6,0,8,2,7,5,2,4,0,3,5,4,1,6,9,7,8,3,2,7,4,3,8,2,6,5,0,3,2,4,9,8,5,3,2,7,1,4,8,6,7,5,3,7,5,4,9,6,3,0,8,7,4,6,1,5,6,9,2,5,4,0,9,2,5,4,8,7,3,1,7,1,8,2,9,6,3,6,7,8,5,5,6,3,0,9,2,0,8,5,6,7,8,4,2,8,6,9,4,7,3,7,5,3,9,1,2,1,6,9,9,7,0,5,8,4,9,1,0,6",,
,,,,,,,,,tic-12.prec25,b2b-c2fe288a243d4a9f,b2b-lineage-tic-12,precedence,ORG-F-PW-DE-PHC-BGD2-UW-OBIC12P,ORGFull,N/A,Pairwise,Direct-E,PerSlotHoleCardinality,BreakGroupsD2,UWrMaxSAT,OldBestIC12+,OPTIMAL,SAT,0,0,bg_d2,0,0,0,,,0,1,0.997469,False,142.129,MaxSAT,ORGHistorical,ORG-Historical-BG-d2,Published-style,Published-style/Full,independent_reimplementation,one-shot weighted MaxSAT,24902,,,,,,,55404,126,55530,1000,23902,136071,43,baseline2__model-org_historical_maxsat__m-full__p-pairwise__g-direct__b-per_slot_hole_cardinality__o-break_groups_d2__s-uwrmaxsat__i-old_best_ic12plus__fairness-d2,baseline2__model-org_historical_maxsat__m-full__p-pairwise__g-direct__b-per_slot_hole_cardinality__o-break_groups_d2__s-uwrmaxsat__i-old_best_ic12plus__fairness-d2,legacy_full,n/a,pairwise,direct,UWrMaxSAT,UWrMaxSAT,binary-sha256:8c68c8a386d3d7847b50d315143c2bab60e3514e59510e84a649db83cb303876,org_historical_bg_d2_old_best,per_slot_hole_cardinality,total_break_groups_subject_to_range_at_most_2,BGD2,OBIC12P,135945,126,1,234,33480,20023,1667,1,126,126,1,,,,,,0,,,,,,,"formalism-specific model size: SAT/MaxSAT reports base CNF and soft clauses, MIP reports variables/linear constraints/nonzeros, and CP reports integer variables plus linear/global constraints; SAT bound/totalizer overhead remains separate in optimizer_added_*",1000,,,1000,,,,,,,,,,0.001489,0.057063,,0.057063,0.938917,"wall-clock from immediately before reading/parsing the .dzn instance through model construction, optimization, solution decoding, and independent validation; excludes worker-process startup and result-file export",0,0,,0,0,"0,0,0,0,0,0,0,0,0,0,0,0,0,0,0,0,0,0,0,0,0,0,0,0,0,0,0,0,0,0,0,0,0,0,0,0,0,0,0,0,0,0",peak_process_tree_rss_mb,c2fe288a243d4a9fcd1ed6183f409c4156949212767a77385e66a5f08ff3c379,prec25,data_table08_prec/tic-12.prec25.dzn,1,data_table08_prec/tic-12.prec25.dzn,1,data_table08_prec/tic-12.prec25.dzn,https://imae.udg.edu/Recerca/LAI/,https://ima.udg.edu/Recerca/lai/b2b/b2b.zip,,2026-08-15T05:21:31+00:00,7200.0,,ee80a6fbd8b513f7c010668495c39621a371266a,True,3.10.12,1.8.dev25,instance-20260810-085803,Linux-6.8.0-1065-gcp-x86_64-with-glibc2.35,x86_64,4,8,15988.055,1,0,/home/g24021555/Business-Meeting-Scheduling-Problem/.venv/bin/python /home/g24021555/Business-Meeting-Scheduling-Problem/src/ORG_BG_D2.py --data-dir data_table08_prec --family all --backend uwrmaxsat --uwrmaxsat-bin /home/g24021555/uwrmaxsat/build/release/bin/uwrmaxsat --uwrmaxsat-sha256 8c68c8a386d3d7847b50d315143c2bab60e3514e59510e84a649db83cb303876 --timeout 7200 --csv output/org_old_bg_d2/data_table08_prec.csv --no-excel,/home/g24021555/uwrmaxsat/build/release/bin/uwrmaxsat,8c68c8a386d3d7847b50d315143c2bab60e3514e59510e84a649db83cb303876,/home/g24021555/uwrmaxsat/build/release/bin/uwrmaxsat -m /tmp/org_bg_wer9q38t.wcnf,,,,,UWrMaxSAT,,,,traditional,pairwise+direct,0,,,,,,,,,"4,1,6,0,7,1,1,0,6,7,4,5,0,1,2,7,3,6,4,2,5,3,6,7,4,5,3,7,2,6,0,1,1,3,2,4,6,5,6,4,1,2,0,5,3,4,3,7,6,2,2,5,4,3,6,7,1,2,1,3,0,6,1,4,5,2,5,3,1,0,3,7,5,0,2,6,5,4,5,3,7,0,2,4,6,1,5,7,3,4,6,6,3,2,5,1,7,4,0,2,4,5,7,6,1,2,0,1,5,3,4,2,5,4,0,3,7,4,1,0,6,5,7,2,3",,
,,,,,,,,,ticf-13crafb.prec25,b2b-cd3e7874dd1d2ce9,b2b-lineage-ticf-13crafb,precedence,ORG-F-PW-DE-PHC-BGD2-UW-OBIC12P,ORGFull,N/A,Pairwise,Direct-E,PerSlotHoleCardinality,BreakGroupsD2,UWrMaxSAT,OldBestIC12+,UNSAT,UNSAT,,,bg_d2,,,,,,,1,2.069226,False,302.727,MaxSAT,ORGHistorical,ORG-Historical-BG-d2,Published-style,Published-style/Full,independent_reimplementation,one-shot weighted MaxSAT,246673,,,,,,,515447,760,516207,4290,242383,1453303,77,baseline2__model-org_historical_maxsat__m-full__p-pairwise__g-direct__b-per_slot_hole_cardinality__o-break_groups_d2__s-uwrmaxsat__i-old_best_ic12plus__fairness-d2,baseline2__model-org_historical_maxsat__m-full__p-pairwise__g-direct__b-per_slot_hole_cardinality__o-break_groups_d2__s-uwrmaxsat__i-old_best_ic12plus__fairness-d2,legacy_full,n/a,pairwise,direct,UWrMaxSAT,UWrMaxSAT,binary-sha256:8c68c8a386d3d7847b50d315143c2bab60e3514e59510e84a649db83cb303876,org_historical_bg_d2_old_best,per_slot_hole_cardinality,total_break_groups_subject_to_range_at_most_2,BGD2,OBIC12P,1452543,760,1,1514,196169,222695,95069,1,760,760,1,,,,,,0,,,,,,,"formalism-specific model size: SAT/MaxSAT reports base CNF and soft clauses, MIP reports variables/linear constraints/nonzeros, and CP reports integer variables plus linear/global constraints; SAT bound/totalizer overhead remains separate in optimizer_added_*",4290,,,4290,,,,,,,,,,0.002187,0.52988,,0.52988,1.537159,"wall-clock from immediately before reading/parsing the .dzn instance through model construction, optimization, solution decoding, and independent validation; excludes worker-process startup and result-file export",,,,,,,peak_process_tree_rss_mb,cd3e7874dd1d2ce906565182a0875069e371bd5433e15ac0f49a3138fd9ce8f6,prec25,data_table08_prec/ticf-13crafb.prec25.dzn,1,data_table08_prec/ticf-13crafb.prec25.dzn,1,data_table08_prec/ticf-13crafb.prec25.dzn,https://imae.udg.edu/Recerca/LAI/,https://ima.udg.edu/Recerca/lai/b2b/b2b.zip,,2026-08-15T05:21:31+00:00,7200.0,,ee80a6fbd8b513f7c010668495c39621a371266a,True,3.10.12,1.8.dev25,instance-20260810-085803,Linux-6.8.0-1065-gcp-x86_64-with-glibc2.35,x86_64,4,8,15988.055,1,0,/home/g24021555/Business-Meeting-Scheduling-Problem/.venv/bin/python /home/g24021555/Business-Meeting-Scheduling-Problem/src/ORG_BG_D2.py --data-dir data_table08_prec --family all --backend uwrmaxsat --uwrmaxsat-bin /home/g24021555/uwrmaxsat/build/release/bin/uwrmaxsat --uwrmaxsat-sha256 8c68c8a386d3d7847b50d315143c2bab60e3514e59510e84a649db83cb303876 --timeout 7200 --csv output/org_old_bg_d2/data_table08_prec.csv --no-excel,/home/g24021555/uwrmaxsat/build/release/bin/uwrmaxsat,8c68c8a386d3d7847b50d315143c2bab60e3514e59510e84a649db83cb303876,/home/g24021555/uwrmaxsat/build/release/bin/uwrmaxsat -m /tmp/org_bg_r3e01ou9.wcnf,,,,,UWrMaxSAT,,,,traditional,pairwise+direct,,,,,,,,,,,,
,,,,,,,,,forumt-14.prec25,b2b-d2768468a1b7ccf6,b2b-lineage-forumt-14,precedence,ORG-F-PW-DE-PHC-BGD2-UW-OBIC12P,ORGFull,N/A,Pairwise,Direct-E,PerSlotHoleCardinality,BreakGroupsD2,UWrMaxSAT,OldBestIC12+,OPTIMAL,SAT,5,5,bg_d2,5,5,5,,,5,1,3.25515,False,198.188,MaxSAT,ORGHistorical,ORG-Historical-BG-d2,Published-style,Published-style/Full,independent_reimplementation,one-shot weighted MaxSAT,81817,,,,,,,175486,240,175726,2370,79447,435124,61,baseline2__model-org_historical_maxsat__m-full__p-pairwise__g-direct__b-per_slot_hole_cardinality__o-break_groups_d2__s-uwrmaxsat__i-old_best_ic12plus__fairness-d2,baseline2__model-org_historical_maxsat__m-full__p-pairwise__g-direct__b-per_slot_hole_cardinality__o-break_groups_d2__s-uwrmaxsat__i-old_best_ic12plus__fairness-d2,legacy_full,n/a,pairwise,direct,UWrMaxSAT,UWrMaxSAT,binary-sha256:8c68c8a386d3d7847b50d315143c2bab60e3514e59510e84a649db83cb303876,org_historical_bg_d2_old_best,per_slot_hole_cardinality,total_break_groups_subject_to_range_at_most_2,BGD2,OBIC12P,434884,240,1,482,101005,68838,5161,1,240,240,1,,,,,,0,,,,,,,"formalism-specific model size: SAT/MaxSAT reports base CNF and soft clauses, MIP reports variables/linear constraints/nonzeros, and CP reports integer variables plus linear/global constraints; SAT bound/totalizer overhead remains separate in optimizer_added_*",2370,,,2370,,,,,,,,,,0.002633,0.17758,,0.17758,3.074937,"wall-clock from immediately before reading/parsing the .dzn instance through model construction, optimization, solution decoding, and independent validation; excludes worker-process startup and result-file export",3,11,,5,1,"0,0,0,0,1,0,0,0,0,0,0,0,0,0,0,0,1,1,0,0,0,0,0,0,0,0,0,0,0,0,0,0,0,0,0,0,0,0,0,0,0,0,0,0,0,0,0,0,0,0,0,0,0,0,1,0,1,0,0,0",peak_process_tree_rss_mb,d2768468a1b7ccf67cefe4925a94a08174e3ce0268d407438d463623f5d47850,prec25,data_table08_prec/forumt-14.prec25.dzn,1,data_table08_prec/forumt-14.prec25.dzn,1,data_table08_prec/forumt-14.prec25.dzn,https://imae.udg.edu/Recerca/LAI/,https://ima.udg.edu/Recerca/lai/b2b/b2b.zip,,2026-08-15T05:21:31+00:00,7200.0,,ee80a6fbd8b513f7c010668495c39621a371266a,True,3.10.12,1.8.dev25,instance-20260810-085803,Linux-6.8.0-1065-gcp-x86_64-with-glibc2.35,x86_64,4,8,15988.055,1,0,/home/g24021555/Business-Meeting-Scheduling-Problem/.venv/bin/python /home/g24021555/Business-Meeting-Scheduling-Problem/src/ORG_BG_D2.py --data-dir data_table08_prec --family all --backend uwrmaxsat --uwrmaxsat-bin /home/g24021555/uwrmaxsat/build/release/bin/uwrmaxsat --uwrmaxsat-sha256 8c68c8a386d3d7847b50d315143c2bab60e3514e59510e84a649db83cb303876 --timeout 7200 --csv output/org_old_bg_d2/data_table08_prec.csv --no-excel,/home/g24021555/uwrmaxsat/build/release/bin/uwrmaxsat,8c68c8a386d3d7847b50d315143c2bab60e3514e59510e84a649db83cb303876,/home/g24021555/uwrmaxsat/build/release/bin/uwrmaxsat -m /tmp/org_bg_08cjn9w_.wcnf,,,,,UWrMaxSAT,,,,traditional,pairwise+direct,5,,,,,,,,,"9,7,1,2,8,6,0,4,5,3,1,5,6,9,3,8,4,7,4,9,6,8,7,5,4,1,2,9,6,0,5,3,1,8,8,0,1,2,7,5,8,6,5,1,3,0,9,9,4,8,6,5,0,8,9,1,0,6,2,5,4,1,6,2,0,5,4,7,3,8,8,7,6,2,9,0,2,9,0,5,7,8,1,4,3,6,5,6,3,2,4,7,1,4,2,0,6,3,4,7,5,0,9,8,3,6,8,7,3,5,7,1,2,2,9,1,7,6,3,8,4,3,4,2,3,5,1,4,7,6,1,2,6,2,5,3,4,1,7,9,8,4,3,2,7,9,9,2,3,7,6,8,3,0,4,2,7,9,1,5,2,8,9,0,1,7,6,4,3,3,2,5,7,3,5,9,1,0,8,5,6,8,5,1,4,2,3,5,1,4,0,2,6,7,1,2,0,4,3,6,2,8,9,0,6,3,5,4,1,7,6,4,7,5,0,6,0,2,9,5,7,4,3,0,6,2,8,1,6,3,5,1,0,2,3,4,1",,
,,,,,,,,,tic-12crafc.prec25,b2b-d3faa7f99b15fb0e,b2b-lineage-tic-12crafc,precedence,ORG-F-PW-DE-PHC-BGD2-UW-OBIC12P,ORGFull,N/A,Pairwise,Direct-E,PerSlotHoleCardinality,BreakGroupsD2,UWrMaxSAT,OldBestIC12+,OPTIMAL,SAT,0,0,bg_d2,0,0,0,,,0,1,2.563294,False,147.555,MaxSAT,ORGHistorical,ORG-Historical-BG-d2,Published-style,Published-style/Full,independent_reimplementation,one-shot weighted MaxSAT,23942,,,,,,,53388,126,53514,1000,22942,130959,43,baseline2__model-org_historical_maxsat__m-full__p-pairwise__g-direct__b-per_slot_hole_cardinality__o-break_groups_d2__s-uwrmaxsat__i-old_best_ic12plus__fairness-d2,baseline2__model-org_historical_maxsat__m-full__p-pairwise__g-direct__b-per_slot_hole_cardinality__o-break_groups_d2__s-uwrmaxsat__i-old_best_ic12plus__fairness-d2,legacy_full,n/a,pairwise,direct,UWrMaxSAT,UWrMaxSAT,binary-sha256:8c68c8a386d3d7847b50d315143c2bab60e3514e59510e84a649db83cb303876,org_historical_bg_d2_old_best,per_slot_hole_cardinality,total_break_groups_subject_to_range_at_most_2,BGD2,OBIC12P,130833,126,1,234,32544,18943,1667,1,126,126,1,,,,,,0,,,,,,,"formalism-specific model size: SAT/MaxSAT reports base CNF and soft clauses, MIP reports variables/linear constraints/nonzeros, and CP reports integer variables plus linear/global constraints; SAT bound/totalizer overhead remains separate in optimizer_added_*",1000,,,1000,,,,,,,,,,0.001492,0.04984,,0.04984,2.511962,"wall-clock from immediately before reading/parsing the .dzn instance through model construction, optimization, solution decoding, and independent validation; excludes worker-process startup and result-file export",0,0,,0,0,"0,0,0,0,0,0,0,0,0,0,0,0,0,0,0,0,0,0,0,0,0,0,0,0,0,0,0,0,0,0,0,0,0,0,0,0,0,0,0,0,0,0",peak_process_tree_rss_mb,d3faa7f99b15fb0e9cd9a67a84eb98a34160c036970c8edced7229461c6b340c,prec25,data_table08_prec/tic-12crafc.prec25.dzn,1,data_table08_prec/tic-12crafc.prec25.dzn,1,data_table08_prec/tic-12crafc.prec25.dzn,https://imae.udg.edu/Recerca/LAI/,https://ima.udg.edu/Recerca/lai/b2b/b2b.zip,,2026-08-15T05:21:31+00:00,7200.0,,ee80a6fbd8b513f7c010668495c39621a371266a,True,3.10.12,1.8.dev25,instance-20260810-085803,Linux-6.8.0-1065-gcp-x86_64-with-glibc2.35,x86_64,4,8,15988.055,1,0,/home/g24021555/Business-Meeting-Scheduling-Problem/.venv/bin/python /home/g24021555/Business-Meeting-Scheduling-Problem/src/ORG_BG_D2.py --data-dir data_table08_prec --family all --backend uwrmaxsat --uwrmaxsat-bin /home/g24021555/uwrmaxsat/build/release/bin/uwrmaxsat --uwrmaxsat-sha256 8c68c8a386d3d7847b50d315143c2bab60e3514e59510e84a649db83cb303876 --timeout 7200 --csv output/org_old_bg_d2/data_table08_prec.csv --no-excel,/home/g24021555/uwrmaxsat/build/release/bin/uwrmaxsat,8c68c8a386d3d7847b50d315143c2bab60e3514e59510e84a649db83cb303876,/home/g24021555/uwrmaxsat/build/release/bin/uwrmaxsat -m /tmp/org_bg_1_hc53ru.wcnf,,,,,UWrMaxSAT,,,,traditional,pairwise+direct,0,,,,,,,,,"1,2,6,0,7,7,3,4,0,7,1,4,0,1,5,6,3,7,2,1,6,5,6,7,4,5,3,7,2,6,0,1,2,3,5,4,1,6,6,2,4,0,1,5,3,3,5,7,4,2,1,3,2,7,6,5,4,0,1,4,2,0,3,5,6,3,2,4,0,1,5,7,0,2,6,1,5,4,5,0,6,1,2,3,7,4,5,7,4,6,3,6,2,1,4,0,7,3,5,3,2,6,7,4,1,1,3,5,0,2,4,6,5,3,0,2,7,6,3,0,7,4,2,1,5",,
,,,,,,,,,tic-14crafa.prec25,b2b-d5944da94c5a5760,b2b-lineage-tic-14crafa,precedence,ORG-F-PW-DE-PHC-BGD2-UW-OBIC12P,ORGFull,N/A,Pairwise,Direct-E,PerSlotHoleCardinality,BreakGroupsD2,UWrMaxSAT,OldBestIC12+,OPTIMAL,SAT,0,0,bg_d2,0,0,0,,,0,1,3.064368,False,196.879,MaxSAT,ORGHistorical,ORG-Historical-BG-d2,Published-style,Published-style/Full,independent_reimplementation,one-shot weighted MaxSAT,81817,,,,,,,175388,240,175628,2370,79447,435026,61,baseline2__model-org_historical_maxsat__m-full__p-pairwise__g-direct__b-per_slot_hole_cardinality__o-break_groups_d2__s-uwrmaxsat__i-old_best_ic12plus__fairness-d2,baseline2__model-org_historical_maxsat__m-full__p-pairwise__g-direct__b-per_slot_hole_cardinality__o-break_groups_d2__s-uwrmaxsat__i-old_best_ic12plus__fairness-d2,legacy_full,n/a,pairwise,direct,UWrMaxSAT,UWrMaxSAT,binary-sha256:8c68c8a386d3d7847b50d315143c2bab60e3514e59510e84a649db83cb303876,org_historical_bg_d2_old_best,per_slot_hole_cardinality,total_break_groups_subject_to_range_at_most_2,BGD2,OBIC12P,434786,240,1,384,101005,68838,5161,1,240,240,1,,,,,,0,,,,,,,"formalism-specific model size: SAT/MaxSAT reports base CNF and soft clauses, MIP reports variables/linear constraints/nonzeros, and CP reports integer variables plus linear/global constraints; SAT bound/totalizer overhead remains separate in optimizer_added_*",2370,,,2370,,,,,,,,,,0.002567,0.172913,,0.172913,2.888888,"wall-clock from immediately before reading/parsing the .dzn instance through model construction, optimization, solution decoding, and independent validation; excludes worker-process startup and result-file export",0,0,,0,0,"0,0,0,0,0,0,0,0,0,0,0,0,0,0,0,0,0,0,0,0,0,0,0,0,0,0,0,0,0,0,0,0,0,0,0,0,0,0,0,0,0,0,0,0,0,0,0,0,0,0,0,0,0,0,0,0,0,0,0,0",peak_process_tree_rss_mb,d5944da94c5a576047d646c5216e98f177a9ac21bacee74e2510eaf604655857,prec25,data_table08_prec/tic-14crafa.prec25.dzn,1,data_table08_prec/tic-14crafa.prec25.dzn,1,data_table08_prec/tic-14crafa.prec25.dzn,https://imae.udg.edu/Recerca/LAI/,https://ima.udg.edu/Recerca/lai/b2b/b2b.zip,,2026-08-15T05:21:31+00:00,7200.0,,ee80a6fbd8b513f7c010668495c39621a371266a,True,3.10.12,1.8.dev25,instance-20260810-085803,Linux-6.8.0-1065-gcp-x86_64-with-glibc2.35,x86_64,4,8,15988.055,1,0,/home/g24021555/Business-Meeting-Scheduling-Problem/.venv/bin/python /home/g24021555/Business-Meeting-Scheduling-Problem/src/ORG_BG_D2.py --data-dir data_table08_prec --family all --backend uwrmaxsat --uwrmaxsat-bin /home/g24021555/uwrmaxsat/build/release/bin/uwrmaxsat --uwrmaxsat-sha256 8c68c8a386d3d7847b50d315143c2bab60e3514e59510e84a649db83cb303876 --timeout 7200 --csv output/org_old_bg_d2/data_table08_prec.csv --no-excel,/home/g24021555/uwrmaxsat/build/release/bin/uwrmaxsat,8c68c8a386d3d7847b50d315143c2bab60e3514e59510e84a649db83cb303876,/home/g24021555/uwrmaxsat/build/release/bin/uwrmaxsat -m /tmp/org_bg_qv7ot73s.wcnf,,,,,UWrMaxSAT,,,,traditional,pairwise+direct,0,,,,,,,,,"9,7,6,5,8,2,1,3,4,3,2,9,7,8,6,4,3,5,4,6,4,5,1,1,6,2,0,7,1,2,2,4,0,3,8,4,2,6,5,2,6,8,4,5,0,1,9,2,5,7,6,1,0,6,9,0,1,7,3,5,4,2,3,8,1,7,0,4,6,5,8,2,9,1,0,5,5,4,2,3,7,0,6,1,9,8,7,3,4,2,6,5,7,8,3,4,5,9,7,6,9,1,5,4,3,2,1,3,5,6,4,7,3,2,6,4,3,9,7,8,0,3,4,6,6,4,8,9,7,3,3,7,5,0,4,8,7,3,9,6,1,5,0,3,8,4,5,1,3,4,5,0,2,9,3,4,1,8,6,7,6,8,2,0,7,5,1,3,4,7,8,9,0,3,5,6,0,4,9,6,5,7,6,1,0,2,4,5,6,8,9,7,2,8,0,1,3,7,5,2,2,7,9,4,8,3,6,1,5,2,2,5,3,1,7,8,7,0,6,8,3,4,6,2,1,5,7,0,8,7,6,4,9,5,2,3,1",,
,,,,,,,,,ticf-13crafc.prec25,b2b-da4961fba506fc2c,b2b-lineage-ticf-13crafc,precedence,ORG-F-PW-DE-PHC-BGD2-UW-OBIC12P,ORGFull,N/A,Pairwise,Direct-E,PerSlotHoleCardinality,BreakGroupsD2,UWrMaxSAT,OldBestIC12+,UNSAT,UNSAT,,,bg_d2,,,,,,,1,1.611797,False,257.035,MaxSAT,ORGHistorical,ORG-Historical-BG-d2,Published-style,Published-style/Full,independent_reimplementation,one-shot weighted MaxSAT,200226,,,,,,,410903,700,411603,3234,196992,1171085,71,baseline2__model-org_historical_maxsat__m-full__p-pairwise__g-direct__b-per_slot_hole_cardinality__o-break_groups_d2__s-uwrmaxsat__i-old_best_ic12plus__fairness-d2,baseline2__model-org_historical_maxsat__m-full__p-pairwise__g-direct__b-per_slot_hole_cardinality__o-break_groups_d2__s-uwrmaxsat__i-old_best_ic12plus__fairness-d2,legacy_full,n/a,pairwise,direct,UWrMaxSAT,UWrMaxSAT,binary-sha256:8c68c8a386d3d7847b50d315143c2bab60e3514e59510e84a649db83cb303876,org_historical_bg_d2_old_best,per_slot_hole_cardinality,total_break_groups_subject_to_range_at_most_2,BGD2,OBIC12P,1170385,700,1,1036,148800,179821,81246,1,700,700,1,,,,,,0,,,,,,,"formalism-specific model size: SAT/MaxSAT reports base CNF and soft clauses, MIP reports variables/linear constraints/nonzeros, and CP reports integer variables plus linear/global constraints; SAT bound/totalizer overhead remains separate in optimizer_added_*",3234,,,3234,,,,,,,,,,0.001891,0.429142,,0.429142,1.180764,"wall-clock from immediately before reading/parsing the .dzn instance through model construction, optimization, solution decoding, and independent validation; excludes worker-process startup and result-file export",,,,,,,peak_process_tree_rss_mb,da4961fba506fc2c2c7365b6a7b860b61f0265c407e0c2134053ffffb31fbca3,prec25,data_table08_prec/ticf-13crafc.prec25.dzn,1,data_table08_prec/ticf-13crafc.prec25.dzn,1,data_table08_prec/ticf-13crafc.prec25.dzn,https://imae.udg.edu/Recerca/LAI/,https://ima.udg.edu/Recerca/lai/b2b/b2b.zip,,2026-08-15T05:21:31+00:00,7200.0,,ee80a6fbd8b513f7c010668495c39621a371266a,True,3.10.12,1.8.dev25,instance-20260810-085803,Linux-6.8.0-1065-gcp-x86_64-with-glibc2.35,x86_64,4,8,15988.055,1,0,/home/g24021555/Business-Meeting-Scheduling-Problem/.venv/bin/python /home/g24021555/Business-Meeting-Scheduling-Problem/src/ORG_BG_D2.py --data-dir data_table08_prec --family all --backend uwrmaxsat --uwrmaxsat-bin /home/g24021555/uwrmaxsat/build/release/bin/uwrmaxsat --uwrmaxsat-sha256 8c68c8a386d3d7847b50d315143c2bab60e3514e59510e84a649db83cb303876 --timeout 7200 --csv output/org_old_bg_d2/data_table08_prec.csv --no-excel,/home/g24021555/uwrmaxsat/build/release/bin/uwrmaxsat,8c68c8a386d3d7847b50d315143c2bab60e3514e59510e84a649db83cb303876,/home/g24021555/uwrmaxsat/build/release/bin/uwrmaxsat -m /tmp/org_bg_j2qvrnk5.wcnf,,,,,UWrMaxSAT,,,,traditional,pairwise+direct,,,,,,,,,,,,
,,,,,,,,,ticf-13crafb.prec15,b2b-da9f18f14cf3aee3,b2b-lineage-ticf-13crafb,precedence,ORG-F-PW-DE-PHC-BGD2-UW-OBIC12P,ORGFull,N/A,Pairwise,Direct-E,PerSlotHoleCardinality,BreakGroupsD2,UWrMaxSAT,OldBestIC12+,UNSAT,UNSAT,,,bg_d2,,,,,,,1,2.17621,False,315.504,MaxSAT,ORGHistorical,ORG-Historical-BG-d2,Published-style,Published-style/Full,independent_reimplementation,one-shot weighted MaxSAT,246673,,,,,,,504821,760,505581,4290,242383,1432051,77,baseline2__model-org_historical_maxsat__m-full__p-pairwise__g-direct__b-per_slot_hole_cardinality__o-break_groups_d2__s-uwrmaxsat__i-old_best_ic12plus__fairness-d2,baseline2__model-org_historical_maxsat__m-full__p-pairwise__g-direct__b-per_slot_hole_cardinality__o-break_groups_d2__s-uwrmaxsat__i-old_best_ic12plus__fairness-d2,legacy_full,n/a,pairwise,direct,UWrMaxSAT,UWrMaxSAT,binary-sha256:8c68c8a386d3d7847b50d315143c2bab60e3514e59510e84a649db83cb303876,org_historical_bg_d2_old_best,per_slot_hole_cardinality,total_break_groups_subject_to_range_at_most_2,BGD2,OBIC12P,1431291,760,1,1514,185543,222695,95069,1,760,760,1,,,,,,0,,,,,,,"formalism-specific model size: SAT/MaxSAT reports base CNF and soft clauses, MIP reports variables/linear constraints/nonzeros, and CP reports integer variables plus linear/global constraints; SAT bound/totalizer overhead remains separate in optimizer_added_*",4290,,,4290,,,,,,,,,,0.002309,0.550782,,0.550782,1.623119,"wall-clock from immediately before reading/parsing the .dzn instance through model construction, optimization, solution decoding, and independent validation; excludes worker-process startup and result-file export",,,,,,,peak_process_tree_rss_mb,da9f18f14cf3aee32c23f216f5aea7442f85876bdd772732b2c294dda8852998,prec15,data_table08_prec/ticf-13crafb.prec15.dzn,1,data_table08_prec/ticf-13crafb.prec15.dzn,1,data_table08_prec/ticf-13crafb.prec15.dzn,https://imae.udg.edu/Recerca/LAI/,https://ima.udg.edu/Recerca/lai/b2b/b2b.zip,,2026-08-15T05:21:31+00:00,7200.0,,ee80a6fbd8b513f7c010668495c39621a371266a,True,3.10.12,1.8.dev25,instance-20260810-085803,Linux-6.8.0-1065-gcp-x86_64-with-glibc2.35,x86_64,4,8,15988.055,1,0,/home/g24021555/Business-Meeting-Scheduling-Problem/.venv/bin/python /home/g24021555/Business-Meeting-Scheduling-Problem/src/ORG_BG_D2.py --data-dir data_table08_prec --family all --backend uwrmaxsat --uwrmaxsat-bin /home/g24021555/uwrmaxsat/build/release/bin/uwrmaxsat --uwrmaxsat-sha256 8c68c8a386d3d7847b50d315143c2bab60e3514e59510e84a649db83cb303876 --timeout 7200 --csv output/org_old_bg_d2/data_table08_prec.csv --no-excel,/home/g24021555/uwrmaxsat/build/release/bin/uwrmaxsat,8c68c8a386d3d7847b50d315143c2bab60e3514e59510e84a649db83cb303876,/home/g24021555/uwrmaxsat/build/release/bin/uwrmaxsat -m /tmp/org_bg_ji039fxm.wcnf,,,,,UWrMaxSAT,,,,traditional,pairwise+direct,,,,,,,,,,,,
,,,,,,,,,forumt-14crafe.prec25,b2b-e188044714f71a5c,b2b-lineage-forumt-14crafe,precedence,ORG-F-PW-DE-PHC-BGD2-UW-OBIC12P,ORGFull,N/A,Pairwise,Direct-E,PerSlotHoleCardinality,BreakGroupsD2,UWrMaxSAT,OldBestIC12+,OPTIMAL,SAT,5,5,bg_d2,5,5,5,,,5,1,2.436002,False,205.328,MaxSAT,ORGHistorical,ORG-Historical-BG-d2,Published-style,Published-style/Full,independent_reimplementation,one-shot weighted MaxSAT,78378,,,,,,,168998,240,169238,2360,76018,418643,61,baseline2__model-org_historical_maxsat__m-full__p-pairwise__g-direct__b-per_slot_hole_cardinality__o-break_groups_d2__s-uwrmaxsat__i-old_best_ic12plus__fairness-d2,baseline2__model-org_historical_maxsat__m-full__p-pairwise__g-direct__b-per_slot_hole_cardinality__o-break_groups_d2__s-uwrmaxsat__i-old_best_ic12plus__fairness-d2,legacy_full,n/a,pairwise,direct,UWrMaxSAT,UWrMaxSAT,binary-sha256:8c68c8a386d3d7847b50d315143c2bab60e3514e59510e84a649db83cb303876,org_historical_bg_d2_old_best,per_slot_hole_cardinality,total_break_groups_subject_to_range_at_most_2,BGD2,OBIC12P,418403,240,1,511,97916,65424,5147,1,240,240,1,,,,,,0,,,,,,,"formalism-specific model size: SAT/MaxSAT reports base CNF and soft clauses, MIP reports variables/linear constraints/nonzeros, and CP reports integer variables plus linear/global constraints; SAT bound/totalizer overhead remains separate in optimizer_added_*",2360,,,2360,,,,,,,,,,0.002572,0.16599,,0.16599,2.26744,"wall-clock from immediately before reading/parsing the .dzn instance through model construction, optimization, solution decoding, and independent validation; excludes worker-process startup and result-file export",2,9,,5,1,"0,0,1,0,0,0,0,0,0,0,0,0,0,0,0,0,1,1,0,0,0,0,0,0,0,0,0,0,0,0,0,0,0,0,0,0,0,0,0,0,0,0,0,0,0,0,0,0,0,0,0,0,0,0,0,0,1,0,0,1",peak_process_tree_rss_mb,e188044714f71a5cb31eb320406f7822b94b8d452cbbc087eb2b3b5e8fbca381,prec25,data_table08_prec/forumt-14crafe.prec25.dzn,1,data_table08_prec/forumt-14crafe.prec25.dzn,1,data_table08_prec/forumt-14crafe.prec25.dzn,https://imae.udg.edu/Recerca/LAI/,https://ima.udg.edu/Recerca/lai/b2b/b2b.zip,,2026-08-15T05:21:31+00:00,7200.0,,ee80a6fbd8b513f7c010668495c39621a371266a,True,3.10.12,1.8.dev25,instance-20260810-085803,Linux-6.8.0-1065-gcp-x86_64-with-glibc2.35,x86_64,4,8,15988.055,1,0,/home/g24021555/Business-Meeting-Scheduling-Problem/.venv/bin/python /home/g24021555/Business-Meeting-Scheduling-Problem/src/ORG_BG_D2.py --data-dir data_table08_prec --family all --backend uwrmaxsat --uwrmaxsat-bin /home/g24021555/uwrmaxsat/build/release/bin/uwrmaxsat --uwrmaxsat-sha256 8c68c8a386d3d7847b50d315143c2bab60e3514e59510e84a649db83cb303876 --timeout 7200 --csv output/org_old_bg_d2/data_table08_prec.csv --no-excel,/home/g24021555/uwrmaxsat/build/release/bin/uwrmaxsat,8c68c8a386d3d7847b50d315143c2bab60e3514e59510e84a649db83cb303876,/home/g24021555/uwrmaxsat/build/release/bin/uwrmaxsat -m /tmp/org_bg_oqdrjzef.wcnf,,,,,UWrMaxSAT,,,,traditional,pairwise+direct,5,,,,,,,,,"0,5,4,2,7,9,8,6,3,0,1,2,5,1,9,7,6,0,4,3,2,7,6,8,3,4,1,9,2,0,4,4,7,0,5,2,8,6,9,6,0,6,1,2,9,8,7,0,1,7,4,2,8,6,9,4,8,2,0,9,1,7,5,8,6,7,3,1,0,9,2,4,5,2,3,7,0,5,7,8,0,9,3,2,6,4,1,3,7,1,4,5,2,0,6,3,8,5,6,1,8,3,6,5,2,1,4,2,1,3,0,9,8,2,1,0,7,5,3,9,3,6,4,7,6,2,9,5,8,3,3,8,9,2,9,7,4,0,1,6,5,3,5,1,9,8,6,7,3,9,8,0,2,7,6,3,1,9,4,5,5,7,1,8,0,9,3,1,0,9,8,4,3,6,8,5,9,0,4,7,4,2,4,6,5,2,3,4,5,2,0,1,5,4,5,1,3,6,7,8,9,8,5,4,7,6,9,3,2,1,8,6,5,7,4,2,3,7,1,6,4,5,0,9,8,5,2,8,0,3,6,7,1,8,4,7",,
,,,,,,,,,forumt-14crafc.prec25,b2b-e8a8610272694600,b2b-lineage-forumt-14crafc,precedence,ORG-F-PW-DE-PHC-BGD2-UW-OBIC12P,ORGFull,N/A,Pairwise,Direct-E,PerSlotHoleCardinality,BreakGroupsD2,UWrMaxSAT,OldBestIC12+,OPTIMAL,SAT,5,5,bg_d2,5,5,5,,,5,1,5.999009,False,199.578,MaxSAT,ORGHistorical,ORG-Historical-BG-d2,Published-style,Published-style/Full,independent_reimplementation,one-shot weighted MaxSAT,79877,,,,,,,171726,240,171966,2370,77507,425604,61,baseline2__model-org_historical_maxsat__m-full__p-pairwise__g-direct__b-per_slot_hole_cardinality__o-break_groups_d2__s-uwrmaxsat__i-old_best_ic12plus__fairness-d2,baseline2__model-org_historical_maxsat__m-full__p-pairwise__g-direct__b-per_slot_hole_cardinality__o-break_groups_d2__s-uwrmaxsat__i-old_best_ic12plus__fairness-d2,legacy_full,n/a,pairwise,direct,UWrMaxSAT,UWrMaxSAT,binary-sha256:8c68c8a386d3d7847b50d315143c2bab60e3514e59510e84a649db83cb303876,org_historical_bg_d2_old_best,per_slot_hole_cardinality,total_break_groups_subject_to_range_at_most_2,BGD2,OBIC12P,425364,240,1,482,99245,66838,5161,1,240,240,1,,,,,,0,,,,,,,"formalism-specific model size: SAT/MaxSAT reports base CNF and soft clauses, MIP reports variables/linear constraints/nonzeros, and CP reports integer variables plus linear/global constraints; SAT bound/totalizer overhead remains separate in optimizer_added_*",2370,,,2370,,,,,,,,,,0.002619,0.171718,,0.171718,5.824671,"wall-clock from immediately before reading/parsing the .dzn instance through model construction, optimization, solution decoding, and independent validation; excludes worker-process startup and result-file export",3,11,,5,1,"0,0,0,0,1,0,0,0,0,0,0,0,0,0,0,0,1,1,0,0,0,0,0,0,0,0,0,0,0,0,0,0,0,0,0,0,0,0,0,0,0,0,0,0,0,0,0,0,0,0,0,0,0,0,1,0,1,0,0,0",peak_process_tree_rss_mb,e8a86102726946007b8aaa97b0eb1555e37c88fa6e20c207db7f9fa54ddb54cf,prec25,data_table08_prec/forumt-14crafc.prec25.dzn,1,data_table08_prec/forumt-14crafc.prec25.dzn,1,data_table08_prec/forumt-14crafc.prec25.dzn,https://imae.udg.edu/Recerca/LAI/,https://ima.udg.edu/Recerca/lai/b2b/b2b.zip,,2026-08-15T05:21:31+00:00,7200.0,,ee80a6fbd8b513f7c010668495c39621a371266a,True,3.10.12,1.8.dev25,instance-20260810-085803,Linux-6.8.0-1065-gcp-x86_64-with-glibc2.35,x86_64,4,8,15988.055,1,0,/home/g24021555/Business-Meeting-Scheduling-Problem/.venv/bin/python /home/g24021555/Business-Meeting-Scheduling-Problem/src/ORG_BG_D2.py --data-dir data_table08_prec --family all --backend uwrmaxsat --uwrmaxsat-bin /home/g24021555/uwrmaxsat/build/release/bin/uwrmaxsat --uwrmaxsat-sha256 8c68c8a386d3d7847b50d315143c2bab60e3514e59510e84a649db83cb303876 --timeout 7200 --csv output/org_old_bg_d2/data_table08_prec.csv --no-excel,/home/g24021555/uwrmaxsat/build/release/bin/uwrmaxsat,8c68c8a386d3d7847b50d315143c2bab60e3514e59510e84a649db83cb303876,/home/g24021555/uwrmaxsat/build/release/bin/uwrmaxsat -m /tmp/org_bg_qcmtlfsk.wcnf,,,,,UWrMaxSAT,,,,traditional,pairwise+direct,5,,,,,,,,,"4,8,5,3,1,7,6,2,6,5,5,3,2,7,4,6,9,8,4,9,7,8,4,5,8,1,0,9,0,5,2,6,0,7,7,0,1,8,0,4,9,5,4,6,3,1,8,0,5,1,9,8,2,9,7,5,1,4,2,8,6,2,6,3,1,9,4,5,0,7,7,6,1,0,8,2,4,8,0,6,5,1,7,2,3,9,5,3,2,0,1,4,8,7,3,6,5,9,2,3,8,4,9,6,1,6,9,7,7,5,6,3,0,7,5,0,3,8,9,6,2,4,8,5,4,6,8,5,9,7,3,9,1,6,9,3,2,7,4,5,8,2,0,3,9,4,1,3,6,7,7,0,5,2,3,4,6,9,1,8,9,6,5,4,2,8,1,7,0,8,3,4,9,1,3,4,0,6,8,6,7,2,4,0,1,5,3,4,2,0,1,5,7,6,2,1,0,3,7,9,2,8,9,2,7,3,5,1,4,0,4,5,7,3,8,1,0,3,6,1,9,3,7,2,6,4,8,5,7,6,5,3,8,1,3,2,4",,
,,,,,,,,,forumt-14crafd.prec25,b2b-e8da8d37cb968136,b2b-lineage-forumt-14crafd,precedence,ORG-F-PW-DE-PHC-BGD2-UW-OBIC12P,ORGFull,N/A,Pairwise,Direct-E,PerSlotHoleCardinality,BreakGroupsD2,UWrMaxSAT,OldBestIC12+,OPTIMAL,SAT,4,4,bg_d2,4,4,4,,,4,1,2.996632,False,201.566,MaxSAT,ORGHistorical,ORG-Historical-BG-d2,Published-style,Published-style/Full,independent_reimplementation,one-shot weighted MaxSAT,79488,,,,,,,171158,240,171398,2360,77128,424103,61,baseline2__model-org_historical_maxsat__m-full__p-pairwise__g-direct__b-per_slot_hole_cardinality__o-break_groups_d2__s-uwrmaxsat__i-old_best_ic12plus__fairness-d2,baseline2__model-org_historical_maxsat__m-full__p-pairwise__g-direct__b-per_slot_hole_cardinality__o-break_groups_d2__s-uwrmaxsat__i-old_best_ic12plus__fairness-d2,legacy_full,n/a,pairwise,direct,UWrMaxSAT,UWrMaxSAT,binary-sha256:8c68c8a386d3d7847b50d315143c2bab60e3514e59510e84a649db83cb303876,org_historical_bg_d2_old_best,per_slot_hole_cardinality,total_break_groups_subject_to_range_at_most_2,BGD2,OBIC12P,423863,240,1,511,98936,66564,5147,1,240,240,1,,,,,,0,,,,,,,"formalism-specific model size: SAT/MaxSAT reports base CNF and soft clauses, MIP reports variables/linear constraints/nonzeros, and CP reports integer variables plus linear/global constraints; SAT bound/totalizer overhead remains separate in optimizer_added_*",2360,,,2360,,,,,,,,,,0.002608,0.170229,,0.170229,2.823795,"wall-clock from immediately before reading/parsing the .dzn instance through model construction, optimization, solution decoding, and independent validation; excludes worker-process startup and result-file export",2,8,,4,1,"0,0,0,0,0,0,0,0,0,0,0,0,0,0,0,0,1,1,0,0,0,0,0,0,0,0,0,0,0,0,0,0,0,0,0,0,0,0,0,0,0,0,0,0,0,0,0,0,0,0,0,0,0,0,0,0,1,0,0,1",peak_process_tree_rss_mb,e8da8d37cb968136263a9abf2e1ebb36ce3e6bc485b59608576615228f362ea3,prec25,data_table08_prec/forumt-14crafd.prec25.dzn,1,data_table08_prec/forumt-14crafd.prec25.dzn,1,data_table08_prec/forumt-14crafd.prec25.dzn,https://imae.udg.edu/Recerca/LAI/,https://ima.udg.edu/Recerca/lai/b2b/b2b.zip,,2026-08-15T05:21:31+00:00,7200.0,,ee80a6fbd8b513f7c010668495c39621a371266a,True,3.10.12,1.8.dev25,instance-20260810-085803,Linux-6.8.0-1065-gcp-x86_64-with-glibc2.35,x86_64,4,8,15988.055,1,0,/home/g24021555/Business-Meeting-Scheduling-Problem/.venv/bin/python /home/g24021555/Business-Meeting-Scheduling-Problem/src/ORG_BG_D2.py --data-dir data_table08_prec --family all --backend uwrmaxsat --uwrmaxsat-bin /home/g24021555/uwrmaxsat/build/release/bin/uwrmaxsat --uwrmaxsat-sha256 8c68c8a386d3d7847b50d315143c2bab60e3514e59510e84a649db83cb303876 --timeout 7200 --csv output/org_old_bg_d2/data_table08_prec.csv --no-excel,/home/g24021555/uwrmaxsat/build/release/bin/uwrmaxsat,8c68c8a386d3d7847b50d315143c2bab60e3514e59510e84a649db83cb303876,/home/g24021555/uwrmaxsat/build/release/bin/uwrmaxsat -m /tmp/org_bg_7oqvcy9_.wcnf,,,,,UWrMaxSAT,,,,traditional,pairwise+direct,4,,,,,,,,,"7,1,0,3,5,9,8,4,2,0,4,5,2,5,3,6,4,7,1,9,0,9,8,7,8,2,6,2,3,8,5,8,5,0,6,8,2,6,9,3,7,9,2,4,3,1,6,3,4,1,9,0,8,7,6,9,0,1,2,5,4,7,5,6,1,7,3,4,2,9,0,8,6,7,5,0,3,2,1,8,7,9,6,3,0,5,4,5,9,4,8,6,7,2,3,3,7,4,8,5,4,7,8,5,1,3,8,5,6,4,7,1,9,5,3,2,6,4,7,9,2,3,5,9,7,6,2,3,8,4,8,0,9,3,9,7,4,1,2,8,0,5,0,4,9,6,2,7,1,6,8,3,4,0,2,7,1,9,6,5,6,9,2,8,1,7,3,1,8,6,5,2,0,2,3,9,8,4,5,6,3,1,4,3,6,1,5,0,4,2,3,1,0,0,2,7,1,8,5,6,7,9,6,5,8,3,7,4,2,0,4,3,5,6,5,5,6,1,2,7,3,0,4,9,8,4,7,8,2,1,0,6,0,1,7,4",,
,,,,,,,,,ticf-13crafc.prec15,b2b-eb6894b264c3d0d7,b2b-lineage-ticf-13crafc,precedence,ORG-F-PW-DE-PHC-BGD2-UW-OBIC12P,ORGFull,N/A,Pairwise,Direct-E,PerSlotHoleCardinality,BreakGroupsD2,UWrMaxSAT,OldBestIC12+,OPTIMAL,SAT,1,1,bg_d2,1,1,1,,,1,1,156.45074,False,305.773,MaxSAT,ORGHistorical,ORG-Historical-BG-d2,Published-style,Published-style/Full,independent_reimplementation,one-shot weighted MaxSAT,200226,,,,,,,403049,700,403749,3234,196992,1155377,71,baseline2__model-org_historical_maxsat__m-full__p-pairwise__g-direct__b-per_slot_hole_cardinality__o-break_groups_d2__s-uwrmaxsat__i-old_best_ic12plus__fairness-d2,baseline2__model-org_historical_maxsat__m-full__p-pairwise__g-direct__b-per_slot_hole_cardinality__o-break_groups_d2__s-uwrmaxsat__i-old_best_ic12plus__fairness-d2,legacy_full,n/a,pairwise,direct,UWrMaxSAT,UWrMaxSAT,binary-sha256:8c68c8a386d3d7847b50d315143c2bab60e3514e59510e84a649db83cb303876,org_historical_bg_d2_old_best,per_slot_hole_cardinality,total_break_groups_subject_to_range_at_most_2,BGD2,OBIC12P,1154677,700,1,1036,140946,179821,81246,1,700,700,1,,,,,,0,,,,,,,"formalism-specific model size: SAT/MaxSAT reports base CNF and soft clauses, MIP reports variables/linear constraints/nonzeros, and CP reports integer variables plus linear/global constraints; SAT bound/totalizer overhead remains separate in optimizer_added_*",3234,,,3234,,,,,,,,,,0.00185,0.415046,,0.415046,156.033844,"wall-clock from immediately before reading/parsing the .dzn instance through model construction, optimization, solution decoding, and independent validation; excludes worker-process startup and result-file export",7,7,,1,1,"0,0,0,0,0,0,0,0,0,0,0,0,0,0,0,0,0,0,0,0,0,0,0,0,0,0,0,0,0,0,0,0,0,0,0,0,0,0,0,0,0,0,0,0,0,0,0,0,0,0,0,0,0,0,0,0,1,0,0,0,0,0,0,0,0,0,0,0,0,0",peak_process_tree_rss_mb,eb6894b264c3d0d70f9abb1f481888ee80932395d3e30335beab53ef18eb3ec5,prec15,data_table08_prec/ticf-13crafc.prec15.dzn,1,data_table08_prec/ticf-13crafc.prec15.dzn,1,data_table08_prec/ticf-13crafc.prec15.dzn,https://imae.udg.edu/Recerca/LAI/,https://ima.udg.edu/Recerca/lai/b2b/b2b.zip,,2026-08-15T05:21:31+00:00,7200.0,,ee80a6fbd8b513f7c010668495c39621a371266a,True,3.10.12,1.8.dev25,instance-20260810-085803,Linux-6.8.0-1065-gcp-x86_64-with-glibc2.35,x86_64,4,8,15988.055,1,0,/home/g24021555/Business-Meeting-Scheduling-Problem/.venv/bin/python /home/g24021555/Business-Meeting-Scheduling-Problem/src/ORG_BG_D2.py --data-dir data_table08_prec --family all --backend uwrmaxsat --uwrmaxsat-bin /home/g24021555/uwrmaxsat/build/release/bin/uwrmaxsat --uwrmaxsat-sha256 8c68c8a386d3d7847b50d315143c2bab60e3514e59510e84a649db83cb303876 --timeout 7200 --csv output/org_old_bg_d2/data_table08_prec.csv --no-excel,/home/g24021555/uwrmaxsat/build/release/bin/uwrmaxsat,8c68c8a386d3d7847b50d315143c2bab60e3514e59510e84a649db83cb303876,/home/g24021555/uwrmaxsat/build/release/bin/uwrmaxsat -m /tmp/org_bg_vcmpnrqu.wcnf,,,,,UWrMaxSAT,,,,traditional,pairwise+direct,1,,,,,,,,,"4,5,7,8,10,3,9,11,6,13,5,6,3,4,7,0,2,1,2,5,4,0,1,3,4,2,6,8,10,9,5,11,7,8,9,11,12,6,10,7,11,12,13,15,14,2,0,1,6,8,9,3,5,2,10,7,4,10,12,11,9,3,9,13,11,12,10,5,12,8,7,11,9,10,3,6,4,8,4,11,10,12,7,3,6,9,2,5,1,4,7,2,5,3,9,6,0,8,12,11,2,1,10,0,6,4,8,0,5,3,2,7,1,5,8,6,2,3,4,1,0,4,6,11,13,8,12,10,2,3,9,5,7,3,7,9,13,2,8,14,4,10,5,11,1,0,6,12,12,7,10,11,9,8",,
,,,,,,,,,tic-12.prec15,b2b-ef043da145bfcaa6,b2b-lineage-tic-12,precedence,ORG-F-PW-DE-PHC-BGD2-UW-OBIC12P,ORGFull,N/A,Pairwise,Direct-E,PerSlotHoleCardinality,BreakGroupsD2,UWrMaxSAT,OldBestIC12+,OPTIMAL,SAT,0,0,bg_d2,0,0,0,,,0,1,0.313807,False,155.457,MaxSAT,ORGHistorical,ORG-Historical-BG-d2,Published-style,Published-style/Full,independent_reimplementation,one-shot weighted MaxSAT,24902,,,,,,,54360,126,54486,1000,23902,133983,43,baseline2__model-org_historical_maxsat__m-full__p-pairwise__g-direct__b-per_slot_hole_cardinality__o-break_groups_d2__s-uwrmaxsat__i-old_best_ic12plus__fairness-d2,baseline2__model-org_historical_maxsat__m-full__p-pairwise__g-direct__b-per_slot_hole_cardinality__o-break_groups_d2__s-uwrmaxsat__i-old_best_ic12plus__fairness-d2,legacy_full,n/a,pairwise,direct,UWrMaxSAT,UWrMaxSAT,binary-sha256:8c68c8a386d3d7847b50d315143c2bab60e3514e59510e84a649db83cb303876,org_historical_bg_d2_old_best,per_slot_hole_cardinality,total_break_groups_subject_to_range_at_most_2,BGD2,OBIC12P,133857,126,1,234,32436,20023,1667,1,126,126,1,,,,,,0,,,,,,,"formalism-specific model size: SAT/MaxSAT reports base CNF and soft clauses, MIP reports variables/linear constraints/nonzeros, and CP reports integer variables plus linear/global constraints; SAT bound/totalizer overhead remains separate in optimizer_added_*",1000,,,1000,,,,,,,,,,0.001473,0.050871,,0.050871,0.261463,"wall-clock from immediately before reading/parsing the .dzn instance through model construction, optimization, solution decoding, and independent validation; excludes worker-process startup and result-file export",0,0,,0,0,"0,0,0,0,0,0,0,0,0,0,0,0,0,0,0,0,0,0,0,0,0,0,0,0,0,0,0,0,0,0,0,0,0,0,0,0,0,0,0,0,0,0",peak_process_tree_rss_mb,ef043da145bfcaa6942265b553258b9232e2df6455499942fe07d568991271a7,prec15,data_table08_prec/tic-12.prec15.dzn,1,data_table08_prec/tic-12.prec15.dzn,1,data_table08_prec/tic-12.prec15.dzn,https://imae.udg.edu/Recerca/LAI/,https://ima.udg.edu/Recerca/lai/b2b/b2b.zip,,2026-08-15T05:21:31+00:00,7200.0,,ee80a6fbd8b513f7c010668495c39621a371266a,True,3.10.12,1.8.dev25,instance-20260810-085803,Linux-6.8.0-1065-gcp-x86_64-with-glibc2.35,x86_64,4,8,15988.055,1,0,/home/g24021555/Business-Meeting-Scheduling-Problem/.venv/bin/python /home/g24021555/Business-Meeting-Scheduling-Problem/src/ORG_BG_D2.py --data-dir data_table08_prec --family all --backend uwrmaxsat --uwrmaxsat-bin /home/g24021555/uwrmaxsat/build/release/bin/uwrmaxsat --uwrmaxsat-sha256 8c68c8a386d3d7847b50d315143c2bab60e3514e59510e84a649db83cb303876 --timeout 7200 --csv output/org_old_bg_d2/data_table08_prec.csv --no-excel,/home/g24021555/uwrmaxsat/build/release/bin/uwrmaxsat,8c68c8a386d3d7847b50d315143c2bab60e3514e59510e84a649db83cb303876,/home/g24021555/uwrmaxsat/build/release/bin/uwrmaxsat -m /tmp/org_bg_ubqk6yxl.wcnf,,,,,UWrMaxSAT,,,,traditional,pairwise+direct,0,,,,,,,,,"0,1,2,3,4,0,0,1,2,1,7,5,1,2,3,0,4,6,0,1,6,7,0,1,1,2,0,3,4,6,5,7,2,0,5,6,3,4,3,7,5,4,1,2,0,3,6,5,4,2,3,5,6,4,2,0,1,3,5,7,5,2,4,1,6,7,2,4,3,5,5,6,4,7,2,3,3,5,7,3,4,6,1,2,5,0,6,3,4,1,5,3,5,4,7,2,6,0,1,4,3,1,6,2,0,7,4,6,5,3,2,2,5,7,1,6,4,4,6,1,2,3,5,0,7",,
,,,,,,,,,forum-13crafb.prec15,b2b-efc8ee1c40da2b8a,b2b-lineage-forum-13crafb,precedence,ORG-F-PW-DE-PHC-BGD2-UW-OBIC12P,ORGFull,N/A,Pairwise,Direct-E,PerSlotHoleCardinality,BreakGroupsD2,UWrMaxSAT,OldBestIC12+,UNSAT,UNSAT,,,bg_d2,,,,,,,1,2.084274,False,303.266,MaxSAT,ORGHistorical,ORG-Historical-BG-d2,Published-style,Published-style/Full,independent_reimplementation,one-shot weighted MaxSAT,246673,,,,,,,504939,760,505699,4290,242383,1432169,77,baseline2__model-org_historical_maxsat__m-full__p-pairwise__g-direct__b-per_slot_hole_cardinality__o-break_groups_d2__s-uwrmaxsat__i-old_best_ic12plus__fairness-d2,baseline2__model-org_historical_maxsat__m-full__p-pairwise__g-direct__b-per_slot_hole_cardinality__o-break_groups_d2__s-uwrmaxsat__i-old_best_ic12plus__fairness-d2,legacy_full,n/a,pairwise,direct,UWrMaxSAT,UWrMaxSAT,binary-sha256:8c68c8a386d3d7847b50d315143c2bab60e3514e59510e84a649db83cb303876,org_historical_bg_d2_old_best,per_slot_hole_cardinality,total_break_groups_subject_to_range_at_most_2,BGD2,OBIC12P,1431409,760,1,1632,185543,222695,95069,1,760,760,1,,,,,,0,,,,,,,"formalism-specific model size: SAT/MaxSAT reports base CNF and soft clauses, MIP reports variables/linear constraints/nonzeros, and CP reports integer variables plus linear/global constraints; SAT bound/totalizer overhead remains separate in optimizer_added_*",4290,,,4290,,,,,,,,,,0.002249,0.538906,,0.538906,1.543119,"wall-clock from immediately before reading/parsing the .dzn instance through model construction, optimization, solution decoding, and independent validation; excludes worker-process startup and result-file export",,,,,,,peak_process_tree_rss_mb,efc8ee1c40da2b8a7dad3becc8bbe419b51a079d80afe38d5f99bb896694d091,prec15,data_table08_prec/forum-13crafb.prec15.dzn,1,data_table08_prec/forum-13crafb.prec15.dzn,1,data_table08_prec/forum-13crafb.prec15.dzn,https://imae.udg.edu/Recerca/LAI/,https://ima.udg.edu/Recerca/lai/b2b/b2b.zip,,2026-08-15T05:21:31+00:00,7200.0,,ee80a6fbd8b513f7c010668495c39621a371266a,True,3.10.12,1.8.dev25,instance-20260810-085803,Linux-6.8.0-1065-gcp-x86_64-with-glibc2.35,x86_64,4,8,15988.055,1,0,/home/g24021555/Business-Meeting-Scheduling-Problem/.venv/bin/python /home/g24021555/Business-Meeting-Scheduling-Problem/src/ORG_BG_D2.py --data-dir data_table08_prec --family all --backend uwrmaxsat --uwrmaxsat-bin /home/g24021555/uwrmaxsat/build/release/bin/uwrmaxsat --uwrmaxsat-sha256 8c68c8a386d3d7847b50d315143c2bab60e3514e59510e84a649db83cb303876 --timeout 7200 --csv output/org_old_bg_d2/data_table08_prec.csv --no-excel,/home/g24021555/uwrmaxsat/build/release/bin/uwrmaxsat,8c68c8a386d3d7847b50d315143c2bab60e3514e59510e84a649db83cb303876,/home/g24021555/uwrmaxsat/build/release/bin/uwrmaxsat -m /tmp/org_bg_d0o0qvck.wcnf,,,,,UWrMaxSAT,,,,traditional,pairwise+direct,,,,,,,,,,,,
,,,,,,,,,tic-13crafb.prec25,b2b-fef8f130245fa101,b2b-lineage-tic-13crafb,precedence,ORG-F-PW-DE-PHC-BGD2-UW-OBIC12P,ORGFull,N/A,Pairwise,Direct-E,PerSlotHoleCardinality,BreakGroupsD2,UWrMaxSAT,OldBestIC12+,OPTIMAL,SAT,0,0,bg_d2,0,0,0,,,0,1,1.184746,False,186.652,MaxSAT,ORGHistorical,ORG-Historical-BG-d2,Published-style,Published-style/Full,independent_reimplementation,one-shot weighted MaxSAT,52392,,,,,,,114307,184,114491,1840,50552,283030,47,baseline2__model-org_historical_maxsat__m-full__p-pairwise__g-direct__b-per_slot_hole_cardinality__o-break_groups_d2__s-uwrmaxsat__i-old_best_ic12plus__fairness-d2,baseline2__model-org_historical_maxsat__m-full__p-pairwise__g-direct__b-per_slot_hole_cardinality__o-break_groups_d2__s-uwrmaxsat__i-old_best_ic12plus__fairness-d2,legacy_full,n/a,pairwise,direct,UWrMaxSAT,UWrMaxSAT,binary-sha256:8c68c8a386d3d7847b50d315143c2bab60e3514e59510e84a649db83cb303876,org_historical_bg_d2_old_best,per_slot_hole_cardinality,total_break_groups_subject_to_range_at_most_2,BGD2,OBIC12P,282846,184,1,308,67519,42540,3940,1,184,184,1,,,,,,0,,,,,,,"formalism-specific model size: SAT/MaxSAT reports base CNF and soft clauses, MIP reports variables/linear constraints/nonzeros, and CP reports integer variables plus linear/global constraints; SAT bound/totalizer overhead remains separate in optimizer_added_*",1840,,,1840,,,,,,,,,,0.002042,0.113177,,0.113177,1.069528,"wall-clock from immediately before reading/parsing the .dzn instance through model construction, optimization, solution decoding, and independent validation; excludes worker-process startup and result-file export",0,0,,0,0,"0,0,0,0,0,0,0,0,0,0,0,0,0,0,0,0,0,0,0,0,0,0,0,0,0,0,0,0,0,0,0,0,0,0,0,0,0,0,0,0,0,0,0,0,0,0",peak_process_tree_rss_mb,fef8f130245fa1017b8593453ae7252e983020f5c8f132a60fbfe543c042130f,prec25,data_table08_prec/tic-13crafb.prec25.dzn,1,data_table08_prec/tic-13crafb.prec25.dzn,1,data_table08_prec/tic-13crafb.prec25.dzn,https://imae.udg.edu/Recerca/LAI/,https://ima.udg.edu/Recerca/lai/b2b/b2b.zip,,2026-08-15T05:21:31+00:00,7200.0,,ee80a6fbd8b513f7c010668495c39621a371266a,True,3.10.12,1.8.dev25,instance-20260810-085803,Linux-6.8.0-1065-gcp-x86_64-with-glibc2.35,x86_64,4,8,15988.055,1,0,/home/g24021555/Business-Meeting-Scheduling-Problem/.venv/bin/python /home/g24021555/Business-Meeting-Scheduling-Problem/src/ORG_BG_D2.py --data-dir data_table08_prec --family all --backend uwrmaxsat --uwrmaxsat-bin /home/g24021555/uwrmaxsat/build/release/bin/uwrmaxsat --uwrmaxsat-sha256 8c68c8a386d3d7847b50d315143c2bab60e3514e59510e84a649db83cb303876 --timeout 7200 --csv output/org_old_bg_d2/data_table08_prec.csv --no-excel,/home/g24021555/uwrmaxsat/build/release/bin/uwrmaxsat,8c68c8a386d3d7847b50d315143c2bab60e3514e59510e84a649db83cb303876,/home/g24021555/uwrmaxsat/build/release/bin/uwrmaxsat -m /tmp/org_bg_ise5xn1c.wcnf,,,,,UWrMaxSAT,,,,traditional,pairwise+direct,0,,,,,,,,,"1,0,7,3,2,8,7,4,6,2,2,9,7,6,4,6,3,5,1,6,7,2,4,2,6,3,8,1,7,4,5,0,8,7,6,9,1,3,4,5,6,4,9,8,3,7,0,2,8,6,1,4,7,5,2,0,7,3,9,6,2,0,5,3,9,4,5,8,5,7,8,4,5,0,2,9,3,8,6,1,7,2,3,5,4,4,9,2,1,6,8,3,8,3,6,1,5,9,3,2,0,3,8,4,5,2,0,7,3,4,7,2,8,5,0,1,7,9,4,1,6,8,2,3,5,7,9,9,0,5,1,2,6,4,5,7,1,3,0,6,4,8,9,6,9,1,3,5,4,2,3,0,7,1,8,5,6,6,5,4,8,7,9,6,0,2,3,1,4,8,7,9,5,5,6,3,4,8,7,3,2,5,4,1",,
