campaign_id,experiment_block,planned_configuration_id,repetition,run_order,run_key,attempt,run_order_seed,campaign_plan_sha256,instance,instance_content_id,base_lineage_id,instance_family,configuration_label,factor_m,factor_f,factor_p,factor_g,factor_b,factor_o,factor_s,factor_i,status,sat_result,best_value,proven_optimum,objective_mode,objective_vector,proven_objective_vector,primary_objective_value,secondary_objective_value,tertiary_objective_value,lexicographic_scalar_cost,objective_tier_weights,runtime_seconds,runtime_censored,peak_memory_mb,formalism,model_family,formulation_name,model_family_display_name,model_configuration_display_name,implementation_provenance,optimization_procedure_display_name,n_vars,n_binary_variables,n_integer_variables,n_continuous_variables,n_linear_constraints,n_global_constraints,n_nonzeros,n_hard_clauses,n_soft_clauses,n_total_clauses,n_primary_variables,n_auxiliary_variables,n_total_literals,max_hard_clause_length,configuration_id,configuration_key,domain_mode,domain_filter_graph,precedence_encoding,precedence_graph,optimization_engine,solver_backend,solver_version,encoding_variant,idle_encoding,objective,objective_code,implied_constraints_code,n_hard_literals,n_soft_literals,max_soft_clause_length,n_unit_hard_clauses,n_binary_hard_clauses,n_ternary_hard_clauses,n_long_hard_clauses,soft_clause_weight,soft_weight_sum,n_objective_lits,n_optimizer_calls,best_bound,optimality_gap,branch_and_bound_nodes,cp_branches,cp_fails,n_bound_encodings,optimizer_added_variables_peak,optimizer_added_clauses_peak,optimizer_added_literals_peak,optimizer_added_clauses_cumulative,objective_phase_seconds,objective_phase_calls,formula_scope,full_schedule_candidates,unary_eligible_schedule_candidates,reduced_schedule_candidates,active_schedule_candidates,precedence_direct_edges,precedence_closure_edges,precedence_relation_edges,precedence_max_distance,precedence_pairwise_clauses,precedence_sparse_link_clauses,precedence_unique_suffix_cuts,domain_filter_iterations,domain_filter_seconds,input_parsing_seconds,model_construction_seconds,backend_model_construction_seconds,model_build_seconds,solve_and_validate_seconds,runtime_scope,idle_range_pstar,total_internal_idle_slots,all_participant_idle_range,total_break_groups,break_group_range,participant_break_groups,memory_metric,instance_sha256,instance_variant,instance_path,source_alias_count,source_alias_paths,repository_alias_count,repository_alias_paths,dataset_source_page,dataset_archive_url,dataset_archive_sha256,run_started_utc,timeout_seconds,memory_limit_mb,git_commit,git_dirty,python_version,pysat_version,hostname,platform,cpu_model,physical_cpu_cores,logical_cpu_cores,system_memory_mb,threads,random_seed,runner_command,solver_binary,solver_binary_sha256,solver_command,validation_errors,solver_message,error_type,error_message,solver,maxsat_backend_preference,sat_backend_preference,resolved_uwrmaxsat_bin,precedence_mode,precedence_configuration,objective_value,objective_participant_count,objective_participants,initial_schedule_candidates,unary_removed_schedule_candidates,preprocessing_removed_schedule_candidates,removed_schedule_candidates,participant_internal_idle_slots,busy_participants_per_slot,assignment,schedule_by_slot,enabled_constraints
,,,,,,,,,forumt-14crafe.prec40,b2b-04376c6eedab9be2,b2b-lineage-forumt-14crafe,precedence,ORG-F-PW-DE-PHC-BGD2-UW-OBIC12P,ORGFull,N/A,Pairwise,Direct-E,PerSlotHoleCardinality,BreakGroupsD2,UWrMaxSAT,OldBestIC12+,OPTIMAL,SAT,6,6,bg_d2,6,6,6,,,6,1,3.324172,False,148.117,MaxSAT,ORGHistorical,ORG-Historical-BG-d2,Published-style,Published-style/Full,independent_reimplementation,one-shot weighted MaxSAT,78378,,,,,,,173618,240,173858,2360,76018,427883,61,baseline2__model-org_historical_maxsat__m-full__p-pairwise__g-direct__b-per_slot_hole_cardinality__o-break_groups_d2__s-uwrmaxsat__i-old_best_ic12plus__fairness-d2,baseline2__model-org_historical_maxsat__m-full__p-pairwise__g-direct__b-per_slot_hole_cardinality__o-break_groups_d2__s-uwrmaxsat__i-old_best_ic12plus__fairness-d2,legacy_full,n/a,pairwise,direct,UWrMaxSAT,UWrMaxSAT,binary-sha256:8c68c8a386d3d7847b50d315143c2bab60e3514e59510e84a649db83cb303876,org_historical_bg_d2_old_best,per_slot_hole_cardinality,total_break_groups_subject_to_range_at_most_2,BGD2,OBIC12P,427643,240,1,511,102536,65424,5147,1,240,240,1,,,,,,0,,,,,,,"formalism-specific model size: SAT/MaxSAT reports base CNF and soft clauses, MIP reports variables/linear constraints/nonzeros, and CP reports integer variables plus linear/global constraints; SAT bound/totalizer overhead remains separate in optimizer_added_*",2360,,,2360,,,,,,,,,,0.002594,0.176469,,0.176469,3.14511,"wall-clock from immediately before reading/parsing the .dzn instance through model construction, optimization, solution decoding, and independent validation; excludes worker-process startup and result-file export",6,17,,6,1,"0,0,0,0,1,0,0,0,0,0,0,0,0,0,0,0,1,1,0,0,0,0,0,0,0,0,0,0,0,0,0,0,0,0,0,0,0,0,0,0,0,0,0,0,0,0,0,0,0,0,0,0,0,0,0,1,1,0,0,1",peak_process_tree_rss_mb,04376c6eedab9be2af93122cb36e34c488195422b1cf99518b198ffbdff68c15,prec40,data_precedence_stress/forumt-14crafe.prec40.dzn,1,data_precedence_stress/forumt-14crafe.prec40.dzn,1,data_precedence_stress/forumt-14crafe.prec40.dzn,https://imae.udg.edu/Recerca/LAI/,https://ima.udg.edu/Recerca/lai/b2b/b2b.zip,,2026-08-15T05:27:59+00:00,7200.0,,ee80a6fbd8b513f7c010668495c39621a371266a,True,3.10.12,1.8.dev25,instance-20260810-085803,Linux-6.8.0-1065-gcp-x86_64-with-glibc2.35,x86_64,4,8,15988.055,1,0,/home/g24021555/Business-Meeting-Scheduling-Problem/.venv/bin/python /home/g24021555/Business-Meeting-Scheduling-Problem/src/ORG_BG_D2.py --data-dir data_precedence_stress --family all --backend uwrmaxsat --uwrmaxsat-bin /home/g24021555/uwrmaxsat/build/release/bin/uwrmaxsat --uwrmaxsat-sha256 8c68c8a386d3d7847b50d315143c2bab60e3514e59510e84a649db83cb303876 --timeout 7200 --csv output/org_old_bg_d2/data_precedence_stress.csv --no-excel,/home/g24021555/uwrmaxsat/build/release/bin/uwrmaxsat,8c68c8a386d3d7847b50d315143c2bab60e3514e59510e84a649db83cb303876,/home/g24021555/uwrmaxsat/build/release/bin/uwrmaxsat -m /tmp/org_bg_pvhl0g8v.wcnf,,,,,UWrMaxSAT,,,,traditional,pairwise+direct,6,,,,,,,,,"0,7,2,5,3,4,8,9,0,3,2,1,1,0,2,7,3,8,6,9,4,1,9,7,2,5,6,0,2,4,3,6,5,1,8,3,0,7,1,4,5,4,0,7,3,9,1,0,1,3,5,4,6,9,2,1,2,0,3,5,7,8,2,5,9,0,4,1,3,7,6,8,3,0,2,4,9,8,4,5,0,2,6,1,9,7,3,2,0,3,1,5,6,4,7,6,2,7,8,1,4,0,3,8,7,9,6,4,8,7,5,6,1,3,0,5,9,8,4,6,3,4,4,7,1,3,2,5,0,6,6,1,5,4,9,5,3,2,1,6,8,7,2,3,6,0,7,8,9,1,8,7,3,2,1,4,6,9,0,5,9,0,5,8,2,7,6,9,1,2,6,7,4,5,3,7,2,0,9,1,0,2,5,8,1,9,6,7,4,9,5,8,8,7,8,3,6,2,5,9,9,5,9,1,0,4,6,7,8,3,5,6,4,8,8,4,2,0,7,3,1,6,5,9,8,4,5,2,7,6,8,3,1,2,8,4",,
,,,,,,,,,tic-13.prec35,b2b-045ba150413e6b91,b2b-lineage-tic-13,precedence,ORG-F-PW-DE-PHC-BGD2-UW-OBIC12P,ORGFull,N/A,Pairwise,Direct-E,PerSlotHoleCardinality,BreakGroupsD2,UWrMaxSAT,OldBestIC12+,OPTIMAL,SAT,0,0,bg_d2,0,0,0,,,0,1,4.451855,False,105.793,MaxSAT,ORGHistorical,ORG-Historical-BG-d2,Published-style,Published-style/Full,independent_reimplementation,one-shot weighted MaxSAT,53139,,,,,,,116565,188,116753,1800,51339,287964,48,baseline2__model-org_historical_maxsat__m-full__p-pairwise__g-direct__b-per_slot_hole_cardinality__o-break_groups_d2__s-uwrmaxsat__i-old_best_ic12plus__fairness-d2,baseline2__model-org_historical_maxsat__m-full__p-pairwise__g-direct__b-per_slot_hole_cardinality__o-break_groups_d2__s-uwrmaxsat__i-old_best_ic12plus__fairness-d2,legacy_full,n/a,pairwise,direct,UWrMaxSAT,UWrMaxSAT,binary-sha256:8c68c8a386d3d7847b50d315143c2bab60e3514e59510e84a649db83cb303876,org_historical_bg_d2_old_best,per_slot_hole_cardinality,total_break_groups_subject_to_range_at_most_2,BGD2,OBIC12P,287776,188,1,283,69388,42865,4029,1,188,188,1,,,,,,0,,,,,,,"formalism-specific model size: SAT/MaxSAT reports base CNF and soft clauses, MIP reports variables/linear constraints/nonzeros, and CP reports integer variables plus linear/global constraints; SAT bound/totalizer overhead remains separate in optimizer_added_*",1800,,,1800,,,,,,,,,,0.002016,0.113456,,0.113456,4.336383,"wall-clock from immediately before reading/parsing the .dzn instance through model construction, optimization, solution decoding, and independent validation; excludes worker-process startup and result-file export",0,0,,0,0,"0,0,0,0,0,0,0,0,0,0,0,0,0,0,0,0,0,0,0,0,0,0,0,0,0,0,0,0,0,0,0,0,0,0,0,0,0,0,0,0,0,0,0,0,0,0,0",peak_process_tree_rss_mb,045ba150413e6b919eaa33fb60c27f881bc48d7b358a34b674d34d7ad3931eca,prec35,data_precedence_stress/tic-13.prec35.dzn,1,data_precedence_stress/tic-13.prec35.dzn,1,data_precedence_stress/tic-13.prec35.dzn,https://imae.udg.edu/Recerca/LAI/,https://ima.udg.edu/Recerca/lai/b2b/b2b.zip,,2026-08-15T05:27:59+00:00,7200.0,,ee80a6fbd8b513f7c010668495c39621a371266a,True,3.10.12,1.8.dev25,instance-20260810-085803,Linux-6.8.0-1065-gcp-x86_64-with-glibc2.35,x86_64,4,8,15988.055,1,0,/home/g24021555/Business-Meeting-Scheduling-Problem/.venv/bin/python /home/g24021555/Business-Meeting-Scheduling-Problem/src/ORG_BG_D2.py --data-dir data_precedence_stress --family all --backend uwrmaxsat --uwrmaxsat-bin /home/g24021555/uwrmaxsat/build/release/bin/uwrmaxsat --uwrmaxsat-sha256 8c68c8a386d3d7847b50d315143c2bab60e3514e59510e84a649db83cb303876 --timeout 7200 --csv output/org_old_bg_d2/data_precedence_stress.csv --no-excel,/home/g24021555/uwrmaxsat/build/release/bin/uwrmaxsat,8c68c8a386d3d7847b50d315143c2bab60e3514e59510e84a649db83cb303876,/home/g24021555/uwrmaxsat/build/release/bin/uwrmaxsat -m /tmp/org_bg_bln_pelv.wcnf,,,,,UWrMaxSAT,,,,traditional,pairwise+direct,0,,,,,,,,,"2,7,5,3,6,4,9,1,8,0,8,9,5,7,6,7,4,5,2,9,3,6,4,5,8,3,7,6,2,6,0,5,1,7,3,2,4,5,4,8,6,3,2,7,4,9,5,8,6,0,2,1,4,3,6,3,8,5,7,0,8,7,4,2,3,1,3,4,1,2,6,9,4,8,7,0,1,2,3,6,3,2,7,1,5,9,1,2,3,0,1,3,7,5,6,2,1,5,2,9,4,8,5,7,9,3,8,6,1,4,3,8,6,5,9,5,7,9,0,4,1,2,5,3,2,6,8,1,4,9,4,3,2,9,8,0,5,7,8,4,6,5,6,1,2,7,8,6,2,3,0,6,5,0,6,8,7,6,4,7,1,4,4,2,0,3,2,3,7,5,1,4,7,3,5,4,1,0,5,0",,
,,,,,,,,,tic-12crafc.prec40,b2b-05e000793c6c39ef,b2b-lineage-tic-12crafc,precedence,ORG-F-PW-DE-PHC-BGD2-UW-OBIC12P,ORGFull,N/A,Pairwise,Direct-E,PerSlotHoleCardinality,BreakGroupsD2,UWrMaxSAT,OldBestIC12+,OPTIMAL,SAT,0,0,bg_d2,0,0,0,,,0,1,0.57107,False,76.242,MaxSAT,ORGHistorical,ORG-Historical-BG-d2,Published-style,Published-style/Full,independent_reimplementation,one-shot weighted MaxSAT,23942,,,,,,,54540,126,54666,1000,22942,133263,43,baseline2__model-org_historical_maxsat__m-full__p-pairwise__g-direct__b-per_slot_hole_cardinality__o-break_groups_d2__s-uwrmaxsat__i-old_best_ic12plus__fairness-d2,baseline2__model-org_historical_maxsat__m-full__p-pairwise__g-direct__b-per_slot_hole_cardinality__o-break_groups_d2__s-uwrmaxsat__i-old_best_ic12plus__fairness-d2,legacy_full,n/a,pairwise,direct,UWrMaxSAT,UWrMaxSAT,binary-sha256:8c68c8a386d3d7847b50d315143c2bab60e3514e59510e84a649db83cb303876,org_historical_bg_d2_old_best,per_slot_hole_cardinality,total_break_groups_subject_to_range_at_most_2,BGD2,OBIC12P,133137,126,1,234,33696,18943,1667,1,126,126,1,,,,,,0,,,,,,,"formalism-specific model size: SAT/MaxSAT reports base CNF and soft clauses, MIP reports variables/linear constraints/nonzeros, and CP reports integer variables plus linear/global constraints; SAT bound/totalizer overhead remains separate in optimizer_added_*",1000,,,1000,,,,,,,,,,0.001514,0.05517,,0.05517,0.514385,"wall-clock from immediately before reading/parsing the .dzn instance through model construction, optimization, solution decoding, and independent validation; excludes worker-process startup and result-file export",0,0,,0,0,"0,0,0,0,0,0,0,0,0,0,0,0,0,0,0,0,0,0,0,0,0,0,0,0,0,0,0,0,0,0,0,0,0,0,0,0,0,0,0,0,0,0",peak_process_tree_rss_mb,05e000793c6c39ef780d9387e2c1d429854c0dde88a649fd35d1c5f305f97d37,prec40,data_precedence_stress/tic-12crafc.prec40.dzn,1,data_precedence_stress/tic-12crafc.prec40.dzn,1,data_precedence_stress/tic-12crafc.prec40.dzn,https://imae.udg.edu/Recerca/LAI/,https://ima.udg.edu/Recerca/lai/b2b/b2b.zip,,2026-08-15T05:27:59+00:00,7200.0,,ee80a6fbd8b513f7c010668495c39621a371266a,True,3.10.12,1.8.dev25,instance-20260810-085803,Linux-6.8.0-1065-gcp-x86_64-with-glibc2.35,x86_64,4,8,15988.055,1,0,/home/g24021555/Business-Meeting-Scheduling-Problem/.venv/bin/python /home/g24021555/Business-Meeting-Scheduling-Problem/src/ORG_BG_D2.py --data-dir data_precedence_stress --family all --backend uwrmaxsat --uwrmaxsat-bin /home/g24021555/uwrmaxsat/build/release/bin/uwrmaxsat --uwrmaxsat-sha256 8c68c8a386d3d7847b50d315143c2bab60e3514e59510e84a649db83cb303876 --timeout 7200 --csv output/org_old_bg_d2/data_precedence_stress.csv --no-excel,/home/g24021555/uwrmaxsat/build/release/bin/uwrmaxsat,8c68c8a386d3d7847b50d315143c2bab60e3514e59510e84a649db83cb303876,/home/g24021555/uwrmaxsat/build/release/bin/uwrmaxsat -m /tmp/org_bg_cyy70s2g.wcnf,,,,,UWrMaxSAT,,,,traditional,pairwise+direct,0,,,,,,,,,"4,2,1,7,3,0,0,1,3,3,7,0,1,7,6,4,2,3,2,0,4,1,1,0,2,3,0,4,1,5,7,6,5,0,1,3,4,6,0,5,6,1,7,4,2,0,5,4,1,3,2,3,5,7,6,4,1,6,5,6,5,7,3,1,2,6,1,7,2,5,5,6,3,7,2,4,4,6,5,4,3,6,0,2,7,1,2,5,1,0,4,4,7,5,2,6,3,0,1,3,4,2,5,0,6,4,3,7,6,2,5,6,7,0,2,5,3,4,7,2,6,5,1,0,3",,
,,,,,,,,,ticf-13crafa.prec40,b2b-0b432e24f29a032d,b2b-lineage-ticf-13crafa,precedence,ORG-F-PW-DE-PHC-BGD2-UW-OBIC12P,ORGFull,N/A,Pairwise,Direct-E,PerSlotHoleCardinality,BreakGroupsD2,UWrMaxSAT,OldBestIC12+,OPTIMAL,SAT,4,4,bg_d2,4,4,4,,,4,1,106.918187,False,322.156,MaxSAT,ORGHistorical,ORG-Historical-BG-d2,Published-style,Published-style/Full,independent_reimplementation,one-shot weighted MaxSAT,207114,,,,,,,435515,700,436215,3234,203880,1227323,71,baseline2__model-org_historical_maxsat__m-full__p-pairwise__g-direct__b-per_slot_hole_cardinality__o-break_groups_d2__s-uwrmaxsat__i-old_best_ic12plus__fairness-d2,baseline2__model-org_historical_maxsat__m-full__p-pairwise__g-direct__b-per_slot_hole_cardinality__o-break_groups_d2__s-uwrmaxsat__i-old_best_ic12plus__fairness-d2,legacy_full,n/a,pairwise,direct,UWrMaxSAT,UWrMaxSAT,binary-sha256:8c68c8a386d3d7847b50d315143c2bab60e3514e59510e84a649db83cb303876,org_historical_bg_d2_old_best,per_slot_hole_cardinality,total_break_groups_subject_to_range_at_most_2,BGD2,OBIC12P,1226623,700,1,1036,166398,186835,81246,1,700,700,1,,,,,,0,,,,,,,"formalism-specific model size: SAT/MaxSAT reports base CNF and soft clauses, MIP reports variables/linear constraints/nonzeros, and CP reports integer variables plus linear/global constraints; SAT bound/totalizer overhead remains separate in optimizer_added_*",3234,,,3234,,,,,,,,,,0.001975,0.470119,,0.470119,106.446093,"wall-clock from immediately before reading/parsing the .dzn instance through model construction, optimization, solution decoding, and independent validation; excludes worker-process startup and result-file export",10,31,,4,1,"0,0,0,0,0,1,0,0,0,0,0,0,0,0,0,0,0,0,0,0,0,0,0,0,0,1,0,0,0,0,1,1,0,0,0,0,0,0,0,0,0,0,0,0,0,0,0,0,0,0,0,0,0,0,0,0,0,0,0,0,0,0,0,0,0,0,0,0,0,0",peak_process_tree_rss_mb,0b432e24f29a032dc2a26f115240a10e07e501d53e8246ca2716a2a79397f1a7,prec40,data_precedence_stress/ticf-13crafa.prec40.dzn,1,data_precedence_stress/ticf-13crafa.prec40.dzn,1,data_precedence_stress/ticf-13crafa.prec40.dzn,https://imae.udg.edu/Recerca/LAI/,https://ima.udg.edu/Recerca/lai/b2b/b2b.zip,,2026-08-15T05:27:59+00:00,7200.0,,ee80a6fbd8b513f7c010668495c39621a371266a,True,3.10.12,1.8.dev25,instance-20260810-085803,Linux-6.8.0-1065-gcp-x86_64-with-glibc2.35,x86_64,4,8,15988.055,1,0,/home/g24021555/Business-Meeting-Scheduling-Problem/.venv/bin/python /home/g24021555/Business-Meeting-Scheduling-Problem/src/ORG_BG_D2.py --data-dir data_precedence_stress --family all --backend uwrmaxsat --uwrmaxsat-bin /home/g24021555/uwrmaxsat/build/release/bin/uwrmaxsat --uwrmaxsat-sha256 8c68c8a386d3d7847b50d315143c2bab60e3514e59510e84a649db83cb303876 --timeout 7200 --csv output/org_old_bg_d2/data_precedence_stress.csv --no-excel,/home/g24021555/uwrmaxsat/build/release/bin/uwrmaxsat,8c68c8a386d3d7847b50d315143c2bab60e3514e59510e84a649db83cb303876,/home/g24021555/uwrmaxsat/build/release/bin/uwrmaxsat -m /tmp/org_bg_9rrqgpcg.wcnf,,,,,UWrMaxSAT,,,,traditional,pairwise+direct,4,,,,,,,,,"1,6,2,4,3,7,8,9,5,14,8,9,3,2,7,6,5,4,2,1,5,4,6,3,4,0,3,0,2,6,4,5,1,4,3,5,7,1,2,6,1,2,13,13,14,7,5,8,5,6,2,8,7,4,1,3,9,3,0,2,1,10,9,10,7,11,8,3,10,6,11,9,4,12,5,8,7,4,6,3,1,11,10,5,2,7,9,8,3,7,4,1,6,2,0,8,9,5,7,10,8,12,9,11,4,9,10,3,5,6,7,8,11,4,5,6,3,8,0,2,1,2,6,5,12,4,11,3,9,10,8,1,7,0,5,1,11,7,3,6,9,8,10,12,4,13,2,14,7,8,9,12,10,11",,
,,,,,,,,,tic-13.prec30,b2b-0b9368a98f12d0ec,b2b-lineage-tic-13,precedence,ORG-F-PW-DE-PHC-BGD2-UW-OBIC12P,ORGFull,N/A,Pairwise,Direct-E,PerSlotHoleCardinality,BreakGroupsD2,UWrMaxSAT,OldBestIC12+,OPTIMAL,SAT,0,0,bg_d2,0,0,0,,,0,1,1.816311,False,125.469,MaxSAT,ORGHistorical,ORG-Historical-BG-d2,Published-style,Published-style/Full,independent_reimplementation,one-shot weighted MaxSAT,53139,,,,,,,116070,188,116258,1800,51339,286974,48,baseline2__model-org_historical_maxsat__m-full__p-pairwise__g-direct__b-per_slot_hole_cardinality__o-break_groups_d2__s-uwrmaxsat__i-old_best_ic12plus__fairness-d2,baseline2__model-org_historical_maxsat__m-full__p-pairwise__g-direct__b-per_slot_hole_cardinality__o-break_groups_d2__s-uwrmaxsat__i-old_best_ic12plus__fairness-d2,legacy_full,n/a,pairwise,direct,UWrMaxSAT,UWrMaxSAT,binary-sha256:8c68c8a386d3d7847b50d315143c2bab60e3514e59510e84a649db83cb303876,org_historical_bg_d2_old_best,per_slot_hole_cardinality,total_break_groups_subject_to_range_at_most_2,BGD2,OBIC12P,286786,188,1,283,68893,42865,4029,1,188,188,1,,,,,,0,,,,,,,"formalism-specific model size: SAT/MaxSAT reports base CNF and soft clauses, MIP reports variables/linear constraints/nonzeros, and CP reports integer variables plus linear/global constraints; SAT bound/totalizer overhead remains separate in optimizer_added_*",1800,,,1800,,,,,,,,,,0.002011,0.113271,,0.113271,1.701029,"wall-clock from immediately before reading/parsing the .dzn instance through model construction, optimization, solution decoding, and independent validation; excludes worker-process startup and result-file export",0,0,,0,0,"0,0,0,0,0,0,0,0,0,0,0,0,0,0,0,0,0,0,0,0,0,0,0,0,0,0,0,0,0,0,0,0,0,0,0,0,0,0,0,0,0,0,0,0,0,0,0",peak_process_tree_rss_mb,0b9368a98f12d0ec555cd59136e49e70ff2ae3706480a52f834e0428ccd31a6e,prec30,data_precedence_stress/tic-13.prec30.dzn,1,data_precedence_stress/tic-13.prec30.dzn,1,data_precedence_stress/tic-13.prec30.dzn,https://imae.udg.edu/Recerca/LAI/,https://ima.udg.edu/Recerca/lai/b2b/b2b.zip,,2026-08-15T05:27:59+00:00,7200.0,,ee80a6fbd8b513f7c010668495c39621a371266a,True,3.10.12,1.8.dev25,instance-20260810-085803,Linux-6.8.0-1065-gcp-x86_64-with-glibc2.35,x86_64,4,8,15988.055,1,0,/home/g24021555/Business-Meeting-Scheduling-Problem/.venv/bin/python /home/g24021555/Business-Meeting-Scheduling-Problem/src/ORG_BG_D2.py --data-dir data_precedence_stress --family all --backend uwrmaxsat --uwrmaxsat-bin /home/g24021555/uwrmaxsat/build/release/bin/uwrmaxsat --uwrmaxsat-sha256 8c68c8a386d3d7847b50d315143c2bab60e3514e59510e84a649db83cb303876 --timeout 7200 --csv output/org_old_bg_d2/data_precedence_stress.csv --no-excel,/home/g24021555/uwrmaxsat/build/release/bin/uwrmaxsat,8c68c8a386d3d7847b50d315143c2bab60e3514e59510e84a649db83cb303876,/home/g24021555/uwrmaxsat/build/release/bin/uwrmaxsat -m /tmp/org_bg_ch8tuv48.wcnf,,,,,UWrMaxSAT,,,,traditional,pairwise+direct,0,,,,,,,,,"0,9,3,2,6,8,7,5,4,1,7,4,5,8,6,2,4,5,3,6,9,8,3,4,9,8,5,7,6,3,5,8,6,7,9,2,4,0,3,4,1,5,6,3,4,2,9,8,7,5,8,4,6,7,5,4,1,6,2,1,7,8,3,2,9,6,4,6,7,8,6,2,1,7,9,5,8,3,0,8,0,4,6,2,1,7,0,2,3,1,0,5,3,2,8,6,0,2,7,1,6,4,9,8,7,1,4,2,1,7,5,9,4,6,2,7,5,6,4,6,5,7,3,7,2,4,8,1,6,5,7,5,1,2,9,3,0,4,2,5,1,2,6,3,8,6,9,4,8,5,3,7,5,1,9,6,3,8,3,7,9,8,5,4,3,0,0,0,7,4,8,4,5,1,5,2,3,0,9,3",,
,,,,,,,,,ticf-14crafa.prec40,b2b-0c5e671a5790a3a4,b2b-lineage-ticf-14crafa,precedence,ORG-F-PW-DE-PHC-BGD2-UW-OBIC12P,ORGFull,N/A,Pairwise,Direct-E,PerSlotHoleCardinality,BreakGroupsD2,UWrMaxSAT,OldBestIC12+,TIMEOUT,TIMEOUT,15,,bg_d2,,,15,,,15,1,7201.492239,True,627.715,MaxSAT,ORGHistorical,ORG-Historical-BG-d2,Published-style,Published-style/Full,independent_reimplementation,one-shot weighted MaxSAT,352704,,,,,,,765845,780,766625,6644,346060,2056079,79,baseline2__model-org_historical_maxsat__m-full__p-pairwise__g-direct__b-per_slot_hole_cardinality__o-break_groups_d2__s-uwrmaxsat__i-old_best_ic12plus__fairness-d2,baseline2__model-org_historical_maxsat__m-full__p-pairwise__g-direct__b-per_slot_hole_cardinality__o-break_groups_d2__s-uwrmaxsat__i-old_best_ic12plus__fairness-d2,legacy_full,n/a,pairwise,direct,UWrMaxSAT,UWrMaxSAT,binary-sha256:8c68c8a386d3d7847b50d315143c2bab60e3514e59510e84a649db83cb303876,org_historical_bg_d2_old_best,per_slot_hole_cardinality,total_break_groups_subject_to_range_at_most_2,BGD2,OBIC12P,2055299,780,1,1116,354308,312391,98030,1,780,780,1,,,,,,0,,,,,,,"formalism-specific model size: SAT/MaxSAT reports base CNF and soft clauses, MIP reports variables/linear constraints/nonzeros, and CP reports integer variables plus linear/global constraints; SAT bound/totalizer overhead remains separate in optimizer_added_*",6644,,,6644,,,,,,,,,,0.003368,0.851839,,0.851839,7200.637032,"wall-clock from immediately before reading/parsing the .dzn instance through model construction, optimization, solution decoding, and independent validation; excludes worker-process startup and result-file export",,,,,,,peak_process_tree_rss_mb,0c5e671a5790a3a48c771c9c5a3fbe594d945e4474fd0e9b28681557280e5d0a,prec40,data_precedence_stress/ticf-14crafa.prec40.dzn,1,data_precedence_stress/ticf-14crafa.prec40.dzn,1,data_precedence_stress/ticf-14crafa.prec40.dzn,https://imae.udg.edu/Recerca/LAI/,https://ima.udg.edu/Recerca/lai/b2b/b2b.zip,,2026-08-15T05:27:59+00:00,7200.0,,ee80a6fbd8b513f7c010668495c39621a371266a,True,3.10.12,1.8.dev25,instance-20260810-085803,Linux-6.8.0-1065-gcp-x86_64-with-glibc2.35,x86_64,4,8,15988.055,1,0,/home/g24021555/Business-Meeting-Scheduling-Problem/.venv/bin/python /home/g24021555/Business-Meeting-Scheduling-Problem/src/ORG_BG_D2.py --data-dir data_precedence_stress --family all --backend uwrmaxsat --uwrmaxsat-bin /home/g24021555/uwrmaxsat/build/release/bin/uwrmaxsat --uwrmaxsat-sha256 8c68c8a386d3d7847b50d315143c2bab60e3514e59510e84a649db83cb303876 --timeout 7200 --csv output/org_old_bg_d2/data_precedence_stress.csv --no-excel,/home/g24021555/uwrmaxsat/build/release/bin/uwrmaxsat,8c68c8a386d3d7847b50d315143c2bab60e3514e59510e84a649db83cb303876,/home/g24021555/uwrmaxsat/build/release/bin/uwrmaxsat -m /tmp/org_bg_dili6kcz.wcnf,,,,,UWrMaxSAT,,,,traditional,pairwise+direct,15,,,,,,,,,,,
,,,,,,,,,tic-12.prec40,b2b-1070b77709a2db43,b2b-lineage-tic-12,precedence,ORG-F-PW-DE-PHC-BGD2-UW-OBIC12P,ORGFull,N/A,Pairwise,Direct-E,PerSlotHoleCardinality,BreakGroupsD2,UWrMaxSAT,OldBestIC12+,OPTIMAL,SAT,0,0,bg_d2,0,0,0,,,0,1,0.323003,False,146.547,MaxSAT,ORGHistorical,ORG-Historical-BG-d2,Published-style,Published-style/Full,independent_reimplementation,one-shot weighted MaxSAT,24902,,,,,,,56556,126,56682,1000,23902,138375,43,baseline2__model-org_historical_maxsat__m-full__p-pairwise__g-direct__b-per_slot_hole_cardinality__o-break_groups_d2__s-uwrmaxsat__i-old_best_ic12plus__fairness-d2,baseline2__model-org_historical_maxsat__m-full__p-pairwise__g-direct__b-per_slot_hole_cardinality__o-break_groups_d2__s-uwrmaxsat__i-old_best_ic12plus__fairness-d2,legacy_full,n/a,pairwise,direct,UWrMaxSAT,UWrMaxSAT,binary-sha256:8c68c8a386d3d7847b50d315143c2bab60e3514e59510e84a649db83cb303876,org_historical_bg_d2_old_best,per_slot_hole_cardinality,total_break_groups_subject_to_range_at_most_2,BGD2,OBIC12P,138249,126,1,234,34632,20023,1667,1,126,126,1,,,,,,0,,,,,,,"formalism-specific model size: SAT/MaxSAT reports base CNF and soft clauses, MIP reports variables/linear constraints/nonzeros, and CP reports integer variables plus linear/global constraints; SAT bound/totalizer overhead remains separate in optimizer_added_*",1000,,,1000,,,,,,,,,,0.001587,0.051442,,0.051442,0.269975,"wall-clock from immediately before reading/parsing the .dzn instance through model construction, optimization, solution decoding, and independent validation; excludes worker-process startup and result-file export",0,0,,0,0,"0,0,0,0,0,0,0,0,0,0,0,0,0,0,0,0,0,0,0,0,0,0,0,0,0,0,0,0,0,0,0,0,0,0,0,0,0,0,0,0,0,0",peak_process_tree_rss_mb,1070b77709a2db43927fd2baec14089b211b561e99d09bb7fa9f0c63be1b5f23,prec40,data_precedence_stress/tic-12.prec40.dzn,1,data_precedence_stress/tic-12.prec40.dzn,1,data_precedence_stress/tic-12.prec40.dzn,https://imae.udg.edu/Recerca/LAI/,https://ima.udg.edu/Recerca/lai/b2b/b2b.zip,,2026-08-15T05:27:59+00:00,7200.0,,ee80a6fbd8b513f7c010668495c39621a371266a,True,3.10.12,1.8.dev25,instance-20260810-085803,Linux-6.8.0-1065-gcp-x86_64-with-glibc2.35,x86_64,4,8,15988.055,1,0,/home/g24021555/Business-Meeting-Scheduling-Problem/.venv/bin/python /home/g24021555/Business-Meeting-Scheduling-Problem/src/ORG_BG_D2.py --data-dir data_precedence_stress --family all --backend uwrmaxsat --uwrmaxsat-bin /home/g24021555/uwrmaxsat/build/release/bin/uwrmaxsat --uwrmaxsat-sha256 8c68c8a386d3d7847b50d315143c2bab60e3514e59510e84a649db83cb303876 --timeout 7200 --csv output/org_old_bg_d2/data_precedence_stress.csv --no-excel,/home/g24021555/uwrmaxsat/build/release/bin/uwrmaxsat,8c68c8a386d3d7847b50d315143c2bab60e3514e59510e84a649db83cb303876,/home/g24021555/uwrmaxsat/build/release/bin/uwrmaxsat -m /tmp/org_bg_dah6dbiu.wcnf,,,,,UWrMaxSAT,,,,traditional,pairwise+direct,0,,,,,,,,,"0,1,2,3,4,0,0,1,3,1,4,5,0,1,2,4,3,6,2,0,7,4,1,0,1,3,0,7,4,2,6,5,1,0,6,5,2,3,4,7,5,2,0,6,1,2,6,5,7,4,4,3,7,5,6,1,2,2,4,6,3,1,4,5,2,7,4,5,2,3,3,5,4,6,1,7,1,3,2,6,3,7,0,5,4,1,2,3,1,0,5,5,6,7,4,1,3,0,2,2,7,3,5,0,1,4,6,5,3,2,7,5,6,0,4,2,3,7,1,4,5,2,3,0,6",,
,,,,,,,,,tic-14crafa.prec40,b2b-1152572ad0cafc4e,b2b-lineage-tic-14crafa,precedence,ORG-F-PW-DE-PHC-BGD2-UW-OBIC12P,ORGFull,N/A,Pairwise,Direct-E,PerSlotHoleCardinality,BreakGroupsD2,UWrMaxSAT,OldBestIC12+,OPTIMAL,SAT,0,0,bg_d2,0,0,0,,,0,1,10.832291,False,188.641,MaxSAT,ORGHistorical,ORG-Historical-BG-d2,Published-style,Published-style/Full,independent_reimplementation,one-shot weighted MaxSAT,81817,,,,,,,179953,240,180193,2370,79447,444156,61,baseline2__model-org_historical_maxsat__m-full__p-pairwise__g-direct__b-per_slot_hole_cardinality__o-break_groups_d2__s-uwrmaxsat__i-old_best_ic12plus__fairness-d2,baseline2__model-org_historical_maxsat__m-full__p-pairwise__g-direct__b-per_slot_hole_cardinality__o-break_groups_d2__s-uwrmaxsat__i-old_best_ic12plus__fairness-d2,legacy_full,n/a,pairwise,direct,UWrMaxSAT,UWrMaxSAT,binary-sha256:8c68c8a386d3d7847b50d315143c2bab60e3514e59510e84a649db83cb303876,org_historical_bg_d2_old_best,per_slot_hole_cardinality,total_break_groups_subject_to_range_at_most_2,BGD2,OBIC12P,443916,240,1,384,105570,68838,5161,1,240,240,1,,,,,,0,,,,,,,"formalism-specific model size: SAT/MaxSAT reports base CNF and soft clauses, MIP reports variables/linear constraints/nonzeros, and CP reports integer variables plus linear/global constraints; SAT bound/totalizer overhead remains separate in optimizer_added_*",2370,,,2370,,,,,,,,,,0.002676,0.175582,,0.175582,10.654033,"wall-clock from immediately before reading/parsing the .dzn instance through model construction, optimization, solution decoding, and independent validation; excludes worker-process startup and result-file export",0,0,,0,0,"0,0,0,0,0,0,0,0,0,0,0,0,0,0,0,0,0,0,0,0,0,0,0,0,0,0,0,0,0,0,0,0,0,0,0,0,0,0,0,0,0,0,0,0,0,0,0,0,0,0,0,0,0,0,0,0,0,0,0,0",peak_process_tree_rss_mb,1152572ad0cafc4e46788903a483a0e652de9c8c6249b39b9b4454cd19b76805,prec40,data_precedence_stress/tic-14crafa.prec40.dzn,1,data_precedence_stress/tic-14crafa.prec40.dzn,1,data_precedence_stress/tic-14crafa.prec40.dzn,https://imae.udg.edu/Recerca/LAI/,https://ima.udg.edu/Recerca/lai/b2b/b2b.zip,,2026-08-15T05:27:59+00:00,7200.0,,ee80a6fbd8b513f7c010668495c39621a371266a,True,3.10.12,1.8.dev25,instance-20260810-085803,Linux-6.8.0-1065-gcp-x86_64-with-glibc2.35,x86_64,4,8,15988.055,1,0,/home/g24021555/Business-Meeting-Scheduling-Problem/.venv/bin/python /home/g24021555/Business-Meeting-Scheduling-Problem/src/ORG_BG_D2.py --data-dir data_precedence_stress --family all --backend uwrmaxsat --uwrmaxsat-bin /home/g24021555/uwrmaxsat/build/release/bin/uwrmaxsat --uwrmaxsat-sha256 8c68c8a386d3d7847b50d315143c2bab60e3514e59510e84a649db83cb303876 --timeout 7200 --csv output/org_old_bg_d2/data_precedence_stress.csv --no-excel,/home/g24021555/uwrmaxsat/build/release/bin/uwrmaxsat,8c68c8a386d3d7847b50d315143c2bab60e3514e59510e84a649db83cb303876,/home/g24021555/uwrmaxsat/build/release/bin/uwrmaxsat -m /tmp/org_bg_k4sn6ehu.wcnf,,,,,UWrMaxSAT,,,,traditional,pairwise+direct,0,,,,,,,,,"4,0,3,5,8,2,7,1,2,7,1,3,6,7,4,9,5,2,5,0,3,2,5,0,3,7,4,1,3,6,0,3,8,7,8,3,4,9,6,0,4,0,1,7,5,9,2,7,5,6,2,3,8,9,2,1,5,4,8,3,6,1,0,4,8,5,3,6,7,9,2,6,4,8,0,9,8,5,2,6,7,0,4,9,1,3,0,5,1,3,2,4,3,5,4,7,6,8,2,3,4,5,7,6,1,7,6,8,7,4,1,5,6,9,1,3,5,2,7,6,4,2,4,6,4,2,3,6,1,0,8,5,0,3,9,7,6,4,8,1,5,2,6,9,8,1,9,8,1,3,8,9,3,6,5,0,7,1,4,2,0,9,4,1,7,8,2,5,6,0,1,8,5,3,5,6,7,4,0,6,8,5,2,0,1,7,4,0,2,5,3,1,3,9,4,8,7,3,2,6,2,4,8,9,7,6,5,2,1,0,3,4,8,2,5,2,3,7,5,1,3,5,4,9,6,8,2,7,3,6,4,7,9,4,6,7,5",,
,,,,,,,,,tic-14crafd.prec30,b2b-17605dcfb2135983,b2b-lineage-tic-14crafd,precedence,ORG-F-PW-DE-PHC-BGD2-UW-OBIC12P,ORGFull,N/A,Pairwise,Direct-E,PerSlotHoleCardinality,BreakGroupsD2,UWrMaxSAT,OldBestIC12+,OPTIMAL,SAT,0,0,bg_d2,0,0,0,,,0,1,2.596729,False,162.91,MaxSAT,ORGHistorical,ORG-Historical-BG-d2,Published-style,Published-style/Full,independent_reimplementation,one-shot weighted MaxSAT,79488,,,,,,,172769,240,173009,2360,77128,427419,61,baseline2__model-org_historical_maxsat__m-full__p-pairwise__g-direct__b-per_slot_hole_cardinality__o-break_groups_d2__s-uwrmaxsat__i-old_best_ic12plus__fairness-d2,baseline2__model-org_historical_maxsat__m-full__p-pairwise__g-direct__b-per_slot_hole_cardinality__o-break_groups_d2__s-uwrmaxsat__i-old_best_ic12plus__fairness-d2,legacy_full,n/a,pairwise,direct,UWrMaxSAT,UWrMaxSAT,binary-sha256:8c68c8a386d3d7847b50d315143c2bab60e3514e59510e84a649db83cb303876,org_historical_bg_d2_old_best,per_slot_hole_cardinality,total_break_groups_subject_to_range_at_most_2,BGD2,OBIC12P,427179,240,1,417,100641,66564,5147,1,240,240,1,,,,,,0,,,,,,,"formalism-specific model size: SAT/MaxSAT reports base CNF and soft clauses, MIP reports variables/linear constraints/nonzeros, and CP reports integer variables plus linear/global constraints; SAT bound/totalizer overhead remains separate in optimizer_added_*",2360,,,2360,,,,,,,,,,0.002638,0.17241,,0.17241,2.421681,"wall-clock from immediately before reading/parsing the .dzn instance through model construction, optimization, solution decoding, and independent validation; excludes worker-process startup and result-file export",0,0,,0,0,"0,0,0,0,0,0,0,0,0,0,0,0,0,0,0,0,0,0,0,0,0,0,0,0,0,0,0,0,0,0,0,0,0,0,0,0,0,0,0,0,0,0,0,0,0,0,0,0,0,0,0,0,0,0,0,0,0,0,0,0",peak_process_tree_rss_mb,17605dcfb2135983fb89ec857d2c4ab53b18746a7b4d9552f636e355ee7f0267,prec30,data_precedence_stress/tic-14crafd.prec30.dzn,1,data_precedence_stress/tic-14crafd.prec30.dzn,1,data_precedence_stress/tic-14crafd.prec30.dzn,https://imae.udg.edu/Recerca/LAI/,https://ima.udg.edu/Recerca/lai/b2b/b2b.zip,,2026-08-15T05:27:59+00:00,7200.0,,ee80a6fbd8b513f7c010668495c39621a371266a,True,3.10.12,1.8.dev25,instance-20260810-085803,Linux-6.8.0-1065-gcp-x86_64-with-glibc2.35,x86_64,4,8,15988.055,1,0,/home/g24021555/Business-Meeting-Scheduling-Problem/.venv/bin/python /home/g24021555/Business-Meeting-Scheduling-Problem/src/ORG_BG_D2.py --data-dir data_precedence_stress --family all --backend uwrmaxsat --uwrmaxsat-bin /home/g24021555/uwrmaxsat/build/release/bin/uwrmaxsat --uwrmaxsat-sha256 8c68c8a386d3d7847b50d315143c2bab60e3514e59510e84a649db83cb303876 --timeout 7200 --csv output/org_old_bg_d2/data_precedence_stress.csv --no-excel,/home/g24021555/uwrmaxsat/build/release/bin/uwrmaxsat,8c68c8a386d3d7847b50d315143c2bab60e3514e59510e84a649db83cb303876,/home/g24021555/uwrmaxsat/build/release/bin/uwrmaxsat -m /tmp/org_bg_37d_rqmv.wcnf,,,,,UWrMaxSAT,,,,traditional,pairwise+direct,0,,,,,,,,,"4,0,7,2,1,3,6,9,1,6,2,6,2,4,6,3,7,0,8,5,1,3,6,4,1,2,0,0,2,1,5,2,0,3,4,2,5,7,1,1,0,4,3,7,6,1,8,5,4,2,1,8,0,6,9,3,5,4,6,0,8,9,2,5,4,0,7,3,1,8,6,9,6,0,7,5,4,3,1,9,0,2,5,8,4,6,7,2,3,1,6,8,7,5,4,7,4,8,3,2,9,6,2,4,5,3,9,5,8,6,7,8,9,5,7,1,2,6,3,1,8,3,5,9,8,3,2,7,4,6,8,3,9,6,4,0,1,9,8,2,5,3,2,8,0,7,9,3,4,3,2,3,1,4,8,5,6,7,0,9,2,0,9,5,6,1,4,9,7,0,1,4,5,9,1,7,4,0,8,3,8,7,9,7,8,6,3,0,4,5,1,2,5,2,7,1,6,4,5,9,7,0,1,3,8,5,4,7,6,2,4,2,3,5,7,2,9,1,7,8,3,6,4,0,5,6,2,1,5,0,7,8,6,7,5,3",,
,,,,,,,,,tic-12crafc.prec30,b2b-1c6b1e4595365420,b2b-lineage-tic-12crafc,precedence,ORG-F-PW-DE-PHC-BGD2-UW-OBIC12P,ORGFull,N/A,Pairwise,Direct-E,PerSlotHoleCardinality,BreakGroupsD2,UWrMaxSAT,OldBestIC12+,OPTIMAL,SAT,0,0,bg_d2,0,0,0,,,0,1,0.305721,False,100.012,MaxSAT,ORGHistorical,ORG-Historical-BG-d2,Published-style,Published-style/Full,independent_reimplementation,one-shot weighted MaxSAT,23942,,,,,,,53496,126,53622,1000,22942,131175,43,baseline2__model-org_historical_maxsat__m-full__p-pairwise__g-direct__b-per_slot_hole_cardinality__o-break_groups_d2__s-uwrmaxsat__i-old_best_ic12plus__fairness-d2,baseline2__model-org_historical_maxsat__m-full__p-pairwise__g-direct__b-per_slot_hole_cardinality__o-break_groups_d2__s-uwrmaxsat__i-old_best_ic12plus__fairness-d2,legacy_full,n/a,pairwise,direct,UWrMaxSAT,UWrMaxSAT,binary-sha256:8c68c8a386d3d7847b50d315143c2bab60e3514e59510e84a649db83cb303876,org_historical_bg_d2_old_best,per_slot_hole_cardinality,total_break_groups_subject_to_range_at_most_2,BGD2,OBIC12P,131049,126,1,234,32652,18943,1667,1,126,126,1,,,,,,0,,,,,,,"formalism-specific model size: SAT/MaxSAT reports base CNF and soft clauses, MIP reports variables/linear constraints/nonzeros, and CP reports integer variables plus linear/global constraints; SAT bound/totalizer overhead remains separate in optimizer_added_*",1000,,,1000,,,,,,,,,,0.001497,0.054327,,0.054327,0.249897,"wall-clock from immediately before reading/parsing the .dzn instance through model construction, optimization, solution decoding, and independent validation; excludes worker-process startup and result-file export",0,0,,0,0,"0,0,0,0,0,0,0,0,0,0,0,0,0,0,0,0,0,0,0,0,0,0,0,0,0,0,0,0,0,0,0,0,0,0,0,0,0,0,0,0,0,0",peak_process_tree_rss_mb,1c6b1e4595365420d8c69c5118b2167525f0fe9272060f6001282aeaef9185a7,prec30,data_precedence_stress/tic-12crafc.prec30.dzn,1,data_precedence_stress/tic-12crafc.prec30.dzn,1,data_precedence_stress/tic-12crafc.prec30.dzn,https://imae.udg.edu/Recerca/LAI/,https://ima.udg.edu/Recerca/lai/b2b/b2b.zip,,2026-08-15T05:27:59+00:00,7200.0,,ee80a6fbd8b513f7c010668495c39621a371266a,True,3.10.12,1.8.dev25,instance-20260810-085803,Linux-6.8.0-1065-gcp-x86_64-with-glibc2.35,x86_64,4,8,15988.055,1,0,/home/g24021555/Business-Meeting-Scheduling-Problem/.venv/bin/python /home/g24021555/Business-Meeting-Scheduling-Problem/src/ORG_BG_D2.py --data-dir data_precedence_stress --family all --backend uwrmaxsat --uwrmaxsat-bin /home/g24021555/uwrmaxsat/build/release/bin/uwrmaxsat --uwrmaxsat-sha256 8c68c8a386d3d7847b50d315143c2bab60e3514e59510e84a649db83cb303876 --timeout 7200 --csv output/org_old_bg_d2/data_precedence_stress.csv --no-excel,/home/g24021555/uwrmaxsat/build/release/bin/uwrmaxsat,8c68c8a386d3d7847b50d315143c2bab60e3514e59510e84a649db83cb303876,/home/g24021555/uwrmaxsat/build/release/bin/uwrmaxsat -m /tmp/org_bg_6z2twrki.wcnf,,,,,UWrMaxSAT,,,,traditional,pairwise+direct,0,,,,,,,,,"0,1,2,3,4,0,0,1,2,1,6,5,0,1,2,7,3,4,5,2,7,0,1,0,3,1,0,2,4,5,7,6,4,3,0,5,2,6,2,6,1,4,0,5,3,4,7,6,3,5,6,1,2,3,5,0,4,0,4,7,5,3,4,6,1,6,1,3,5,7,2,7,3,5,1,6,6,7,5,2,6,4,1,0,7,3,7,4,3,2,6,5,3,4,6,1,7,0,2,4,3,2,6,1,5,4,6,2,5,3,7,4,0,5,1,7,2,4,3,5,7,6,1,0,2",,
,,,,,,,,,forumt-14.prec35,b2b-1ca9e2ba33a1db27,b2b-lineage-forumt-14,precedence,ORG-F-PW-DE-PHC-BGD2-UW-OBIC12P,ORGFull,N/A,Pairwise,Direct-E,PerSlotHoleCardinality,BreakGroupsD2,UWrMaxSAT,OldBestIC12+,OPTIMAL,SAT,5,5,bg_d2,5,5,5,,,5,1,5.358913,False,152.402,MaxSAT,ORGHistorical,ORG-Historical-BG-d2,Published-style,Published-style/Full,independent_reimplementation,one-shot weighted MaxSAT,81817,,,,,,,178016,240,178256,2370,79447,440184,61,baseline2__model-org_historical_maxsat__m-full__p-pairwise__g-direct__b-per_slot_hole_cardinality__o-break_groups_d2__s-uwrmaxsat__i-old_best_ic12plus__fairness-d2,baseline2__model-org_historical_maxsat__m-full__p-pairwise__g-direct__b-per_slot_hole_cardinality__o-break_groups_d2__s-uwrmaxsat__i-old_best_ic12plus__fairness-d2,legacy_full,n/a,pairwise,direct,UWrMaxSAT,UWrMaxSAT,binary-sha256:8c68c8a386d3d7847b50d315143c2bab60e3514e59510e84a649db83cb303876,org_historical_bg_d2_old_best,per_slot_hole_cardinality,total_break_groups_subject_to_range_at_most_2,BGD2,OBIC12P,439944,240,1,482,103535,68838,5161,1,240,240,1,,,,,,0,,,,,,,"formalism-specific model size: SAT/MaxSAT reports base CNF and soft clauses, MIP reports variables/linear constraints/nonzeros, and CP reports integer variables plus linear/global constraints; SAT bound/totalizer overhead remains separate in optimizer_added_*",2370,,,2370,,,,,,,,,,0.002637,0.178218,,0.178218,5.178058,"wall-clock from immediately before reading/parsing the .dzn instance through model construction, optimization, solution decoding, and independent validation; excludes worker-process startup and result-file export",2,10,,5,1,"0,0,0,0,1,0,0,0,0,0,0,0,0,0,0,0,1,1,0,0,0,0,0,0,0,0,0,0,0,0,0,0,0,0,0,0,0,0,0,0,0,0,0,0,0,0,0,0,0,0,0,0,0,0,1,0,1,0,0,0",peak_process_tree_rss_mb,1ca9e2ba33a1db27f9d65448f2a461e68e0de664e7f5a729f44d8a8dee65d043,prec35,data_precedence_stress/forumt-14.prec35.dzn,1,data_precedence_stress/forumt-14.prec35.dzn,1,data_precedence_stress/forumt-14.prec35.dzn,https://imae.udg.edu/Recerca/LAI/,https://ima.udg.edu/Recerca/lai/b2b/b2b.zip,,2026-08-15T05:27:59+00:00,7200.0,,ee80a6fbd8b513f7c010668495c39621a371266a,True,3.10.12,1.8.dev25,instance-20260810-085803,Linux-6.8.0-1065-gcp-x86_64-with-glibc2.35,x86_64,4,8,15988.055,1,0,/home/g24021555/Business-Meeting-Scheduling-Problem/.venv/bin/python /home/g24021555/Business-Meeting-Scheduling-Problem/src/ORG_BG_D2.py --data-dir data_precedence_stress --family all --backend uwrmaxsat --uwrmaxsat-bin /home/g24021555/uwrmaxsat/build/release/bin/uwrmaxsat --uwrmaxsat-sha256 8c68c8a386d3d7847b50d315143c2bab60e3514e59510e84a649db83cb303876 --timeout 7200 --csv output/org_old_bg_d2/data_precedence_stress.csv --no-excel,/home/g24021555/uwrmaxsat/build/release/bin/uwrmaxsat,8c68c8a386d3d7847b50d315143c2bab60e3514e59510e84a649db83cb303876,/home/g24021555/uwrmaxsat/build/release/bin/uwrmaxsat -m /tmp/org_bg_2bo7iy78.wcnf,,,,,UWrMaxSAT,,,,traditional,pairwise+direct,5,,,,,,,,,"2,1,5,4,7,8,0,9,4,5,2,6,1,7,3,5,4,9,0,3,2,4,0,0,1,2,3,6,1,2,8,0,2,9,7,2,3,6,5,3,9,0,1,2,3,4,8,7,5,0,8,6,9,0,1,4,3,7,2,5,6,1,3,4,0,6,5,2,7,9,2,6,0,3,4,7,8,6,1,5,9,0,3,7,2,4,4,8,7,6,3,5,1,4,2,6,5,3,1,3,7,8,9,4,5,5,8,7,3,7,6,8,2,6,3,1,8,5,9,4,7,7,3,4,2,5,1,6,3,0,8,0,6,0,3,8,5,4,9,7,2,1,6,8,9,0,9,1,6,5,5,9,7,0,8,3,1,6,2,4,5,7,0,3,8,2,1,9,4,4,2,6,8,3,0,6,1,4,2,7,8,5,7,3,0,6,6,2,3,4,7,5,5,1,9,8,5,4,7,6,4,2,8,5,7,1,3,4,6,9,5,3,0,8,9,4,2,6,1,1,4,6,2,9,5,3,8,7,8,5,2,6,7,1,3,0,4",,
,,,,,,,,,forumt-14crafc.prec35,b2b-222f2316f5ea6468,b2b-lineage-forumt-14crafc,precedence,ORG-F-PW-DE-PHC-BGD2-UW-OBIC12P,ORGFull,N/A,Pairwise,Direct-E,PerSlotHoleCardinality,BreakGroupsD2,UWrMaxSAT,OldBestIC12+,OPTIMAL,SAT,5,5,bg_d2,5,5,5,,,5,1,2.665653,False,151.793,MaxSAT,ORGHistorical,ORG-Historical-BG-d2,Published-style,Published-style/Full,independent_reimplementation,one-shot weighted MaxSAT,79877,,,,,,,174256,240,174496,2370,77507,430664,61,baseline2__model-org_historical_maxsat__m-full__p-pairwise__g-direct__b-per_slot_hole_cardinality__o-break_groups_d2__s-uwrmaxsat__i-old_best_ic12plus__fairness-d2,baseline2__model-org_historical_maxsat__m-full__p-pairwise__g-direct__b-per_slot_hole_cardinality__o-break_groups_d2__s-uwrmaxsat__i-old_best_ic12plus__fairness-d2,legacy_full,n/a,pairwise,direct,UWrMaxSAT,UWrMaxSAT,binary-sha256:8c68c8a386d3d7847b50d315143c2bab60e3514e59510e84a649db83cb303876,org_historical_bg_d2_old_best,per_slot_hole_cardinality,total_break_groups_subject_to_range_at_most_2,BGD2,OBIC12P,430424,240,1,482,101775,66838,5161,1,240,240,1,,,,,,0,,,,,,,"formalism-specific model size: SAT/MaxSAT reports base CNF and soft clauses, MIP reports variables/linear constraints/nonzeros, and CP reports integer variables plus linear/global constraints; SAT bound/totalizer overhead remains separate in optimizer_added_*",2370,,,2370,,,,,,,,,,0.002677,0.175517,,0.175517,2.487459,"wall-clock from immediately before reading/parsing the .dzn instance through model construction, optimization, solution decoding, and independent validation; excludes worker-process startup and result-file export",3,11,,5,1,"0,0,0,0,1,0,0,0,0,0,0,0,0,0,0,0,1,1,0,0,0,0,0,0,0,0,0,0,0,0,0,0,0,0,0,0,0,0,0,0,0,0,0,0,0,0,0,0,0,0,0,0,0,0,1,0,1,0,0,0",peak_process_tree_rss_mb,222f2316f5ea6468a37af7f61e0d575876a172d47ecc8b282b42db6e065b6962,prec35,data_precedence_stress/forumt-14crafc.prec35.dzn,1,data_precedence_stress/forumt-14crafc.prec35.dzn,1,data_precedence_stress/forumt-14crafc.prec35.dzn,https://imae.udg.edu/Recerca/LAI/,https://ima.udg.edu/Recerca/lai/b2b/b2b.zip,,2026-08-15T05:27:59+00:00,7200.0,,ee80a6fbd8b513f7c010668495c39621a371266a,True,3.10.12,1.8.dev25,instance-20260810-085803,Linux-6.8.0-1065-gcp-x86_64-with-glibc2.35,x86_64,4,8,15988.055,1,0,/home/g24021555/Business-Meeting-Scheduling-Problem/.venv/bin/python /home/g24021555/Business-Meeting-Scheduling-Problem/src/ORG_BG_D2.py --data-dir data_precedence_stress --family all --backend uwrmaxsat --uwrmaxsat-bin /home/g24021555/uwrmaxsat/build/release/bin/uwrmaxsat --uwrmaxsat-sha256 8c68c8a386d3d7847b50d315143c2bab60e3514e59510e84a649db83cb303876 --timeout 7200 --csv output/org_old_bg_d2/data_precedence_stress.csv --no-excel,/home/g24021555/uwrmaxsat/build/release/bin/uwrmaxsat,8c68c8a386d3d7847b50d315143c2bab60e3514e59510e84a649db83cb303876,/home/g24021555/uwrmaxsat/build/release/bin/uwrmaxsat -m /tmp/org_bg_vsxa2tum.wcnf,,,,,UWrMaxSAT,,,,traditional,pairwise+direct,5,,,,,,,,,"6,9,1,3,4,2,5,8,3,3,2,4,6,7,5,1,8,3,1,1,6,8,5,0,3,5,8,9,4,5,0,1,2,5,1,0,8,2,7,0,0,9,5,1,7,2,4,1,6,9,4,2,7,2,1,0,8,6,3,4,7,7,5,3,6,2,8,1,9,0,0,6,9,4,3,7,2,1,7,4,5,0,9,8,3,6,5,6,7,8,4,9,8,7,4,2,5,6,5,8,6,0,7,4,3,0,2,3,2,5,8,1,4,1,5,3,9,8,2,4,7,0,3,4,2,1,0,5,4,6,9,1,4,1,0,9,6,5,2,3,8,3,7,6,4,2,9,3,8,7,4,2,5,1,8,0,7,3,6,9,7,3,1,5,6,0,8,9,2,2,8,9,6,6,1,9,0,7,5,4,6,5,3,1,6,2,4,0,2,5,1,3,5,8,7,9,4,3,1,6,2,2,9,7,4,8,0,3,6,5,6,5,0,7,8,7,0,1,9,4,7,1,2,3,0,5,8,6,4,3,6,9,7,1,4,3,2",,
,,,,,,,,,forum-14.prec30,b2b-2a40e9716af39826,b2b-lineage-forum-14,precedence,ORG-F-PW-DE-PHC-BGD2-UW-OBIC12P,ORGFull,N/A,Pairwise,Direct-E,PerSlotHoleCardinality,BreakGroupsD2,UWrMaxSAT,OldBestIC12+,OPTIMAL,SAT,6,6,bg_d2,6,6,6,,,6,1,54.038264,False,537.719,MaxSAT,ORGHistorical,ORG-Historical-BG-d2,Published-style,Published-style/Full,independent_reimplementation,one-shot weighted MaxSAT,352704,,,,,,,749636,780,750416,6644,346060,2022919,79,baseline2__model-org_historical_maxsat__m-full__p-pairwise__g-direct__b-per_slot_hole_cardinality__o-break_groups_d2__s-uwrmaxsat__i-old_best_ic12plus__fairness-d2,baseline2__model-org_historical_maxsat__m-full__p-pairwise__g-direct__b-per_slot_hole_cardinality__o-break_groups_d2__s-uwrmaxsat__i-old_best_ic12plus__fairness-d2,legacy_full,n/a,pairwise,direct,UWrMaxSAT,UWrMaxSAT,binary-sha256:8c68c8a386d3d7847b50d315143c2bab60e3514e59510e84a649db83cb303876,org_historical_bg_d2_old_best,per_slot_hole_cardinality,total_break_groups_subject_to_range_at_most_2,BGD2,OBIC12P,2022139,780,1,1858,337357,312391,98030,1,780,780,1,,,,,,0,,,,,,,"formalism-specific model size: SAT/MaxSAT reports base CNF and soft clauses, MIP reports variables/linear constraints/nonzeros, and CP reports integer variables plus linear/global constraints; SAT bound/totalizer overhead remains separate in optimizer_added_*",6644,,,6644,,,,,,,,,,0.003452,0.83156,,0.83156,53.203252,"wall-clock from immediately before reading/parsing the .dzn instance through model construction, optimization, solution decoding, and independent validation; excludes worker-process startup and result-file export",13,48,,6,1,"0,1,1,0,0,0,0,0,0,0,0,0,0,0,0,0,0,0,0,0,0,0,0,0,0,0,0,0,0,0,0,0,0,1,0,0,0,0,0,0,0,0,0,0,0,0,0,0,1,1,0,0,0,0,0,0,0,0,0,0,0,0,1,0,0,0,0,0,0,0,0,0,0,0,0,0,0,0",peak_process_tree_rss_mb,2a40e9716af39826de895ff5bf10805f9ba293da35970bcedfcd7201de1c4f72,prec30,data_precedence_stress/forum-14.prec30.dzn,1,data_precedence_stress/forum-14.prec30.dzn,1,data_precedence_stress/forum-14.prec30.dzn,https://imae.udg.edu/Recerca/LAI/,https://ima.udg.edu/Recerca/lai/b2b/b2b.zip,,2026-08-15T05:27:59+00:00,7200.0,,ee80a6fbd8b513f7c010668495c39621a371266a,True,3.10.12,1.8.dev25,instance-20260810-085803,Linux-6.8.0-1065-gcp-x86_64-with-glibc2.35,x86_64,4,8,15988.055,1,0,/home/g24021555/Business-Meeting-Scheduling-Problem/.venv/bin/python /home/g24021555/Business-Meeting-Scheduling-Problem/src/ORG_BG_D2.py --data-dir data_precedence_stress --family all --backend uwrmaxsat --uwrmaxsat-bin /home/g24021555/uwrmaxsat/build/release/bin/uwrmaxsat --uwrmaxsat-sha256 8c68c8a386d3d7847b50d315143c2bab60e3514e59510e84a649db83cb303876 --timeout 7200 --csv output/org_old_bg_d2/data_precedence_stress.csv --no-excel,/home/g24021555/uwrmaxsat/build/release/bin/uwrmaxsat,8c68c8a386d3d7847b50d315143c2bab60e3514e59510e84a649db83cb303876,/home/g24021555/uwrmaxsat/build/release/bin/uwrmaxsat -m /tmp/org_bg_gatk5d36.wcnf,,,,,UWrMaxSAT,,,,traditional,pairwise+direct,6,,,,,,,,,"8,15,9,12,13,6,11,14,13,12,12,1,7,3,2,9,0,8,11,10,4,6,5,12,9,10,13,4,5,6,7,3,10,7,5,11,4,13,6,16,8,17,9,2,4,14,3,8,11,7,10,4,8,5,10,11,7,6,5,6,13,10,7,5,3,20,0,9,13,8,14,11,10,15,12,9,6,12,11,15,5,16,14,19,7,18,10,16,7,11,17,15,12,19,2,5,13,14,12,15,16,7,8,4,5,2,3,1,6,9,12,4,3,11,12,5,3,6,9,1,4,7,2,4,7,3,10,9,2,6,8,10,6,9,2,13,5,15,12,7,14,16,3,13,12,4,3,5,14,4,10,14,5,11,7,13,4,9,13,14,12,17,1,7,12,6,10,8,18,15,4,14,9,13,2,6,12,0,3,5,11,8,15,9,4,1,14,4,15,3,17,2,16,13,11,6,10,8,3,5,7,6,10,4,9,8,10,4,6,9,12,7,8,14,11,13,5,19,9,0,15,13,12,3,8,21,16,17,1,20,7,4,2,18,6,10,11,14,5,5,13,11,12,10,5,8,4,9,7,6,3,11,8,11,7,6,10,9,6,7,2,1,4,10,11,3,5,8,9,0,15,13,11,12,14,5,9,10,6,8,11,7,4,11,9,8,10,13,15,14,0,5,4,9,7,3,6,1,8,10,11,2",,
,,,,,,,,,ticf-13crafc.prec40,b2b-2da559af5f82ccd4,b2b-lineage-ticf-13crafc,precedence,ORG-F-PW-DE-PHC-BGD2-UW-OBIC12P,ORGFull,N/A,Pairwise,Direct-E,PerSlotHoleCardinality,BreakGroupsD2,UWrMaxSAT,OldBestIC12+,OPTIMAL,SAT,5,5,bg_d2,5,5,5,,,5,1,1739.05019,False,311.562,MaxSAT,ORGHistorical,ORG-Historical-BG-d2,Published-style,Published-style/Full,independent_reimplementation,one-shot weighted MaxSAT,200226,,,,,,,421991,700,422691,3234,196992,1193261,71,baseline2__model-org_historical_maxsat__m-full__p-pairwise__g-direct__b-per_slot_hole_cardinality__o-break_groups_d2__s-uwrmaxsat__i-old_best_ic12plus__fairness-d2,baseline2__model-org_historical_maxsat__m-full__p-pairwise__g-direct__b-per_slot_hole_cardinality__o-break_groups_d2__s-uwrmaxsat__i-old_best_ic12plus__fairness-d2,legacy_full,n/a,pairwise,direct,UWrMaxSAT,UWrMaxSAT,binary-sha256:8c68c8a386d3d7847b50d315143c2bab60e3514e59510e84a649db83cb303876,org_historical_bg_d2_old_best,per_slot_hole_cardinality,total_break_groups_subject_to_range_at_most_2,BGD2,OBIC12P,1192561,700,1,1036,159888,179821,81246,1,700,700,1,,,,,,0,,,,,,,"formalism-specific model size: SAT/MaxSAT reports base CNF and soft clauses, MIP reports variables/linear constraints/nonzeros, and CP reports integer variables plus linear/global constraints; SAT bound/totalizer overhead remains separate in optimizer_added_*",3234,,,3234,,,,,,,,,,0.002002,0.437513,,0.437513,1738.610675,"wall-clock from immediately before reading/parsing the .dzn instance through model construction, optimization, solution decoding, and independent validation; excludes worker-process startup and result-file export",11,29,,5,1,"0,0,0,0,0,1,0,0,0,0,0,0,0,0,0,0,0,0,0,0,0,0,0,0,0,0,0,0,0,0,1,0,0,0,0,0,0,0,0,0,0,1,0,0,0,1,0,0,1,0,0,0,0,0,0,0,0,0,0,0,0,0,0,0,0,0,0,0,0,0",peak_process_tree_rss_mb,2da559af5f82ccd4f8863461397a98973ee0b3ddaece8a159a801f90161d4ef0,prec40,data_precedence_stress/ticf-13crafc.prec40.dzn,1,data_precedence_stress/ticf-13crafc.prec40.dzn,1,data_precedence_stress/ticf-13crafc.prec40.dzn,https://imae.udg.edu/Recerca/LAI/,https://ima.udg.edu/Recerca/lai/b2b/b2b.zip,,2026-08-15T05:27:59+00:00,7200.0,,ee80a6fbd8b513f7c010668495c39621a371266a,True,3.10.12,1.8.dev25,instance-20260810-085803,Linux-6.8.0-1065-gcp-x86_64-with-glibc2.35,x86_64,4,8,15988.055,1,0,/home/g24021555/Business-Meeting-Scheduling-Problem/.venv/bin/python /home/g24021555/Business-Meeting-Scheduling-Problem/src/ORG_BG_D2.py --data-dir data_precedence_stress --family all --backend uwrmaxsat --uwrmaxsat-bin /home/g24021555/uwrmaxsat/build/release/bin/uwrmaxsat --uwrmaxsat-sha256 8c68c8a386d3d7847b50d315143c2bab60e3514e59510e84a649db83cb303876 --timeout 7200 --csv output/org_old_bg_d2/data_precedence_stress.csv --no-excel,/home/g24021555/uwrmaxsat/build/release/bin/uwrmaxsat,8c68c8a386d3d7847b50d315143c2bab60e3514e59510e84a649db83cb303876,/home/g24021555/uwrmaxsat/build/release/bin/uwrmaxsat -m /tmp/org_bg_z3a9os43.wcnf,,,,,UWrMaxSAT,,,,traditional,pairwise+direct,5,,,,,,,,,"0,1,3,4,5,6,7,2,8,15,2,3,4,5,6,0,1,7,2,5,0,1,3,4,2,3,0,1,3,2,5,6,4,3,2,4,5,6,1,7,0,1,13,13,14,0,4,1,3,4,6,5,9,7,10,8,2,9,12,11,10,1,8,10,11,9,12,0,1,4,2,8,12,10,9,3,11,3,4,2,10,12,9,6,7,11,8,5,3,4,7,5,1,8,2,10,6,9,11,8,7,10,9,12,2,3,4,8,6,5,7,10,9,7,6,8,10,9,12,5,11,6,5,12,15,9,11,16,10,7,8,14,13,1,2,4,0,6,7,14,8,10,3,12,11,9,13,5,6,7,8,11,9,10",,
,,,,,,,,,tic-14crafa.prec30,b2b-2eb1f9a101fe59c9,b2b-lineage-tic-14crafa,precedence,ORG-F-PW-DE-PHC-BGD2-UW-OBIC12P,ORGFull,N/A,Pairwise,Direct-E,PerSlotHoleCardinality,BreakGroupsD2,UWrMaxSAT,OldBestIC12+,OPTIMAL,SAT,0,0,bg_d2,0,0,0,,,0,1,3.291752,False,178.828,MaxSAT,ORGHistorical,ORG-Historical-BG-d2,Published-style,Published-style/Full,independent_reimplementation,one-shot weighted MaxSAT,81817,,,,,,,177203,240,177443,2370,79447,438656,61,baseline2__model-org_historical_maxsat__m-full__p-pairwise__g-direct__b-per_slot_hole_cardinality__o-break_groups_d2__s-uwrmaxsat__i-old_best_ic12plus__fairness-d2,baseline2__model-org_historical_maxsat__m-full__p-pairwise__g-direct__b-per_slot_hole_cardinality__o-break_groups_d2__s-uwrmaxsat__i-old_best_ic12plus__fairness-d2,legacy_full,n/a,pairwise,direct,UWrMaxSAT,UWrMaxSAT,binary-sha256:8c68c8a386d3d7847b50d315143c2bab60e3514e59510e84a649db83cb303876,org_historical_bg_d2_old_best,per_slot_hole_cardinality,total_break_groups_subject_to_range_at_most_2,BGD2,OBIC12P,438416,240,1,384,102820,68838,5161,1,240,240,1,,,,,,0,,,,,,,"formalism-specific model size: SAT/MaxSAT reports base CNF and soft clauses, MIP reports variables/linear constraints/nonzeros, and CP reports integer variables plus linear/global constraints; SAT bound/totalizer overhead remains separate in optimizer_added_*",2370,,,2370,,,,,,,,,,0.002568,0.175802,,0.175802,3.113382,"wall-clock from immediately before reading/parsing the .dzn instance through model construction, optimization, solution decoding, and independent validation; excludes worker-process startup and result-file export",0,0,,0,0,"0,0,0,0,0,0,0,0,0,0,0,0,0,0,0,0,0,0,0,0,0,0,0,0,0,0,0,0,0,0,0,0,0,0,0,0,0,0,0,0,0,0,0,0,0,0,0,0,0,0,0,0,0,0,0,0,0,0,0,0",peak_process_tree_rss_mb,2eb1f9a101fe59c9cc2ab28a6bbfd659ff82e79fb19d48809ddd4d10b36ef85e,prec30,data_precedence_stress/tic-14crafa.prec30.dzn,1,data_precedence_stress/tic-14crafa.prec30.dzn,1,data_precedence_stress/tic-14crafa.prec30.dzn,https://imae.udg.edu/Recerca/LAI/,https://ima.udg.edu/Recerca/lai/b2b/b2b.zip,,2026-08-15T05:27:59+00:00,7200.0,,ee80a6fbd8b513f7c010668495c39621a371266a,True,3.10.12,1.8.dev25,instance-20260810-085803,Linux-6.8.0-1065-gcp-x86_64-with-glibc2.35,x86_64,4,8,15988.055,1,0,/home/g24021555/Business-Meeting-Scheduling-Problem/.venv/bin/python /home/g24021555/Business-Meeting-Scheduling-Problem/src/ORG_BG_D2.py --data-dir data_precedence_stress --family all --backend uwrmaxsat --uwrmaxsat-bin /home/g24021555/uwrmaxsat/build/release/bin/uwrmaxsat --uwrmaxsat-sha256 8c68c8a386d3d7847b50d315143c2bab60e3514e59510e84a649db83cb303876 --timeout 7200 --csv output/org_old_bg_d2/data_precedence_stress.csv --no-excel,/home/g24021555/uwrmaxsat/build/release/bin/uwrmaxsat,8c68c8a386d3d7847b50d315143c2bab60e3514e59510e84a649db83cb303876,/home/g24021555/uwrmaxsat/build/release/bin/uwrmaxsat -m /tmp/org_bg_i78hsncs.wcnf,,,,,UWrMaxSAT,,,,traditional,pairwise+direct,0,,,,,,,,,"4,0,9,6,7,1,2,3,2,5,1,2,5,8,4,3,6,7,7,0,1,5,2,0,5,1,8,9,4,6,0,3,6,4,3,2,6,7,8,1,4,1,6,2,5,9,8,3,8,1,4,2,7,4,2,0,6,7,8,5,3,1,7,2,6,3,4,0,5,9,7,2,4,1,0,8,6,4,1,7,2,0,8,3,9,5,0,4,2,3,5,1,4,3,1,6,7,5,5,3,0,9,4,7,2,6,5,7,6,3,2,9,5,8,9,0,1,7,5,2,4,1,5,6,5,3,2,7,1,4,6,1,5,4,8,9,0,6,7,3,2,4,5,9,7,3,8,7,3,6,5,8,6,9,3,0,2,1,7,4,0,4,3,6,9,1,5,7,8,2,6,7,9,8,2,9,6,5,0,4,3,6,2,3,8,7,6,3,2,5,1,4,4,5,1,9,8,2,6,4,1,0,6,3,2,9,7,8,5,1,4,2,8,6,3,5,3,8,1,8,6,7,0,3,1,5,4,2,4,3,8,9,7,1,5,3,4",,
,,,,,,,,,forum-13crafb.prec30,b2b-2fe616356dffc637,b2b-lineage-forum-13crafb,precedence,ORG-F-PW-DE-PHC-BGD2-UW-OBIC12P,ORGFull,N/A,Pairwise,Direct-E,PerSlotHoleCardinality,BreakGroupsD2,UWrMaxSAT,OldBestIC12+,OPTIMAL,SAT,12,12,bg_d2,12,12,12,,,12,1,852.93848,False,363.793,MaxSAT,ORGHistorical,ORG-Historical-BG-d2,Published-style,Published-style/Full,independent_reimplementation,one-shot weighted MaxSAT,246673,,,,,,,518854,760,519614,4290,242383,1459999,77,baseline2__model-org_historical_maxsat__m-full__p-pairwise__g-direct__b-per_slot_hole_cardinality__o-break_groups_d2__s-uwrmaxsat__i-old_best_ic12plus__fairness-d2,baseline2__model-org_historical_maxsat__m-full__p-pairwise__g-direct__b-per_slot_hole_cardinality__o-break_groups_d2__s-uwrmaxsat__i-old_best_ic12plus__fairness-d2,legacy_full,n/a,pairwise,direct,UWrMaxSAT,UWrMaxSAT,binary-sha256:8c68c8a386d3d7847b50d315143c2bab60e3514e59510e84a649db83cb303876,org_historical_bg_d2_old_best,per_slot_hole_cardinality,total_break_groups_subject_to_range_at_most_2,BGD2,OBIC12P,1459239,760,1,1632,199458,222695,95069,1,760,760,1,,,,,,0,,,,,,,"formalism-specific model size: SAT/MaxSAT reports base CNF and soft clauses, MIP reports variables/linear constraints/nonzeros, and CP reports integer variables plus linear/global constraints; SAT bound/totalizer overhead remains separate in optimizer_added_*",4290,,,4290,,,,,,,,,,0.002369,0.560492,,0.560492,852.375618,"wall-clock from immediately before reading/parsing the .dzn instance through model construction, optimization, solution decoding, and independent validation; excludes worker-process startup and result-file export",14,86,,12,1,"0,0,0,0,0,0,0,0,0,1,0,0,1,1,0,1,0,0,0,0,0,1,0,0,0,1,0,0,0,1,0,0,0,0,0,1,1,0,1,1,0,0,0,0,0,0,0,0,0,0,0,0,0,0,0,0,0,0,1,0,0,0,0,0,0,0,0,0,0,0,0,0,0,0,0,0",peak_process_tree_rss_mb,2fe616356dffc637298eaa363684af1511e68a450aac6b62f288e20f232a4b57,prec30,data_precedence_stress/forum-13crafb.prec30.dzn,1,data_precedence_stress/forum-13crafb.prec30.dzn,1,data_precedence_stress/forum-13crafb.prec30.dzn,https://imae.udg.edu/Recerca/LAI/,https://ima.udg.edu/Recerca/lai/b2b/b2b.zip,,2026-08-15T05:27:59+00:00,7200.0,,ee80a6fbd8b513f7c010668495c39621a371266a,True,3.10.12,1.8.dev25,instance-20260810-085803,Linux-6.8.0-1065-gcp-x86_64-with-glibc2.35,x86_64,4,8,15988.055,1,0,/home/g24021555/Business-Meeting-Scheduling-Problem/.venv/bin/python /home/g24021555/Business-Meeting-Scheduling-Problem/src/ORG_BG_D2.py --data-dir data_precedence_stress --family all --backend uwrmaxsat --uwrmaxsat-bin /home/g24021555/uwrmaxsat/build/release/bin/uwrmaxsat --uwrmaxsat-sha256 8c68c8a386d3d7847b50d315143c2bab60e3514e59510e84a649db83cb303876 --timeout 7200 --csv output/org_old_bg_d2/data_precedence_stress.csv --no-excel,/home/g24021555/uwrmaxsat/build/release/bin/uwrmaxsat,8c68c8a386d3d7847b50d315143c2bab60e3514e59510e84a649db83cb303876,/home/g24021555/uwrmaxsat/build/release/bin/uwrmaxsat -m /tmp/org_bg_dr_sdku1.wcnf,,,,,UWrMaxSAT,,,,traditional,pairwise+direct,12,,,,,,,,,"7,12,9,11,10,6,9,7,6,8,5,5,11,3,13,12,2,14,14,16,15,10,13,7,9,6,9,11,6,5,9,11,3,15,16,4,8,0,2,7,14,17,1,13,15,19,12,4,11,8,18,3,14,13,6,12,10,6,8,5,13,7,11,12,17,14,16,10,15,7,2,5,4,6,7,12,13,9,8,10,3,11,9,8,15,16,14,8,7,9,8,4,5,17,13,12,20,14,15,16,18,19,21,10,8,11,14,8,4,10,9,5,12,11,5,12,8,6,9,4,10,7,3,13,9,7,8,10,6,7,3,10,11,2,12,9,8,14,13,17,15,1,5,18,4,13,6,14,15,12,10,13,11,17,10,11,19,14,15,18,16,12,13,7,9,1,0,4,8,5,6,3,10,11,2,16,5,10,4,12,13,7,9,14,17,3,11,6,3,6,5,4,1,7,2",,
,,,,,,,,,ticf-13crafb.prec40,b2b-35ccdc2eda78c40d,b2b-lineage-ticf-13crafb,precedence,ORG-F-PW-DE-PHC-BGD2-UW-OBIC12P,ORGFull,N/A,Pairwise,Direct-E,PerSlotHoleCardinality,BreakGroupsD2,UWrMaxSAT,OldBestIC12+,OPTIMAL,SAT,13,13,bg_d2,13,13,13,,,13,1,341.67636,False,378.746,MaxSAT,ORGHistorical,ORG-Historical-BG-d2,Published-style,Published-style/Full,independent_reimplementation,one-shot weighted MaxSAT,246673,,,,,,,529868,760,530628,4290,242383,1482145,77,baseline2__model-org_historical_maxsat__m-full__p-pairwise__g-direct__b-per_slot_hole_cardinality__o-break_groups_d2__s-uwrmaxsat__i-old_best_ic12plus__fairness-d2,baseline2__model-org_historical_maxsat__m-full__p-pairwise__g-direct__b-per_slot_hole_cardinality__o-break_groups_d2__s-uwrmaxsat__i-old_best_ic12plus__fairness-d2,legacy_full,n/a,pairwise,direct,UWrMaxSAT,UWrMaxSAT,binary-sha256:8c68c8a386d3d7847b50d315143c2bab60e3514e59510e84a649db83cb303876,org_historical_bg_d2_old_best,per_slot_hole_cardinality,total_break_groups_subject_to_range_at_most_2,BGD2,OBIC12P,1481385,760,1,1514,210590,222695,95069,1,760,760,1,,,,,,0,,,,,,,"formalism-specific model size: SAT/MaxSAT reports base CNF and soft clauses, MIP reports variables/linear constraints/nonzeros, and CP reports integer variables plus linear/global constraints; SAT bound/totalizer overhead remains separate in optimizer_added_*",4290,,,4290,,,,,,,,,,0.0024,0.574092,,0.574092,341.099868,"wall-clock from immediately before reading/parsing the .dzn instance through model construction, optimization, solution decoding, and independent validation; excludes worker-process startup and result-file export",16,113,,13,1,"1,0,0,1,0,0,0,0,0,0,0,1,1,1,0,1,0,0,0,0,0,1,1,0,0,1,0,0,0,0,0,0,0,0,0,1,1,0,0,0,1,0,0,0,0,0,0,0,0,0,1,0,0,0,0,0,0,0,0,0,0,0,0,0,0,0,0,0,0,0,0,0,0,0,0,0",peak_process_tree_rss_mb,35ccdc2eda78c40dbebcc84d16aa7d8ce2fd6aa1ca0e1392f25f45cdcb4ba57f,prec40,data_precedence_stress/ticf-13crafb.prec40.dzn,1,data_precedence_stress/ticf-13crafb.prec40.dzn,1,data_precedence_stress/ticf-13crafb.prec40.dzn,https://imae.udg.edu/Recerca/LAI/,https://ima.udg.edu/Recerca/lai/b2b/b2b.zip,,2026-08-15T05:27:59+00:00,7200.0,,ee80a6fbd8b513f7c010668495c39621a371266a,True,3.10.12,1.8.dev25,instance-20260810-085803,Linux-6.8.0-1065-gcp-x86_64-with-glibc2.35,x86_64,4,8,15988.055,1,0,/home/g24021555/Business-Meeting-Scheduling-Problem/.venv/bin/python /home/g24021555/Business-Meeting-Scheduling-Problem/src/ORG_BG_D2.py --data-dir data_precedence_stress --family all --backend uwrmaxsat --uwrmaxsat-bin /home/g24021555/uwrmaxsat/build/release/bin/uwrmaxsat --uwrmaxsat-sha256 8c68c8a386d3d7847b50d315143c2bab60e3514e59510e84a649db83cb303876 --timeout 7200 --csv output/org_old_bg_d2/data_precedence_stress.csv --no-excel,/home/g24021555/uwrmaxsat/build/release/bin/uwrmaxsat,8c68c8a386d3d7847b50d315143c2bab60e3514e59510e84a649db83cb303876,/home/g24021555/uwrmaxsat/build/release/bin/uwrmaxsat -m /tmp/org_bg_7e_36gwx.wcnf,,,,,UWrMaxSAT,,,,traditional,pairwise+direct,13,,,,,,,,,"5,5,7,6,8,3,6,6,7,8,9,1,2,11,12,13,5,14,14,13,12,7,15,11,6,9,11,9,2,3,2,3,4,3,4,2,4,1,10,14,0,17,13,11,14,12,17,3,10,8,16,5,13,15,9,12,7,4,7,5,15,9,10,13,12,16,7,14,6,5,5,8,12,9,1,14,3,10,4,6,11,10,9,11,15,12,13,4,4,3,2,11,10,16,12,13,18,21,14,15,17,19,20,5,3,6,4,4,2,7,10,6,8,13,9,12,8,6,5,10,11,3,4,7,6,7,8,5,4,3,6,8,2,11,12,13,9,5,1,15,16,14,17,0,10,7,8,9,6,12,10,11,9,10,9,11,17,12,16,18,13,14,15,2,3,9,11,6,8,5,10,0,1,4,7,0,5,10,4,2,11,6,8,7,14,12,13,1,8,10,7,11,13,9,12",,
,,,,,,,,,tic-13.prec40,b2b-40c7bdf248480043,b2b-lineage-tic-13,precedence,ORG-F-PW-DE-PHC-BGD2-UW-OBIC12P,ORGFull,N/A,Pairwise,Direct-E,PerSlotHoleCardinality,BreakGroupsD2,UWrMaxSAT,OldBestIC12+,OPTIMAL,SAT,0,0,bg_d2,0,0,0,,,0,1,3.39016,False,157.637,MaxSAT,ORGHistorical,ORG-Historical-BG-d2,Published-style,Published-style/Full,independent_reimplementation,one-shot weighted MaxSAT,53139,,,,,,,118160,188,118348,1800,51339,291154,48,baseline2__model-org_historical_maxsat__m-full__p-pairwise__g-direct__b-per_slot_hole_cardinality__o-break_groups_d2__s-uwrmaxsat__i-old_best_ic12plus__fairness-d2,baseline2__model-org_historical_maxsat__m-full__p-pairwise__g-direct__b-per_slot_hole_cardinality__o-break_groups_d2__s-uwrmaxsat__i-old_best_ic12plus__fairness-d2,legacy_full,n/a,pairwise,direct,UWrMaxSAT,UWrMaxSAT,binary-sha256:8c68c8a386d3d7847b50d315143c2bab60e3514e59510e84a649db83cb303876,org_historical_bg_d2_old_best,per_slot_hole_cardinality,total_break_groups_subject_to_range_at_most_2,BGD2,OBIC12P,290966,188,1,283,70983,42865,4029,1,188,188,1,,,,,,0,,,,,,,"formalism-specific model size: SAT/MaxSAT reports base CNF and soft clauses, MIP reports variables/linear constraints/nonzeros, and CP reports integer variables plus linear/global constraints; SAT bound/totalizer overhead remains separate in optimizer_added_*",1800,,,1800,,,,,,,,,,0.002074,0.105764,,0.105764,3.282323,"wall-clock from immediately before reading/parsing the .dzn instance through model construction, optimization, solution decoding, and independent validation; excludes worker-process startup and result-file export",0,0,,0,0,"0,0,0,0,0,0,0,0,0,0,0,0,0,0,0,0,0,0,0,0,0,0,0,0,0,0,0,0,0,0,0,0,0,0,0,0,0,0,0,0,0,0,0,0,0,0,0",peak_process_tree_rss_mb,40c7bdf2484800430c5cb8358506771aecfdb547f27a8b0ceb16b627c3929e91,prec40,data_precedence_stress/tic-13.prec40.dzn,1,data_precedence_stress/tic-13.prec40.dzn,1,data_precedence_stress/tic-13.prec40.dzn,https://imae.udg.edu/Recerca/LAI/,https://ima.udg.edu/Recerca/lai/b2b/b2b.zip,,2026-08-15T05:27:59+00:00,7200.0,,ee80a6fbd8b513f7c010668495c39621a371266a,True,3.10.12,1.8.dev25,instance-20260810-085803,Linux-6.8.0-1065-gcp-x86_64-with-glibc2.35,x86_64,4,8,15988.055,1,0,/home/g24021555/Business-Meeting-Scheduling-Problem/.venv/bin/python /home/g24021555/Business-Meeting-Scheduling-Problem/src/ORG_BG_D2.py --data-dir data_precedence_stress --family all --backend uwrmaxsat --uwrmaxsat-bin /home/g24021555/uwrmaxsat/build/release/bin/uwrmaxsat --uwrmaxsat-sha256 8c68c8a386d3d7847b50d315143c2bab60e3514e59510e84a649db83cb303876 --timeout 7200 --csv output/org_old_bg_d2/data_precedence_stress.csv --no-excel,/home/g24021555/uwrmaxsat/build/release/bin/uwrmaxsat,8c68c8a386d3d7847b50d315143c2bab60e3514e59510e84a649db83cb303876,/home/g24021555/uwrmaxsat/build/release/bin/uwrmaxsat -m /tmp/org_bg_rncz2k5a.wcnf,,,,,UWrMaxSAT,,,,traditional,pairwise+direct,0,,,,,,,,,"2,3,8,4,6,7,9,1,5,0,8,5,6,9,7,6,2,3,1,7,5,4,4,1,6,0,2,3,5,5,3,2,6,7,8,1,4,4,8,5,7,3,2,7,5,8,9,4,6,0,4,1,2,3,3,6,5,7,8,0,8,6,1,7,9,2,3,4,5,2,3,2,5,7,4,6,8,9,0,3,5,4,1,2,7,9,1,2,3,4,1,3,9,6,7,5,7,2,8,1,4,9,5,8,0,4,9,6,1,9,2,6,5,3,8,1,2,4,2,1,4,3,2,7,4,8,9,1,5,6,4,6,5,7,8,0,2,7,6,4,3,6,3,8,9,7,9,5,6,3,8,6,2,3,5,7,0,5,4,7,0,5,4,1,0,6,3,1,2,5,3,4,6,3,8,2,1,0,2,1",,
,,,,,,,,,forum-14.prec35,b2b-42283d9d444b53bb,b2b-lineage-forum-14,precedence,ORG-F-PW-DE-PHC-BGD2-UW-OBIC12P,ORGFull,N/A,Pairwise,Direct-E,PerSlotHoleCardinality,BreakGroupsD2,UWrMaxSAT,OldBestIC12+,OPTIMAL,SAT,8,8,bg_d2,8,8,8,,,8,1,6802.822615,False,573.082,MaxSAT,ORGHistorical,ORG-Historical-BG-d2,Published-style,Published-style/Full,independent_reimplementation,one-shot weighted MaxSAT,352704,,,,,,,757732,780,758512,6644,346060,2039111,79,baseline2__model-org_historical_maxsat__m-full__p-pairwise__g-direct__b-per_slot_hole_cardinality__o-break_groups_d2__s-uwrmaxsat__i-old_best_ic12plus__fairness-d2,baseline2__model-org_historical_maxsat__m-full__p-pairwise__g-direct__b-per_slot_hole_cardinality__o-break_groups_d2__s-uwrmaxsat__i-old_best_ic12plus__fairness-d2,legacy_full,n/a,pairwise,direct,UWrMaxSAT,UWrMaxSAT,binary-sha256:8c68c8a386d3d7847b50d315143c2bab60e3514e59510e84a649db83cb303876,org_historical_bg_d2_old_best,per_slot_hole_cardinality,total_break_groups_subject_to_range_at_most_2,BGD2,OBIC12P,2038331,780,1,1858,345453,312391,98030,1,780,780,1,,,,,,0,,,,,,,"formalism-specific model size: SAT/MaxSAT reports base CNF and soft clauses, MIP reports variables/linear constraints/nonzeros, and CP reports integer variables plus linear/global constraints; SAT bound/totalizer overhead remains separate in optimizer_added_*",6644,,,6644,,,,,,,,,,0.003724,0.836874,,0.836874,6801.982016,"wall-clock from immediately before reading/parsing the .dzn instance through model construction, optimization, solution decoding, and independent validation; excludes worker-process startup and result-file export",13,46,,8,1,"0,1,1,0,0,0,0,0,0,0,0,0,0,1,0,0,0,0,0,0,0,0,0,0,0,0,0,0,0,0,0,0,0,1,0,0,0,0,0,0,0,0,0,0,0,0,0,0,1,1,0,0,0,0,0,0,0,0,0,0,0,0,1,0,0,0,0,0,0,0,0,0,0,0,0,0,0,1",peak_process_tree_rss_mb,42283d9d444b53bbceed9c31b98f7c92514702eabf7c9cd3a2fbd234c4617f04,prec35,data_precedence_stress/forum-14.prec35.dzn,1,data_precedence_stress/forum-14.prec35.dzn,1,data_precedence_stress/forum-14.prec35.dzn,https://imae.udg.edu/Recerca/LAI/,https://ima.udg.edu/Recerca/lai/b2b/b2b.zip,,2026-08-15T05:27:59+00:00,7200.0,,ee80a6fbd8b513f7c010668495c39621a371266a,True,3.10.12,1.8.dev25,instance-20260810-085803,Linux-6.8.0-1065-gcp-x86_64-with-glibc2.35,x86_64,4,8,15988.055,1,0,/home/g24021555/Business-Meeting-Scheduling-Problem/.venv/bin/python /home/g24021555/Business-Meeting-Scheduling-Problem/src/ORG_BG_D2.py --data-dir data_precedence_stress --family all --backend uwrmaxsat --uwrmaxsat-bin /home/g24021555/uwrmaxsat/build/release/bin/uwrmaxsat --uwrmaxsat-sha256 8c68c8a386d3d7847b50d315143c2bab60e3514e59510e84a649db83cb303876 --timeout 7200 --csv output/org_old_bg_d2/data_precedence_stress.csv --no-excel,/home/g24021555/uwrmaxsat/build/release/bin/uwrmaxsat,8c68c8a386d3d7847b50d315143c2bab60e3514e59510e84a649db83cb303876,/home/g24021555/uwrmaxsat/build/release/bin/uwrmaxsat -m /tmp/org_bg_ov0d50zh.wcnf,,,,,UWrMaxSAT,,,,traditional,pairwise+direct,8,,,,,,,,,"6,15,7,14,11,5,10,12,14,13,12,3,6,1,2,10,4,9,11,7,1,3,2,12,8,13,15,4,6,7,3,3,9,8,10,11,6,12,14,16,5,18,4,3,7,17,4,9,11,6,13,2,9,3,4,11,8,5,4,5,12,10,9,4,5,7,1,13,14,8,12,9,11,15,10,5,9,10,14,15,4,7,13,2,16,17,12,16,8,13,14,11,12,18,11,10,15,13,11,10,12,4,9,8,6,2,3,5,10,12,5,6,4,11,11,5,2,6,11,1,3,7,0,8,11,6,7,9,3,5,10,6,12,9,3,10,7,13,2,4,14,8,2,13,12,1,4,5,3,5,10,3,5,7,8,12,4,10,12,15,14,13,2,4,11,6,9,16,19,14,3,8,7,17,1,7,10,0,12,6,13,2,11,8,4,13,14,7,9,15,17,8,16,6,3,4,5,6,12,8,7,10,14,9,13,11,9,6,12,11,13,7,8,10,14,15,5,20,18,0,14,12,11,2,8,21,17,6,1,19,10,13,5,16,7,3,9,15,4,5,12,11,13,4,5,7,3,9,6,1,2,8,6,4,7,5,9,8,10,7,4,0,2,8,9,5,3,11,6,1,8,11,10,12,9,5,10,4,3,8,9,7,6,9,6,8,7,13,14,12,1,5,2,3,4,0,9,8,11,7,10,6",,
,,,,,,,,,forumt-14.prec30,b2b-44bf96511d84ed93,b2b-lineage-forumt-14,precedence,ORG-F-PW-DE-PHC-BGD2-UW-OBIC12P,ORGFull,N/A,Pairwise,Direct-E,PerSlotHoleCardinality,BreakGroupsD2,UWrMaxSAT,OldBestIC12+,OPTIMAL,SAT,5,5,bg_d2,5,5,5,,,5,1,2.823484,False,194.727,MaxSAT,ORGHistorical,ORG-Historical-BG-d2,Published-style,Published-style/Full,independent_reimplementation,one-shot weighted MaxSAT,81817,,,,,,,177301,240,177541,2370,79447,438754,61,baseline2__model-org_historical_maxsat__m-full__p-pairwise__g-direct__b-per_slot_hole_cardinality__o-break_groups_d2__s-uwrmaxsat__i-old_best_ic12plus__fairness-d2,baseline2__model-org_historical_maxsat__m-full__p-pairwise__g-direct__b-per_slot_hole_cardinality__o-break_groups_d2__s-uwrmaxsat__i-old_best_ic12plus__fairness-d2,legacy_full,n/a,pairwise,direct,UWrMaxSAT,UWrMaxSAT,binary-sha256:8c68c8a386d3d7847b50d315143c2bab60e3514e59510e84a649db83cb303876,org_historical_bg_d2_old_best,per_slot_hole_cardinality,total_break_groups_subject_to_range_at_most_2,BGD2,OBIC12P,438514,240,1,482,102820,68838,5161,1,240,240,1,,,,,,0,,,,,,,"formalism-specific model size: SAT/MaxSAT reports base CNF and soft clauses, MIP reports variables/linear constraints/nonzeros, and CP reports integer variables plus linear/global constraints; SAT bound/totalizer overhead remains separate in optimizer_added_*",2370,,,2370,,,,,,,,,,0.002685,0.18194,,0.18194,2.63886,"wall-clock from immediately before reading/parsing the .dzn instance through model construction, optimization, solution decoding, and independent validation; excludes worker-process startup and result-file export",2,10,,5,1,"0,0,0,0,1,0,0,0,0,0,0,0,0,0,0,0,1,1,0,0,0,0,0,0,0,0,0,0,0,0,0,0,0,0,0,0,0,0,0,0,0,0,0,0,0,0,0,0,0,0,0,0,0,0,1,0,1,0,0,0",peak_process_tree_rss_mb,44bf96511d84ed930c1508b6ae9a3152aa47fd6b758eab5525314f131c154a69,prec30,data_precedence_stress/forumt-14.prec30.dzn,1,data_precedence_stress/forumt-14.prec30.dzn,1,data_precedence_stress/forumt-14.prec30.dzn,https://imae.udg.edu/Recerca/LAI/,https://ima.udg.edu/Recerca/lai/b2b/b2b.zip,,2026-08-15T05:27:59+00:00,7200.0,,ee80a6fbd8b513f7c010668495c39621a371266a,True,3.10.12,1.8.dev25,instance-20260810-085803,Linux-6.8.0-1065-gcp-x86_64-with-glibc2.35,x86_64,4,8,15988.055,1,0,/home/g24021555/Business-Meeting-Scheduling-Problem/.venv/bin/python /home/g24021555/Business-Meeting-Scheduling-Problem/src/ORG_BG_D2.py --data-dir data_precedence_stress --family all --backend uwrmaxsat --uwrmaxsat-bin /home/g24021555/uwrmaxsat/build/release/bin/uwrmaxsat --uwrmaxsat-sha256 8c68c8a386d3d7847b50d315143c2bab60e3514e59510e84a649db83cb303876 --timeout 7200 --csv output/org_old_bg_d2/data_precedence_stress.csv --no-excel,/home/g24021555/uwrmaxsat/build/release/bin/uwrmaxsat,8c68c8a386d3d7847b50d315143c2bab60e3514e59510e84a649db83cb303876,/home/g24021555/uwrmaxsat/build/release/bin/uwrmaxsat -m /tmp/org_bg_bovouqxb.wcnf,,,,,UWrMaxSAT,,,,traditional,pairwise+direct,5,,,,,,,,,"6,1,5,3,4,9,0,7,0,5,1,4,2,6,5,3,7,9,6,0,3,4,2,2,3,6,1,5,2,1,7,0,4,1,7,0,1,3,5,3,4,1,3,0,7,5,8,4,9,3,5,8,6,5,0,1,6,2,4,7,8,0,3,2,1,4,5,6,7,9,0,1,4,6,7,2,7,5,1,2,3,9,6,4,0,8,7,8,6,9,4,5,0,2,6,3,1,4,2,7,9,8,6,0,3,4,7,6,4,7,5,8,1,5,3,6,8,4,9,0,7,3,1,5,4,7,2,6,5,8,6,1,4,0,8,3,2,7,9,6,5,9,2,8,1,3,9,6,2,7,3,9,6,0,8,1,2,5,7,4,5,2,0,3,8,1,6,9,7,5,7,9,8,2,6,8,3,7,0,4,5,9,5,2,3,8,4,2,3,1,0,5,2,2,9,8,4,6,7,5,4,8,5,4,3,6,1,2,7,9,3,6,4,8,9,8,2,3,0,1,5,6,0,8,3,2,7,4,4,5,6,8,3,1,2,3,4",,
,,,,,,,,,forumt-14crafc.prec30,b2b-4b78af31c9b1f7e4,b2b-lineage-forumt-14crafc,precedence,ORG-F-PW-DE-PHC-BGD2-UW-OBIC12P,ORGFull,N/A,Pairwise,Direct-E,PerSlotHoleCardinality,BreakGroupsD2,UWrMaxSAT,OldBestIC12+,OPTIMAL,SAT,5,5,bg_d2,5,5,5,,,5,1,3.149145,False,178.238,MaxSAT,ORGHistorical,ORG-Historical-BG-d2,Published-style,Published-style/Full,independent_reimplementation,one-shot weighted MaxSAT,79877,,,,,,,173541,240,173781,2370,77507,429234,61,baseline2__model-org_historical_maxsat__m-full__p-pairwise__g-direct__b-per_slot_hole_cardinality__o-break_groups_d2__s-uwrmaxsat__i-old_best_ic12plus__fairness-d2,baseline2__model-org_historical_maxsat__m-full__p-pairwise__g-direct__b-per_slot_hole_cardinality__o-break_groups_d2__s-uwrmaxsat__i-old_best_ic12plus__fairness-d2,legacy_full,n/a,pairwise,direct,UWrMaxSAT,UWrMaxSAT,binary-sha256:8c68c8a386d3d7847b50d315143c2bab60e3514e59510e84a649db83cb303876,org_historical_bg_d2_old_best,per_slot_hole_cardinality,total_break_groups_subject_to_range_at_most_2,BGD2,OBIC12P,428994,240,1,482,101060,66838,5161,1,240,240,1,,,,,,0,,,,,,,"formalism-specific model size: SAT/MaxSAT reports base CNF and soft clauses, MIP reports variables/linear constraints/nonzeros, and CP reports integer variables plus linear/global constraints; SAT bound/totalizer overhead remains separate in optimizer_added_*",2370,,,2370,,,,,,,,,,0.002685,0.175207,,0.175207,2.971253,"wall-clock from immediately before reading/parsing the .dzn instance through model construction, optimization, solution decoding, and independent validation; excludes worker-process startup and result-file export",3,11,,5,1,"0,0,0,0,1,0,0,0,0,0,0,0,0,0,0,0,1,1,0,0,0,0,0,0,0,0,0,0,0,0,0,0,0,0,0,0,0,0,0,0,0,0,0,0,0,0,0,0,0,0,0,0,0,0,1,0,1,0,0,0",peak_process_tree_rss_mb,4b78af31c9b1f7e493526369fd172f27813db3a3a8d1893e92f100addfb0244b,prec30,data_precedence_stress/forumt-14crafc.prec30.dzn,1,data_precedence_stress/forumt-14crafc.prec30.dzn,1,data_precedence_stress/forumt-14crafc.prec30.dzn,https://imae.udg.edu/Recerca/LAI/,https://ima.udg.edu/Recerca/lai/b2b/b2b.zip,,2026-08-15T05:27:59+00:00,7200.0,,ee80a6fbd8b513f7c010668495c39621a371266a,True,3.10.12,1.8.dev25,instance-20260810-085803,Linux-6.8.0-1065-gcp-x86_64-with-glibc2.35,x86_64,4,8,15988.055,1,0,/home/g24021555/Business-Meeting-Scheduling-Problem/.venv/bin/python /home/g24021555/Business-Meeting-Scheduling-Problem/src/ORG_BG_D2.py --data-dir data_precedence_stress --family all --backend uwrmaxsat --uwrmaxsat-bin /home/g24021555/uwrmaxsat/build/release/bin/uwrmaxsat --uwrmaxsat-sha256 8c68c8a386d3d7847b50d315143c2bab60e3514e59510e84a649db83cb303876 --timeout 7200 --csv output/org_old_bg_d2/data_precedence_stress.csv --no-excel,/home/g24021555/uwrmaxsat/build/release/bin/uwrmaxsat,8c68c8a386d3d7847b50d315143c2bab60e3514e59510e84a649db83cb303876,/home/g24021555/uwrmaxsat/build/release/bin/uwrmaxsat -m /tmp/org_bg_qv2t42pq.wcnf,,,,,UWrMaxSAT,,,,traditional,pairwise+direct,5,,,,,,,,,"6,9,2,3,0,4,8,7,2,5,7,1,6,5,3,8,4,2,1,3,5,2,4,0,1,2,7,3,3,1,1,2,0,5,1,0,9,8,4,0,0,9,1,4,7,5,3,8,6,1,2,4,9,3,5,2,1,6,4,0,8,2,0,8,1,5,9,6,7,4,7,0,4,6,3,9,4,1,2,3,6,0,7,8,5,9,6,5,7,8,4,9,9,5,6,7,8,4,5,7,6,1,2,8,3,0,3,2,3,7,8,6,5,4,5,2,7,9,8,6,0,2,0,1,2,5,1,0,4,6,8,0,1,0,5,9,6,7,4,3,8,5,1,9,3,2,6,9,7,4,4,7,2,1,5,0,3,9,6,8,9,3,0,4,6,8,7,5,2,1,7,6,8,6,7,9,2,5,0,7,5,9,3,1,4,7,6,3,2,5,4,1,3,3,5,9,6,4,8,7,2,3,5,9,8,6,1,2,4,7,4,6,3,5,0,8,0,1,8,1,9,6,2,4,3,5,7,8,2,6,1,7,3,1,3,2,4",,
,,,,,,,,,ticf-14crafa.prec35,b2b-4f7d6baa5bb3845c,b2b-lineage-ticf-14crafa,precedence,ORG-F-PW-DE-PHC-BGD2-UW-OBIC12P,ORGFull,N/A,Pairwise,Direct-E,PerSlotHoleCardinality,BreakGroupsD2,UWrMaxSAT,OldBestIC12+,TIMEOUT,TIMEOUT,7,,bg_d2,,,7,,,7,1,7201.474782,True,574.25,MaxSAT,ORGHistorical,ORG-Historical-BG-d2,Published-style,Published-style/Full,independent_reimplementation,one-shot weighted MaxSAT,352704,,,,,,,756990,780,757770,6644,346060,2038369,79,baseline2__model-org_historical_maxsat__m-full__p-pairwise__g-direct__b-per_slot_hole_cardinality__o-break_groups_d2__s-uwrmaxsat__i-old_best_ic12plus__fairness-d2,baseline2__model-org_historical_maxsat__m-full__p-pairwise__g-direct__b-per_slot_hole_cardinality__o-break_groups_d2__s-uwrmaxsat__i-old_best_ic12plus__fairness-d2,legacy_full,n/a,pairwise,direct,UWrMaxSAT,UWrMaxSAT,binary-sha256:8c68c8a386d3d7847b50d315143c2bab60e3514e59510e84a649db83cb303876,org_historical_bg_d2_old_best,per_slot_hole_cardinality,total_break_groups_subject_to_range_at_most_2,BGD2,OBIC12P,2037589,780,1,1116,345453,312391,98030,1,780,780,1,,,,,,0,,,,,,,"formalism-specific model size: SAT/MaxSAT reports base CNF and soft clauses, MIP reports variables/linear constraints/nonzeros, and CP reports integer variables plus linear/global constraints; SAT bound/totalizer overhead remains separate in optimizer_added_*",6644,,,6644,,,,,,,,,,0.003178,0.81583,,0.81583,7200.655774,"wall-clock from immediately before reading/parsing the .dzn instance through model construction, optimization, solution decoding, and independent validation; excludes worker-process startup and result-file export",,,,,,,peak_process_tree_rss_mb,4f7d6baa5bb3845c57a17cc2a7034c23dea992aab3ab529125bfb0f654812b56,prec35,data_precedence_stress/ticf-14crafa.prec35.dzn,1,data_precedence_stress/ticf-14crafa.prec35.dzn,1,data_precedence_stress/ticf-14crafa.prec35.dzn,https://imae.udg.edu/Recerca/LAI/,https://ima.udg.edu/Recerca/lai/b2b/b2b.zip,,2026-08-15T05:27:59+00:00,7200.0,,ee80a6fbd8b513f7c010668495c39621a371266a,True,3.10.12,1.8.dev25,instance-20260810-085803,Linux-6.8.0-1065-gcp-x86_64-with-glibc2.35,x86_64,4,8,15988.055,1,0,/home/g24021555/Business-Meeting-Scheduling-Problem/.venv/bin/python /home/g24021555/Business-Meeting-Scheduling-Problem/src/ORG_BG_D2.py --data-dir data_precedence_stress --family all --backend uwrmaxsat --uwrmaxsat-bin /home/g24021555/uwrmaxsat/build/release/bin/uwrmaxsat --uwrmaxsat-sha256 8c68c8a386d3d7847b50d315143c2bab60e3514e59510e84a649db83cb303876 --timeout 7200 --csv output/org_old_bg_d2/data_precedence_stress.csv --no-excel,/home/g24021555/uwrmaxsat/build/release/bin/uwrmaxsat,8c68c8a386d3d7847b50d315143c2bab60e3514e59510e84a649db83cb303876,/home/g24021555/uwrmaxsat/build/release/bin/uwrmaxsat -m /tmp/org_bg_xsp4rj7l.wcnf,,,,,UWrMaxSAT,,,,traditional,pairwise+direct,7,,,,,,,,,,,
,,,,,,,,,tic-14crafd.prec40,b2b-587d856e8f38aa87,b2b-lineage-tic-14crafd,precedence,ORG-F-PW-DE-PHC-BGD2-UW-OBIC12P,ORGFull,N/A,Pairwise,Direct-E,PerSlotHoleCardinality,BreakGroupsD2,UWrMaxSAT,OldBestIC12+,OPTIMAL,SAT,1,1,bg_d2,1,1,1,,,1,1,8.883847,False,230.094,MaxSAT,ORGHistorical,ORG-Historical-BG-d2,Published-style,Published-style/Full,independent_reimplementation,one-shot weighted MaxSAT,79488,,,,,,,175684,240,175924,2360,77128,433249,61,baseline2__model-org_historical_maxsat__m-full__p-pairwise__g-direct__b-per_slot_hole_cardinality__o-break_groups_d2__s-uwrmaxsat__i-old_best_ic12plus__fairness-d2,baseline2__model-org_historical_maxsat__m-full__p-pairwise__g-direct__b-per_slot_hole_cardinality__o-break_groups_d2__s-uwrmaxsat__i-old_best_ic12plus__fairness-d2,legacy_full,n/a,pairwise,direct,UWrMaxSAT,UWrMaxSAT,binary-sha256:8c68c8a386d3d7847b50d315143c2bab60e3514e59510e84a649db83cb303876,org_historical_bg_d2_old_best,per_slot_hole_cardinality,total_break_groups_subject_to_range_at_most_2,BGD2,OBIC12P,433009,240,1,417,103556,66564,5147,1,240,240,1,,,,,,0,,,,,,,"formalism-specific model size: SAT/MaxSAT reports base CNF and soft clauses, MIP reports variables/linear constraints/nonzeros, and CP reports integer variables plus linear/global constraints; SAT bound/totalizer overhead remains separate in optimizer_added_*",2360,,,2360,,,,,,,,,,0.002733,0.164026,,0.164026,8.717088,"wall-clock from immediately before reading/parsing the .dzn instance through model construction, optimization, solution decoding, and independent validation; excludes worker-process startup and result-file export",2,2,,1,1,"0,0,0,0,0,0,0,0,0,0,0,0,0,0,0,0,0,0,0,0,0,0,0,0,0,0,1,0,0,0,0,0,0,0,0,0,0,0,0,0,0,0,0,0,0,0,0,0,0,0,0,0,0,0,0,0,0,0,0,0",peak_process_tree_rss_mb,587d856e8f38aa879ae34e98a16db702f28ca54a1a1a07f66161e63c98b82960,prec40,data_precedence_stress/tic-14crafd.prec40.dzn,1,data_precedence_stress/tic-14crafd.prec40.dzn,1,data_precedence_stress/tic-14crafd.prec40.dzn,https://imae.udg.edu/Recerca/LAI/,https://ima.udg.edu/Recerca/lai/b2b/b2b.zip,,2026-08-15T05:27:59+00:00,7200.0,,ee80a6fbd8b513f7c010668495c39621a371266a,True,3.10.12,1.8.dev25,instance-20260810-085803,Linux-6.8.0-1065-gcp-x86_64-with-glibc2.35,x86_64,4,8,15988.055,1,0,/home/g24021555/Business-Meeting-Scheduling-Problem/.venv/bin/python /home/g24021555/Business-Meeting-Scheduling-Problem/src/ORG_BG_D2.py --data-dir data_precedence_stress --family all --backend uwrmaxsat --uwrmaxsat-bin /home/g24021555/uwrmaxsat/build/release/bin/uwrmaxsat --uwrmaxsat-sha256 8c68c8a386d3d7847b50d315143c2bab60e3514e59510e84a649db83cb303876 --timeout 7200 --csv output/org_old_bg_d2/data_precedence_stress.csv --no-excel,/home/g24021555/uwrmaxsat/build/release/bin/uwrmaxsat,8c68c8a386d3d7847b50d315143c2bab60e3514e59510e84a649db83cb303876,/home/g24021555/uwrmaxsat/build/release/bin/uwrmaxsat -m /tmp/org_bg_62meaqy2.wcnf,,,,,UWrMaxSAT,,,,traditional,pairwise+direct,1,,,,,,,,,"0,4,3,2,7,1,8,9,0,3,1,2,3,7,4,5,0,1,8,6,2,3,5,4,0,7,2,0,5,1,4,5,0,2,3,4,3,7,0,1,1,4,0,6,5,8,9,1,0,4,6,2,5,7,9,1,6,0,2,4,3,8,8,4,6,0,7,2,1,3,5,9,5,0,7,9,1,3,4,9,1,5,6,8,2,7,0,2,0,1,5,7,8,6,9,8,4,6,3,2,8,6,1,2,7,5,3,1,5,2,4,3,8,5,7,4,6,1,0,2,4,6,0,6,5,3,1,2,4,7,9,3,5,2,6,3,1,0,5,9,7,8,2,9,0,4,8,6,7,6,4,1,5,2,8,6,3,7,0,9,1,4,9,3,8,5,6,6,8,5,3,7,4,8,4,7,2,0,9,3,1,3,9,1,8,7,4,2,6,5,3,1,9,2,3,7,6,9,4,5,7,2,5,7,1,4,8,9,3,6,4,6,8,7,7,1,3,2,7,9,4,8,6,0,5,6,0,2,5,8,1,3,2,7,6,5",,
,,,,,,,,,ticf-13crafc.prec30,b2b-59871068d74f44fb,b2b-lineage-ticf-13crafc,precedence,ORG-F-PW-DE-PHC-BGD2-UW-OBIC12P,ORGFull,N/A,Pairwise,Direct-E,PerSlotHoleCardinality,BreakGroupsD2,UWrMaxSAT,OldBestIC12+,OPTIMAL,SAT,3,3,bg_d2,3,3,3,,,3,1,636.056527,False,313.621,MaxSAT,ORGHistorical,ORG-Historical-BG-d2,Published-style,Published-style/Full,independent_reimplementation,one-shot weighted MaxSAT,200226,,,,,,,412520,700,413220,3234,196992,1174319,71,baseline2__model-org_historical_maxsat__m-full__p-pairwise__g-direct__b-per_slot_hole_cardinality__o-break_groups_d2__s-uwrmaxsat__i-old_best_ic12plus__fairness-d2,baseline2__model-org_historical_maxsat__m-full__p-pairwise__g-direct__b-per_slot_hole_cardinality__o-break_groups_d2__s-uwrmaxsat__i-old_best_ic12plus__fairness-d2,legacy_full,n/a,pairwise,direct,UWrMaxSAT,UWrMaxSAT,binary-sha256:8c68c8a386d3d7847b50d315143c2bab60e3514e59510e84a649db83cb303876,org_historical_bg_d2_old_best,per_slot_hole_cardinality,total_break_groups_subject_to_range_at_most_2,BGD2,OBIC12P,1173619,700,1,1036,150417,179821,81246,1,700,700,1,,,,,,0,,,,,,,"formalism-specific model size: SAT/MaxSAT reports base CNF and soft clauses, MIP reports variables/linear constraints/nonzeros, and CP reports integer variables plus linear/global constraints; SAT bound/totalizer overhead remains separate in optimizer_added_*",3234,,,3234,,,,,,,,,,0.001865,0.41772,,0.41772,635.636942,"wall-clock from immediately before reading/parsing the .dzn instance through model construction, optimization, solution decoding, and independent validation; excludes worker-process startup and result-file export",6,14,,3,1,"0,0,0,0,0,0,0,0,0,0,0,0,0,0,0,0,0,0,0,0,0,0,0,0,0,0,0,0,0,0,0,1,0,0,0,0,0,0,0,0,0,0,0,0,0,0,0,0,0,0,0,0,0,0,0,0,0,0,0,0,0,0,0,1,1,0,0,0,0,0",peak_process_tree_rss_mb,59871068d74f44fb39a1ad51c972993d14319311d2867a63c4942d80b4cd7eb9,prec30,data_precedence_stress/ticf-13crafc.prec30.dzn,1,data_precedence_stress/ticf-13crafc.prec30.dzn,1,data_precedence_stress/ticf-13crafc.prec30.dzn,https://imae.udg.edu/Recerca/LAI/,https://ima.udg.edu/Recerca/lai/b2b/b2b.zip,,2026-08-15T05:27:59+00:00,7200.0,,ee80a6fbd8b513f7c010668495c39621a371266a,True,3.10.12,1.8.dev25,instance-20260810-085803,Linux-6.8.0-1065-gcp-x86_64-with-glibc2.35,x86_64,4,8,15988.055,1,0,/home/g24021555/Business-Meeting-Scheduling-Problem/.venv/bin/python /home/g24021555/Business-Meeting-Scheduling-Problem/src/ORG_BG_D2.py --data-dir data_precedence_stress --family all --backend uwrmaxsat --uwrmaxsat-bin /home/g24021555/uwrmaxsat/build/release/bin/uwrmaxsat --uwrmaxsat-sha256 8c68c8a386d3d7847b50d315143c2bab60e3514e59510e84a649db83cb303876 --timeout 7200 --csv output/org_old_bg_d2/data_precedence_stress.csv --no-excel,/home/g24021555/uwrmaxsat/build/release/bin/uwrmaxsat,8c68c8a386d3d7847b50d315143c2bab60e3514e59510e84a649db83cb303876,/home/g24021555/uwrmaxsat/build/release/bin/uwrmaxsat -m /tmp/org_bg_m352x4cy.wcnf,,,,,UWrMaxSAT,,,,traditional,pairwise+direct,3,,,,,,,,,"3,7,5,9,11,8,10,4,6,13,0,4,1,7,3,5,6,2,4,5,3,1,2,6,5,8,6,7,8,10,11,12,9,8,7,12,9,10,11,6,12,11,14,14,13,3,1,2,7,8,9,3,5,1,6,2,4,4,6,5,3,2,9,13,10,11,12,4,5,7,6,10,12,9,11,8,3,8,9,10,5,12,7,2,4,11,3,6,1,5,8,2,4,6,10,7,3,9,12,10,7,8,9,11,6,1,5,3,7,0,4,8,2,9,4,11,10,1,12,2,0,0,4,15,11,5,12,13,2,1,10,14,3,2,9,3,6,4,10,16,8,11,5,14,12,7,13,15,9,10,11,7,12,8",,
,,,,,,,,,tic-14crafd.prec35,b2b-779f21abc8666821,b2b-lineage-tic-14crafd,precedence,ORG-F-PW-DE-PHC-BGD2-UW-OBIC12P,ORGFull,N/A,Pairwise,Direct-E,PerSlotHoleCardinality,BreakGroupsD2,UWrMaxSAT,OldBestIC12+,OPTIMAL,SAT,0,0,bg_d2,0,0,0,,,0,1,2.611835,False,196.016,MaxSAT,ORGHistorical,ORG-Historical-BG-d2,Published-style,Published-style/Full,independent_reimplementation,one-shot weighted MaxSAT,79488,,,,,,,173209,240,173449,2360,77128,428299,61,baseline2__model-org_historical_maxsat__m-full__p-pairwise__g-direct__b-per_slot_hole_cardinality__o-break_groups_d2__s-uwrmaxsat__i-old_best_ic12plus__fairness-d2,baseline2__model-org_historical_maxsat__m-full__p-pairwise__g-direct__b-per_slot_hole_cardinality__o-break_groups_d2__s-uwrmaxsat__i-old_best_ic12plus__fairness-d2,legacy_full,n/a,pairwise,direct,UWrMaxSAT,UWrMaxSAT,binary-sha256:8c68c8a386d3d7847b50d315143c2bab60e3514e59510e84a649db83cb303876,org_historical_bg_d2_old_best,per_slot_hole_cardinality,total_break_groups_subject_to_range_at_most_2,BGD2,OBIC12P,428059,240,1,417,101081,66564,5147,1,240,240,1,,,,,,0,,,,,,,"formalism-specific model size: SAT/MaxSAT reports base CNF and soft clauses, MIP reports variables/linear constraints/nonzeros, and CP reports integer variables plus linear/global constraints; SAT bound/totalizer overhead remains separate in optimizer_added_*",2360,,,2360,,,,,,,,,,0.002598,0.176918,,0.176918,2.432319,"wall-clock from immediately before reading/parsing the .dzn instance through model construction, optimization, solution decoding, and independent validation; excludes worker-process startup and result-file export",0,0,,0,0,"0,0,0,0,0,0,0,0,0,0,0,0,0,0,0,0,0,0,0,0,0,0,0,0,0,0,0,0,0,0,0,0,0,0,0,0,0,0,0,0,0,0,0,0,0,0,0,0,0,0,0,0,0,0,0,0,0,0,0,0",peak_process_tree_rss_mb,779f21abc8666821eea5d8ac7488d0895460228b6f57af52b961b166ac189426,prec35,data_precedence_stress/tic-14crafd.prec35.dzn,1,data_precedence_stress/tic-14crafd.prec35.dzn,1,data_precedence_stress/tic-14crafd.prec35.dzn,https://imae.udg.edu/Recerca/LAI/,https://ima.udg.edu/Recerca/lai/b2b/b2b.zip,,2026-08-15T05:27:59+00:00,7200.0,,ee80a6fbd8b513f7c010668495c39621a371266a,True,3.10.12,1.8.dev25,instance-20260810-085803,Linux-6.8.0-1065-gcp-x86_64-with-glibc2.35,x86_64,4,8,15988.055,1,0,/home/g24021555/Business-Meeting-Scheduling-Problem/.venv/bin/python /home/g24021555/Business-Meeting-Scheduling-Problem/src/ORG_BG_D2.py --data-dir data_precedence_stress --family all --backend uwrmaxsat --uwrmaxsat-bin /home/g24021555/uwrmaxsat/build/release/bin/uwrmaxsat --uwrmaxsat-sha256 8c68c8a386d3d7847b50d315143c2bab60e3514e59510e84a649db83cb303876 --timeout 7200 --csv output/org_old_bg_d2/data_precedence_stress.csv --no-excel,/home/g24021555/uwrmaxsat/build/release/bin/uwrmaxsat,8c68c8a386d3d7847b50d315143c2bab60e3514e59510e84a649db83cb303876,/home/g24021555/uwrmaxsat/build/release/bin/uwrmaxsat -m /tmp/org_bg_ax8eft4e.wcnf,,,,,UWrMaxSAT,,,,traditional,pairwise+direct,0,,,,,,,,,"1,3,2,0,7,4,8,9,2,1,4,2,5,6,7,0,3,2,8,1,4,3,5,4,1,5,2,0,3,1,4,5,0,2,3,1,5,6,3,2,2,6,0,7,4,5,8,7,4,5,0,2,3,6,8,6,9,1,5,4,3,8,2,8,6,1,0,3,5,4,9,7,6,1,8,4,5,3,4,9,0,5,6,8,2,7,1,3,1,2,4,6,8,7,5,8,7,6,3,2,9,6,3,5,7,4,1,2,4,0,3,9,7,6,8,1,4,3,2,2,9,8,0,6,4,3,1,5,2,7,7,3,9,4,6,0,2,3,5,7,9,1,1,6,0,8,7,5,9,9,2,1,4,7,5,6,8,3,0,9,1,6,9,4,0,5,7,8,5,6,4,9,2,8,4,7,3,2,0,5,3,6,9,0,8,1,5,0,2,4,3,1,6,7,9,6,0,5,1,3,7,0,2,8,1,6,4,9,5,7,9,8,6,7,7,5,4,2,8,7,3,6,0,1,9,7,0,2,5,8,4,1,8,3,6,7",,
,,,,,,,,,tic-13crafb.prec35,b2b-829adc51bf45aa39,b2b-lineage-tic-13crafb,precedence,ORG-F-PW-DE-PHC-BGD2-UW-OBIC12P,ORGFull,N/A,Pairwise,Direct-E,PerSlotHoleCardinality,BreakGroupsD2,UWrMaxSAT,OldBestIC12+,OPTIMAL,SAT,0,0,bg_d2,0,0,0,,,0,1,1.848564,False,165.164,MaxSAT,ORGHistorical,ORG-Historical-BG-d2,Published-style,Published-style/Full,independent_reimplementation,one-shot weighted MaxSAT,52392,,,,,,,116067,184,116251,1840,50552,286550,47,baseline2__model-org_historical_maxsat__m-full__p-pairwise__g-direct__b-per_slot_hole_cardinality__o-break_groups_d2__s-uwrmaxsat__i-old_best_ic12plus__fairness-d2,baseline2__model-org_historical_maxsat__m-full__p-pairwise__g-direct__b-per_slot_hole_cardinality__o-break_groups_d2__s-uwrmaxsat__i-old_best_ic12plus__fairness-d2,legacy_full,n/a,pairwise,direct,UWrMaxSAT,UWrMaxSAT,binary-sha256:8c68c8a386d3d7847b50d315143c2bab60e3514e59510e84a649db83cb303876,org_historical_bg_d2_old_best,per_slot_hole_cardinality,total_break_groups_subject_to_range_at_most_2,BGD2,OBIC12P,286366,184,1,308,69279,42540,3940,1,184,184,1,,,,,,0,,,,,,,"formalism-specific model size: SAT/MaxSAT reports base CNF and soft clauses, MIP reports variables/linear constraints/nonzeros, and CP reports integer variables plus linear/global constraints; SAT bound/totalizer overhead remains separate in optimizer_added_*",1840,,,1840,,,,,,,,,,0.002092,0.11486,,0.11486,1.731612,"wall-clock from immediately before reading/parsing the .dzn instance through model construction, optimization, solution decoding, and independent validation; excludes worker-process startup and result-file export",0,0,,0,0,"0,0,0,0,0,0,0,0,0,0,0,0,0,0,0,0,0,0,0,0,0,0,0,0,0,0,0,0,0,0,0,0,0,0,0,0,0,0,0,0,0,0,0,0,0,0",peak_process_tree_rss_mb,829adc51bf45aa39135b6b46b7f72b605b7457ffc49e164a365960189fe3f3e6,prec35,data_precedence_stress/tic-13crafb.prec35.dzn,1,data_precedence_stress/tic-13crafb.prec35.dzn,1,data_precedence_stress/tic-13crafb.prec35.dzn,https://imae.udg.edu/Recerca/LAI/,https://ima.udg.edu/Recerca/lai/b2b/b2b.zip,,2026-08-15T05:27:59+00:00,7200.0,,ee80a6fbd8b513f7c010668495c39621a371266a,True,3.10.12,1.8.dev25,instance-20260810-085803,Linux-6.8.0-1065-gcp-x86_64-with-glibc2.35,x86_64,4,8,15988.055,1,0,/home/g24021555/Business-Meeting-Scheduling-Problem/.venv/bin/python /home/g24021555/Business-Meeting-Scheduling-Problem/src/ORG_BG_D2.py --data-dir data_precedence_stress --family all --backend uwrmaxsat --uwrmaxsat-bin /home/g24021555/uwrmaxsat/build/release/bin/uwrmaxsat --uwrmaxsat-sha256 8c68c8a386d3d7847b50d315143c2bab60e3514e59510e84a649db83cb303876 --timeout 7200 --csv output/org_old_bg_d2/data_precedence_stress.csv --no-excel,/home/g24021555/uwrmaxsat/build/release/bin/uwrmaxsat,8c68c8a386d3d7847b50d315143c2bab60e3514e59510e84a649db83cb303876,/home/g24021555/uwrmaxsat/build/release/bin/uwrmaxsat -m /tmp/org_bg_5lpywwva.wcnf,,,,,UWrMaxSAT,,,,traditional,pairwise+direct,0,,,,,,,,,"0,2,1,3,5,8,5,7,4,3,0,3,4,5,1,3,0,3,6,5,0,1,4,4,2,7,0,1,5,6,6,7,0,1,4,3,9,2,8,4,2,8,9,1,4,5,7,6,2,1,0,5,3,8,4,6,2,8,9,6,5,3,7,6,4,3,2,7,0,9,1,1,3,7,5,9,8,6,0,4,2,5,4,2,3,9,3,7,4,6,0,5,5,2,1,2,6,1,7,8,3,1,1,3,8,4,7,9,2,0,8,5,2,6,9,2,5,6,3,8,1,2,7,6,4,9,5,6,7,0,4,8,3,8,4,1,3,7,2,6,5,0,3,6,5,4,8,7,1,9,9,2,7,2,9,1,0,7,4,8,3,6,5,7,1,5,3,8,9,0,2,4,6,6,9,8,4,7,5,8,5,7,6,4",,
,,,,,,,,,tic-14crafc.prec35,b2b-883860d684f9542c,b2b-lineage-tic-14crafc,precedence,ORG-F-PW-DE-PHC-BGD2-UW-OBIC12P,ORGFull,N/A,Pairwise,Direct-E,PerSlotHoleCardinality,BreakGroupsD2,UWrMaxSAT,OldBestIC12+,OPTIMAL,SAT,1,1,bg_d2,1,1,1,,,1,1,4.400312,False,192.086,MaxSAT,ORGHistorical,ORG-Historical-BG-d2,Published-style,Published-style/Full,independent_reimplementation,one-shot weighted MaxSAT,79877,,,,,,,174158,240,174398,2370,77507,430566,61,baseline2__model-org_historical_maxsat__m-full__p-pairwise__g-direct__b-per_slot_hole_cardinality__o-break_groups_d2__s-uwrmaxsat__i-old_best_ic12plus__fairness-d2,baseline2__model-org_historical_maxsat__m-full__p-pairwise__g-direct__b-per_slot_hole_cardinality__o-break_groups_d2__s-uwrmaxsat__i-old_best_ic12plus__fairness-d2,legacy_full,n/a,pairwise,direct,UWrMaxSAT,UWrMaxSAT,binary-sha256:8c68c8a386d3d7847b50d315143c2bab60e3514e59510e84a649db83cb303876,org_historical_bg_d2_old_best,per_slot_hole_cardinality,total_break_groups_subject_to_range_at_most_2,BGD2,OBIC12P,430326,240,1,384,101775,66838,5161,1,240,240,1,,,,,,0,,,,,,,"formalism-specific model size: SAT/MaxSAT reports base CNF and soft clauses, MIP reports variables/linear constraints/nonzeros, and CP reports integer variables plus linear/global constraints; SAT bound/totalizer overhead remains separate in optimizer_added_*",2370,,,2370,,,,,,,,,,0.002535,0.168948,,0.168948,4.228828,"wall-clock from immediately before reading/parsing the .dzn instance through model construction, optimization, solution decoding, and independent validation; excludes worker-process startup and result-file export",3,3,,1,1,"0,0,0,0,0,0,0,0,0,0,0,0,0,0,0,0,0,0,0,0,0,0,0,0,0,0,0,0,0,0,0,0,0,0,0,0,0,0,1,0,0,0,0,0,0,0,0,0,0,0,0,0,0,0,0,0,0,0,0,0",peak_process_tree_rss_mb,883860d684f9542ce17a8b32d075a3ec96b5b7b6a242f3ddc8456278c7c1b5ab,prec35,data_precedence_stress/tic-14crafc.prec35.dzn,1,data_precedence_stress/tic-14crafc.prec35.dzn,1,data_precedence_stress/tic-14crafc.prec35.dzn,https://imae.udg.edu/Recerca/LAI/,https://ima.udg.edu/Recerca/lai/b2b/b2b.zip,,2026-08-15T05:27:59+00:00,7200.0,,ee80a6fbd8b513f7c010668495c39621a371266a,True,3.10.12,1.8.dev25,instance-20260810-085803,Linux-6.8.0-1065-gcp-x86_64-with-glibc2.35,x86_64,4,8,15988.055,1,0,/home/g24021555/Business-Meeting-Scheduling-Problem/.venv/bin/python /home/g24021555/Business-Meeting-Scheduling-Problem/src/ORG_BG_D2.py --data-dir data_precedence_stress --family all --backend uwrmaxsat --uwrmaxsat-bin /home/g24021555/uwrmaxsat/build/release/bin/uwrmaxsat --uwrmaxsat-sha256 8c68c8a386d3d7847b50d315143c2bab60e3514e59510e84a649db83cb303876 --timeout 7200 --csv output/org_old_bg_d2/data_precedence_stress.csv --no-excel,/home/g24021555/uwrmaxsat/build/release/bin/uwrmaxsat,8c68c8a386d3d7847b50d315143c2bab60e3514e59510e84a649db83cb303876,/home/g24021555/uwrmaxsat/build/release/bin/uwrmaxsat -m /tmp/org_bg_3_q9y6sq.wcnf,,,,,UWrMaxSAT,,,,traditional,pairwise+direct,1,,,,,,,,,"0,1,8,2,4,7,6,9,0,6,7,1,9,3,8,2,4,6,3,6,1,8,9,0,8,1,2,6,4,1,4,0,3,5,5,4,3,7,8,2,5,6,0,1,4,2,9,2,7,0,3,6,9,3,2,7,1,8,4,0,9,1,7,2,3,4,0,8,6,5,1,4,5,3,2,9,7,1,0,3,6,2,8,5,4,9,4,9,5,8,7,6,0,3,6,2,1,5,4,2,5,7,8,0,9,0,2,3,5,2,7,8,6,1,4,0,6,9,7,5,2,2,0,3,6,3,0,5,1,4,7,2,9,8,5,6,7,1,3,4,2,5,3,9,6,1,7,8,4,9,4,9,2,0,6,5,8,1,7,3,0,9,2,5,4,6,8,7,3,1,6,3,4,8,3,9,1,2,0,8,7,3,4,7,8,5,5,8,9,6,7,4,5,8,9,5,6,3,7,4,8,1,7,4,6,0,2,3,9,5,4,2,7,3,5,1,8,1,7,4,7,9,1,6,8,2,3,5,1,3,5,0,6,7,5,6,8",,
,,,,,,,,,ticf-13crafb.prec35,b2b-8ecdd7161bb9aa78,b2b-lineage-ticf-13crafb,precedence,ORG-F-PW-DE-PHC-BGD2-UW-OBIC12P,ORGFull,N/A,Pairwise,Direct-E,PerSlotHoleCardinality,BreakGroupsD2,UWrMaxSAT,OldBestIC12+,OPTIMAL,SAT,11,11,bg_d2,11,11,11,,,11,1,2083.053082,False,380.008,MaxSAT,ORGHistorical,ORG-Historical-BG-d2,Published-style,Published-style/Full,independent_reimplementation,one-shot weighted MaxSAT,246673,,,,,,,524808,760,525568,4290,242383,1472025,77,baseline2__model-org_historical_maxsat__m-full__p-pairwise__g-direct__b-per_slot_hole_cardinality__o-break_groups_d2__s-uwrmaxsat__i-old_best_ic12plus__fairness-d2,baseline2__model-org_historical_maxsat__m-full__p-pairwise__g-direct__b-per_slot_hole_cardinality__o-break_groups_d2__s-uwrmaxsat__i-old_best_ic12plus__fairness-d2,legacy_full,n/a,pairwise,direct,UWrMaxSAT,UWrMaxSAT,binary-sha256:8c68c8a386d3d7847b50d315143c2bab60e3514e59510e84a649db83cb303876,org_historical_bg_d2_old_best,per_slot_hole_cardinality,total_break_groups_subject_to_range_at_most_2,BGD2,OBIC12P,1471265,760,1,1514,205530,222695,95069,1,760,760,1,,,,,,0,,,,,,,"formalism-specific model size: SAT/MaxSAT reports base CNF and soft clauses, MIP reports variables/linear constraints/nonzeros, and CP reports integer variables plus linear/global constraints; SAT bound/totalizer overhead remains separate in optimizer_added_*",4290,,,4290,,,,,,,,,,0.002418,0.55089,,0.55089,2082.499774,"wall-clock from immediately before reading/parsing the .dzn instance through model construction, optimization, solution decoding, and independent validation; excludes worker-process startup and result-file export",18,99,,11,1,"1,0,0,0,0,0,0,0,0,1,0,1,0,1,0,1,0,0,0,1,0,0,1,0,0,1,0,0,0,0,0,0,0,0,0,1,1,0,0,0,1,0,0,0,0,0,0,0,0,0,0,0,0,0,0,0,0,0,0,0,0,0,0,0,0,0,0,0,0,0,0,0,0,0,0,0",peak_process_tree_rss_mb,8ecdd7161bb9aa781346e7b2060b6f74264352681a1ade7866f8ab9af9a4bf9a,prec35,data_precedence_stress/ticf-13crafb.prec35.dzn,1,data_precedence_stress/ticf-13crafb.prec35.dzn,1,data_precedence_stress/ticf-13crafb.prec35.dzn,https://imae.udg.edu/Recerca/LAI/,https://ima.udg.edu/Recerca/lai/b2b/b2b.zip,,2026-08-15T05:27:59+00:00,7200.0,,ee80a6fbd8b513f7c010668495c39621a371266a,True,3.10.12,1.8.dev25,instance-20260810-085803,Linux-6.8.0-1065-gcp-x86_64-with-glibc2.35,x86_64,4,8,15988.055,1,0,/home/g24021555/Business-Meeting-Scheduling-Problem/.venv/bin/python /home/g24021555/Business-Meeting-Scheduling-Problem/src/ORG_BG_D2.py --data-dir data_precedence_stress --family all --backend uwrmaxsat --uwrmaxsat-bin /home/g24021555/uwrmaxsat/build/release/bin/uwrmaxsat --uwrmaxsat-sha256 8c68c8a386d3d7847b50d315143c2bab60e3514e59510e84a649db83cb303876 --timeout 7200 --csv output/org_old_bg_d2/data_precedence_stress.csv --no-excel,/home/g24021555/uwrmaxsat/build/release/bin/uwrmaxsat,8c68c8a386d3d7847b50d315143c2bab60e3514e59510e84a649db83cb303876,/home/g24021555/uwrmaxsat/build/release/bin/uwrmaxsat -m /tmp/org_bg_kkp8a06u.wcnf,,,,,UWrMaxSAT,,,,traditional,pairwise+direct,11,,,,,,,,,"5,9,10,11,8,7,6,9,1,3,10,11,1,2,14,12,4,13,12,13,14,6,15,5,7,11,5,4,4,2,9,10,3,6,7,12,3,8,4,16,14,18,5,15,15,12,16,3,8,11,17,10,14,13,7,7,6,5,6,7,12,7,10,13,14,16,15,17,8,6,4,5,3,7,1,13,0,9,8,2,6,10,9,11,14,13,12,6,4,5,3,13,12,16,14,15,12,20,13,17,18,19,21,8,7,12,11,13,8,14,11,9,12,9,5,6,3,8,1,11,7,4,2,10,10,11,8,9,7,5,8,6,11,12,13,18,3,9,10,16,19,2,17,14,4,6,10,9,8,11,9,10,13,11,9,8,16,14,13,17,12,10,15,0,4,1,5,8,10,6,7,3,11,2,9,4,7,12,5,1,11,8,9,10,15,13,14,2,1,6,4,2,5,3,7",,
,,,,,,,,,tic-12.prec30,b2b-9110892d561e434f,b2b-lineage-tic-12,precedence,ORG-F-PW-DE-PHC-BGD2-UW-OBIC12P,ORGFull,N/A,Pairwise,Direct-E,PerSlotHoleCardinality,BreakGroupsD2,UWrMaxSAT,OldBestIC12+,OPTIMAL,SAT,0,0,bg_d2,0,0,0,,,0,1,0.345117,False,152.078,MaxSAT,ORGHistorical,ORG-Historical-BG-d2,Published-style,Published-style/Full,independent_reimplementation,one-shot weighted MaxSAT,24902,,,,,,,55512,126,55638,1000,23902,136287,43,baseline2__model-org_historical_maxsat__m-full__p-pairwise__g-direct__b-per_slot_hole_cardinality__o-break_groups_d2__s-uwrmaxsat__i-old_best_ic12plus__fairness-d2,baseline2__model-org_historical_maxsat__m-full__p-pairwise__g-direct__b-per_slot_hole_cardinality__o-break_groups_d2__s-uwrmaxsat__i-old_best_ic12plus__fairness-d2,legacy_full,n/a,pairwise,direct,UWrMaxSAT,UWrMaxSAT,binary-sha256:8c68c8a386d3d7847b50d315143c2bab60e3514e59510e84a649db83cb303876,org_historical_bg_d2_old_best,per_slot_hole_cardinality,total_break_groups_subject_to_range_at_most_2,BGD2,OBIC12P,136161,126,1,234,33588,20023,1667,1,126,126,1,,,,,,0,,,,,,,"formalism-specific model size: SAT/MaxSAT reports base CNF and soft clauses, MIP reports variables/linear constraints/nonzeros, and CP reports integer variables plus linear/global constraints; SAT bound/totalizer overhead remains separate in optimizer_added_*",1000,,,1000,,,,,,,,,,0.001555,0.05195,,0.05195,0.291611,"wall-clock from immediately before reading/parsing the .dzn instance through model construction, optimization, solution decoding, and independent validation; excludes worker-process startup and result-file export",0,0,,0,0,"0,0,0,0,0,0,0,0,0,0,0,0,0,0,0,0,0,0,0,0,0,0,0,0,0,0,0,0,0,0,0,0,0,0,0,0,0,0,0,0,0,0",peak_process_tree_rss_mb,9110892d561e434f9db2d55ff8930367045de77e5dc66163eb808bae6c08111c,prec30,data_precedence_stress/tic-12.prec30.dzn,1,data_precedence_stress/tic-12.prec30.dzn,1,data_precedence_stress/tic-12.prec30.dzn,https://imae.udg.edu/Recerca/LAI/,https://ima.udg.edu/Recerca/lai/b2b/b2b.zip,,2026-08-15T05:27:59+00:00,7200.0,,ee80a6fbd8b513f7c010668495c39621a371266a,True,3.10.12,1.8.dev25,instance-20260810-085803,Linux-6.8.0-1065-gcp-x86_64-with-glibc2.35,x86_64,4,8,15988.055,1,0,/home/g24021555/Business-Meeting-Scheduling-Problem/.venv/bin/python /home/g24021555/Business-Meeting-Scheduling-Problem/src/ORG_BG_D2.py --data-dir data_precedence_stress --family all --backend uwrmaxsat --uwrmaxsat-bin /home/g24021555/uwrmaxsat/build/release/bin/uwrmaxsat --uwrmaxsat-sha256 8c68c8a386d3d7847b50d315143c2bab60e3514e59510e84a649db83cb303876 --timeout 7200 --csv output/org_old_bg_d2/data_precedence_stress.csv --no-excel,/home/g24021555/uwrmaxsat/build/release/bin/uwrmaxsat,8c68c8a386d3d7847b50d315143c2bab60e3514e59510e84a649db83cb303876,/home/g24021555/uwrmaxsat/build/release/bin/uwrmaxsat -m /tmp/org_bg_bxp_0m4l.wcnf,,,,,UWrMaxSAT,,,,traditional,pairwise+direct,0,,,,,,,,,"4,1,2,3,0,3,3,1,2,1,5,6,0,1,2,5,4,3,1,0,6,4,3,2,1,2,0,6,4,3,5,7,1,0,6,5,4,3,6,7,5,3,2,4,0,2,5,4,0,1,5,3,7,4,6,1,2,2,3,5,2,3,1,4,7,7,4,6,2,5,6,7,3,5,1,4,1,2,0,7,4,3,6,5,2,1,4,2,3,0,5,5,6,7,4,3,1,0,2,2,7,3,6,1,0,3,7,2,4,5,6,6,5,0,2,3,7,4,3,5,6,7,2,0,1",,
,,,,,,,,,tic-12.prec35,b2b-9470bd0ae5d66137,b2b-lineage-tic-12,precedence,ORG-F-PW-DE-PHC-BGD2-UW-OBIC12P,ORGFull,N/A,Pairwise,Direct-E,PerSlotHoleCardinality,BreakGroupsD2,UWrMaxSAT,OldBestIC12+,OPTIMAL,SAT,0,0,bg_d2,0,0,0,,,0,1,0.867862,False,137.609,MaxSAT,ORGHistorical,ORG-Historical-BG-d2,Published-style,Published-style/Full,independent_reimplementation,one-shot weighted MaxSAT,24902,,,,,,,55800,126,55926,1000,23902,136863,43,baseline2__model-org_historical_maxsat__m-full__p-pairwise__g-direct__b-per_slot_hole_cardinality__o-break_groups_d2__s-uwrmaxsat__i-old_best_ic12plus__fairness-d2,baseline2__model-org_historical_maxsat__m-full__p-pairwise__g-direct__b-per_slot_hole_cardinality__o-break_groups_d2__s-uwrmaxsat__i-old_best_ic12plus__fairness-d2,legacy_full,n/a,pairwise,direct,UWrMaxSAT,UWrMaxSAT,binary-sha256:8c68c8a386d3d7847b50d315143c2bab60e3514e59510e84a649db83cb303876,org_historical_bg_d2_old_best,per_slot_hole_cardinality,total_break_groups_subject_to_range_at_most_2,BGD2,OBIC12P,136737,126,1,234,33876,20023,1667,1,126,126,1,,,,,,0,,,,,,,"formalism-specific model size: SAT/MaxSAT reports base CNF and soft clauses, MIP reports variables/linear constraints/nonzeros, and CP reports integer variables plus linear/global constraints; SAT bound/totalizer overhead remains separate in optimizer_added_*",1000,,,1000,,,,,,,,,,0.001499,0.0596,,0.0596,0.806763,"wall-clock from immediately before reading/parsing the .dzn instance through model construction, optimization, solution decoding, and independent validation; excludes worker-process startup and result-file export",0,0,,0,0,"0,0,0,0,0,0,0,0,0,0,0,0,0,0,0,0,0,0,0,0,0,0,0,0,0,0,0,0,0,0,0,0,0,0,0,0,0,0,0,0,0,0",peak_process_tree_rss_mb,9470bd0ae5d66137e0e5c8db6d6f55a45915ed39033ff940e39aeac47c3a5430,prec35,data_precedence_stress/tic-12.prec35.dzn,1,data_precedence_stress/tic-12.prec35.dzn,1,data_precedence_stress/tic-12.prec35.dzn,https://imae.udg.edu/Recerca/LAI/,https://ima.udg.edu/Recerca/lai/b2b/b2b.zip,,2026-08-15T05:27:59+00:00,7200.0,,ee80a6fbd8b513f7c010668495c39621a371266a,True,3.10.12,1.8.dev25,instance-20260810-085803,Linux-6.8.0-1065-gcp-x86_64-with-glibc2.35,x86_64,4,8,15988.055,1,0,/home/g24021555/Business-Meeting-Scheduling-Problem/.venv/bin/python /home/g24021555/Business-Meeting-Scheduling-Problem/src/ORG_BG_D2.py --data-dir data_precedence_stress --family all --backend uwrmaxsat --uwrmaxsat-bin /home/g24021555/uwrmaxsat/build/release/bin/uwrmaxsat --uwrmaxsat-sha256 8c68c8a386d3d7847b50d315143c2bab60e3514e59510e84a649db83cb303876 --timeout 7200 --csv output/org_old_bg_d2/data_precedence_stress.csv --no-excel,/home/g24021555/uwrmaxsat/build/release/bin/uwrmaxsat,8c68c8a386d3d7847b50d315143c2bab60e3514e59510e84a649db83cb303876,/home/g24021555/uwrmaxsat/build/release/bin/uwrmaxsat -m /tmp/org_bg_fhkr_jks.wcnf,,,,,UWrMaxSAT,,,,traditional,pairwise+direct,0,,,,,,,,,"5,0,3,4,1,5,7,2,4,1,6,6,2,0,3,5,1,4,3,0,7,1,1,0,1,4,0,7,5,3,2,6,2,1,6,4,3,5,1,7,2,4,3,6,0,4,2,5,3,1,5,4,3,2,6,1,0,1,5,6,0,5,2,3,1,7,3,6,0,5,2,3,4,6,7,5,2,4,1,2,5,7,0,6,4,3,5,4,3,2,6,4,0,7,3,2,5,1,6,0,7,6,5,4,3,4,6,2,5,3,7,4,6,1,0,7,2,6,0,1,7,3,5,4,2",,
,,,,,,,,,ticf-14crafa.prec30,b2b-99404c9d21dfccf7,b2b-lineage-ticf-14crafa,precedence,ORG-F-PW-DE-PHC-BGD2-UW-OBIC12P,ORGFull,N/A,Pairwise,Direct-E,PerSlotHoleCardinality,BreakGroupsD2,UWrMaxSAT,OldBestIC12+,TIMEOUT,TIMEOUT,6,,bg_d2,,,6,,,6,1,7201.443129,True,677.273,MaxSAT,ORGHistorical,ORG-Historical-BG-d2,Published-style,Published-style/Full,independent_reimplementation,one-shot weighted MaxSAT,352704,,,,,,,748894,780,749674,6644,346060,2022177,79,baseline2__model-org_historical_maxsat__m-full__p-pairwise__g-direct__b-per_slot_hole_cardinality__o-break_groups_d2__s-uwrmaxsat__i-old_best_ic12plus__fairness-d2,baseline2__model-org_historical_maxsat__m-full__p-pairwise__g-direct__b-per_slot_hole_cardinality__o-break_groups_d2__s-uwrmaxsat__i-old_best_ic12plus__fairness-d2,legacy_full,n/a,pairwise,direct,UWrMaxSAT,UWrMaxSAT,binary-sha256:8c68c8a386d3d7847b50d315143c2bab60e3514e59510e84a649db83cb303876,org_historical_bg_d2_old_best,per_slot_hole_cardinality,total_break_groups_subject_to_range_at_most_2,BGD2,OBIC12P,2021397,780,1,1116,337357,312391,98030,1,780,780,1,,,,,,0,,,,,,,"formalism-specific model size: SAT/MaxSAT reports base CNF and soft clauses, MIP reports variables/linear constraints/nonzeros, and CP reports integer variables plus linear/global constraints; SAT bound/totalizer overhead remains separate in optimizer_added_*",6644,,,6644,,,,,,,,,,0.003317,0.858433,,0.858433,7200.581379,"wall-clock from immediately before reading/parsing the .dzn instance through model construction, optimization, solution decoding, and independent validation; excludes worker-process startup and result-file export",,,,,,,peak_process_tree_rss_mb,99404c9d21dfccf71a73962fae89f1a01166efccd15b73b4a25f5901c09e6c54,prec30,data_precedence_stress/ticf-14crafa.prec30.dzn,1,data_precedence_stress/ticf-14crafa.prec30.dzn,1,data_precedence_stress/ticf-14crafa.prec30.dzn,https://imae.udg.edu/Recerca/LAI/,https://ima.udg.edu/Recerca/lai/b2b/b2b.zip,,2026-08-15T05:27:59+00:00,7200.0,,ee80a6fbd8b513f7c010668495c39621a371266a,True,3.10.12,1.8.dev25,instance-20260810-085803,Linux-6.8.0-1065-gcp-x86_64-with-glibc2.35,x86_64,4,8,15988.055,1,0,/home/g24021555/Business-Meeting-Scheduling-Problem/.venv/bin/python /home/g24021555/Business-Meeting-Scheduling-Problem/src/ORG_BG_D2.py --data-dir data_precedence_stress --family all --backend uwrmaxsat --uwrmaxsat-bin /home/g24021555/uwrmaxsat/build/release/bin/uwrmaxsat --uwrmaxsat-sha256 8c68c8a386d3d7847b50d315143c2bab60e3514e59510e84a649db83cb303876 --timeout 7200 --csv output/org_old_bg_d2/data_precedence_stress.csv --no-excel,/home/g24021555/uwrmaxsat/build/release/bin/uwrmaxsat,8c68c8a386d3d7847b50d315143c2bab60e3514e59510e84a649db83cb303876,/home/g24021555/uwrmaxsat/build/release/bin/uwrmaxsat -m /tmp/org_bg_9rl7r9_t.wcnf,,,,,UWrMaxSAT,,,,traditional,pairwise+direct,6,,,,,,,,,,,
,,,,,,,,,ticf-13crafb.prec30,b2b-9b02c308e954dd30,b2b-lineage-ticf-13crafb,precedence,ORG-F-PW-DE-PHC-BGD2-UW-OBIC12P,ORGFull,N/A,Pairwise,Direct-E,PerSlotHoleCardinality,BreakGroupsD2,UWrMaxSAT,OldBestIC12+,OPTIMAL,SAT,10,10,bg_d2,10,10,10,,,10,1,304.392822,False,363.027,MaxSAT,ORGHistorical,ORG-Historical-BG-d2,Published-style,Published-style/Full,independent_reimplementation,one-shot weighted MaxSAT,246673,,,,,,,518736,760,519496,4290,242383,1459881,77,baseline2__model-org_historical_maxsat__m-full__p-pairwise__g-direct__b-per_slot_hole_cardinality__o-break_groups_d2__s-uwrmaxsat__i-old_best_ic12plus__fairness-d2,baseline2__model-org_historical_maxsat__m-full__p-pairwise__g-direct__b-per_slot_hole_cardinality__o-break_groups_d2__s-uwrmaxsat__i-old_best_ic12plus__fairness-d2,legacy_full,n/a,pairwise,direct,UWrMaxSAT,UWrMaxSAT,binary-sha256:8c68c8a386d3d7847b50d315143c2bab60e3514e59510e84a649db83cb303876,org_historical_bg_d2_old_best,per_slot_hole_cardinality,total_break_groups_subject_to_range_at_most_2,BGD2,OBIC12P,1459121,760,1,1514,199458,222695,95069,1,760,760,1,,,,,,0,,,,,,,"formalism-specific model size: SAT/MaxSAT reports base CNF and soft clauses, MIP reports variables/linear constraints/nonzeros, and CP reports integer variables plus linear/global constraints; SAT bound/totalizer overhead remains separate in optimizer_added_*",4290,,,4290,,,,,,,,,,0.002456,0.544704,,0.544704,303.845662,"wall-clock from immediately before reading/parsing the .dzn instance through model construction, optimization, solution decoding, and independent validation; excludes worker-process startup and result-file export",19,90,,10,1,"0,0,0,0,0,0,0,0,0,1,0,1,0,1,0,1,0,1,0,1,0,0,1,0,0,1,0,0,0,0,0,0,1,0,0,0,1,0,0,0,0,0,0,0,0,0,0,0,0,0,0,0,0,0,0,0,0,0,0,0,0,0,0,0,0,0,0,0,0,0,0,0,0,0,0,0",peak_process_tree_rss_mb,9b02c308e954dd308a54812d06054ae94d345243a92dfed2c4e5f2b10a18314e,prec30,data_precedence_stress/ticf-13crafb.prec30.dzn,1,data_precedence_stress/ticf-13crafb.prec30.dzn,1,data_precedence_stress/ticf-13crafb.prec30.dzn,https://imae.udg.edu/Recerca/LAI/,https://ima.udg.edu/Recerca/lai/b2b/b2b.zip,,2026-08-15T05:27:59+00:00,7200.0,,ee80a6fbd8b513f7c010668495c39621a371266a,True,3.10.12,1.8.dev25,instance-20260810-085803,Linux-6.8.0-1065-gcp-x86_64-with-glibc2.35,x86_64,4,8,15988.055,1,0,/home/g24021555/Business-Meeting-Scheduling-Problem/.venv/bin/python /home/g24021555/Business-Meeting-Scheduling-Problem/src/ORG_BG_D2.py --data-dir data_precedence_stress --family all --backend uwrmaxsat --uwrmaxsat-bin /home/g24021555/uwrmaxsat/build/release/bin/uwrmaxsat --uwrmaxsat-sha256 8c68c8a386d3d7847b50d315143c2bab60e3514e59510e84a649db83cb303876 --timeout 7200 --csv output/org_old_bg_d2/data_precedence_stress.csv --no-excel,/home/g24021555/uwrmaxsat/build/release/bin/uwrmaxsat,8c68c8a386d3d7847b50d315143c2bab60e3514e59510e84a649db83cb303876,/home/g24021555/uwrmaxsat/build/release/bin/uwrmaxsat -m /tmp/org_bg_rw64nw4h.wcnf,,,,,UWrMaxSAT,,,,traditional,pairwise+direct,10,,,,,,,,,"4,8,11,10,9,6,5,9,0,2,10,5,1,2,17,14,3,16,13,14,12,1,15,3,9,11,18,4,5,3,8,10,2,5,6,6,2,5,1,16,13,12,4,15,15,12,17,4,10,6,16,11,13,14,9,7,5,15,14,13,12,5,6,13,14,16,11,15,7,8,4,6,3,7,2,12,8,1,11,0,5,11,8,10,13,14,12,8,8,9,7,13,12,16,12,19,14,20,15,17,18,13,21,12,9,11,10,14,6,13,11,7,12,8,3,5,2,6,1,11,10,9,4,7,10,7,9,8,7,4,5,9,10,14,12,16,6,8,0,17,2,3,15,1,13,9,10,12,11,11,8,10,9,6,7,8,11,12,14,10,9,13,15,7,8,0,11,6,2,5,3,1,9,10,4,3,7,10,4,9,13,16,17,14,15,12,11,8,4,7,3,1,2,5,6",,
,,,,,,,,,tic-13crafb.prec30,b2b-9b0ce2543cb30bc3,b2b-lineage-tic-13crafb,precedence,ORG-F-PW-DE-PHC-BGD2-UW-OBIC12P,ORGFull,N/A,Pairwise,Direct-E,PerSlotHoleCardinality,BreakGroupsD2,UWrMaxSAT,OldBestIC12+,OPTIMAL,SAT,0,0,bg_d2,0,0,0,,,0,1,1.850953,False,169.406,MaxSAT,ORGHistorical,ORG-Historical-BG-d2,Published-style,Published-style/Full,independent_reimplementation,one-shot weighted MaxSAT,52392,,,,,,,115572,184,115756,1840,50552,285560,47,baseline2__model-org_historical_maxsat__m-full__p-pairwise__g-direct__b-per_slot_hole_cardinality__o-break_groups_d2__s-uwrmaxsat__i-old_best_ic12plus__fairness-d2,baseline2__model-org_historical_maxsat__m-full__p-pairwise__g-direct__b-per_slot_hole_cardinality__o-break_groups_d2__s-uwrmaxsat__i-old_best_ic12plus__fairness-d2,legacy_full,n/a,pairwise,direct,UWrMaxSAT,UWrMaxSAT,binary-sha256:8c68c8a386d3d7847b50d315143c2bab60e3514e59510e84a649db83cb303876,org_historical_bg_d2_old_best,per_slot_hole_cardinality,total_break_groups_subject_to_range_at_most_2,BGD2,OBIC12P,285376,184,1,308,68784,42540,3940,1,184,184,1,,,,,,0,,,,,,,"formalism-specific model size: SAT/MaxSAT reports base CNF and soft clauses, MIP reports variables/linear constraints/nonzeros, and CP reports integer variables plus linear/global constraints; SAT bound/totalizer overhead remains separate in optimizer_added_*",1840,,,1840,,,,,,,,,,0.002078,0.12477,,0.12477,1.724106,"wall-clock from immediately before reading/parsing the .dzn instance through model construction, optimization, solution decoding, and independent validation; excludes worker-process startup and result-file export",0,0,,0,0,"0,0,0,0,0,0,0,0,0,0,0,0,0,0,0,0,0,0,0,0,0,0,0,0,0,0,0,0,0,0,0,0,0,0,0,0,0,0,0,0,0,0,0,0,0,0",peak_process_tree_rss_mb,9b0ce2543cb30bc37f7a521761b7cbc4430dfc00d8324f8fe461532162fc97b4,prec30,data_precedence_stress/tic-13crafb.prec30.dzn,1,data_precedence_stress/tic-13crafb.prec30.dzn,1,data_precedence_stress/tic-13crafb.prec30.dzn,https://imae.udg.edu/Recerca/LAI/,https://ima.udg.edu/Recerca/lai/b2b/b2b.zip,,2026-08-15T05:27:59+00:00,7200.0,,ee80a6fbd8b513f7c010668495c39621a371266a,True,3.10.12,1.8.dev25,instance-20260810-085803,Linux-6.8.0-1065-gcp-x86_64-with-glibc2.35,x86_64,4,8,15988.055,1,0,/home/g24021555/Business-Meeting-Scheduling-Problem/.venv/bin/python /home/g24021555/Business-Meeting-Scheduling-Problem/src/ORG_BG_D2.py --data-dir data_precedence_stress --family all --backend uwrmaxsat --uwrmaxsat-bin /home/g24021555/uwrmaxsat/build/release/bin/uwrmaxsat --uwrmaxsat-sha256 8c68c8a386d3d7847b50d315143c2bab60e3514e59510e84a649db83cb303876 --timeout 7200 --csv output/org_old_bg_d2/data_precedence_stress.csv --no-excel,/home/g24021555/uwrmaxsat/build/release/bin/uwrmaxsat,8c68c8a386d3d7847b50d315143c2bab60e3514e59510e84a649db83cb303876,/home/g24021555/uwrmaxsat/build/release/bin/uwrmaxsat -m /tmp/org_bg_6rai0y0i.wcnf,,,,,UWrMaxSAT,,,,traditional,pairwise+direct,0,,,,,,,,,"1,2,0,3,6,9,3,5,0,2,0,3,4,6,0,1,3,2,7,6,1,3,5,4,3,5,6,1,0,7,6,7,5,0,4,8,9,2,3,4,6,9,0,3,7,4,8,2,8,4,0,2,3,7,5,6,2,4,9,7,5,1,8,2,0,5,8,6,1,9,6,2,3,6,5,9,8,0,1,7,4,5,2,7,3,5,7,3,1,4,6,8,5,0,6,2,0,1,7,8,5,1,1,3,9,7,8,2,5,0,7,3,2,6,9,1,0,7,8,6,4,5,2,3,7,9,1,4,9,1,6,3,7,4,7,8,5,1,2,4,6,0,1,4,6,8,4,5,3,2,5,4,8,8,9,4,2,5,6,2,3,1,4,8,7,3,4,6,9,2,1,5,0,2,1,4,5,6,3,4,1,3,2,0",,
,,,,,,,,,tic-13crafc.prec35,b2b-9b599e6bf16d17dc,b2b-lineage-tic-13crafc,precedence,ORG-F-PW-DE-PHC-BGD2-UW-OBIC12P,ORGFull,N/A,Pairwise,Direct-E,PerSlotHoleCardinality,BreakGroupsD2,UWrMaxSAT,OldBestIC12+,OPTIMAL,SAT,4,4,bg_d2,4,4,4,,,4,1,4.563062,False,160.781,MaxSAT,ORGHistorical,ORG-Historical-BG-d2,Published-style,Published-style/Full,independent_reimplementation,one-shot weighted MaxSAT,51659,,,,,,,113725,188,113913,1800,49859,280744,48,baseline2__model-org_historical_maxsat__m-full__p-pairwise__g-direct__b-per_slot_hole_cardinality__o-break_groups_d2__s-uwrmaxsat__i-old_best_ic12plus__fairness-d2,baseline2__model-org_historical_maxsat__m-full__p-pairwise__g-direct__b-per_slot_hole_cardinality__o-break_groups_d2__s-uwrmaxsat__i-old_best_ic12plus__fairness-d2,legacy_full,n/a,pairwise,direct,UWrMaxSAT,UWrMaxSAT,binary-sha256:8c68c8a386d3d7847b50d315143c2bab60e3514e59510e84a649db83cb303876,org_historical_bg_d2_old_best,per_slot_hole_cardinality,total_break_groups_subject_to_range_at_most_2,BGD2,OBIC12P,280556,188,1,283,68088,41325,4029,1,188,188,1,,,,,,0,,,,,,,"formalism-specific model size: SAT/MaxSAT reports base CNF and soft clauses, MIP reports variables/linear constraints/nonzeros, and CP reports integer variables plus linear/global constraints; SAT bound/totalizer overhead remains separate in optimizer_added_*",1800,,,1800,,,,,,,,,,0.002131,0.115427,,0.115427,4.445504,"wall-clock from immediately before reading/parsing the .dzn instance through model construction, optimization, solution decoding, and independent validation; excludes worker-process startup and result-file export",6,18,,4,1,"0,0,0,0,0,0,0,0,1,0,0,0,0,0,1,0,0,0,0,0,1,0,0,0,0,0,0,0,1,0,0,0,0,0,0,0,0,0,0,0,0,0,0,0,0,0,0",peak_process_tree_rss_mb,9b599e6bf16d17dc6cc60688555a9b77e2db00794518397a81c0e6a2a82d8861,prec35,data_precedence_stress/tic-13crafc.prec35.dzn,1,data_precedence_stress/tic-13crafc.prec35.dzn,1,data_precedence_stress/tic-13crafc.prec35.dzn,https://imae.udg.edu/Recerca/LAI/,https://ima.udg.edu/Recerca/lai/b2b/b2b.zip,,2026-08-15T05:27:59+00:00,7200.0,,ee80a6fbd8b513f7c010668495c39621a371266a,True,3.10.12,1.8.dev25,instance-20260810-085803,Linux-6.8.0-1065-gcp-x86_64-with-glibc2.35,x86_64,4,8,15988.055,1,0,/home/g24021555/Business-Meeting-Scheduling-Problem/.venv/bin/python /home/g24021555/Business-Meeting-Scheduling-Problem/src/ORG_BG_D2.py --data-dir data_precedence_stress --family all --backend uwrmaxsat --uwrmaxsat-bin /home/g24021555/uwrmaxsat/build/release/bin/uwrmaxsat --uwrmaxsat-sha256 8c68c8a386d3d7847b50d315143c2bab60e3514e59510e84a649db83cb303876 --timeout 7200 --csv output/org_old_bg_d2/data_precedence_stress.csv --no-excel,/home/g24021555/uwrmaxsat/build/release/bin/uwrmaxsat,8c68c8a386d3d7847b50d315143c2bab60e3514e59510e84a649db83cb303876,/home/g24021555/uwrmaxsat/build/release/bin/uwrmaxsat -m /tmp/org_bg_u6yg4z6o.wcnf,,,,,UWrMaxSAT,,,,traditional,pairwise+direct,4,,,,,,,,,"0,5,1,2,7,3,8,9,6,4,6,8,9,7,5,8,7,9,5,3,4,2,6,4,3,9,5,8,7,1,3,5,0,7,6,4,2,7,5,4,6,3,2,5,0,1,4,6,7,0,1,9,8,2,4,1,2,5,3,9,0,6,5,3,1,2,5,6,7,8,2,8,6,7,0,5,1,3,9,1,6,2,8,7,9,4,8,0,1,2,8,1,6,4,5,3,4,0,2,5,7,8,7,9,1,6,8,0,0,6,2,7,8,3,4,3,0,2,8,2,0,1,8,7,2,4,9,1,6,3,4,3,8,1,6,0,5,5,4,9,7,4,1,6,3,7,3,5,2,6,4,3,9,4,7,9,0,2,3,3,7,4,1,6,5,0,3,2,8,5,9,6,7,2,4,8,1,0,1,5",,
,,,,,,,,,forum-13.prec35,b2b-9bc73150fdea547d,b2b-lineage-forum-13,precedence,ORG-F-PW-DE-PHC-BGD2-UW-OBIC12P,ORGFull,N/A,Pairwise,Direct-E,PerSlotHoleCardinality,BreakGroupsD2,UWrMaxSAT,OldBestIC12+,OPTIMAL,SAT,2,2,bg_d2,2,2,2,,,2,1,26.497229,False,323.965,MaxSAT,ORGHistorical,ORG-Historical-BG-d2,Published-style,Published-style/Full,independent_reimplementation,one-shot weighted MaxSAT,207114,,,,,,,432363,700,433063,3234,203880,1220937,71,baseline2__model-org_historical_maxsat__m-full__p-pairwise__g-direct__b-per_slot_hole_cardinality__o-break_groups_d2__s-uwrmaxsat__i-old_best_ic12plus__fairness-d2,baseline2__model-org_historical_maxsat__m-full__p-pairwise__g-direct__b-per_slot_hole_cardinality__o-break_groups_d2__s-uwrmaxsat__i-old_best_ic12plus__fairness-d2,legacy_full,n/a,pairwise,direct,UWrMaxSAT,UWrMaxSAT,binary-sha256:8c68c8a386d3d7847b50d315143c2bab60e3514e59510e84a649db83cb303876,org_historical_bg_d2_old_best,per_slot_hole_cardinality,total_break_groups_subject_to_range_at_most_2,BGD2,OBIC12P,1220237,700,1,1118,163164,186835,81246,1,700,700,1,,,,,,0,,,,,,,"formalism-specific model size: SAT/MaxSAT reports base CNF and soft clauses, MIP reports variables/linear constraints/nonzeros, and CP reports integer variables plus linear/global constraints; SAT bound/totalizer overhead remains separate in optimizer_added_*",3234,,,3234,,,,,,,,,,0.00194,0.4746,,0.4746,26.020689,"wall-clock from immediately before reading/parsing the .dzn instance through model construction, optimization, solution decoding, and independent validation; excludes worker-process startup and result-file export",7,13,,2,1,"0,0,0,1,0,0,0,0,0,0,0,0,0,0,0,0,0,0,0,0,0,0,0,0,0,0,0,0,0,1,0,0,0,0,0,0,0,0,0,0,0,0,0,0,0,0,0,0,0,0,0,0,0,0,0,0,0,0,0,0,0,0,0,0,0,0,0,0,0,0",peak_process_tree_rss_mb,9bc73150fdea547d87843c4c29a1c6645a6ca00492044d3e7956313c7c795dc4,prec35,data_precedence_stress/forum-13.prec35.dzn,1,data_precedence_stress/forum-13.prec35.dzn,1,data_precedence_stress/forum-13.prec35.dzn,https://imae.udg.edu/Recerca/LAI/,https://ima.udg.edu/Recerca/lai/b2b/b2b.zip,,2026-08-15T05:27:59+00:00,7200.0,,ee80a6fbd8b513f7c010668495c39621a371266a,True,3.10.12,1.8.dev25,instance-20260810-085803,Linux-6.8.0-1065-gcp-x86_64-with-glibc2.35,x86_64,4,8,15988.055,1,0,/home/g24021555/Business-Meeting-Scheduling-Problem/.venv/bin/python /home/g24021555/Business-Meeting-Scheduling-Problem/src/ORG_BG_D2.py --data-dir data_precedence_stress --family all --backend uwrmaxsat --uwrmaxsat-bin /home/g24021555/uwrmaxsat/build/release/bin/uwrmaxsat --uwrmaxsat-sha256 8c68c8a386d3d7847b50d315143c2bab60e3514e59510e84a649db83cb303876 --timeout 7200 --csv output/org_old_bg_d2/data_precedence_stress.csv --no-excel,/home/g24021555/uwrmaxsat/build/release/bin/uwrmaxsat,8c68c8a386d3d7847b50d315143c2bab60e3514e59510e84a649db83cb303876,/home/g24021555/uwrmaxsat/build/release/bin/uwrmaxsat -m /tmp/org_bg_lei06axt.wcnf,,,,,UWrMaxSAT,,,,traditional,pairwise+direct,2,,,,,,,,,"4,5,10,7,12,9,11,6,8,13,0,1,3,7,2,6,4,5,2,4,5,1,3,6,5,4,4,9,5,10,8,7,6,7,6,11,9,8,12,10,11,12,13,15,14,1,2,0,5,8,6,4,7,10,11,9,3,9,11,12,10,3,6,7,5,8,4,1,4,5,2,10,3,7,8,6,9,8,6,4,10,12,7,9,11,5,3,2,5,3,7,1,4,9,10,8,2,6,11,9,8,12,7,10,0,2,3,6,8,5,1,7,4,5,6,8,9,11,12,4,10,2,3,12,13,8,9,4,10,5,6,11,7,3,6,2,5,1,7,14,9,12,4,8,10,11,13,0,9,7,10,12,11,8",,
,,,,,,,,,forum-13crafc.prec30,b2b-a2d63fd25650c337,b2b-lineage-forum-13crafc,precedence,ORG-F-PW-DE-PHC-BGD2-UW-OBIC12P,ORGFull,N/A,Pairwise,Direct-E,PerSlotHoleCardinality,BreakGroupsD2,UWrMaxSAT,OldBestIC12+,OPTIMAL,SAT,3,3,bg_d2,3,3,3,,,3,1,505.269187,False,313.684,MaxSAT,ORGHistorical,ORG-Historical-BG-d2,Published-style,Published-style/Full,independent_reimplementation,one-shot weighted MaxSAT,200226,,,,,,,412602,700,413302,3234,196992,1174401,71,baseline2__model-org_historical_maxsat__m-full__p-pairwise__g-direct__b-per_slot_hole_cardinality__o-break_groups_d2__s-uwrmaxsat__i-old_best_ic12plus__fairness-d2,baseline2__model-org_historical_maxsat__m-full__p-pairwise__g-direct__b-per_slot_hole_cardinality__o-break_groups_d2__s-uwrmaxsat__i-old_best_ic12plus__fairness-d2,legacy_full,n/a,pairwise,direct,UWrMaxSAT,UWrMaxSAT,binary-sha256:8c68c8a386d3d7847b50d315143c2bab60e3514e59510e84a649db83cb303876,org_historical_bg_d2_old_best,per_slot_hole_cardinality,total_break_groups_subject_to_range_at_most_2,BGD2,OBIC12P,1173701,700,1,1118,150417,179821,81246,1,700,700,1,,,,,,0,,,,,,,"formalism-specific model size: SAT/MaxSAT reports base CNF and soft clauses, MIP reports variables/linear constraints/nonzeros, and CP reports integer variables plus linear/global constraints; SAT bound/totalizer overhead remains separate in optimizer_added_*",3234,,,3234,,,,,,,,,,0.001965,0.453297,,0.453297,504.813925,"wall-clock from immediately before reading/parsing the .dzn instance through model construction, optimization, solution decoding, and independent validation; excludes worker-process startup and result-file export",10,20,,3,1,"0,0,0,0,0,1,0,0,0,0,0,0,0,0,0,0,0,0,0,0,0,0,0,0,0,0,1,0,0,0,0,0,1,0,0,0,0,0,0,0,0,0,0,0,0,0,0,0,0,0,0,0,0,0,0,0,0,0,0,0,0,0,0,0,0,0,0,0,0,0",peak_process_tree_rss_mb,a2d63fd25650c33771a25e77373cc0c28c3b800a8266e7a6e2bd8d47bfb1d152,prec30,data_precedence_stress/forum-13crafc.prec30.dzn,1,data_precedence_stress/forum-13crafc.prec30.dzn,1,data_precedence_stress/forum-13crafc.prec30.dzn,https://imae.udg.edu/Recerca/LAI/,https://ima.udg.edu/Recerca/lai/b2b/b2b.zip,,2026-08-15T05:27:59+00:00,7200.0,,ee80a6fbd8b513f7c010668495c39621a371266a,True,3.10.12,1.8.dev25,instance-20260810-085803,Linux-6.8.0-1065-gcp-x86_64-with-glibc2.35,x86_64,4,8,15988.055,1,0,/home/g24021555/Business-Meeting-Scheduling-Problem/.venv/bin/python /home/g24021555/Business-Meeting-Scheduling-Problem/src/ORG_BG_D2.py --data-dir data_precedence_stress --family all --backend uwrmaxsat --uwrmaxsat-bin /home/g24021555/uwrmaxsat/build/release/bin/uwrmaxsat --uwrmaxsat-sha256 8c68c8a386d3d7847b50d315143c2bab60e3514e59510e84a649db83cb303876 --timeout 7200 --csv output/org_old_bg_d2/data_precedence_stress.csv --no-excel,/home/g24021555/uwrmaxsat/build/release/bin/uwrmaxsat,8c68c8a386d3d7847b50d315143c2bab60e3514e59510e84a649db83cb303876,/home/g24021555/uwrmaxsat/build/release/bin/uwrmaxsat -m /tmp/org_bg_ddoie527.wcnf,,,,,UWrMaxSAT,,,,traditional,pairwise+direct,3,,,,,,,,,"2,3,1,0,6,4,8,5,7,13,0,7,4,3,1,6,5,2,3,6,1,2,4,5,1,2,2,4,1,5,7,6,3,0,2,3,10,1,11,9,12,11,13,15,14,2,0,1,6,7,10,2,5,4,8,9,3,11,10,9,8,1,9,11,10,12,13,3,4,8,5,9,12,11,7,6,10,4,5,10,11,2,8,3,7,12,6,9,1,4,9,5,2,6,10,8,3,7,11,10,8,12,7,9,0,3,6,1,7,4,2,8,5,4,6,11,9,12,10,8,5,3,5,14,13,6,10,9,11,4,8,12,7,0,1,2,6,3,4,12,7,10,5,9,8,13,11,14,7,8,9,12,11,10",,
,,,,,,,,,forum-14.prec40,b2b-a83e7832f4d74710,b2b-lineage-forum-14,precedence,ORG-F-PW-DE-PHC-BGD2-UW-OBIC12P,ORGFull,N/A,Pairwise,Direct-E,PerSlotHoleCardinality,BreakGroupsD2,UWrMaxSAT,OldBestIC12+,TIMEOUT,TIMEOUT,11,,bg_d2,,,11,,,11,1,7201.521824,True,580.75,MaxSAT,ORGHistorical,ORG-Historical-BG-d2,Published-style,Published-style/Full,independent_reimplementation,one-shot weighted MaxSAT,352704,,,,,,,766587,780,767367,6644,346060,2056821,79,baseline2__model-org_historical_maxsat__m-full__p-pairwise__g-direct__b-per_slot_hole_cardinality__o-break_groups_d2__s-uwrmaxsat__i-old_best_ic12plus__fairness-d2,baseline2__model-org_historical_maxsat__m-full__p-pairwise__g-direct__b-per_slot_hole_cardinality__o-break_groups_d2__s-uwrmaxsat__i-old_best_ic12plus__fairness-d2,legacy_full,n/a,pairwise,direct,UWrMaxSAT,UWrMaxSAT,binary-sha256:8c68c8a386d3d7847b50d315143c2bab60e3514e59510e84a649db83cb303876,org_historical_bg_d2_old_best,per_slot_hole_cardinality,total_break_groups_subject_to_range_at_most_2,BGD2,OBIC12P,2056041,780,1,1858,354308,312391,98030,1,780,780,1,,,,,,0,,,,,,,"formalism-specific model size: SAT/MaxSAT reports base CNF and soft clauses, MIP reports variables/linear constraints/nonzeros, and CP reports integer variables plus linear/global constraints; SAT bound/totalizer overhead remains separate in optimizer_added_*",6644,,,6644,,,,,,,,,,0.003552,0.851502,,0.851502,7200.66677,"wall-clock from immediately before reading/parsing the .dzn instance through model construction, optimization, solution decoding, and independent validation; excludes worker-process startup and result-file export",,,,,,,peak_process_tree_rss_mb,a83e7832f4d74710b8cfeeb63e98c93fa038c943214b1e6fc306fb9c2e358fa7,prec40,data_precedence_stress/forum-14.prec40.dzn,1,data_precedence_stress/forum-14.prec40.dzn,1,data_precedence_stress/forum-14.prec40.dzn,https://imae.udg.edu/Recerca/LAI/,https://ima.udg.edu/Recerca/lai/b2b/b2b.zip,,2026-08-15T05:27:59+00:00,7200.0,,ee80a6fbd8b513f7c010668495c39621a371266a,True,3.10.12,1.8.dev25,instance-20260810-085803,Linux-6.8.0-1065-gcp-x86_64-with-glibc2.35,x86_64,4,8,15988.055,1,0,/home/g24021555/Business-Meeting-Scheduling-Problem/.venv/bin/python /home/g24021555/Business-Meeting-Scheduling-Problem/src/ORG_BG_D2.py --data-dir data_precedence_stress --family all --backend uwrmaxsat --uwrmaxsat-bin /home/g24021555/uwrmaxsat/build/release/bin/uwrmaxsat --uwrmaxsat-sha256 8c68c8a386d3d7847b50d315143c2bab60e3514e59510e84a649db83cb303876 --timeout 7200 --csv output/org_old_bg_d2/data_precedence_stress.csv --no-excel,/home/g24021555/uwrmaxsat/build/release/bin/uwrmaxsat,8c68c8a386d3d7847b50d315143c2bab60e3514e59510e84a649db83cb303876,/home/g24021555/uwrmaxsat/build/release/bin/uwrmaxsat -m /tmp/org_bg__p9krts5.wcnf,,,,,UWrMaxSAT,,,,traditional,pairwise+direct,11,,,,,,,,,,,
,,,,,,,,,tic-14crafc.prec40,b2b-aa057ef64d7b51b9,b2b-lineage-tic-14crafc,precedence,ORG-F-PW-DE-PHC-BGD2-UW-OBIC12P,ORGFull,N/A,Pairwise,Direct-E,PerSlotHoleCardinality,BreakGroupsD2,UWrMaxSAT,OldBestIC12+,OPTIMAL,SAT,2,2,bg_d2,2,2,2,,,2,1,4.606225,False,253.414,MaxSAT,ORGHistorical,ORG-Historical-BG-d2,Published-style,Published-style/Full,independent_reimplementation,one-shot weighted MaxSAT,79877,,,,,,,176193,240,176433,2370,77507,434636,61,baseline2__model-org_historical_maxsat__m-full__p-pairwise__g-direct__b-per_slot_hole_cardinality__o-break_groups_d2__s-uwrmaxsat__i-old_best_ic12plus__fairness-d2,baseline2__model-org_historical_maxsat__m-full__p-pairwise__g-direct__b-per_slot_hole_cardinality__o-break_groups_d2__s-uwrmaxsat__i-old_best_ic12plus__fairness-d2,legacy_full,n/a,pairwise,direct,UWrMaxSAT,UWrMaxSAT,binary-sha256:8c68c8a386d3d7847b50d315143c2bab60e3514e59510e84a649db83cb303876,org_historical_bg_d2_old_best,per_slot_hole_cardinality,total_break_groups_subject_to_range_at_most_2,BGD2,OBIC12P,434396,240,1,384,103810,66838,5161,1,240,240,1,,,,,,0,,,,,,,"formalism-specific model size: SAT/MaxSAT reports base CNF and soft clauses, MIP reports variables/linear constraints/nonzeros, and CP reports integer variables plus linear/global constraints; SAT bound/totalizer overhead remains separate in optimizer_added_*",2370,,,2370,,,,,,,,,,0.002803,0.158293,,0.158293,4.445129,"wall-clock from immediately before reading/parsing the .dzn instance through model construction, optimization, solution decoding, and independent validation; excludes worker-process startup and result-file export",4,7,,2,1,"0,0,1,0,0,0,0,0,0,0,0,0,0,0,0,0,0,0,0,0,0,0,0,0,0,0,0,0,0,0,0,0,0,0,0,0,0,0,1,0,0,0,0,0,0,0,0,0,0,0,0,0,0,0,0,0,0,0,0,0",peak_process_tree_rss_mb,aa057ef64d7b51b902f8923d67b9c49d2e3ec91b18f2649ab32e1496779d07c2,prec40,data_precedence_stress/tic-14crafc.prec40.dzn,1,data_precedence_stress/tic-14crafc.prec40.dzn,1,data_precedence_stress/tic-14crafc.prec40.dzn,https://imae.udg.edu/Recerca/LAI/,https://ima.udg.edu/Recerca/lai/b2b/b2b.zip,,2026-08-15T05:27:59+00:00,7200.0,,ee80a6fbd8b513f7c010668495c39621a371266a,True,3.10.12,1.8.dev25,instance-20260810-085803,Linux-6.8.0-1065-gcp-x86_64-with-glibc2.35,x86_64,4,8,15988.055,1,0,/home/g24021555/Business-Meeting-Scheduling-Problem/.venv/bin/python /home/g24021555/Business-Meeting-Scheduling-Problem/src/ORG_BG_D2.py --data-dir data_precedence_stress --family all --backend uwrmaxsat --uwrmaxsat-bin /home/g24021555/uwrmaxsat/build/release/bin/uwrmaxsat --uwrmaxsat-sha256 8c68c8a386d3d7847b50d315143c2bab60e3514e59510e84a649db83cb303876 --timeout 7200 --csv output/org_old_bg_d2/data_precedence_stress.csv --no-excel,/home/g24021555/uwrmaxsat/build/release/bin/uwrmaxsat,8c68c8a386d3d7847b50d315143c2bab60e3514e59510e84a649db83cb303876,/home/g24021555/uwrmaxsat/build/release/bin/uwrmaxsat -m /tmp/org_bg_4jwnxawn.wcnf,,,,,UWrMaxSAT,,,,traditional,pairwise+direct,2,,,,,,,,,"0,1,7,2,4,6,5,9,0,6,2,1,4,3,8,0,6,5,5,0,1,2,8,0,6,3,5,1,1,7,2,0,3,4,6,5,3,8,7,1,3,0,1,2,7,4,8,3,9,1,2,5,4,2,0,3,1,6,7,4,9,2,0,6,1,5,3,9,7,4,0,2,6,5,9,3,5,3,1,9,6,4,7,2,0,8,3,4,1,6,5,2,6,3,7,4,8,5,6,2,1,8,7,5,9,2,4,5,9,7,2,6,5,4,6,0,9,7,8,2,3,1,0,4,3,4,0,5,1,6,7,2,4,0,3,5,9,7,8,2,6,1,8,4,5,0,9,8,3,4,6,5,1,0,4,8,9,3,7,2,0,7,6,2,9,3,8,4,5,2,7,8,1,9,0,7,3,8,1,8,7,1,2,7,6,5,6,5,8,7,9,4,3,6,4,7,8,3,9,5,8,6,9,7,5,4,2,3,1,8,8,4,2,6,9,3,7,2,8,6,4,7,1,8,9,2,3,5,0,4,3,1,5,9,6,7,8",,
,,,,,,,,,tic-14crafa.prec35,b2b-b68ca2277db5bce8,b2b-lineage-tic-14crafa,precedence,ORG-F-PW-DE-PHC-BGD2-UW-OBIC12P,ORGFull,N/A,Pairwise,Direct-E,PerSlotHoleCardinality,BreakGroupsD2,UWrMaxSAT,OldBestIC12+,OPTIMAL,SAT,0,0,bg_d2,0,0,0,,,0,1,5.635013,False,220.172,MaxSAT,ORGHistorical,ORG-Historical-BG-d2,Published-style,Published-style/Full,independent_reimplementation,one-shot weighted MaxSAT,81817,,,,,,,177918,240,178158,2370,79447,440086,61,baseline2__model-org_historical_maxsat__m-full__p-pairwise__g-direct__b-per_slot_hole_cardinality__o-break_groups_d2__s-uwrmaxsat__i-old_best_ic12plus__fairness-d2,baseline2__model-org_historical_maxsat__m-full__p-pairwise__g-direct__b-per_slot_hole_cardinality__o-break_groups_d2__s-uwrmaxsat__i-old_best_ic12plus__fairness-d2,legacy_full,n/a,pairwise,direct,UWrMaxSAT,UWrMaxSAT,binary-sha256:8c68c8a386d3d7847b50d315143c2bab60e3514e59510e84a649db83cb303876,org_historical_bg_d2_old_best,per_slot_hole_cardinality,total_break_groups_subject_to_range_at_most_2,BGD2,OBIC12P,439846,240,1,384,103535,68838,5161,1,240,240,1,,,,,,0,,,,,,,"formalism-specific model size: SAT/MaxSAT reports base CNF and soft clauses, MIP reports variables/linear constraints/nonzeros, and CP reports integer variables plus linear/global constraints; SAT bound/totalizer overhead remains separate in optimizer_added_*",2370,,,2370,,,,,,,,,,0.002725,0.178772,,0.178772,5.453516,"wall-clock from immediately before reading/parsing the .dzn instance through model construction, optimization, solution decoding, and independent validation; excludes worker-process startup and result-file export",0,0,,0,0,"0,0,0,0,0,0,0,0,0,0,0,0,0,0,0,0,0,0,0,0,0,0,0,0,0,0,0,0,0,0,0,0,0,0,0,0,0,0,0,0,0,0,0,0,0,0,0,0,0,0,0,0,0,0,0,0,0,0,0,0",peak_process_tree_rss_mb,b68ca2277db5bce8ec907ce4681261afc42f44f1f786b8b5d86f9e9144bee055,prec35,data_precedence_stress/tic-14crafa.prec35.dzn,1,data_precedence_stress/tic-14crafa.prec35.dzn,1,data_precedence_stress/tic-14crafa.prec35.dzn,https://imae.udg.edu/Recerca/LAI/,https://ima.udg.edu/Recerca/lai/b2b/b2b.zip,,2026-08-15T05:27:59+00:00,7200.0,,ee80a6fbd8b513f7c010668495c39621a371266a,True,3.10.12,1.8.dev25,instance-20260810-085803,Linux-6.8.0-1065-gcp-x86_64-with-glibc2.35,x86_64,4,8,15988.055,1,0,/home/g24021555/Business-Meeting-Scheduling-Problem/.venv/bin/python /home/g24021555/Business-Meeting-Scheduling-Problem/src/ORG_BG_D2.py --data-dir data_precedence_stress --family all --backend uwrmaxsat --uwrmaxsat-bin /home/g24021555/uwrmaxsat/build/release/bin/uwrmaxsat --uwrmaxsat-sha256 8c68c8a386d3d7847b50d315143c2bab60e3514e59510e84a649db83cb303876 --timeout 7200 --csv output/org_old_bg_d2/data_precedence_stress.csv --no-excel,/home/g24021555/uwrmaxsat/build/release/bin/uwrmaxsat,8c68c8a386d3d7847b50d315143c2bab60e3514e59510e84a649db83cb303876,/home/g24021555/uwrmaxsat/build/release/bin/uwrmaxsat -m /tmp/org_bg_9h3ncgp4.wcnf,,,,,UWrMaxSAT,,,,traditional,pairwise+direct,0,,,,,,,,,"3,1,4,5,7,2,0,9,0,5,0,2,7,1,4,3,5,8,3,1,6,3,5,0,4,1,8,2,4,6,0,2,6,5,6,2,3,8,6,1,4,0,5,3,7,2,1,3,8,2,5,4,6,9,3,2,7,8,0,5,6,3,5,9,2,6,4,0,7,8,3,6,0,2,1,7,6,3,1,5,9,2,7,8,0,4,4,3,5,8,6,7,2,4,1,7,6,5,9,2,1,8,5,4,3,5,4,6,7,4,2,3,5,7,9,3,4,1,8,5,0,7,2,5,4,6,1,7,3,2,7,0,5,3,8,4,9,7,6,2,0,2,6,3,9,1,2,8,3,4,6,3,4,7,9,1,2,0,8,5,4,8,0,7,9,5,1,3,6,2,4,8,9,5,3,7,1,6,0,8,7,4,3,1,7,8,7,6,5,9,8,4,4,9,2,6,5,8,7,3,2,0,7,9,5,2,4,8,6,1,1,2,6,3,5,1,7,6,1,4,9,7,2,8,1,3,5,6,0,2,6,1,4,6,4,5,3",,
,,,,,,,,,ticf-13crafc.prec35,b2b-ba3c20b0ca61d0f6,b2b-lineage-ticf-13crafc,precedence,ORG-F-PW-DE-PHC-BGD2-UW-OBIC12P,ORGFull,N/A,Pairwise,Direct-E,PerSlotHoleCardinality,BreakGroupsD2,UWrMaxSAT,OldBestIC12+,TIMEOUT,TIMEOUT,5,,bg_d2,,,5,,,5,1,7200.894535,True,363.191,MaxSAT,ORGHistorical,ORG-Historical-BG-d2,Published-style,Published-style/Full,independent_reimplementation,one-shot weighted MaxSAT,200226,,,,,,,418757,700,419457,3234,196992,1186793,71,baseline2__model-org_historical_maxsat__m-full__p-pairwise__g-direct__b-per_slot_hole_cardinality__o-break_groups_d2__s-uwrmaxsat__i-old_best_ic12plus__fairness-d2,baseline2__model-org_historical_maxsat__m-full__p-pairwise__g-direct__b-per_slot_hole_cardinality__o-break_groups_d2__s-uwrmaxsat__i-old_best_ic12plus__fairness-d2,legacy_full,n/a,pairwise,direct,UWrMaxSAT,UWrMaxSAT,binary-sha256:8c68c8a386d3d7847b50d315143c2bab60e3514e59510e84a649db83cb303876,org_historical_bg_d2_old_best,per_slot_hole_cardinality,total_break_groups_subject_to_range_at_most_2,BGD2,OBIC12P,1186093,700,1,1036,156654,179821,81246,1,700,700,1,,,,,,0,,,,,,,"formalism-specific model size: SAT/MaxSAT reports base CNF and soft clauses, MIP reports variables/linear constraints/nonzeros, and CP reports integer variables plus linear/global constraints; SAT bound/totalizer overhead remains separate in optimizer_added_*",3234,,,3234,,,,,,,,,,0.001943,0.447371,,0.447371,7200.445221,"wall-clock from immediately before reading/parsing the .dzn instance through model construction, optimization, solution decoding, and independent validation; excludes worker-process startup and result-file export",,,,,,,peak_process_tree_rss_mb,ba3c20b0ca61d0f6ebdfd53b20cc20b0a9a3a5b15a1e677767724c257e2a86f3,prec35,data_precedence_stress/ticf-13crafc.prec35.dzn,1,data_precedence_stress/ticf-13crafc.prec35.dzn,1,data_precedence_stress/ticf-13crafc.prec35.dzn,https://imae.udg.edu/Recerca/LAI/,https://ima.udg.edu/Recerca/lai/b2b/b2b.zip,,2026-08-15T05:27:59+00:00,7200.0,,ee80a6fbd8b513f7c010668495c39621a371266a,True,3.10.12,1.8.dev25,instance-20260810-085803,Linux-6.8.0-1065-gcp-x86_64-with-glibc2.35,x86_64,4,8,15988.055,1,0,/home/g24021555/Business-Meeting-Scheduling-Problem/.venv/bin/python /home/g24021555/Business-Meeting-Scheduling-Problem/src/ORG_BG_D2.py --data-dir data_precedence_stress --family all --backend uwrmaxsat --uwrmaxsat-bin /home/g24021555/uwrmaxsat/build/release/bin/uwrmaxsat --uwrmaxsat-sha256 8c68c8a386d3d7847b50d315143c2bab60e3514e59510e84a649db83cb303876 --timeout 7200 --csv output/org_old_bg_d2/data_precedence_stress.csv --no-excel,/home/g24021555/uwrmaxsat/build/release/bin/uwrmaxsat,8c68c8a386d3d7847b50d315143c2bab60e3514e59510e84a649db83cb303876,/home/g24021555/uwrmaxsat/build/release/bin/uwrmaxsat -m /tmp/org_bg_vba7yain.wcnf,,,,,UWrMaxSAT,,,,traditional,pairwise+direct,5,,,,,,,,,,,
,,,,,,,,,forum-13crafb.prec35,b2b-bed3e92e7f202b14,b2b-lineage-forum-13crafb,precedence,ORG-F-PW-DE-PHC-BGD2-UW-OBIC12P,ORGFull,N/A,Pairwise,Direct-E,PerSlotHoleCardinality,BreakGroupsD2,UWrMaxSAT,OldBestIC12+,OPTIMAL,SAT,14,14,bg_d2,14,14,14,,,14,1,3316.022034,False,377.559,MaxSAT,ORGHistorical,ORG-Historical-BG-d2,Published-style,Published-style/Full,independent_reimplementation,one-shot weighted MaxSAT,246673,,,,,,,524926,760,525686,4290,242383,1472143,77,baseline2__model-org_historical_maxsat__m-full__p-pairwise__g-direct__b-per_slot_hole_cardinality__o-break_groups_d2__s-uwrmaxsat__i-old_best_ic12plus__fairness-d2,baseline2__model-org_historical_maxsat__m-full__p-pairwise__g-direct__b-per_slot_hole_cardinality__o-break_groups_d2__s-uwrmaxsat__i-old_best_ic12plus__fairness-d2,legacy_full,n/a,pairwise,direct,UWrMaxSAT,UWrMaxSAT,binary-sha256:8c68c8a386d3d7847b50d315143c2bab60e3514e59510e84a649db83cb303876,org_historical_bg_d2_old_best,per_slot_hole_cardinality,total_break_groups_subject_to_range_at_most_2,BGD2,OBIC12P,1471383,760,1,1632,205530,222695,95069,1,760,760,1,,,,,,0,,,,,,,"formalism-specific model size: SAT/MaxSAT reports base CNF and soft clauses, MIP reports variables/linear constraints/nonzeros, and CP reports integer variables plus linear/global constraints; SAT bound/totalizer overhead remains separate in optimizer_added_*",4290,,,4290,,,,,,,,,,0.002451,0.565954,,0.565954,3315.453629,"wall-clock from immediately before reading/parsing the .dzn instance through model construction, optimization, solution decoding, and independent validation; excludes worker-process startup and result-file export",14,97,,14,1,"0,0,0,0,0,0,0,0,0,1,0,0,0,1,0,1,0,1,1,1,0,0,1,0,0,1,0,0,0,1,0,0,1,0,0,1,0,0,1,1,1,0,0,0,0,0,0,0,0,0,0,0,0,0,0,0,0,0,0,0,0,0,0,0,0,0,0,0,0,0,0,0,0,0,0,0",peak_process_tree_rss_mb,bed3e92e7f202b148917ab9f81659e308e6425a90ca3f022b775a85e96eb9334,prec35,data_precedence_stress/forum-13crafb.prec35.dzn,1,data_precedence_stress/forum-13crafb.prec35.dzn,1,data_precedence_stress/forum-13crafb.prec35.dzn,https://imae.udg.edu/Recerca/LAI/,https://ima.udg.edu/Recerca/lai/b2b/b2b.zip,,2026-08-15T05:27:59+00:00,7200.0,,ee80a6fbd8b513f7c010668495c39621a371266a,True,3.10.12,1.8.dev25,instance-20260810-085803,Linux-6.8.0-1065-gcp-x86_64-with-glibc2.35,x86_64,4,8,15988.055,1,0,/home/g24021555/Business-Meeting-Scheduling-Problem/.venv/bin/python /home/g24021555/Business-Meeting-Scheduling-Problem/src/ORG_BG_D2.py --data-dir data_precedence_stress --family all --backend uwrmaxsat --uwrmaxsat-bin /home/g24021555/uwrmaxsat/build/release/bin/uwrmaxsat --uwrmaxsat-sha256 8c68c8a386d3d7847b50d315143c2bab60e3514e59510e84a649db83cb303876 --timeout 7200 --csv output/org_old_bg_d2/data_precedence_stress.csv --no-excel,/home/g24021555/uwrmaxsat/build/release/bin/uwrmaxsat,8c68c8a386d3d7847b50d315143c2bab60e3514e59510e84a649db83cb303876,/home/g24021555/uwrmaxsat/build/release/bin/uwrmaxsat -m /tmp/org_bg_mcfoxfk6.wcnf,,,,,UWrMaxSAT,,,,traditional,pairwise+direct,14,,,,,,,,,"5,9,8,10,11,6,7,5,7,8,4,4,11,3,13,12,5,14,13,14,15,11,12,7,4,3,10,12,2,1,8,10,4,4,5,3,4,6,2,5,14,16,0,12,16,18,12,6,8,3,13,9,15,14,5,13,11,10,7,8,12,5,7,21,20,13,9,8,6,3,5,6,0,4,3,9,7,10,2,11,1,9,8,10,14,13,16,4,7,5,6,3,4,16,20,14,15,21,13,17,19,18,12,9,11,12,10,8,6,7,9,4,11,12,8,13,4,9,10,6,11,7,5,14,11,10,8,9,6,3,1,11,8,5,13,7,2,4,15,10,17,16,14,18,12,10,9,11,12,14,12,15,13,10,8,9,16,11,15,17,12,13,14,7,9,1,0,5,10,6,3,4,11,8,2,14,1,7,5,6,10,9,11,13,15,3,12,8,4,7,3,6,1,5,2",,
,,,,,,,,,ticf-13crafa.prec30,b2b-bf64666f4877c1a6,b2b-lineage-ticf-13crafa,precedence,ORG-F-PW-DE-PHC-BGD2-UW-OBIC12P,ORGFull,N/A,Pairwise,Direct-E,PerSlotHoleCardinality,BreakGroupsD2,UWrMaxSAT,OldBestIC12+,OPTIMAL,SAT,2,2,bg_d2,2,2,2,,,2,1,12.000935,False,321.285,MaxSAT,ORGHistorical,ORG-Historical-BG-d2,Published-style,Published-style/Full,independent_reimplementation,one-shot weighted MaxSAT,207114,,,,,,,426044,700,426744,3234,203880,1208381,71,baseline2__model-org_historical_maxsat__m-full__p-pairwise__g-direct__b-per_slot_hole_cardinality__o-break_groups_d2__s-uwrmaxsat__i-old_best_ic12plus__fairness-d2,baseline2__model-org_historical_maxsat__m-full__p-pairwise__g-direct__b-per_slot_hole_cardinality__o-break_groups_d2__s-uwrmaxsat__i-old_best_ic12plus__fairness-d2,legacy_full,n/a,pairwise,direct,UWrMaxSAT,UWrMaxSAT,binary-sha256:8c68c8a386d3d7847b50d315143c2bab60e3514e59510e84a649db83cb303876,org_historical_bg_d2_old_best,per_slot_hole_cardinality,total_break_groups_subject_to_range_at_most_2,BGD2,OBIC12P,1207681,700,1,1036,156927,186835,81246,1,700,700,1,,,,,,0,,,,,,,"formalism-specific model size: SAT/MaxSAT reports base CNF and soft clauses, MIP reports variables/linear constraints/nonzeros, and CP reports integer variables plus linear/global constraints; SAT bound/totalizer overhead remains separate in optimizer_added_*",3234,,,3234,,,,,,,,,,0.001949,0.451887,,0.451887,11.5471,"wall-clock from immediately before reading/parsing the .dzn instance through model construction, optimization, solution decoding, and independent validation; excludes worker-process startup and result-file export",9,17,,2,1,"0,0,0,0,0,0,0,0,0,0,0,0,0,0,0,0,0,0,0,0,0,0,0,0,0,1,0,0,0,1,0,0,0,0,0,0,0,0,0,0,0,0,0,0,0,0,0,0,0,0,0,0,0,0,0,0,0,0,0,0,0,0,0,0,0,0,0,0,0,0",peak_process_tree_rss_mb,bf64666f4877c1a6a8da7a7b79eae3e1230873c5c2b3802b735faca39155a7c4,prec30,data_precedence_stress/ticf-13crafa.prec30.dzn,1,data_precedence_stress/ticf-13crafa.prec30.dzn,1,data_precedence_stress/ticf-13crafa.prec30.dzn,https://imae.udg.edu/Recerca/LAI/,https://ima.udg.edu/Recerca/lai/b2b/b2b.zip,,2026-08-15T05:27:59+00:00,7200.0,,ee80a6fbd8b513f7c010668495c39621a371266a,True,3.10.12,1.8.dev25,instance-20260810-085803,Linux-6.8.0-1065-gcp-x86_64-with-glibc2.35,x86_64,4,8,15988.055,1,0,/home/g24021555/Business-Meeting-Scheduling-Problem/.venv/bin/python /home/g24021555/Business-Meeting-Scheduling-Problem/src/ORG_BG_D2.py --data-dir data_precedence_stress --family all --backend uwrmaxsat --uwrmaxsat-bin /home/g24021555/uwrmaxsat/build/release/bin/uwrmaxsat --uwrmaxsat-sha256 8c68c8a386d3d7847b50d315143c2bab60e3514e59510e84a649db83cb303876 --timeout 7200 --csv output/org_old_bg_d2/data_precedence_stress.csv --no-excel,/home/g24021555/uwrmaxsat/build/release/bin/uwrmaxsat,8c68c8a386d3d7847b50d315143c2bab60e3514e59510e84a649db83cb303876,/home/g24021555/uwrmaxsat/build/release/bin/uwrmaxsat -m /tmp/org_bg_wch60k9k.wcnf,,,,,UWrMaxSAT,,,,traditional,pairwise+direct,2,,,,,,,,,"4,10,6,7,12,5,8,11,9,13,9,8,3,4,5,7,6,2,5,6,4,8,7,3,11,6,8,5,9,10,6,11,7,9,8,11,12,7,10,6,11,12,13,15,14,10,9,8,4,9,7,10,5,6,11,8,12,10,11,12,9,12,5,2,1,4,3,3,9,11,10,12,4,6,5,7,8,8,7,2,10,12,6,5,11,4,9,3,6,11,8,4,5,10,9,3,7,2,3,5,1,2,4,0,4,11,9,3,8,7,6,5,10,5,2,3,4,7,6,0,1,2,12,4,13,10,3,6,9,11,5,7,8,7,12,2,10,8,9,14,4,13,11,1,6,3,5,15,9,8,10,12,11,7",,
,,,,,,,,,forum-13.prec30,b2b-c57bc462f6a0d497,b2b-lineage-forum-13,precedence,ORG-F-PW-DE-PHC-BGD2-UW-OBIC12P,ORGFull,N/A,Pairwise,Direct-E,PerSlotHoleCardinality,BreakGroupsD2,UWrMaxSAT,OldBestIC12+,OPTIMAL,SAT,1,1,bg_d2,1,1,1,,,1,1,10.052249,False,327.18,MaxSAT,ORGHistorical,ORG-Historical-BG-d2,Published-style,Published-style/Full,independent_reimplementation,one-shot weighted MaxSAT,207114,,,,,,,426126,700,426826,3234,203880,1208463,71,baseline2__model-org_historical_maxsat__m-full__p-pairwise__g-direct__b-per_slot_hole_cardinality__o-break_groups_d2__s-uwrmaxsat__i-old_best_ic12plus__fairness-d2,baseline2__model-org_historical_maxsat__m-full__p-pairwise__g-direct__b-per_slot_hole_cardinality__o-break_groups_d2__s-uwrmaxsat__i-old_best_ic12plus__fairness-d2,legacy_full,n/a,pairwise,direct,UWrMaxSAT,UWrMaxSAT,binary-sha256:8c68c8a386d3d7847b50d315143c2bab60e3514e59510e84a649db83cb303876,org_historical_bg_d2_old_best,per_slot_hole_cardinality,total_break_groups_subject_to_range_at_most_2,BGD2,OBIC12P,1207763,700,1,1118,156927,186835,81246,1,700,700,1,,,,,,0,,,,,,,"formalism-specific model size: SAT/MaxSAT reports base CNF and soft clauses, MIP reports variables/linear constraints/nonzeros, and CP reports integer variables plus linear/global constraints; SAT bound/totalizer overhead remains separate in optimizer_added_*",3234,,,3234,,,,,,,,,,0.001991,0.453479,,0.453479,9.596779,"wall-clock from immediately before reading/parsing the .dzn instance through model construction, optimization, solution decoding, and independent validation; excludes worker-process startup and result-file export",9,9,,1,1,"0,0,0,0,0,0,0,0,0,0,0,0,0,0,0,0,0,0,0,0,0,0,0,0,0,0,0,0,0,1,0,0,0,0,0,0,0,0,0,0,0,0,0,0,0,0,0,0,0,0,0,0,0,0,0,0,0,0,0,0,0,0,0,0,0,0,0,0,0,0",peak_process_tree_rss_mb,c57bc462f6a0d497fc0b45d9997fe6e4ca7c6185dfa0cf3e01cb9ce50b748c8f,prec30,data_precedence_stress/forum-13.prec30.dzn,1,data_precedence_stress/forum-13.prec30.dzn,1,data_precedence_stress/forum-13.prec30.dzn,https://imae.udg.edu/Recerca/LAI/,https://ima.udg.edu/Recerca/lai/b2b/b2b.zip,,2026-08-15T05:27:59+00:00,7200.0,,ee80a6fbd8b513f7c010668495c39621a371266a,True,3.10.12,1.8.dev25,instance-20260810-085803,Linux-6.8.0-1065-gcp-x86_64-with-glibc2.35,x86_64,4,8,15988.055,1,0,/home/g24021555/Business-Meeting-Scheduling-Problem/.venv/bin/python /home/g24021555/Business-Meeting-Scheduling-Problem/src/ORG_BG_D2.py --data-dir data_precedence_stress --family all --backend uwrmaxsat --uwrmaxsat-bin /home/g24021555/uwrmaxsat/build/release/bin/uwrmaxsat --uwrmaxsat-sha256 8c68c8a386d3d7847b50d315143c2bab60e3514e59510e84a649db83cb303876 --timeout 7200 --csv output/org_old_bg_d2/data_precedence_stress.csv --no-excel,/home/g24021555/uwrmaxsat/build/release/bin/uwrmaxsat,8c68c8a386d3d7847b50d315143c2bab60e3514e59510e84a649db83cb303876,/home/g24021555/uwrmaxsat/build/release/bin/uwrmaxsat -m /tmp/org_bg_uv_n4v47.wcnf,,,,,UWrMaxSAT,,,,traditional,pairwise+direct,1,,,,,,,,,"8,5,6,7,12,10,11,4,9,13,4,5,7,6,3,0,1,2,5,6,4,1,2,3,3,4,4,5,6,10,9,8,7,6,8,11,10,7,12,9,11,12,13,15,14,5,1,3,7,12,8,5,11,6,10,9,4,10,11,9,12,3,5,6,3,4,2,2,3,7,4,9,6,5,11,8,10,9,8,2,10,12,6,5,11,3,7,4,6,7,11,9,3,8,10,12,4,5,11,6,7,10,8,9,4,6,3,1,9,2,5,7,8,5,8,4,10,9,2,3,7,8,5,12,13,10,4,2,11,9,7,3,6,7,8,3,2,4,6,14,10,11,0,5,12,9,1,13,8,11,9,12,10,7",,
,,,,,,,,,tic-14crafc.prec30,b2b-c6cf7f069aaf4d13,b2b-lineage-tic-14crafc,precedence,ORG-F-PW-DE-PHC-BGD2-UW-OBIC12P,ORGFull,N/A,Pairwise,Direct-E,PerSlotHoleCardinality,BreakGroupsD2,UWrMaxSAT,OldBestIC12+,OPTIMAL,SAT,0,0,bg_d2,0,0,0,,,0,1,3.024972,False,207.191,MaxSAT,ORGHistorical,ORG-Historical-BG-d2,Published-style,Published-style/Full,independent_reimplementation,one-shot weighted MaxSAT,79877,,,,,,,173443,240,173683,2370,77507,429136,61,baseline2__model-org_historical_maxsat__m-full__p-pairwise__g-direct__b-per_slot_hole_cardinality__o-break_groups_d2__s-uwrmaxsat__i-old_best_ic12plus__fairness-d2,baseline2__model-org_historical_maxsat__m-full__p-pairwise__g-direct__b-per_slot_hole_cardinality__o-break_groups_d2__s-uwrmaxsat__i-old_best_ic12plus__fairness-d2,legacy_full,n/a,pairwise,direct,UWrMaxSAT,UWrMaxSAT,binary-sha256:8c68c8a386d3d7847b50d315143c2bab60e3514e59510e84a649db83cb303876,org_historical_bg_d2_old_best,per_slot_hole_cardinality,total_break_groups_subject_to_range_at_most_2,BGD2,OBIC12P,428896,240,1,384,101060,66838,5161,1,240,240,1,,,,,,0,,,,,,,"formalism-specific model size: SAT/MaxSAT reports base CNF and soft clauses, MIP reports variables/linear constraints/nonzeros, and CP reports integer variables plus linear/global constraints; SAT bound/totalizer overhead remains separate in optimizer_added_*",2370,,,2370,,,,,,,,,,0.002664,0.181006,,0.181006,2.841302,"wall-clock from immediately before reading/parsing the .dzn instance through model construction, optimization, solution decoding, and independent validation; excludes worker-process startup and result-file export",0,0,,0,0,"0,0,0,0,0,0,0,0,0,0,0,0,0,0,0,0,0,0,0,0,0,0,0,0,0,0,0,0,0,0,0,0,0,0,0,0,0,0,0,0,0,0,0,0,0,0,0,0,0,0,0,0,0,0,0,0,0,0,0,0",peak_process_tree_rss_mb,c6cf7f069aaf4d1356140ed71cf03e81ef397df4bdc2d4ca040a3843df44222f,prec30,data_precedence_stress/tic-14crafc.prec30.dzn,1,data_precedence_stress/tic-14crafc.prec30.dzn,1,data_precedence_stress/tic-14crafc.prec30.dzn,https://imae.udg.edu/Recerca/LAI/,https://ima.udg.edu/Recerca/lai/b2b/b2b.zip,,2026-08-15T05:27:59+00:00,7200.0,,ee80a6fbd8b513f7c010668495c39621a371266a,True,3.10.12,1.8.dev25,instance-20260810-085803,Linux-6.8.0-1065-gcp-x86_64-with-glibc2.35,x86_64,4,8,15988.055,1,0,/home/g24021555/Business-Meeting-Scheduling-Problem/.venv/bin/python /home/g24021555/Business-Meeting-Scheduling-Problem/src/ORG_BG_D2.py --data-dir data_precedence_stress --family all --backend uwrmaxsat --uwrmaxsat-bin /home/g24021555/uwrmaxsat/build/release/bin/uwrmaxsat --uwrmaxsat-sha256 8c68c8a386d3d7847b50d315143c2bab60e3514e59510e84a649db83cb303876 --timeout 7200 --csv output/org_old_bg_d2/data_precedence_stress.csv --no-excel,/home/g24021555/uwrmaxsat/build/release/bin/uwrmaxsat,8c68c8a386d3d7847b50d315143c2bab60e3514e59510e84a649db83cb303876,/home/g24021555/uwrmaxsat/build/release/bin/uwrmaxsat -m /tmp/org_bg_k3owrjy3.wcnf,,,,,UWrMaxSAT,,,,traditional,pairwise+direct,0,,,,,,,,,"7,3,2,4,6,8,1,9,1,7,1,0,6,2,8,4,7,3,3,2,6,8,3,0,5,1,2,7,3,8,1,0,7,3,5,3,4,7,5,3,4,5,0,1,6,2,9,0,4,1,6,7,8,7,0,4,9,2,1,3,5,3,6,5,1,2,0,7,4,8,1,5,6,7,3,4,6,2,1,4,9,0,7,5,3,8,9,6,7,8,5,4,4,5,8,7,9,6,8,6,4,2,9,1,0,1,0,3,9,7,4,5,2,3,5,0,8,6,9,4,7,0,5,3,3,6,0,5,2,1,9,2,6,5,0,8,7,9,3,2,4,8,5,6,2,0,4,7,8,9,4,1,3,0,8,5,7,2,6,9,5,2,7,1,9,4,8,6,3,1,8,2,9,6,4,9,0,7,3,8,7,8,3,1,6,5,4,2,0,5,3,1,4,2,9,5,6,1,8,7,2,1,2,9,7,0,4,3,8,6,6,7,5,3,8,9,2,6,5,4,5,9,1,8,6,3,7,2,2,1,5,4,6,1,4,0,2",,
,,,,,,,,,forumt-14crafd.prec35,b2b-ca60a0a2bbb06cbb,b2b-lineage-forumt-14crafd,precedence,ORG-F-PW-DE-PHC-BGD2-UW-OBIC12P,ORGFull,N/A,Pairwise,Direct-E,PerSlotHoleCardinality,BreakGroupsD2,UWrMaxSAT,OldBestIC12+,OPTIMAL,SAT,4,4,bg_d2,4,4,4,,,4,1,2.999929,False,206.371,MaxSAT,ORGHistorical,ORG-Historical-BG-d2,Published-style,Published-style/Full,independent_reimplementation,one-shot weighted MaxSAT,79488,,,,,,,173303,240,173543,2360,77128,428393,61,baseline2__model-org_historical_maxsat__m-full__p-pairwise__g-direct__b-per_slot_hole_cardinality__o-break_groups_d2__s-uwrmaxsat__i-old_best_ic12plus__fairness-d2,baseline2__model-org_historical_maxsat__m-full__p-pairwise__g-direct__b-per_slot_hole_cardinality__o-break_groups_d2__s-uwrmaxsat__i-old_best_ic12plus__fairness-d2,legacy_full,n/a,pairwise,direct,UWrMaxSAT,UWrMaxSAT,binary-sha256:8c68c8a386d3d7847b50d315143c2bab60e3514e59510e84a649db83cb303876,org_historical_bg_d2_old_best,per_slot_hole_cardinality,total_break_groups_subject_to_range_at_most_2,BGD2,OBIC12P,428153,240,1,511,101081,66564,5147,1,240,240,1,,,,,,0,,,,,,,"formalism-specific model size: SAT/MaxSAT reports base CNF and soft clauses, MIP reports variables/linear constraints/nonzeros, and CP reports integer variables plus linear/global constraints; SAT bound/totalizer overhead remains separate in optimizer_added_*",2360,,,2360,,,,,,,,,,0.002673,0.177728,,0.177728,2.819528,"wall-clock from immediately before reading/parsing the .dzn instance through model construction, optimization, solution decoding, and independent validation; excludes worker-process startup and result-file export",2,8,,4,1,"0,0,0,0,0,0,0,0,0,0,0,0,0,0,0,0,1,1,0,0,0,0,0,0,0,0,0,0,0,0,0,0,0,0,0,0,0,0,0,0,0,0,0,0,0,0,0,0,0,0,0,0,0,0,0,0,1,0,0,1",peak_process_tree_rss_mb,ca60a0a2bbb06cbb371d4f8cd8d1b305043f0515c9e7fdd42206864c1dcaedbd,prec35,data_precedence_stress/forumt-14crafd.prec35.dzn,1,data_precedence_stress/forumt-14crafd.prec35.dzn,1,data_precedence_stress/forumt-14crafd.prec35.dzn,https://imae.udg.edu/Recerca/LAI/,https://ima.udg.edu/Recerca/lai/b2b/b2b.zip,,2026-08-15T05:27:59+00:00,7200.0,,ee80a6fbd8b513f7c010668495c39621a371266a,True,3.10.12,1.8.dev25,instance-20260810-085803,Linux-6.8.0-1065-gcp-x86_64-with-glibc2.35,x86_64,4,8,15988.055,1,0,/home/g24021555/Business-Meeting-Scheduling-Problem/.venv/bin/python /home/g24021555/Business-Meeting-Scheduling-Problem/src/ORG_BG_D2.py --data-dir data_precedence_stress --family all --backend uwrmaxsat --uwrmaxsat-bin /home/g24021555/uwrmaxsat/build/release/bin/uwrmaxsat --uwrmaxsat-sha256 8c68c8a386d3d7847b50d315143c2bab60e3514e59510e84a649db83cb303876 --timeout 7200 --csv output/org_old_bg_d2/data_precedence_stress.csv --no-excel,/home/g24021555/uwrmaxsat/build/release/bin/uwrmaxsat,8c68c8a386d3d7847b50d315143c2bab60e3514e59510e84a649db83cb303876,/home/g24021555/uwrmaxsat/build/release/bin/uwrmaxsat -m /tmp/org_bg_2ls6gt8x.wcnf,,,,,UWrMaxSAT,,,,traditional,pairwise+direct,4,,,,,,,,,"8,5,6,1,9,3,2,4,1,8,9,2,6,0,7,5,2,3,1,4,8,4,8,5,3,6,7,2,3,6,7,5,6,0,9,2,6,1,0,3,4,3,1,6,7,5,8,1,0,2,4,5,6,3,7,5,3,2,1,4,9,0,0,9,8,5,7,2,3,4,1,6,6,1,5,0,3,3,7,9,2,4,0,1,8,6,5,9,2,7,3,4,8,5,6,2,8,6,7,4,1,3,2,0,4,7,2,0,3,4,1,8,0,1,2,9,7,4,3,8,3,5,7,1,6,5,3,2,0,4,9,4,5,2,3,1,8,5,7,6,0,9,6,8,5,4,7,1,9,7,9,6,3,8,4,2,5,0,1,7,9,6,1,8,3,7,4,9,0,7,5,8,3,4,8,6,7,0,5,9,4,2,0,8,2,9,4,5,6,1,2,3,7,7,8,2,9,6,5,4,1,4,8,0,2,6,7,9,3,1,8,6,5,9,5,4,3,5,2,6,1,0,9,8,7,2,8,7,4,5,6,3,0,8,7,9",,
,,,,,,,,,ticf-13crafa.prec35,b2b-cbe18eccf12c4946,b2b-lineage-ticf-13crafa,precedence,ORG-F-PW-DE-PHC-BGD2-UW-OBIC12P,ORGFull,N/A,Pairwise,Direct-E,PerSlotHoleCardinality,BreakGroupsD2,UWrMaxSAT,OldBestIC12+,OPTIMAL,SAT,2,2,bg_d2,2,2,2,,,2,1,59.056571,False,320.348,MaxSAT,ORGHistorical,ORG-Historical-BG-d2,Published-style,Published-style/Full,independent_reimplementation,one-shot weighted MaxSAT,207114,,,,,,,432281,700,432981,3234,203880,1220855,71,baseline2__model-org_historical_maxsat__m-full__p-pairwise__g-direct__b-per_slot_hole_cardinality__o-break_groups_d2__s-uwrmaxsat__i-old_best_ic12plus__fairness-d2,baseline2__model-org_historical_maxsat__m-full__p-pairwise__g-direct__b-per_slot_hole_cardinality__o-break_groups_d2__s-uwrmaxsat__i-old_best_ic12plus__fairness-d2,legacy_full,n/a,pairwise,direct,UWrMaxSAT,UWrMaxSAT,binary-sha256:8c68c8a386d3d7847b50d315143c2bab60e3514e59510e84a649db83cb303876,org_historical_bg_d2_old_best,per_slot_hole_cardinality,total_break_groups_subject_to_range_at_most_2,BGD2,OBIC12P,1220155,700,1,1036,163164,186835,81246,1,700,700,1,,,,,,0,,,,,,,"formalism-specific model size: SAT/MaxSAT reports base CNF and soft clauses, MIP reports variables/linear constraints/nonzeros, and CP reports integer variables plus linear/global constraints; SAT bound/totalizer overhead remains separate in optimizer_added_*",3234,,,3234,,,,,,,,,,0.00196,0.452959,,0.452959,58.601652,"wall-clock from immediately before reading/parsing the .dzn instance through model construction, optimization, solution decoding, and independent validation; excludes worker-process startup and result-file export",9,17,,2,1,"0,0,0,0,0,0,0,0,0,0,0,0,0,0,0,0,0,0,0,0,0,0,0,0,0,1,0,0,0,1,0,0,0,0,0,0,0,0,0,0,0,0,0,0,0,0,0,0,0,0,0,0,0,0,0,0,0,0,0,0,0,0,0,0,0,0,0,0,0,0",peak_process_tree_rss_mb,cbe18eccf12c4946f8a72c2c19fb22b2a5316db9a3d62ce4237930ab4a10daaf,prec35,data_precedence_stress/ticf-13crafa.prec35.dzn,1,data_precedence_stress/ticf-13crafa.prec35.dzn,1,data_precedence_stress/ticf-13crafa.prec35.dzn,https://imae.udg.edu/Recerca/LAI/,https://ima.udg.edu/Recerca/lai/b2b/b2b.zip,,2026-08-15T05:27:59+00:00,7200.0,,ee80a6fbd8b513f7c010668495c39621a371266a,True,3.10.12,1.8.dev25,instance-20260810-085803,Linux-6.8.0-1065-gcp-x86_64-with-glibc2.35,x86_64,4,8,15988.055,1,0,/home/g24021555/Business-Meeting-Scheduling-Problem/.venv/bin/python /home/g24021555/Business-Meeting-Scheduling-Problem/src/ORG_BG_D2.py --data-dir data_precedence_stress --family all --backend uwrmaxsat --uwrmaxsat-bin /home/g24021555/uwrmaxsat/build/release/bin/uwrmaxsat --uwrmaxsat-sha256 8c68c8a386d3d7847b50d315143c2bab60e3514e59510e84a649db83cb303876 --timeout 7200 --csv output/org_old_bg_d2/data_precedence_stress.csv --no-excel,/home/g24021555/uwrmaxsat/build/release/bin/uwrmaxsat,8c68c8a386d3d7847b50d315143c2bab60e3514e59510e84a649db83cb303876,/home/g24021555/uwrmaxsat/build/release/bin/uwrmaxsat -m /tmp/org_bg_6ezzc8iw.wcnf,,,,,UWrMaxSAT,,,,traditional,pairwise+direct,2,,,,,,,,,"6,7,4,10,11,5,8,9,12,13,8,7,1,3,4,2,6,5,8,7,5,9,6,4,10,5,9,7,11,12,6,10,8,10,9,8,11,7,12,6,11,12,13,15,14,9,8,10,4,7,8,9,5,6,11,10,12,10,11,12,9,11,5,1,2,4,3,3,8,11,9,10,4,6,5,12,7,9,7,2,10,12,6,5,11,4,8,3,7,8,9,2,4,6,10,3,11,5,3,5,2,1,4,6,5,10,8,4,7,11,12,6,9,6,2,3,4,5,7,1,0,3,11,4,13,12,2,7,6,10,5,9,8,5,11,6,10,7,9,14,4,12,13,0,3,2,8,1,10,8,9,12,11,7",,
,,,,,,,,,forum-13crafc.prec35,b2b-cdd7775d8d5711ea,b2b-lineage-forum-13crafc,precedence,ORG-F-PW-DE-PHC-BGD2-UW-OBIC12P,ORGFull,N/A,Pairwise,Direct-E,PerSlotHoleCardinality,BreakGroupsD2,UWrMaxSAT,OldBestIC12+,OPTIMAL,SAT,7,7,bg_d2,7,7,7,,,7,1,3364.904653,False,313.699,MaxSAT,ORGHistorical,ORG-Historical-BG-d2,Published-style,Published-style/Full,independent_reimplementation,one-shot weighted MaxSAT,200226,,,,,,,418839,700,419539,3234,196992,1186875,71,baseline2__model-org_historical_maxsat__m-full__p-pairwise__g-direct__b-per_slot_hole_cardinality__o-break_groups_d2__s-uwrmaxsat__i-old_best_ic12plus__fairness-d2,baseline2__model-org_historical_maxsat__m-full__p-pairwise__g-direct__b-per_slot_hole_cardinality__o-break_groups_d2__s-uwrmaxsat__i-old_best_ic12plus__fairness-d2,legacy_full,n/a,pairwise,direct,UWrMaxSAT,UWrMaxSAT,binary-sha256:8c68c8a386d3d7847b50d315143c2bab60e3514e59510e84a649db83cb303876,org_historical_bg_d2_old_best,per_slot_hole_cardinality,total_break_groups_subject_to_range_at_most_2,BGD2,OBIC12P,1186175,700,1,1118,156654,179821,81246,1,700,700,1,,,,,,0,,,,,,,"formalism-specific model size: SAT/MaxSAT reports base CNF and soft clauses, MIP reports variables/linear constraints/nonzeros, and CP reports integer variables plus linear/global constraints; SAT bound/totalizer overhead remains separate in optimizer_added_*",3234,,,3234,,,,,,,,,,0.001997,0.446649,,0.446649,3364.456007,"wall-clock from immediately before reading/parsing the .dzn instance through model construction, optimization, solution decoding, and independent validation; excludes worker-process startup and result-file export",8,44,,7,1,"0,0,0,0,0,1,0,0,0,0,1,0,0,0,0,0,0,0,0,0,0,0,0,0,0,0,1,0,0,0,0,1,1,0,0,0,0,0,0,0,0,0,0,0,0,0,0,0,0,0,0,0,0,0,0,1,0,0,0,0,0,0,1,0,0,0,0,0,0,0",peak_process_tree_rss_mb,cdd7775d8d5711eaeceabdf215bb7c4878d267757c093200b4fbf85cc634b5e0,prec35,data_precedence_stress/forum-13crafc.prec35.dzn,1,data_precedence_stress/forum-13crafc.prec35.dzn,1,data_precedence_stress/forum-13crafc.prec35.dzn,https://imae.udg.edu/Recerca/LAI/,https://ima.udg.edu/Recerca/lai/b2b/b2b.zip,,2026-08-15T05:27:59+00:00,7200.0,,ee80a6fbd8b513f7c010668495c39621a371266a,True,3.10.12,1.8.dev25,instance-20260810-085803,Linux-6.8.0-1065-gcp-x86_64-with-glibc2.35,x86_64,4,8,15988.055,1,0,/home/g24021555/Business-Meeting-Scheduling-Problem/.venv/bin/python /home/g24021555/Business-Meeting-Scheduling-Problem/src/ORG_BG_D2.py --data-dir data_precedence_stress --family all --backend uwrmaxsat --uwrmaxsat-bin /home/g24021555/uwrmaxsat/build/release/bin/uwrmaxsat --uwrmaxsat-sha256 8c68c8a386d3d7847b50d315143c2bab60e3514e59510e84a649db83cb303876 --timeout 7200 --csv output/org_old_bg_d2/data_precedence_stress.csv --no-excel,/home/g24021555/uwrmaxsat/build/release/bin/uwrmaxsat,8c68c8a386d3d7847b50d315143c2bab60e3514e59510e84a649db83cb303876,/home/g24021555/uwrmaxsat/build/release/bin/uwrmaxsat -m /tmp/org_bg_sjr82kyh.wcnf,,,,,UWrMaxSAT,,,,traditional,pairwise+direct,7,,,,,,,,,"0,3,5,1,4,6,8,2,7,14,0,9,12,8,11,10,13,1,2,5,1,3,4,6,3,7,1,6,2,3,5,7,4,2,0,1,10,9,12,11,11,12,13,13,14,2,1,0,7,9,10,2,8,6,4,5,3,6,5,3,4,1,8,7,10,11,9,3,4,8,7,9,12,10,5,6,11,2,9,11,6,4,10,7,3,8,5,12,3,4,9,13,0,1,10,12,2,11,10,12,7,11,9,8,4,3,8,0,2,5,1,7,6,10,9,8,6,12,5,11,4,11,5,12,3,6,8,9,13,4,10,14,7,1,0,2,3,5,6,11,10,8,4,9,7,12,13,14,5,8,6,7,10,9",,
,,,,,,,,,forumt-14crafe.prec30,b2b-cf9d95a0f75355e2,b2b-lineage-forumt-14crafe,precedence,ORG-F-PW-DE-PHC-BGD2-UW-OBIC12P,ORGFull,N/A,Pairwise,Direct-E,PerSlotHoleCardinality,BreakGroupsD2,UWrMaxSAT,OldBestIC12+,OPTIMAL,SAT,5,5,bg_d2,5,5,5,,,5,1,2.922244,False,220.008,MaxSAT,ORGHistorical,ORG-Historical-BG-d2,Published-style,Published-style/Full,independent_reimplementation,one-shot weighted MaxSAT,78378,,,,,,,170703,240,170943,2360,76018,422053,61,baseline2__model-org_historical_maxsat__m-full__p-pairwise__g-direct__b-per_slot_hole_cardinality__o-break_groups_d2__s-uwrmaxsat__i-old_best_ic12plus__fairness-d2,baseline2__model-org_historical_maxsat__m-full__p-pairwise__g-direct__b-per_slot_hole_cardinality__o-break_groups_d2__s-uwrmaxsat__i-old_best_ic12plus__fairness-d2,legacy_full,n/a,pairwise,direct,UWrMaxSAT,UWrMaxSAT,binary-sha256:8c68c8a386d3d7847b50d315143c2bab60e3514e59510e84a649db83cb303876,org_historical_bg_d2_old_best,per_slot_hole_cardinality,total_break_groups_subject_to_range_at_most_2,BGD2,OBIC12P,421813,240,1,511,99621,65424,5147,1,240,240,1,,,,,,0,,,,,,,"formalism-specific model size: SAT/MaxSAT reports base CNF and soft clauses, MIP reports variables/linear constraints/nonzeros, and CP reports integer variables plus linear/global constraints; SAT bound/totalizer overhead remains separate in optimizer_added_*",2360,,,2360,,,,,,,,,,0.004023,0.174465,,0.174465,2.743756,"wall-clock from immediately before reading/parsing the .dzn instance through model construction, optimization, solution decoding, and independent validation; excludes worker-process startup and result-file export",2,10,,5,1,"0,0,0,0,0,0,0,0,1,0,0,0,0,0,0,0,1,1,0,0,0,0,0,0,0,0,0,0,0,0,0,0,0,0,0,0,0,0,0,0,0,0,0,0,0,0,0,0,0,0,0,0,0,0,0,0,1,0,0,1",peak_process_tree_rss_mb,cf9d95a0f75355e2dd31c687f4c5c999317a95d9a5c2086a7f569c2db739e6e1,prec30,data_precedence_stress/forumt-14crafe.prec30.dzn,1,data_precedence_stress/forumt-14crafe.prec30.dzn,1,data_precedence_stress/forumt-14crafe.prec30.dzn,https://imae.udg.edu/Recerca/LAI/,https://ima.udg.edu/Recerca/lai/b2b/b2b.zip,,2026-08-15T05:27:59+00:00,7200.0,,ee80a6fbd8b513f7c010668495c39621a371266a,True,3.10.12,1.8.dev25,instance-20260810-085803,Linux-6.8.0-1065-gcp-x86_64-with-glibc2.35,x86_64,4,8,15988.055,1,0,/home/g24021555/Business-Meeting-Scheduling-Problem/.venv/bin/python /home/g24021555/Business-Meeting-Scheduling-Problem/src/ORG_BG_D2.py --data-dir data_precedence_stress --family all --backend uwrmaxsat --uwrmaxsat-bin /home/g24021555/uwrmaxsat/build/release/bin/uwrmaxsat --uwrmaxsat-sha256 8c68c8a386d3d7847b50d315143c2bab60e3514e59510e84a649db83cb303876 --timeout 7200 --csv output/org_old_bg_d2/data_precedence_stress.csv --no-excel,/home/g24021555/uwrmaxsat/build/release/bin/uwrmaxsat,8c68c8a386d3d7847b50d315143c2bab60e3514e59510e84a649db83cb303876,/home/g24021555/uwrmaxsat/build/release/bin/uwrmaxsat -m /tmp/org_bg_1687p532.wcnf,,,,,UWrMaxSAT,,,,traditional,pairwise+direct,5,,,,,,,,,"0,5,1,7,2,8,9,6,7,3,4,0,4,1,2,7,5,3,0,8,9,4,5,0,7,8,1,1,3,2,6,1,4,0,4,1,9,7,0,9,1,6,0,5,2,8,3,1,3,7,0,4,2,6,8,3,6,1,4,5,2,8,2,7,3,0,9,1,8,4,5,6,6,5,3,4,8,5,2,6,8,1,4,0,7,9,3,7,5,3,6,0,1,2,4,7,6,9,3,5,2,5,6,9,0,8,4,5,7,8,6,7,8,9,5,4,0,6,3,2,3,5,7,3,2,6,1,5,4,0,8,2,1,2,6,8,4,1,3,7,9,5,4,3,7,0,2,9,8,1,9,5,7,2,1,3,4,8,0,6,1,0,9,7,3,8,6,8,0,3,9,4,2,7,8,4,6,2,9,1,1,0,1,5,7,2,3,2,4,5,1,0,6,4,9,5,6,1,3,7,8,4,0,2,3,7,6,5,9,8,6,7,5,9,8,4,2,0,6,1,3,8,5,9,7,6,0,8,4,2,7,5,2,0,3,9",,
,,,,,,,,,tic-13crafc.prec40,b2b-d4cab3be96cab955,b2b-lineage-tic-13crafc,precedence,ORG-F-PW-DE-PHC-BGD2-UW-OBIC12P,ORGFull,N/A,Pairwise,Direct-E,PerSlotHoleCardinality,BreakGroupsD2,UWrMaxSAT,OldBestIC12+,OPTIMAL,SAT,4,4,bg_d2,4,4,4,,,4,1,7.22125,False,193.215,MaxSAT,ORGHistorical,ORG-Historical-BG-d2,Published-style,Published-style/Full,independent_reimplementation,one-shot weighted MaxSAT,51659,,,,,,,115320,188,115508,1800,49859,283934,48,baseline2__model-org_historical_maxsat__m-full__p-pairwise__g-direct__b-per_slot_hole_cardinality__o-break_groups_d2__s-uwrmaxsat__i-old_best_ic12plus__fairness-d2,baseline2__model-org_historical_maxsat__m-full__p-pairwise__g-direct__b-per_slot_hole_cardinality__o-break_groups_d2__s-uwrmaxsat__i-old_best_ic12plus__fairness-d2,legacy_full,n/a,pairwise,direct,UWrMaxSAT,UWrMaxSAT,binary-sha256:8c68c8a386d3d7847b50d315143c2bab60e3514e59510e84a649db83cb303876,org_historical_bg_d2_old_best,per_slot_hole_cardinality,total_break_groups_subject_to_range_at_most_2,BGD2,OBIC12P,283746,188,1,283,69683,41325,4029,1,188,188,1,,,,,,0,,,,,,,"formalism-specific model size: SAT/MaxSAT reports base CNF and soft clauses, MIP reports variables/linear constraints/nonzeros, and CP reports integer variables plus linear/global constraints; SAT bound/totalizer overhead remains separate in optimizer_added_*",1800,,,1800,,,,,,,,,,0.00209,0.118963,,0.118963,7.100197,"wall-clock from immediately before reading/parsing the .dzn instance through model construction, optimization, solution decoding, and independent validation; excludes worker-process startup and result-file export",5,16,,4,1,"0,0,1,0,0,0,1,0,0,0,0,0,0,0,0,0,0,0,0,0,0,0,0,1,0,0,0,0,0,0,0,0,0,0,0,0,0,0,0,0,0,0,0,0,1,0,0",peak_process_tree_rss_mb,d4cab3be96cab9555306fddeed9c062b5640994cfee49b04d269f43f34ad7af0,prec40,data_precedence_stress/tic-13crafc.prec40.dzn,1,data_precedence_stress/tic-13crafc.prec40.dzn,1,data_precedence_stress/tic-13crafc.prec40.dzn,https://imae.udg.edu/Recerca/LAI/,https://ima.udg.edu/Recerca/lai/b2b/b2b.zip,,2026-08-15T05:27:59+00:00,7200.0,,ee80a6fbd8b513f7c010668495c39621a371266a,True,3.10.12,1.8.dev25,instance-20260810-085803,Linux-6.8.0-1065-gcp-x86_64-with-glibc2.35,x86_64,4,8,15988.055,1,0,/home/g24021555/Business-Meeting-Scheduling-Problem/.venv/bin/python /home/g24021555/Business-Meeting-Scheduling-Problem/src/ORG_BG_D2.py --data-dir data_precedence_stress --family all --backend uwrmaxsat --uwrmaxsat-bin /home/g24021555/uwrmaxsat/build/release/bin/uwrmaxsat --uwrmaxsat-sha256 8c68c8a386d3d7847b50d315143c2bab60e3514e59510e84a649db83cb303876 --timeout 7200 --csv output/org_old_bg_d2/data_precedence_stress.csv --no-excel,/home/g24021555/uwrmaxsat/build/release/bin/uwrmaxsat,8c68c8a386d3d7847b50d315143c2bab60e3514e59510e84a649db83cb303876,/home/g24021555/uwrmaxsat/build/release/bin/uwrmaxsat -m /tmp/org_bg_43i_dx83.wcnf,,,,,UWrMaxSAT,,,,traditional,pairwise+direct,4,,,,,,,,,"4,8,1,0,2,9,3,5,7,6,0,2,1,9,8,1,5,7,2,3,4,6,3,0,1,4,2,6,5,2,6,3,7,9,8,4,5,0,2,9,8,5,0,7,3,1,4,2,6,0,4,1,3,2,5,8,7,6,9,7,3,1,9,6,8,4,2,0,4,3,2,8,3,4,9,6,1,7,5,8,7,4,6,9,5,3,8,5,6,4,6,1,2,7,8,9,7,4,6,8,9,3,2,5,1,4,3,8,3,2,6,5,0,1,8,7,5,6,5,3,0,1,0,1,4,7,5,2,6,3,6,5,7,8,3,0,4,8,2,1,9,6,8,7,5,5,2,0,4,7,9,6,7,8,7,9,0,3,9,7,4,5,1,8,2,0,1,3,9,4,6,0,5,4,1,7,3,2,1,2",,
,,,,,,,,,tic-13crafb.prec40,b2b-d6522cefbe7836d1,b2b-lineage-tic-13crafb,precedence,ORG-F-PW-DE-PHC-BGD2-UW-OBIC12P,ORGFull,N/A,Pairwise,Direct-E,PerSlotHoleCardinality,BreakGroupsD2,UWrMaxSAT,OldBestIC12+,OPTIMAL,SAT,0,0,bg_d2,0,0,0,,,0,1,1.54188,False,193.227,MaxSAT,ORGHistorical,ORG-Historical-BG-d2,Published-style,Published-style/Full,independent_reimplementation,one-shot weighted MaxSAT,52392,,,,,,,117772,184,117956,1840,50552,289960,47,baseline2__model-org_historical_maxsat__m-full__p-pairwise__g-direct__b-per_slot_hole_cardinality__o-break_groups_d2__s-uwrmaxsat__i-old_best_ic12plus__fairness-d2,baseline2__model-org_historical_maxsat__m-full__p-pairwise__g-direct__b-per_slot_hole_cardinality__o-break_groups_d2__s-uwrmaxsat__i-old_best_ic12plus__fairness-d2,legacy_full,n/a,pairwise,direct,UWrMaxSAT,UWrMaxSAT,binary-sha256:8c68c8a386d3d7847b50d315143c2bab60e3514e59510e84a649db83cb303876,org_historical_bg_d2_old_best,per_slot_hole_cardinality,total_break_groups_subject_to_range_at_most_2,BGD2,OBIC12P,289776,184,1,308,70984,42540,3940,1,184,184,1,,,,,,0,,,,,,,"formalism-specific model size: SAT/MaxSAT reports base CNF and soft clauses, MIP reports variables/linear constraints/nonzeros, and CP reports integer variables plus linear/global constraints; SAT bound/totalizer overhead remains separate in optimizer_added_*",1840,,,1840,,,,,,,,,,0.00216,0.119195,,0.119195,1.420525,"wall-clock from immediately before reading/parsing the .dzn instance through model construction, optimization, solution decoding, and independent validation; excludes worker-process startup and result-file export",0,0,,0,0,"0,0,0,0,0,0,0,0,0,0,0,0,0,0,0,0,0,0,0,0,0,0,0,0,0,0,0,0,0,0,0,0,0,0,0,0,0,0,0,0,0,0,0,0,0,0",peak_process_tree_rss_mb,d6522cefbe7836d1e75b8bd8f20765b5a535c2b2fc1870114a5f8f63796aaef6,prec40,data_precedence_stress/tic-13crafb.prec40.dzn,1,data_precedence_stress/tic-13crafb.prec40.dzn,1,data_precedence_stress/tic-13crafb.prec40.dzn,https://imae.udg.edu/Recerca/LAI/,https://ima.udg.edu/Recerca/lai/b2b/b2b.zip,,2026-08-15T05:27:59+00:00,7200.0,,ee80a6fbd8b513f7c010668495c39621a371266a,True,3.10.12,1.8.dev25,instance-20260810-085803,Linux-6.8.0-1065-gcp-x86_64-with-glibc2.35,x86_64,4,8,15988.055,1,0,/home/g24021555/Business-Meeting-Scheduling-Problem/.venv/bin/python /home/g24021555/Business-Meeting-Scheduling-Problem/src/ORG_BG_D2.py --data-dir data_precedence_stress --family all --backend uwrmaxsat --uwrmaxsat-bin /home/g24021555/uwrmaxsat/build/release/bin/uwrmaxsat --uwrmaxsat-sha256 8c68c8a386d3d7847b50d315143c2bab60e3514e59510e84a649db83cb303876 --timeout 7200 --csv output/org_old_bg_d2/data_precedence_stress.csv --no-excel,/home/g24021555/uwrmaxsat/build/release/bin/uwrmaxsat,8c68c8a386d3d7847b50d315143c2bab60e3514e59510e84a649db83cb303876,/home/g24021555/uwrmaxsat/build/release/bin/uwrmaxsat -m /tmp/org_bg_ip_p_dim.wcnf,,,,,UWrMaxSAT,,,,traditional,pairwise+direct,0,,,,,,,,,"0,2,3,5,7,4,5,7,1,0,0,1,3,6,1,2,0,3,4,1,2,5,0,6,2,9,5,4,7,8,6,7,4,2,3,5,9,1,8,3,0,9,8,1,6,4,7,3,7,2,0,1,3,9,5,6,5,6,8,4,2,0,9,1,8,4,5,3,0,7,6,4,0,5,2,9,7,1,3,8,6,3,0,5,4,8,1,5,7,6,4,3,4,1,5,2,1,0,9,6,7,3,2,1,9,8,3,4,5,3,7,5,4,6,1,2,0,6,3,6,0,5,1,4,8,7,2,6,9,2,7,8,0,3,1,2,5,4,0,7,6,3,2,4,6,8,7,5,2,3,8,2,7,4,1,2,9,9,8,6,5,7,4,9,3,6,7,2,8,0,4,5,1,5,4,1,2,6,3,4,0,2,3,1",,
,,,,,,,,,tic-13crafc.prec30,b2b-d78590eba2be941f,b2b-lineage-tic-13crafc,precedence,ORG-F-PW-DE-PHC-BGD2-UW-OBIC12P,ORGFull,N/A,Pairwise,Direct-E,PerSlotHoleCardinality,BreakGroupsD2,UWrMaxSAT,OldBestIC12+,OPTIMAL,SAT,4,4,bg_d2,4,4,4,,,4,1,4.019967,False,192.965,MaxSAT,ORGHistorical,ORG-Historical-BG-d2,Published-style,Published-style/Full,independent_reimplementation,one-shot weighted MaxSAT,51659,,,,,,,113230,188,113418,1800,49859,279754,48,baseline2__model-org_historical_maxsat__m-full__p-pairwise__g-direct__b-per_slot_hole_cardinality__o-break_groups_d2__s-uwrmaxsat__i-old_best_ic12plus__fairness-d2,baseline2__model-org_historical_maxsat__m-full__p-pairwise__g-direct__b-per_slot_hole_cardinality__o-break_groups_d2__s-uwrmaxsat__i-old_best_ic12plus__fairness-d2,legacy_full,n/a,pairwise,direct,UWrMaxSAT,UWrMaxSAT,binary-sha256:8c68c8a386d3d7847b50d315143c2bab60e3514e59510e84a649db83cb303876,org_historical_bg_d2_old_best,per_slot_hole_cardinality,total_break_groups_subject_to_range_at_most_2,BGD2,OBIC12P,279566,188,1,283,67593,41325,4029,1,188,188,1,,,,,,0,,,,,,,"formalism-specific model size: SAT/MaxSAT reports base CNF and soft clauses, MIP reports variables/linear constraints/nonzeros, and CP reports integer variables plus linear/global constraints; SAT bound/totalizer overhead remains separate in optimizer_added_*",1800,,,1800,,,,,,,,,,0.002044,0.112804,,0.112804,3.905119,"wall-clock from immediately before reading/parsing the .dzn instance through model construction, optimization, solution decoding, and independent validation; excludes worker-process startup and result-file export",6,14,,4,1,"0,0,0,1,1,0,0,0,0,0,0,0,0,0,0,0,0,0,0,0,0,0,0,0,0,0,0,0,1,0,0,0,0,0,0,0,1,0,0,0,0,0,0,0,0,0,0",peak_process_tree_rss_mb,d78590eba2be941f3f249b52d7f26b1ef477d02a73de152c87e1cf725caa2baf,prec30,data_precedence_stress/tic-13crafc.prec30.dzn,1,data_precedence_stress/tic-13crafc.prec30.dzn,1,data_precedence_stress/tic-13crafc.prec30.dzn,https://imae.udg.edu/Recerca/LAI/,https://ima.udg.edu/Recerca/lai/b2b/b2b.zip,,2026-08-15T05:27:59+00:00,7200.0,,ee80a6fbd8b513f7c010668495c39621a371266a,True,3.10.12,1.8.dev25,instance-20260810-085803,Linux-6.8.0-1065-gcp-x86_64-with-glibc2.35,x86_64,4,8,15988.055,1,0,/home/g24021555/Business-Meeting-Scheduling-Problem/.venv/bin/python /home/g24021555/Business-Meeting-Scheduling-Problem/src/ORG_BG_D2.py --data-dir data_precedence_stress --family all --backend uwrmaxsat --uwrmaxsat-bin /home/g24021555/uwrmaxsat/build/release/bin/uwrmaxsat --uwrmaxsat-sha256 8c68c8a386d3d7847b50d315143c2bab60e3514e59510e84a649db83cb303876 --timeout 7200 --csv output/org_old_bg_d2/data_precedence_stress.csv --no-excel,/home/g24021555/uwrmaxsat/build/release/bin/uwrmaxsat,8c68c8a386d3d7847b50d315143c2bab60e3514e59510e84a649db83cb303876,/home/g24021555/uwrmaxsat/build/release/bin/uwrmaxsat -m /tmp/org_bg_c2pc4pka.wcnf,,,,,UWrMaxSAT,,,,traditional,pairwise+direct,4,,,,,,,,,"1,4,2,8,3,0,6,7,5,9,5,8,9,7,6,8,7,9,1,2,6,0,0,1,2,3,7,8,9,2,4,0,1,5,7,6,3,7,5,4,6,3,1,5,0,2,6,7,4,0,1,2,3,4,2,6,4,5,3,3,1,4,6,5,9,0,5,6,7,8,3,8,6,7,0,5,2,9,4,1,6,3,8,7,4,9,1,0,2,2,5,0,6,4,3,8,5,1,8,6,7,9,2,9,0,3,8,7,0,4,2,6,8,3,7,3,0,2,5,4,0,1,8,5,2,1,7,3,6,0,4,6,8,0,9,1,5,5,4,7,9,4,1,6,3,7,3,5,1,6,4,3,8,9,7,8,1,2,1,3,7,4,1,3,5,0,2,2,8,4,7,9,5,8,2,6,4,1,2,5",,
,,,,,,,,,forumt-14crafd.prec30,b2b-daecd967c0c801c6,b2b-lineage-forumt-14crafd,precedence,ORG-F-PW-DE-PHC-BGD2-UW-OBIC12P,ORGFull,N/A,Pairwise,Direct-E,PerSlotHoleCardinality,BreakGroupsD2,UWrMaxSAT,OldBestIC12+,OPTIMAL,SAT,4,4,bg_d2,4,4,4,,,4,1,4.795484,False,222.902,MaxSAT,ORGHistorical,ORG-Historical-BG-d2,Published-style,Published-style/Full,independent_reimplementation,one-shot weighted MaxSAT,79488,,,,,,,172863,240,173103,2360,77128,427513,61,baseline2__model-org_historical_maxsat__m-full__p-pairwise__g-direct__b-per_slot_hole_cardinality__o-break_groups_d2__s-uwrmaxsat__i-old_best_ic12plus__fairness-d2,baseline2__model-org_historical_maxsat__m-full__p-pairwise__g-direct__b-per_slot_hole_cardinality__o-break_groups_d2__s-uwrmaxsat__i-old_best_ic12plus__fairness-d2,legacy_full,n/a,pairwise,direct,UWrMaxSAT,UWrMaxSAT,binary-sha256:8c68c8a386d3d7847b50d315143c2bab60e3514e59510e84a649db83cb303876,org_historical_bg_d2_old_best,per_slot_hole_cardinality,total_break_groups_subject_to_range_at_most_2,BGD2,OBIC12P,427273,240,1,511,100641,66564,5147,1,240,240,1,,,,,,0,,,,,,,"formalism-specific model size: SAT/MaxSAT reports base CNF and soft clauses, MIP reports variables/linear constraints/nonzeros, and CP reports integer variables plus linear/global constraints; SAT bound/totalizer overhead remains separate in optimizer_added_*",2360,,,2360,,,,,,,,,,0.00251,0.179992,,0.179992,4.612982,"wall-clock from immediately before reading/parsing the .dzn instance through model construction, optimization, solution decoding, and independent validation; excludes worker-process startup and result-file export",2,8,,4,1,"0,0,0,0,0,0,0,0,0,0,0,0,0,0,0,0,1,1,0,0,0,0,0,0,0,0,0,0,0,0,0,0,0,0,0,0,0,0,0,0,0,0,0,0,0,0,0,0,0,0,0,0,0,0,0,0,1,0,0,1",peak_process_tree_rss_mb,daecd967c0c801c6c0f5656f72efe2e43d415d23a5e8912c43d5ae805523d97c,prec30,data_precedence_stress/forumt-14crafd.prec30.dzn,1,data_precedence_stress/forumt-14crafd.prec30.dzn,1,data_precedence_stress/forumt-14crafd.prec30.dzn,https://imae.udg.edu/Recerca/LAI/,https://ima.udg.edu/Recerca/lai/b2b/b2b.zip,,2026-08-15T05:27:59+00:00,7200.0,,ee80a6fbd8b513f7c010668495c39621a371266a,True,3.10.12,1.8.dev25,instance-20260810-085803,Linux-6.8.0-1065-gcp-x86_64-with-glibc2.35,x86_64,4,8,15988.055,1,0,/home/g24021555/Business-Meeting-Scheduling-Problem/.venv/bin/python /home/g24021555/Business-Meeting-Scheduling-Problem/src/ORG_BG_D2.py --data-dir data_precedence_stress --family all --backend uwrmaxsat --uwrmaxsat-bin /home/g24021555/uwrmaxsat/build/release/bin/uwrmaxsat --uwrmaxsat-sha256 8c68c8a386d3d7847b50d315143c2bab60e3514e59510e84a649db83cb303876 --timeout 7200 --csv output/org_old_bg_d2/data_precedence_stress.csv --no-excel,/home/g24021555/uwrmaxsat/build/release/bin/uwrmaxsat,8c68c8a386d3d7847b50d315143c2bab60e3514e59510e84a649db83cb303876,/home/g24021555/uwrmaxsat/build/release/bin/uwrmaxsat -m /tmp/org_bg_4a8zk80n.wcnf,,,,,UWrMaxSAT,,,,traditional,pairwise+direct,4,,,,,,,,,"0,3,6,2,1,5,9,4,3,8,5,2,3,1,6,5,4,7,0,2,8,4,8,7,2,6,5,1,2,7,6,7,5,0,4,2,9,6,1,4,3,1,0,5,9,2,7,1,5,3,4,6,0,9,2,0,5,4,1,3,6,7,2,6,4,3,9,0,8,7,1,5,7,5,9,2,1,4,3,9,0,1,7,2,8,6,5,4,1,8,6,5,2,3,7,4,9,5,6,3,0,5,1,4,9,3,8,5,7,4,6,6,3,1,2,8,7,5,0,8,3,2,6,8,7,1,2,4,5,3,8,3,0,3,1,0,9,5,8,2,6,7,9,1,2,4,8,0,3,2,3,6,4,8,5,2,9,0,1,7,9,1,3,8,2,7,5,9,7,0,4,6,3,0,8,7,5,3,6,9,4,2,9,8,6,7,5,9,6,8,7,4,1,6,8,1,0,4,7,9,8,1,8,0,2,6,9,4,7,3,4,5,3,6,7,2,3,4,1,8,0,7,9,6,5,3,6,5,2,7,8,4,0,8,9,4",,
,,,,,,,,,tic-12crafc.prec35,b2b-db8a0f1c3e26ed4b,b2b-lineage-tic-12crafc,precedence,ORG-F-PW-DE-PHC-BGD2-UW-OBIC12P,ORGFull,N/A,Pairwise,Direct-E,PerSlotHoleCardinality,BreakGroupsD2,UWrMaxSAT,OldBestIC12+,OPTIMAL,SAT,0,0,bg_d2,0,0,0,,,0,1,0.363939,False,167.273,MaxSAT,ORGHistorical,ORG-Historical-BG-d2,Published-style,Published-style/Full,independent_reimplementation,one-shot weighted MaxSAT,23942,,,,,,,53784,126,53910,1000,22942,131751,43,baseline2__model-org_historical_maxsat__m-full__p-pairwise__g-direct__b-per_slot_hole_cardinality__o-break_groups_d2__s-uwrmaxsat__i-old_best_ic12plus__fairness-d2,baseline2__model-org_historical_maxsat__m-full__p-pairwise__g-direct__b-per_slot_hole_cardinality__o-break_groups_d2__s-uwrmaxsat__i-old_best_ic12plus__fairness-d2,legacy_full,n/a,pairwise,direct,UWrMaxSAT,UWrMaxSAT,binary-sha256:8c68c8a386d3d7847b50d315143c2bab60e3514e59510e84a649db83cb303876,org_historical_bg_d2_old_best,per_slot_hole_cardinality,total_break_groups_subject_to_range_at_most_2,BGD2,OBIC12P,131625,126,1,234,32940,18943,1667,1,126,126,1,,,,,,0,,,,,,,"formalism-specific model size: SAT/MaxSAT reports base CNF and soft clauses, MIP reports variables/linear constraints/nonzeros, and CP reports integer variables plus linear/global constraints; SAT bound/totalizer overhead remains separate in optimizer_added_*",1000,,,1000,,,,,,,,,,0.00152,0.055377,,0.055377,0.307042,"wall-clock from immediately before reading/parsing the .dzn instance through model construction, optimization, solution decoding, and independent validation; excludes worker-process startup and result-file export",0,0,,0,0,"0,0,0,0,0,0,0,0,0,0,0,0,0,0,0,0,0,0,0,0,0,0,0,0,0,0,0,0,0,0,0,0,0,0,0,0,0,0,0,0,0,0",peak_process_tree_rss_mb,db8a0f1c3e26ed4b71fd91a86ebcc2f79a1bb0032731c9e63c650bc99f880989,prec35,data_precedence_stress/tic-12crafc.prec35.dzn,1,data_precedence_stress/tic-12crafc.prec35.dzn,1,data_precedence_stress/tic-12crafc.prec35.dzn,https://imae.udg.edu/Recerca/LAI/,https://ima.udg.edu/Recerca/lai/b2b/b2b.zip,,2026-08-15T05:27:59+00:00,7200.0,,ee80a6fbd8b513f7c010668495c39621a371266a,True,3.10.12,1.8.dev25,instance-20260810-085803,Linux-6.8.0-1065-gcp-x86_64-with-glibc2.35,x86_64,4,8,15988.055,1,0,/home/g24021555/Business-Meeting-Scheduling-Problem/.venv/bin/python /home/g24021555/Business-Meeting-Scheduling-Problem/src/ORG_BG_D2.py --data-dir data_precedence_stress --family all --backend uwrmaxsat --uwrmaxsat-bin /home/g24021555/uwrmaxsat/build/release/bin/uwrmaxsat --uwrmaxsat-sha256 8c68c8a386d3d7847b50d315143c2bab60e3514e59510e84a649db83cb303876 --timeout 7200 --csv output/org_old_bg_d2/data_precedence_stress.csv --no-excel,/home/g24021555/uwrmaxsat/build/release/bin/uwrmaxsat,8c68c8a386d3d7847b50d315143c2bab60e3514e59510e84a649db83cb303876,/home/g24021555/uwrmaxsat/build/release/bin/uwrmaxsat -m /tmp/org_bg_ghmco_8c.wcnf,,,,,UWrMaxSAT,,,,traditional,pairwise+direct,0,,,,,,,,,"7,1,2,3,4,0,2,1,0,0,7,0,5,7,6,4,1,2,7,1,5,0,7,6,2,1,5,6,0,3,7,4,3,2,5,4,1,6,0,3,6,2,7,4,1,0,5,4,3,2,5,2,6,7,4,3,1,6,3,3,1,4,2,0,7,6,1,5,4,7,5,6,3,7,2,4,5,6,4,5,3,6,0,2,7,1,4,3,1,0,5,4,7,2,3,6,5,0,1,3,6,1,5,4,2,5,2,1,6,3,4,6,0,3,7,5,2,3,6,4,7,2,0,5,1",,
,,,,,,,,,forum-13.prec40,b2b-e1c63e8b3b1ff6a7,b2b-lineage-forum-13,precedence,ORG-F-PW-DE-PHC-BGD2-UW-OBIC12P,ORGFull,N/A,Pairwise,Direct-E,PerSlotHoleCardinality,BreakGroupsD2,UWrMaxSAT,OldBestIC12+,OPTIMAL,SAT,2,2,bg_d2,2,2,2,,,2,1,28.978172,False,330.133,MaxSAT,ORGHistorical,ORG-Historical-BG-d2,Published-style,Published-style/Full,independent_reimplementation,one-shot weighted MaxSAT,207114,,,,,,,435597,700,436297,3234,203880,1227405,71,baseline2__model-org_historical_maxsat__m-full__p-pairwise__g-direct__b-per_slot_hole_cardinality__o-break_groups_d2__s-uwrmaxsat__i-old_best_ic12plus__fairness-d2,baseline2__model-org_historical_maxsat__m-full__p-pairwise__g-direct__b-per_slot_hole_cardinality__o-break_groups_d2__s-uwrmaxsat__i-old_best_ic12plus__fairness-d2,legacy_full,n/a,pairwise,direct,UWrMaxSAT,UWrMaxSAT,binary-sha256:8c68c8a386d3d7847b50d315143c2bab60e3514e59510e84a649db83cb303876,org_historical_bg_d2_old_best,per_slot_hole_cardinality,total_break_groups_subject_to_range_at_most_2,BGD2,OBIC12P,1226705,700,1,1118,166398,186835,81246,1,700,700,1,,,,,,0,,,,,,,"formalism-specific model size: SAT/MaxSAT reports base CNF and soft clauses, MIP reports variables/linear constraints/nonzeros, and CP reports integer variables plus linear/global constraints; SAT bound/totalizer overhead remains separate in optimizer_added_*",3234,,,3234,,,,,,,,,,0.00196,0.478543,,0.478543,28.497669,"wall-clock from immediately before reading/parsing the .dzn instance through model construction, optimization, solution decoding, and independent validation; excludes worker-process startup and result-file export",9,15,,2,1,"0,0,0,0,0,1,0,0,0,0,0,0,0,0,0,0,0,0,0,0,0,0,0,0,0,0,0,0,0,0,1,0,0,0,0,0,0,0,0,0,0,0,0,0,0,0,0,0,0,0,0,0,0,0,0,0,0,0,0,0,0,0,0,0,0,0,0,0,0,0",peak_process_tree_rss_mb,e1c63e8b3b1ff6a70196540d04957529da412d2c8e1354fbcfb345723a41d726,prec40,data_precedence_stress/forum-13.prec40.dzn,1,data_precedence_stress/forum-13.prec40.dzn,1,data_precedence_stress/forum-13.prec40.dzn,https://imae.udg.edu/Recerca/LAI/,https://ima.udg.edu/Recerca/lai/b2b/b2b.zip,,2026-08-15T05:27:59+00:00,7200.0,,ee80a6fbd8b513f7c010668495c39621a371266a,True,3.10.12,1.8.dev25,instance-20260810-085803,Linux-6.8.0-1065-gcp-x86_64-with-glibc2.35,x86_64,4,8,15988.055,1,0,/home/g24021555/Business-Meeting-Scheduling-Problem/.venv/bin/python /home/g24021555/Business-Meeting-Scheduling-Problem/src/ORG_BG_D2.py --data-dir data_precedence_stress --family all --backend uwrmaxsat --uwrmaxsat-bin /home/g24021555/uwrmaxsat/build/release/bin/uwrmaxsat --uwrmaxsat-sha256 8c68c8a386d3d7847b50d315143c2bab60e3514e59510e84a649db83cb303876 --timeout 7200 --csv output/org_old_bg_d2/data_precedence_stress.csv --no-excel,/home/g24021555/uwrmaxsat/build/release/bin/uwrmaxsat,8c68c8a386d3d7847b50d315143c2bab60e3514e59510e84a649db83cb303876,/home/g24021555/uwrmaxsat/build/release/bin/uwrmaxsat -m /tmp/org_bg_06vz_jk1.wcnf,,,,,UWrMaxSAT,,,,traditional,pairwise+direct,2,,,,,,,,,"1,3,0,2,6,7,8,5,4,14,2,1,3,4,7,6,5,8,2,3,4,1,5,6,2,3,2,3,1,5,6,7,4,1,0,4,6,2,3,5,2,3,13,13,14,3,4,1,4,10,5,3,7,8,9,6,2,8,11,10,9,4,8,11,9,7,10,1,4,6,2,9,5,8,7,3,10,3,5,2,10,12,9,7,8,11,6,4,4,5,7,2,3,6,1,9,0,8,11,9,7,12,10,8,4,5,3,9,8,6,2,10,7,5,6,7,8,9,12,10,11,4,5,12,15,7,10,6,11,8,9,14,13,3,4,2,6,1,7,15,8,10,5,12,9,11,13,14,7,8,9,12,11,10",,
,,,,,,,,,forumt-14crafd.prec40,b2b-e4ae3634ff77a31b,b2b-lineage-forumt-14crafd,precedence,ORG-F-PW-DE-PHC-BGD2-UW-OBIC12P,ORGFull,N/A,Pairwise,Direct-E,PerSlotHoleCardinality,BreakGroupsD2,UWrMaxSAT,OldBestIC12+,OPTIMAL,SAT,4,4,bg_d2,4,4,4,,,4,1,3.042286,False,224.211,MaxSAT,ORGHistorical,ORG-Historical-BG-d2,Published-style,Published-style/Full,independent_reimplementation,one-shot weighted MaxSAT,79488,,,,,,,175778,240,176018,2360,77128,433343,61,baseline2__model-org_historical_maxsat__m-full__p-pairwise__g-direct__b-per_slot_hole_cardinality__o-break_groups_d2__s-uwrmaxsat__i-old_best_ic12plus__fairness-d2,baseline2__model-org_historical_maxsat__m-full__p-pairwise__g-direct__b-per_slot_hole_cardinality__o-break_groups_d2__s-uwrmaxsat__i-old_best_ic12plus__fairness-d2,legacy_full,n/a,pairwise,direct,UWrMaxSAT,UWrMaxSAT,binary-sha256:8c68c8a386d3d7847b50d315143c2bab60e3514e59510e84a649db83cb303876,org_historical_bg_d2_old_best,per_slot_hole_cardinality,total_break_groups_subject_to_range_at_most_2,BGD2,OBIC12P,433103,240,1,511,103556,66564,5147,1,240,240,1,,,,,,0,,,,,,,"formalism-specific model size: SAT/MaxSAT reports base CNF and soft clauses, MIP reports variables/linear constraints/nonzeros, and CP reports integer variables plus linear/global constraints; SAT bound/totalizer overhead remains separate in optimizer_added_*",2360,,,2360,,,,,,,,,,0.002807,0.177872,,0.177872,2.861607,"wall-clock from immediately before reading/parsing the .dzn instance through model construction, optimization, solution decoding, and independent validation; excludes worker-process startup and result-file export",2,8,,4,1,"0,0,0,0,0,0,0,0,0,0,0,0,0,0,0,0,1,1,0,0,0,0,0,0,0,0,0,0,0,0,0,0,0,0,0,0,0,0,0,0,0,0,0,0,0,0,0,0,0,0,0,0,0,0,0,0,1,0,0,1",peak_process_tree_rss_mb,e4ae3634ff77a31b3a08f0f28c1a41d4bbff96c469e6c4cc3cfe7db67408b0eb,prec40,data_precedence_stress/forumt-14crafd.prec40.dzn,1,data_precedence_stress/forumt-14crafd.prec40.dzn,1,data_precedence_stress/forumt-14crafd.prec40.dzn,https://imae.udg.edu/Recerca/LAI/,https://ima.udg.edu/Recerca/lai/b2b/b2b.zip,,2026-08-15T05:27:59+00:00,7200.0,,ee80a6fbd8b513f7c010668495c39621a371266a,True,3.10.12,1.8.dev25,instance-20260810-085803,Linux-6.8.0-1065-gcp-x86_64-with-glibc2.35,x86_64,4,8,15988.055,1,0,/home/g24021555/Business-Meeting-Scheduling-Problem/.venv/bin/python /home/g24021555/Business-Meeting-Scheduling-Problem/src/ORG_BG_D2.py --data-dir data_precedence_stress --family all --backend uwrmaxsat --uwrmaxsat-bin /home/g24021555/uwrmaxsat/build/release/bin/uwrmaxsat --uwrmaxsat-sha256 8c68c8a386d3d7847b50d315143c2bab60e3514e59510e84a649db83cb303876 --timeout 7200 --csv output/org_old_bg_d2/data_precedence_stress.csv --no-excel,/home/g24021555/uwrmaxsat/build/release/bin/uwrmaxsat,8c68c8a386d3d7847b50d315143c2bab60e3514e59510e84a649db83cb303876,/home/g24021555/uwrmaxsat/build/release/bin/uwrmaxsat -m /tmp/org_bg_5hmb3ovo.wcnf,,,,,UWrMaxSAT,,,,traditional,pairwise+direct,4,,,,,,,,,"0,2,5,1,4,3,9,6,3,9,4,0,2,7,3,4,5,6,0,1,8,4,6,6,2,5,7,3,4,5,0,7,4,0,2,0,9,2,1,7,3,0,1,5,9,7,6,2,0,3,5,4,7,8,1,0,3,2,1,5,9,6,1,5,9,4,8,3,7,2,0,6,6,0,1,2,9,3,5,9,0,1,8,4,6,7,2,8,4,5,3,9,2,7,6,3,6,8,5,1,8,4,7,1,2,3,4,2,6,3,5,7,1,3,2,9,4,5,0,8,3,1,7,8,4,3,1,5,6,2,7,2,9,8,0,5,3,1,7,4,2,6,5,6,0,9,8,7,1,8,4,1,3,8,6,7,2,5,0,9,7,1,9,3,8,6,2,9,0,3,7,6,2,4,6,5,9,2,1,8,3,4,6,8,5,4,8,6,7,5,4,3,9,0,9,1,7,8,5,6,8,2,7,0,4,5,9,8,6,3,5,8,4,7,7,5,1,3,6,8,0,4,9,2,7,1,6,8,2,3,5,4,1,8,7,4",,
,,,,,,,,,forum-13crafc.prec40,b2b-ee1af02da9490056,b2b-lineage-forum-13crafc,precedence,ORG-F-PW-DE-PHC-BGD2-UW-OBIC12P,ORGFull,N/A,Pairwise,Direct-E,PerSlotHoleCardinality,BreakGroupsD2,UWrMaxSAT,OldBestIC12+,OPTIMAL,SAT,8,8,bg_d2,8,8,8,,,8,1,4148.68424,False,330.73,MaxSAT,ORGHistorical,ORG-Historical-BG-d2,Published-style,Published-style/Full,independent_reimplementation,one-shot weighted MaxSAT,200226,,,,,,,422073,700,422773,3234,196992,1193343,71,baseline2__model-org_historical_maxsat__m-full__p-pairwise__g-direct__b-per_slot_hole_cardinality__o-break_groups_d2__s-uwrmaxsat__i-old_best_ic12plus__fairness-d2,baseline2__model-org_historical_maxsat__m-full__p-pairwise__g-direct__b-per_slot_hole_cardinality__o-break_groups_d2__s-uwrmaxsat__i-old_best_ic12plus__fairness-d2,legacy_full,n/a,pairwise,direct,UWrMaxSAT,UWrMaxSAT,binary-sha256:8c68c8a386d3d7847b50d315143c2bab60e3514e59510e84a649db83cb303876,org_historical_bg_d2_old_best,per_slot_hole_cardinality,total_break_groups_subject_to_range_at_most_2,BGD2,OBIC12P,1192643,700,1,1118,159888,179821,81246,1,700,700,1,,,,,,0,,,,,,,"formalism-specific model size: SAT/MaxSAT reports base CNF and soft clauses, MIP reports variables/linear constraints/nonzeros, and CP reports integer variables plus linear/global constraints; SAT bound/totalizer overhead remains separate in optimizer_added_*",3234,,,3234,,,,,,,,,,0.001996,0.460895,,0.460895,4148.221349,"wall-clock from immediately before reading/parsing the .dzn instance through model construction, optimization, solution decoding, and independent validation; excludes worker-process startup and result-file export",13,49,,8,1,"0,0,0,0,0,1,0,0,0,0,0,0,0,0,0,0,0,0,0,0,0,0,0,0,1,0,1,0,0,0,1,1,1,0,0,0,0,0,0,0,0,0,0,0,0,0,0,0,0,0,0,0,0,0,0,1,0,0,0,0,0,0,1,0,0,0,0,0,0,0",peak_process_tree_rss_mb,ee1af02da9490056468b6573881f6759539c6422eb97399d15858ac8946ae253,prec40,data_precedence_stress/forum-13crafc.prec40.dzn,1,data_precedence_stress/forum-13crafc.prec40.dzn,1,data_precedence_stress/forum-13crafc.prec40.dzn,https://imae.udg.edu/Recerca/LAI/,https://ima.udg.edu/Recerca/lai/b2b/b2b.zip,,2026-08-15T05:27:59+00:00,7200.0,,ee80a6fbd8b513f7c010668495c39621a371266a,True,3.10.12,1.8.dev25,instance-20260810-085803,Linux-6.8.0-1065-gcp-x86_64-with-glibc2.35,x86_64,4,8,15988.055,1,0,/home/g24021555/Business-Meeting-Scheduling-Problem/.venv/bin/python /home/g24021555/Business-Meeting-Scheduling-Problem/src/ORG_BG_D2.py --data-dir data_precedence_stress --family all --backend uwrmaxsat --uwrmaxsat-bin /home/g24021555/uwrmaxsat/build/release/bin/uwrmaxsat --uwrmaxsat-sha256 8c68c8a386d3d7847b50d315143c2bab60e3514e59510e84a649db83cb303876 --timeout 7200 --csv output/org_old_bg_d2/data_precedence_stress.csv --no-excel,/home/g24021555/uwrmaxsat/build/release/bin/uwrmaxsat,8c68c8a386d3d7847b50d315143c2bab60e3514e59510e84a649db83cb303876,/home/g24021555/uwrmaxsat/build/release/bin/uwrmaxsat -m /tmp/org_bg_q93jyk1z.wcnf,,,,,UWrMaxSAT,,,,traditional,pairwise+direct,8,,,,,,,,,"1,3,4,0,5,6,7,2,8,13,0,5,4,7,2,1,6,3,2,6,1,3,4,5,3,6,1,3,2,12,5,11,4,0,1,3,10,4,2,9,0,1,15,14,16,3,2,1,8,9,10,5,6,7,12,11,4,9,8,11,10,2,9,8,10,7,11,2,4,7,6,9,11,8,3,5,10,4,9,2,7,5,11,6,8,10,3,12,3,4,11,5,0,9,1,10,2,12,11,9,8,12,10,7,0,1,7,2,5,6,3,8,4,8,7,9,5,11,6,10,12,6,8,10,15,9,7,13,12,5,11,14,4,0,2,1,3,6,7,12,8,10,5,9,4,11,13,14,6,7,8,9,11,10",,
,,,,,,,,,forumt-14.prec40,b2b-ef0323b1d2fe546a,b2b-lineage-forumt-14,precedence,ORG-F-PW-DE-PHC-BGD2-UW-OBIC12P,ORGFull,N/A,Pairwise,Direct-E,PerSlotHoleCardinality,BreakGroupsD2,UWrMaxSAT,OldBestIC12+,OPTIMAL,SAT,5,5,bg_d2,5,5,5,,,5,1,8.643314,False,225.949,MaxSAT,ORGHistorical,ORG-Historical-BG-d2,Published-style,Published-style/Full,independent_reimplementation,one-shot weighted MaxSAT,81817,,,,,,,180051,240,180291,2370,79447,444254,61,baseline2__model-org_historical_maxsat__m-full__p-pairwise__g-direct__b-per_slot_hole_cardinality__o-break_groups_d2__s-uwrmaxsat__i-old_best_ic12plus__fairness-d2,baseline2__model-org_historical_maxsat__m-full__p-pairwise__g-direct__b-per_slot_hole_cardinality__o-break_groups_d2__s-uwrmaxsat__i-old_best_ic12plus__fairness-d2,legacy_full,n/a,pairwise,direct,UWrMaxSAT,UWrMaxSAT,binary-sha256:8c68c8a386d3d7847b50d315143c2bab60e3514e59510e84a649db83cb303876,org_historical_bg_d2_old_best,per_slot_hole_cardinality,total_break_groups_subject_to_range_at_most_2,BGD2,OBIC12P,444014,240,1,482,105570,68838,5161,1,240,240,1,,,,,,0,,,,,,,"formalism-specific model size: SAT/MaxSAT reports base CNF and soft clauses, MIP reports variables/linear constraints/nonzeros, and CP reports integer variables plus linear/global constraints; SAT bound/totalizer overhead remains separate in optimizer_added_*",2370,,,2370,,,,,,,,,,0.002593,0.18098,,0.18098,8.459741,"wall-clock from immediately before reading/parsing the .dzn instance through model construction, optimization, solution decoding, and independent validation; excludes worker-process startup and result-file export",2,10,,5,1,"0,0,0,0,1,0,0,0,0,0,0,0,0,0,0,0,1,1,0,0,0,0,0,0,0,0,0,0,0,0,0,0,0,0,0,0,0,0,0,0,0,0,0,0,0,0,0,0,0,0,0,0,0,0,1,0,1,0,0,0",peak_process_tree_rss_mb,ef0323b1d2fe546a9e785c1622411c55135b148e657fb920b21af9a309e9b37e,prec40,data_precedence_stress/forumt-14.prec40.dzn,1,data_precedence_stress/forumt-14.prec40.dzn,1,data_precedence_stress/forumt-14.prec40.dzn,https://imae.udg.edu/Recerca/LAI/,https://ima.udg.edu/Recerca/lai/b2b/b2b.zip,,2026-08-15T05:27:59+00:00,7200.0,,ee80a6fbd8b513f7c010668495c39621a371266a,True,3.10.12,1.8.dev25,instance-20260810-085803,Linux-6.8.0-1065-gcp-x86_64-with-glibc2.35,x86_64,4,8,15988.055,1,0,/home/g24021555/Business-Meeting-Scheduling-Problem/.venv/bin/python /home/g24021555/Business-Meeting-Scheduling-Problem/src/ORG_BG_D2.py --data-dir data_precedence_stress --family all --backend uwrmaxsat --uwrmaxsat-bin /home/g24021555/uwrmaxsat/build/release/bin/uwrmaxsat --uwrmaxsat-sha256 8c68c8a386d3d7847b50d315143c2bab60e3514e59510e84a649db83cb303876 --timeout 7200 --csv output/org_old_bg_d2/data_precedence_stress.csv --no-excel,/home/g24021555/uwrmaxsat/build/release/bin/uwrmaxsat,8c68c8a386d3d7847b50d315143c2bab60e3514e59510e84a649db83cb303876,/home/g24021555/uwrmaxsat/build/release/bin/uwrmaxsat -m /tmp/org_bg_5_8veq68.wcnf,,,,,UWrMaxSAT,,,,traditional,pairwise+direct,5,,,,,,,,,"5,0,4,3,2,6,7,8,1,2,3,7,2,6,4,1,5,9,0,0,2,5,1,0,2,6,1,8,5,3,0,8,2,3,1,0,6,7,0,3,9,0,2,3,7,1,8,5,6,0,4,3,7,3,1,0,5,2,4,9,6,2,4,1,0,7,5,3,6,9,0,6,1,3,7,8,3,2,9,4,7,0,8,5,1,6,0,3,1,5,4,2,5,6,3,8,9,4,4,6,7,8,3,9,5,1,3,4,6,8,2,9,5,1,9,2,8,6,5,7,4,8,5,4,7,4,2,6,5,8,8,4,3,0,1,8,6,2,5,4,7,5,9,2,3,6,9,7,5,6,2,4,3,0,9,8,1,5,7,6,4,2,0,3,5,1,9,8,6,5,9,1,7,4,8,7,2,9,0,5,6,8,7,3,4,6,5,3,0,2,4,1,6,9,7,8,1,3,4,5,4,1,4,9,6,5,2,3,8,7,4,3,0,7,8,7,2,7,0,7,5,4,3,2,6,1,9,8,2,3,7,6,4,1,3,4,2",,
,,,,,,,,,forum-13crafb.prec40,b2b-f110654d0bf995f0,b2b-lineage-forum-13crafb,precedence,ORG-F-PW-DE-PHC-BGD2-UW-OBIC12P,ORGFull,N/A,Pairwise,Direct-E,PerSlotHoleCardinality,BreakGroupsD2,UWrMaxSAT,OldBestIC12+,OPTIMAL,SAT,15,15,bg_d2,15,15,15,,,15,1,2992.80405,False,365.48,MaxSAT,ORGHistorical,ORG-Historical-BG-d2,Published-style,Published-style/Full,independent_reimplementation,one-shot weighted MaxSAT,246673,,,,,,,529986,760,530746,4290,242383,1482263,77,baseline2__model-org_historical_maxsat__m-full__p-pairwise__g-direct__b-per_slot_hole_cardinality__o-break_groups_d2__s-uwrmaxsat__i-old_best_ic12plus__fairness-d2,baseline2__model-org_historical_maxsat__m-full__p-pairwise__g-direct__b-per_slot_hole_cardinality__o-break_groups_d2__s-uwrmaxsat__i-old_best_ic12plus__fairness-d2,legacy_full,n/a,pairwise,direct,UWrMaxSAT,UWrMaxSAT,binary-sha256:8c68c8a386d3d7847b50d315143c2bab60e3514e59510e84a649db83cb303876,org_historical_bg_d2_old_best,per_slot_hole_cardinality,total_break_groups_subject_to_range_at_most_2,BGD2,OBIC12P,1481503,760,1,1632,210590,222695,95069,1,760,760,1,,,,,,0,,,,,,,"formalism-specific model size: SAT/MaxSAT reports base CNF and soft clauses, MIP reports variables/linear constraints/nonzeros, and CP reports integer variables plus linear/global constraints; SAT bound/totalizer overhead remains separate in optimizer_added_*",4290,,,4290,,,,,,,,,,0.002477,0.578736,,0.578736,2992.222837,"wall-clock from immediately before reading/parsing the .dzn instance through model construction, optimization, solution decoding, and independent validation; excludes worker-process startup and result-file export",16,103,,15,2,"0,0,0,0,0,0,0,0,0,1,0,1,0,1,0,1,0,1,1,1,0,0,1,0,0,1,0,0,0,1,0,0,0,0,0,1,2,0,1,0,1,0,0,0,0,0,0,0,0,0,0,0,0,0,0,0,0,0,0,0,0,0,0,0,0,0,0,0,0,0,0,0,0,0,0,0",peak_process_tree_rss_mb,f110654d0bf995f09ac4a3577aa3c48f65a59cd6c9f7fb2e128d8b9851ed3cda,prec40,data_precedence_stress/forum-13crafb.prec40.dzn,1,data_precedence_stress/forum-13crafb.prec40.dzn,1,data_precedence_stress/forum-13crafb.prec40.dzn,https://imae.udg.edu/Recerca/LAI/,https://ima.udg.edu/Recerca/lai/b2b/b2b.zip,,2026-08-15T05:27:59+00:00,7200.0,,ee80a6fbd8b513f7c010668495c39621a371266a,True,3.10.12,1.8.dev25,instance-20260810-085803,Linux-6.8.0-1065-gcp-x86_64-with-glibc2.35,x86_64,4,8,15988.055,1,0,/home/g24021555/Business-Meeting-Scheduling-Problem/.venv/bin/python /home/g24021555/Business-Meeting-Scheduling-Problem/src/ORG_BG_D2.py --data-dir data_precedence_stress --family all --backend uwrmaxsat --uwrmaxsat-bin /home/g24021555/uwrmaxsat/build/release/bin/uwrmaxsat --uwrmaxsat-sha256 8c68c8a386d3d7847b50d315143c2bab60e3514e59510e84a649db83cb303876 --timeout 7200 --csv output/org_old_bg_d2/data_precedence_stress.csv --no-excel,/home/g24021555/uwrmaxsat/build/release/bin/uwrmaxsat,8c68c8a386d3d7847b50d315143c2bab60e3514e59510e84a649db83cb303876,/home/g24021555/uwrmaxsat/build/release/bin/uwrmaxsat -m /tmp/org_bg_4eut7iad.wcnf,,,,,UWrMaxSAT,,,,traditional,pairwise+direct,15,,,,,,,,,"6,8,10,9,11,8,9,5,6,8,10,3,5,4,13,12,6,14,14,13,16,11,15,7,4,3,3,12,2,3,9,10,4,14,15,4,7,5,2,1,14,17,0,12,15,19,14,7,9,6,16,10,12,13,4,13,11,11,13,10,12,7,6,17,14,13,9,8,16,3,5,6,3,7,4,12,8,9,2,11,1,9,8,10,15,14,13,5,5,4,6,5,4,12,19,14,17,20,13,16,15,18,21,11,10,14,12,7,6,5,9,8,11,12,8,9,4,10,3,11,6,7,5,13,9,7,8,10,4,6,3,11,10,8,16,7,5,17,18,19,20,15,13,12,14,13,11,12,14,10,12,11,9,10,7,9,13,11,15,16,14,8,12,6,7,1,0,3,10,8,2,5,11,9,4,17,4,18,6,7,10,12,11,13,16,9,15,8,4,8,5,7,3,6,2",,
,,,,,,,,,forumt-14crafe.prec35,b2b-fa4234320d859f53,b2b-lineage-forumt-14crafe,precedence,ORG-F-PW-DE-PHC-BGD2-UW-OBIC12P,ORGFull,N/A,Pairwise,Direct-E,PerSlotHoleCardinality,BreakGroupsD2,UWrMaxSAT,OldBestIC12+,OPTIMAL,SAT,5,5,bg_d2,5,5,5,,,5,1,3.111143,False,215.711,MaxSAT,ORGHistorical,ORG-Historical-BG-d2,Published-style,Published-style/Full,independent_reimplementation,one-shot weighted MaxSAT,78378,,,,,,,171143,240,171383,2360,76018,422933,61,baseline2__model-org_historical_maxsat__m-full__p-pairwise__g-direct__b-per_slot_hole_cardinality__o-break_groups_d2__s-uwrmaxsat__i-old_best_ic12plus__fairness-d2,baseline2__model-org_historical_maxsat__m-full__p-pairwise__g-direct__b-per_slot_hole_cardinality__o-break_groups_d2__s-uwrmaxsat__i-old_best_ic12plus__fairness-d2,legacy_full,n/a,pairwise,direct,UWrMaxSAT,UWrMaxSAT,binary-sha256:8c68c8a386d3d7847b50d315143c2bab60e3514e59510e84a649db83cb303876,org_historical_bg_d2_old_best,per_slot_hole_cardinality,total_break_groups_subject_to_range_at_most_2,BGD2,OBIC12P,422693,240,1,511,100061,65424,5147,1,240,240,1,,,,,,0,,,,,,,"formalism-specific model size: SAT/MaxSAT reports base CNF and soft clauses, MIP reports variables/linear constraints/nonzeros, and CP reports integer variables plus linear/global constraints; SAT bound/totalizer overhead remains separate in optimizer_added_*",2360,,,2360,,,,,,,,,,0.002619,0.172037,,0.172037,2.936487,"wall-clock from immediately before reading/parsing the .dzn instance through model construction, optimization, solution decoding, and independent validation; excludes worker-process startup and result-file export",2,10,,5,1,"0,0,0,0,0,0,0,1,0,0,0,0,0,0,0,0,1,1,0,0,0,0,0,0,0,0,0,0,0,0,0,0,0,0,0,0,0,0,0,0,0,0,0,0,0,0,0,0,0,0,0,0,0,0,0,0,1,0,0,1",peak_process_tree_rss_mb,fa4234320d859f533aea333310d1a731f31e9507065995ff6e8ab61a3d1361cf,prec35,data_precedence_stress/forumt-14crafe.prec35.dzn,1,data_precedence_stress/forumt-14crafe.prec35.dzn,1,data_precedence_stress/forumt-14crafe.prec35.dzn,https://imae.udg.edu/Recerca/LAI/,https://ima.udg.edu/Recerca/lai/b2b/b2b.zip,,2026-08-15T05:27:59+00:00,7200.0,,ee80a6fbd8b513f7c010668495c39621a371266a,True,3.10.12,1.8.dev25,instance-20260810-085803,Linux-6.8.0-1065-gcp-x86_64-with-glibc2.35,x86_64,4,8,15988.055,1,0,/home/g24021555/Business-Meeting-Scheduling-Problem/.venv/bin/python /home/g24021555/Business-Meeting-Scheduling-Problem/src/ORG_BG_D2.py --data-dir data_precedence_stress --family all --backend uwrmaxsat --uwrmaxsat-bin /home/g24021555/uwrmaxsat/build/release/bin/uwrmaxsat --uwrmaxsat-sha256 8c68c8a386d3d7847b50d315143c2bab60e3514e59510e84a649db83cb303876 --timeout 7200 --csv output/org_old_bg_d2/data_precedence_stress.csv --no-excel,/home/g24021555/uwrmaxsat/build/release/bin/uwrmaxsat,8c68c8a386d3d7847b50d315143c2bab60e3514e59510e84a649db83cb303876,/home/g24021555/uwrmaxsat/build/release/bin/uwrmaxsat -m /tmp/org_bg_f4mlfzq2.wcnf,,,,,UWrMaxSAT,,,,traditional,pairwise+direct,5,,,,,,,,,"0,3,1,8,2,7,9,6,1,6,2,1,4,0,7,2,5,6,3,1,9,4,9,7,5,6,0,0,5,1,8,4,5,0,5,3,2,7,1,3,7,3,0,4,1,9,2,0,1,8,2,4,5,6,9,1,3,0,2,8,6,9,3,6,5,0,7,1,8,4,2,9,6,0,7,4,9,6,2,8,4,1,5,0,9,7,3,5,0,2,6,3,1,4,7,7,0,5,9,3,3,5,6,4,0,9,8,5,9,7,6,5,2,1,4,8,7,9,3,8,1,3,8,3,4,6,1,7,2,5,9,2,1,3,2,9,8,0,4,5,6,7,0,9,7,1,3,4,8,4,8,7,5,0,3,1,6,4,2,9,6,0,2,8,3,7,9,2,6,1,7,5,4,6,9,7,5,4,8,0,0,3,1,2,8,6,5,0,4,1,2,3,4,9,3,1,8,6,2,5,8,2,4,1,3,5,8,7,6,9,5,6,4,8,7,9,2,0,6,3,1,5,7,8,4,3,2,5,4,7,6,8,2,0,8,7",,
,,,,,,,,,forumt-14crafc.prec40,b2b-fdc41ca62f901408,b2b-lineage-forumt-14crafc,precedence,ORG-F-PW-DE-PHC-BGD2-UW-OBIC12P,ORGFull,N/A,Pairwise,Direct-E,PerSlotHoleCardinality,BreakGroupsD2,UWrMaxSAT,OldBestIC12+,OPTIMAL,SAT,6,6,bg_d2,6,6,6,,,6,1,9.630261,False,221.664,MaxSAT,ORGHistorical,ORG-Historical-BG-d2,Published-style,Published-style/Full,independent_reimplementation,one-shot weighted MaxSAT,79877,,,,,,,176291,240,176531,2370,77507,434734,61,baseline2__model-org_historical_maxsat__m-full__p-pairwise__g-direct__b-per_slot_hole_cardinality__o-break_groups_d2__s-uwrmaxsat__i-old_best_ic12plus__fairness-d2,baseline2__model-org_historical_maxsat__m-full__p-pairwise__g-direct__b-per_slot_hole_cardinality__o-break_groups_d2__s-uwrmaxsat__i-old_best_ic12plus__fairness-d2,legacy_full,n/a,pairwise,direct,UWrMaxSAT,UWrMaxSAT,binary-sha256:8c68c8a386d3d7847b50d315143c2bab60e3514e59510e84a649db83cb303876,org_historical_bg_d2_old_best,per_slot_hole_cardinality,total_break_groups_subject_to_range_at_most_2,BGD2,OBIC12P,434494,240,1,482,103810,66838,5161,1,240,240,1,,,,,,0,,,,,,,"formalism-specific model size: SAT/MaxSAT reports base CNF and soft clauses, MIP reports variables/linear constraints/nonzeros, and CP reports integer variables plus linear/global constraints; SAT bound/totalizer overhead remains separate in optimizer_added_*",2370,,,2370,,,,,,,,,,0.002687,0.187112,,0.187112,9.440462,"wall-clock from immediately before reading/parsing the .dzn instance through model construction, optimization, solution decoding, and independent validation; excludes worker-process startup and result-file export",3,13,,6,1,"0,0,0,0,1,0,0,0,0,0,0,0,0,0,0,0,1,1,0,0,0,0,0,0,0,0,0,0,0,0,0,0,0,0,0,1,0,0,0,0,0,0,0,0,0,0,0,0,0,0,0,0,0,0,1,0,1,0,0,0",peak_process_tree_rss_mb,fdc41ca62f901408a0ae9a27ebad719ca81cc9817c927ea516d0c898b3a710bd,prec40,data_precedence_stress/forumt-14crafc.prec40.dzn,1,data_precedence_stress/forumt-14crafc.prec40.dzn,1,data_precedence_stress/forumt-14crafc.prec40.dzn,https://imae.udg.edu/Recerca/LAI/,https://ima.udg.edu/Recerca/lai/b2b/b2b.zip,,2026-08-15T05:27:59+00:00,7200.0,,ee80a6fbd8b513f7c010668495c39621a371266a,True,3.10.12,1.8.dev25,instance-20260810-085803,Linux-6.8.0-1065-gcp-x86_64-with-glibc2.35,x86_64,4,8,15988.055,1,0,/home/g24021555/Business-Meeting-Scheduling-Problem/.venv/bin/python /home/g24021555/Business-Meeting-Scheduling-Problem/src/ORG_BG_D2.py --data-dir data_precedence_stress --family all --backend uwrmaxsat --uwrmaxsat-bin /home/g24021555/uwrmaxsat/build/release/bin/uwrmaxsat --uwrmaxsat-sha256 8c68c8a386d3d7847b50d315143c2bab60e3514e59510e84a649db83cb303876 --timeout 7200 --csv output/org_old_bg_d2/data_precedence_stress.csv --no-excel,/home/g24021555/uwrmaxsat/build/release/bin/uwrmaxsat,8c68c8a386d3d7847b50d315143c2bab60e3514e59510e84a649db83cb303876,/home/g24021555/uwrmaxsat/build/release/bin/uwrmaxsat -m /tmp/org_bg_x6y8w_zj.wcnf,,,,,UWrMaxSAT,,,,traditional,pairwise+direct,6,,,,,,,,,"2,3,1,7,0,4,9,8,2,6,0,4,6,1,3,2,5,7,0,3,7,1,5,1,4,5,6,2,5,0,0,2,4,3,2,0,3,7,7,0,1,7,0,6,8,4,2,4,5,0,1,7,6,6,2,0,4,9,1,7,8,5,0,1,4,8,7,3,6,9,8,6,2,4,3,7,4,0,2,7,6,3,8,1,9,5,0,3,1,5,2,4,1,4,2,0,5,6,5,3,9,0,1,8,6,1,2,3,3,8,5,9,4,2,3,0,8,7,5,9,6,9,5,4,6,1,0,5,8,9,4,2,1,0,6,5,9,8,7,3,4,6,5,9,7,2,8,6,9,3,1,8,3,7,9,2,5,0,4,6,8,3,5,9,1,2,7,6,0,1,9,8,6,8,3,9,2,6,5,7,8,4,3,5,1,8,4,1,2,5,3,0,7,3,7,8,4,9,0,6,7,4,7,8,6,9,1,2,5,3,7,5,3,4,9,5,0,6,8,9,7,5,1,6,4,3,8,2,7,2,4,8,6,1,3,2,4",,
